forage_threshold,temperature_threshold,precipitation_threshold,r2
0.4542581332847476,17.273811750113964,6.845382377505302,0.5359714782269545
0.5690175963565707,17.273811750113964,6.845382377505302,0.44489981663893663
0.4542581332847476,21.003573153167963,6.845382377505302,0.591022917836002
0.4542581332847476,17.273811750113964,4.599232459440827,0.5675666850507409
0.5690175963565707,21.003573153167963,4.599232459440827,0.5342917427223552
0.5184913210570812,15.66583101078868,0.7135636359453201,0.5071830700593503
0.40375240296125414,15.66583101078868,0.7135636359453201,0.5537680600395203
0.5184913210570812,11.157073888927698,0.7135636359453201,0.5320050554022131
0.5184913210570812,15.66583101078868,7.95520625077188,0.40595482820552287
0.40375240296125414,11.157073888927698,7.95520625077188,0.38692922381786043
0.5519973577931523,20.907359432429075,7.944748420268297,0.5743311720290448
0.5003849243745208,20.907359432429075,7.944748420268297,0.6010907237331135
0.5519973577931523,14.701413176953793,7.944748420268297,0.32353570065438986
0.5519973577931523,20.907359432429075,5.795019846409559,0.5743311720290448
0.5003849243745208,14.701413176953793,5.795019846409559,0.46662895550542505
0.41276260502636436,10.527882896363735,4.6135287173092365,0.28643206149076794
0.4725710891187191,10.527882896363735,4.6135287173092365,0.41528382166344746
0.41276260502636436,17.047907434403896,4.6135287173092365,0.5442550796003731
0.41276260502636436,10.527882896363735,1.6504710912704468,0.5201685290044178
0.4725710891187191,17.047907434403896,1.6504710912704468,0.5664996808765815
0.43066273927688603,19.770372439175844,2.1467090770602226,0.56007233475235
0.4928541824221611,19.770372439175844,2.1467090770602226,0.5759309872518854
0.43066273927688603,18.139868397265673,2.1467090770602226,0.5392227250035965
0.43066273927688603,19.770372439175844,3.237032312899828,0.56007233475235
0.4928541824221611,18.139868397265673,3.237032312899828,0.5474880768815431
0.5921139171347022,12.419380202889442,5.451222024857998,0.41079321782595235
0.5330087257549166,12.419380202889442,5.451222024857998,0.42672094060440957
0.5921139171347022,14.486733514815569,5.451222024857998,0.41099408422855277
0.5921139171347022,12.419380202889442,9.248741827905178,0.36432616504979787
0.5330087257549166,14.486733514815569,9.248741827905178,0.3631248310057418
0.5255939673632384,17.685175821185112,3.229368831962347,0.48923906358631974
0.4366820715367794,17.685175821185112,3.229368831962347,0.5186804236876101
0.5255939673632384,11.655887551605701,3.229368831962347,0.46718315559329104
0.5255939673632384,17.685175821185112,7.000969247892499,0.4634653482649186
0.4366820715367794,11.655887551605701,7.000969247892499,0.425525877575604
0.48914437238126995,13.000187832862139,9.3680483661592,0.4274780077828296
0.58938525673002,13.000187832862139,9.3680483661592,0.3550132224343886
0.48914437238126995,19.809027440845966,9.3680483661592,0.5854305007849243
0.48914437238126995,13.000187832862139,0.5131862591952085,0.5035033229124488
0.58938525673002,19.809027440845966,0.5131862591952085,0.5022032654266668
0.4764575816690922,21.99574676528573,3.0237503070384264,0.4261964681037351
0.5436518708243966,21.99574676528573,3.0237503070384264,0.3968483278827426
0.4764575816690922,10.461088135838509,3.0237503070384264,0.43324186424178435
0.4764575816690922,21.99574676528573,2.2925107646733522,0.4261964681037351
0.5436518708243966,10.461088135838509,2.2925107646733522,0.4326272018062087
0.5398618308827281,11.317361950874329,9.377746554091573,0.38882214696019457
0.48380701132118703,11.317361950874329,9.377746554091573,0.4517919271433227
0.5398618308827281,21.802088156342506,9.377746554091573,0.5150541671896932
0.5398618308827281,11.317361950874329,5.182271106168628,0.44571441776010656
0.48380701132118703,21.802088156342506,5.182271106168628,0.5247851876982951
0.5797872338443995,16.583884447813034,1.6099756117910147,0.4654764373589938
0.5874705078080297,16.583884447813034,1.6099756117910147,0.4654764373589938
0.5797872338443995,16.33470943197608,1.6099756117910147,0.47447883883445463
0.5797872338443995,16.583884447813034,8.568044025450945,0.37560143242868493
0.5874705078080297,16.33470943197608,8.568044025450945,0.38759395001023134
0.4413844602182508,15.22775388136506,5.793255632743239,0.4666025515257054
0.44017467461526394,15.22775388136506,5.793255632743239,0.4666025515257054
0.4413844602182508,15.493702974170446,5.793255632743239,0.47747200256299827
0.4413844602182508,15.22775388136506,3.9570918306708336,0.45854361904823615
0.44017467461526394,15.493702974170446,3.9570918306708336,0.45060695023429864
0.4027870392426849,18.468847401440144,8.305851751938462,0.49183127720893627
0.4197815258055926,18.468847401440144,8.305851751938462,0.49183127720893627
0.4027870392426849,13.694062262773514,8.305851751938462,0.431866406387039
0.4027870392426849,18.468847401440144,1.1650863103568554,0.5773531410990532
0.4197815258055926,13.694062262773514,1.1650863103568554,0.5337098459029093
0.5635046437382698,14.094509240239859,4.134630048647523,0.46178381022666504
0.5545173088088632,14.094509240239859,4.134630048647523,0.46178381022666504
0.5635046437382698,18.853428095579147,4.134630048647523,0.5206288713178338
0.5635046437382698,14.094509240239859,6.397891342639923,0.46313355883907503
0.5545173088088632,18.853428095579147,6.397891342639923,0.5217871080198291
0.5034559408202768,19.338240828365088,6.913821129128337,0.5262666657706574
0.45115829668939117,19.338240828365088,6.913821129128337,0.5535290234643063
0.5034559408202768,19.010862689465284,6.913821129128337,0.5041701280871762
0.5034559408202768,19.338240828365088,9.851718032732606,0.5357481392617345
0.45115829668939117,19.010862689465284,9.851718032732606,0.5256131180376793
0.4677368547767401,11.723656870424747,0.5285500269383192,0.5490300978506981
0.5233450533822179,11.723656870424747,0.5285500269383192,0.5190460937894306
0.4677368547767401,12.351503293961287,0.5285500269383192,0.5243288552045695
0.4677368547767401,11.723656870424747,2.585222041234374,0.5160904020070284
0.5233450533822179,12.351503293961287,2.585222041234374,0.43976980545827193
0.47463874369859693,19.743861373513937,9.865242335945368,0.5658013081453901
0.4267414892092347,19.743861373513937,9.865242335945368,0.5480029418374115
0.47463874369859693,17.246444020420313,9.865242335945368,0.5362556278875641
0.47463874369859693,19.743861373513937,6.826912956312299,0.5783750380495885
0.4267414892092347,17.246444020420313,6.826912956312299,0.49485518746680146
0.5104062771424651,12.070592112839222,2.576498333364725,0.43976980545827193
0.598927680030465,12.070592112839222,2.576498333364725,0.41866315559685285
0.5104062771424651,14.899578902870417,2.576498333364725,0.4180601294856683
0.5104062771424651,12.070592112839222,0.6589327286928892,0.47796318074057187
0.598927680030465,14.899578902870417,0.6589327286928892,0.44354224635207384
0.5691060926765203,18.824669159948826,5.969779342412949,0.5307382563476382
0.49537097085267306,18.824669159948826,5.969779342412949,0.5722585205226719
0.5691060926765203,10.955614052712917,5.969779342412949,0.4042240832598277
0.5691060926765203,18.824669159948826,3.0913359113037586,0.5177034322406875
0.49537097085267306,10.955614052712917,3.0913359113037586,0.47082408427563927
0.40834004078060393,14.485395696014166,1.4712566137313843,0.4977031237408358
0.5301057945936918,14.485395696014166,1.4712566137313843,0.45497800117887066
0.40834004078060393,20.802474163472652,1.4712566137313843,0.5638187402904957
0.40834004078060393,14.485395696014166,9.422891102731228,0.397493282174729
0.5301057945936918,20.802474163472652,9.422891102731228,0.5659492955931255
0.44825821798294785,16.21634966135025,3.955929260700941,0.5300428476245856
0.5099349532276392,16.21634966135025,3.955929260700941,0.47008601644234815
0.44825821798294785,20.385668952018023,3.955929260700941,0.5816659228169563
0.44825821798294785,16.21634966135025,5.377109032124281,0.5300428476245856
0.5099349532276392,20.385668952018023,5.377109032124281,0.559327146656523
0.586807856708765,14.848591897636652,8.44667388126254,0.32519960803913694
0.4626381600275636,14.848591897636652,8.44667388126254,0.4441472413625951
0.586807856708765,12.232168216258287,8.44667388126254,0.3405995193758672
0.586807856708765,14.848591897636652,2.1774011850357056,0.39547156434262876
0.4626381600275636,12.232168216258287,2.1774011850357056,0.4879287569860221
0.5454847352579236,21.578401748090982,0.04314545542001724,0.47471804114727545
0.5661100637167692,21.578401748090982,0.04314545542001724,0.47471804114727545
0.5454847352579236,13.913018114864826,0.04314545542001724,0.47218982843115453
0.5454847352579236,21.578401748090982,4.072390580549836,0.5025344387704487
0.5661100637167692,13.913018114864826,4.072390580549836,0.4341893346464446
0.48193362094461917,10.982139736413956,7.358903177082539,0.4258628569889511
0.40626463759690523,10.982139736413956,7.358903177082539,0.3656839051646831
0.48193362094461917,17.566523857414722,7.358903177082539,0.509044157065643
0.48193362094461917,10.982139736413956,8.373171901330352,0.42328162924097323
0.40626463759690523,17.566523857414722,8.373171901330352,0.476387185960246
0.49621371533721687,18.02039285004139,1.2050324585288763,0.5748728539102395
0.4607019601389766,18.02039285004139,1.2050324585288763,0.5762316204449706
0.49621371533721687,15.718606010079384,1.2050324585288763,0.5388872804250959
0.49621371533721687,18.02039285004139,8.81979831494391,0.525459737401514
0.4607019601389766,15.718606010079384,8.81979831494391,0.4747969687226882
0.5328101754188538,13.417527664452791,6.391716143116355,0.44391679877300205
0.5134060919284821,13.417527664452791,6.391716143116355,0.44391679877300205
0.5328101754188538,16.55924017727375,6.391716143116355,0.44850170817815893
0.5328101754188538,13.417527664452791,3.743260418996215,0.4443578595437059
0.5134060919284821,16.55924017727375,3.743260418996215,0.448813674090892
0.5975418085232377,20.149540323764086,4.786089109256864,0.511446969230439
0.4168804069980979,20.149540323764086,4.786089109256864,0.5732049002859703
0.5975418085232377,21.58011981472373,4.786089109256864,0.4776542396802981
0.5975418085232377,20.149540323764086,0.007145684212446213,0.48336246561227747
0.4168804069980979,21.58011981472373,0.007145684212446213,0.4708053626072821
0.435943765565753,12.786920890212059,7.812434332445264,0.39198005095121424
0.5570355273783207,12.786920890212059,7.812434332445264,0.35255069513192794
0.435943765565753,10.239479210227728,7.812434332445264,0.2185903667212007
0.435943765565753,12.786920890212059,7.429875433444977,0.3952856394837896
0.5570355273783207,10.239479210227728,7.429875433444977,0.32496238982267767
0.41985950991511345,20.516478519886732,5.275881988927722,0.5439003302919639
0.5775361478328704,20.516478519886732,5.275881988927722,0.505883562154164
0.41985950991511345,12.948650449514389,5.275881988927722,0.4315598997643736
0.41985950991511345,20.516478519886732,7.760447580367327,0.5524869220055788
0.5775361478328704,12.948650449514389,7.760447580367327,0.3208713509780826
0.5591427100822329,10.172066681087017,2.2817289363592863,0.36130387267530106
0.4497228918597102,10.172066681087017,2.2817289363592863,0.41249406407332745
0.5591427100822329,19.60765042901039,2.2817289363592863,0.4988721773199756
0.5591427100822329,10.172066681087017,4.714415334165096,0.349301326943824
0.4497228918597102,19.60765042901039,4.714415334165096,0.5452875196953988
0.5238971818238497,16.926870249211788,8.879292467609048,0.44328128646239817
0.5461624838411808,16.926870249211788,8.879292467609048,0.4153209223990558
0.5238971818238497,18.253343384712934,8.879292467609048,0.4716416058722199
0.5238971818238497,16.926870249211788,1.535246865823865,0.555927180655488
0.5461624838411808,18.253343384712934,1.535246865823865,0.5383590107352083
0.45961554665118454,15.260204207152128,3.6802435014396906,0.48644881456382616
0.48089823927730324,15.260204207152128,3.6802435014396906,0.47105060601122817
0.45961554665118454,13.094349842518568,3.6802435014396906,0.49309809925085835
0.45961554665118454,15.260204207152128,5.98997007124126,0.497679465156887
0.48089823927730324,13.094349842518568,5.98997007124126,0.4815640627641885
0.45734213609248403,21.159286081790924,1.749754287302494,0.596697943491336
0.4110814588144422,21.159286081790924,1.749754287302494,0.5881477630513953
0.45734213609248403,20.0284484885633,1.749754287302494,0.5664113578034826
0.45734213609248403,21.159286081790924,7.2167369443923235,0.6047719063224244
0.4110814588144422,20.0284484885633,7.2167369443923235,0.5611049658678151
0.5216725993901491,10.650914762169123,5.691335387527943,0.3815969337312414
0.5646151285618544,10.650914762169123,5.691335387527943,0.3742406844608879
0.5216725993901491,11.869455303996801,5.691335387527943,0.4270779333961766
0.5216725993901491,10.650914762169123,0.259571997448802,0.5278223105906465
0.5646151285618544,11.869455303996801,0.259571997448802,0.45266962215244
0.5614042235538363,17.385119143873453,2.8351411037147045,0.5035062667322248
0.4672077471390367,17.385119143873453,2.8351411037147045,0.5643798613659918
0.5614042235538363,14.266610220074654,2.8351411037147045,0.4870330475067204
0.5614042235538363,17.385119143873453,3.4900099970400333,0.5035062667322248
0.4672077471390367,14.266610220074654,3.4900099970400333,0.534075319814207
0.42207219526171685,15.92947068810463,9.606617521494627,0.43664542070131973
0.5082904282957316,15.92947068810463,9.606617521494627,0.4186640807543779
0.42207219526171685,17.925609841942787,9.606617521494627,0.47353634143127177
0.42207219526171685,15.92947068810463,9.03360117226839,0.41555727077705884
0.5082904282957316,17.925609841942787,9.03360117226839,0.4404757806629155
0.4337188731878996,17.749643977731466,7.07068994641304,0.47722082885931727
0.5254973273724317,17.749643977731466,7.07068994641304,0.4634653482649186
0.4337188731878996,16.88624594733119,7.07068994641304,0.49578678578973767
0.4337188731878996,17.749643977731466,6.244532968848944,0.5125549840774344
0.5254973273724317,16.88624594733119,6.244532968848944,0.5192673310423961
0.5952680880203842,13.310761161148548,0.3314146399497986,0.4605447025009314
0.49704836774617434,13.310761161148548,0.3314146399497986,0.5248464894386711
0.5952680880203842,14.545605700463057,0.3314146399497986,0.44247967007440236
0.5952680880203842,13.310761161148548,1.3193614035844803,0.46057852014726386
0.49704836774617434,14.545605700463057,1.3193614035844803,0.48797348232878224
0.5350225508213043,20.069232739508152,8.178277406841516,0.5420458884635795
0.5941756311804056,20.069232739508152,8.178277406841516,0.5047286244927083
0.5350225508213043,11.317953020334244,8.178277406841516,0.40751296868661846
0.5350225508213043,20.069232739508152,4.930964419618249,0.5263472986722382
0.5941756311804056,11.317953020334244,4.930964419618249,0.4434864678503907
0.49847491886466744,12.495572831481695,4.224341157823801,0.4605370140685059
0.4281776601448655,12.495572831481695,4.224341157823801,0.4489563832469009
0.49847491886466744,21.15858682990074,4.224341157823801,0.6196440247172386
0.49847491886466744,12.495572831481695,7.5050613190978765,0.4280369300552439
0.4281776601448655,21.15858682990074,7.5050613190978765,0.5947126386131854
0.48577594496309756,16.507731895893812,8.071082988753915,0.46267896938195696
0.47629198934882877,16.507731895893812,8.071082988753915,0.46267896938195696
0.48577594496309756,12.55921544879675,8.071082988753915,0.42882679558944325
0.48577594496309756,16.507731895893812,9.675625571981072,0.4884712442963284
0.47629198934882877,12.55921544879675,9.675625571981072,0.44613287051492834
0.549278231151402,14.928956501185894,4.52746064402163,0.37738865046829373
0.5478435762226581,14.928956501185894,4.52746064402163,0.37738865046829373
0.549278231151402,19.212721548974514,4.52746064402163,0.5149371688488549
0.549278231151402,14.928956501185894,2.8772860672324896,0.39950890392679206
0.5478435762226581,19.212721548974514,2.8772860672324896,0.5149371688488549
0.5829780496656894,21.685224913060665,6.670222086831927,0.5115197530738376
0.44496714752167466,21.685224913060665,6.670222086831927,0.5050472406204478
0.5829780496656894,18.645033452659845,6.670222086831927,0.5169758992416378
0.5829780496656894,21.685224913060665,0.872433390468359,0.49033731967488825
0.44496714752167466,18.645033452659845,0.872433390468359,0.5956296013697416
0.4444772390648723,11.252922426909208,0.9265872370451689,0.5424002568688322
0.5789701014757156,11.252922426909208,0.9265872370451689,0.48650839743605745
0.4444772390648723,13.491532359272242,0.9265872370451689,0.5468290915837315
0.4444772390648723,11.252922426909208,6.5745822340250015,0.48446381857078424
0.5789701014757156,13.491532359272242,6.5745822340250015,0.4006782303781389
0.41213322672992947,19.074538186192513,3.411855446174741,0.5345785147890973
0.5618484623730182,19.074538186192513,3.411855446174741,0.5080447620985795
0.41213322672992947,15.32033259421587,3.411855446174741,0.4672428216469888
0.41213322672992947,19.074538186192513,8.156985435634851,0.4828064753129272
0.5618484623730182,15.32033259421587,8.156985435634851,0.34820412299748105
0.572948106750846,11.612309444695711,9.147703247144818,0.3773993927690681
0.41538306381553414,11.612309444695711,9.147703247144818,0.40655234824313036
0.572948106750846,16.167193062603474,9.147703247144818,0.3971178772296097
0.572948106750846,11.612309444695711,4.327871985733509,0.4280028112147434
0.41538306381553414,16.167193062603474,4.327871985733509,0.50297635843085
0.5066249882802367,18.345786947757006,1.9935217406600714,0.49925869908433906
0.5179780870676041,18.345786947757006,1.9935217406600714,0.49925869908433906
0.5066249882802367,21.974695939570665,1.9935217406600714,0.4000262334553848
0.5066249882802367,18.345786947757006,1.9223242718726397,0.49925869908433906
0.5179780870676041,21.974695939570665,1.9223242718726397,0.4000262334553848
0.4708086267113686,13.842531070113182,5.564147671684623,0.5040447836328297
0.4590613214299083,13.842531070113182,5.564147671684623,0.517192576636768
0.4708086267113686,10.6278304643929,5.564147671684623,0.4125437548611649
0.4708086267113686,13.842531070113182,5.592745570465922,0.5040447836328297
0.4590613214299083,10.6278304643929,5.592745570465922,0.23923668319706748
0.4653291549533606,18.760195303708315,4.979562368243933,0.5650879036990581
0.5908268576487898,18.760195303708315,4.979562368243933,0.49954046028352683
0.4653291549533606,17.77422508224845,4.979562368243933,0.5407674908147356
0.4653291549533606,18.760195303708315,3.8975188229233027,0.5650879036990581
0.5908268576487898,17.77422508224845,3.8975188229233027,0.47566826567264264
0.5009994128718972,14.174816623330116,7.578661199659109,0.4847772985262785
0.43190952464938165,14.174816623330116,7.578661199659109,0.4414883106329782
0.5009994128718972,14.114865329116583,7.578661199659109,0.4847772985262785
0.5009994128718972,14.174816623330116,8.666456630453467,0.4847772985262785
0.43190952464938165,14.114865329116583,8.666456630453467,0.4414883106329782
0.5659248128533363,19.445006772875786,1.0603896901011467,0.5450380604358167
0.5347035808488727,19.445006772875786,1.0603896901011467,0.5546891460998731
0.5659248128533363,12.023761883378029,1.0603896901011467,0.43508222652668394
0.5659248128533363,19.445006772875786,5.0832354091107845,0.5113624923659514
0.5347035808488727,12.023761883378029,5.0832354091107845,0.4185371367887023
0.4052560364827514,11.99440522864461,6.498538516461849,0.4290531233734355
0.48823722153902055,11.99440522864461,6.498538516461849,0.44802550009761766
0.4052560364827514,20.18312807381153,6.498538516461849,0.590234765605405
0.4052560364827514,11.99440522864461,2.352871373295784,0.46292177211767005
0.48823722153902055,20.18312807381153,2.352871373295784,0.5869764547884133
0.4389276700094342,21.32648079842329,9.011730272322893,0.5931773986128179
0.47094726487994193,21.32648079842329,9.011730272322893,0.609621033117038
0.4389276700094342,20.62909285351634,9.011730272322893,0.5407378202212758
0.4389276700094342,21.32648079842329,2.681498024612665,0.5869660215165784
0.47094726487994193,20.62909285351634,2.681498024612665,0.5522389917055273
0.5773792717605829,10.859113615006208,3.5856308229267597,0.3404111599112243
0.5049492603167891,10.859113615006208,3.5856308229267597,0.36645771039765285
0.5773792717605829,10.788086038082838,3.5856308229267597,0.33603636911055
0.5773792717605829,10.859113615006208,9.794891960918903,0.28343379351509324
0.5049492603167891,10.788086038082838,9.794891960918903,0.33353618312390976
0.5423305658623576,16.105036567896605,5.114149674773216,0.4314131101651747
0.40226575881242754,16.105036567896605,5.114149674773216,0.48539425731633834
0.5423305658623576,15.072174996137619,5.114149674773216,0.39787312762357174
0.5423305658623576,16.105036567896605,6.455505760386586,0.42697828001772664
0.40226575881242754,15.072174996137619,6.455505760386586,0.44907542984274573
0.4788774885237217,14.584946475923061,2.4837658554315567,0.46997561017598044
0.5738167805597186,14.584946475923061,2.4837658554315567,0.38767386944011906
0.4788774885237217,17.413175374269485,2.4837658554315567,0.5497690087980562
0.4788774885237217,14.584946475923061,1.0681864898651838,0.4914109047727506
0.5738167805597186,17.413175374269485,1.0681864898651838,0.511025441214035
0.49312093798071144,20.41323722153902,6.1400756519287825,0.5935792316318087
0.5217111917212606,20.41323722153902,6.1400756519287825,0.559327146656523
0.49312093798071144,13.313782535493374,6.1400756519287825,0.4858977954810293
0.49312093798071144,20.41323722153902,1.7497938591986895,0.5769912161415371
0.5217111917212606,13.313782535493374,1.7497938591986895,0.4988118629398738
0.5296193610876798,12.898262616246939,1.263135252520442,0.4773076304784848
0.4557141687721014,12.898262616246939,1.263135252520442,0.5168416388626667
0.5296193610876798,18.46692206710577,1.263135252520442,0.5600370851881422
0.5296193610876798,12.898262616246939,5.735135106369853,0.43560543801865725
0.4557141687721014,18.46692206710577,5.735135106369853,0.5764622824315258
0.5881254067644477,18.143459048122168,9.743771785870194,0.4648350809753591
0.5530391285195947,18.143459048122168,9.743771785870194,0.47972003222211623
0.5881254067644477,19.387538108974695,9.743771785870194,0.5012948617158739
0.5881254067644477,18.143459048122168,8.014645967632532,0.4586603099374974
0.5530391285195947,19.387538108974695,8.014645967632532,0.5218735047839083
0.42662540078163147,13.669511534273624,2.657664204016328,0.5122411113440952
0.4245907474309206,13.669511534273624,2.657664204016328,0.5122411113440952
0.42662540078163147,12.73440358415246,2.657664204016328,0.4672072256992107
0.42662540078163147,13.669511534273624,4.500495381653309,0.49340597102520634
0.4245907474309206,12.73440358415246,4.500495381653309,0.4489563832469009
0.4167877364903689,17.00302854552865,0.19146940670907497,0.5685815052728695
0.44162454865872863,17.00302854552865,0.19146940670907497,0.5685815052728695
0.4167877364903689,10.077829368412495,0.19146940670907497,0.5106732096242101
0.4167877364903689,17.00302854552865,0.4554381035268307,0.5713772140229711
0.44162454865872863,10.077829368412495,0.4554381035268307,0.4861575321550968
0.5559736611321568,15.559007287025452,7.2508791740983725,0.3628145165408363
0.5827078076079488,15.559007287025452,7.2508791740983725,0.34845626599243285
0.5559736611321568,21.42432326823473,7.2508791740983725,0.575123801741285
0.5559736611321568,15.559007287025452,7.09754504263401,0.3678562765195451
0.5827078076079488,21.42432326823473,7.09754504263401,0.575123801741285
0.5144537203013897,20.826994627714157,3.778306068852544,0.5540100974274145
0.48549201972782613,20.826994627714157,3.778306068852544,0.5710358920763648
0.5144537203013897,16.720130283385515,3.778306068852544,0.4821807705010086
0.5144537203013897,20.826994627714157,9.152750978246331,0.5659492955931255
0.48549201972782613,16.720130283385515,9.152750978246331,0.47593124876392023
0.4502693606540561,10.23650050535798,8.662117393687367,0.4116380131197944
0.5390266368165613,10.23650050535798,8.662117393687367,0.21960141230484265
0.4502693606540561,15.873631376773119,8.662117393687367,0.4617145417320726
0.4502693606540561,10.23650050535798,3.2943361904472113,0.45812379554887783
0.5390266368165613,15.873631376773119,3.2943361904472113,0.43286060090757394
0.45246492549777034,19.9791761636734,4.149105129763484,0.5664113578034826
0.45317164007574323,19.9791761636734,4.149105129763484,0.5664113578034826
0.45246492549777034,11.754790656268597,4.149105129763484,0.5010079353556218
0.45246492549777034,19.9791761636734,1.175418496131897,0.5664113578034826
0.45317164007574323,11.754790656268597,1.175418496131897,0.5404336532883138
0.5140618158504366,12.581389103084803,8.410358158871531,0.37917504579929473
0.519206065312028,12.581389103084803,8.410358158871531,0.37917504579929473
0.5140618158504366,20.1012849137187,8.410358158871531,0.5420458884635795
0.5140618158504366,12.581389103084803,6.252062302082777,0.42554548919732726
0.519206065312028,20.1012849137187,6.252062302082777,0.5420458884635795
0.5537918616086245,17.85148787871003,0.5628601554781199,0.512151235949045
0.42199332881718876,17.85148787871003,0.5628601554781199,0.5434142632113963
0.5537918616086245,18.043947283178568,0.5628601554781199,0.5462392072849217
0.5537918616086245,17.85148787871003,9.997636890038848,0.44662665522697087
0.42199332881718876,18.043947283178568,9.997636890038848,0.4872101060686328
0.4171965362504125,13.213477820158005,6.9948282185941935,0.4178341225808939
0.5505767803639173,13.213477820158005,6.9948282185941935,0.38448191989876734
0.4171965362504125,14.197448018938303,6.9948282185941935,0.48352797673556314
0.4171965362504125,13.213477820158005,2.5748024228960276,0.4849528434752507
0.5505767803639173,14.197448018938303,2.5748024228960276,0.5044458708619353
0.4261090746149421,17.482499714940786,9.531075125560164,0.4841174623925013
0.5832109753042459,17.482499714940786,9.531075125560164,0.44913312509964753
0.4261090746149421,14.615695275366306,9.531075125560164,0.4131620051233975
0.4261090746149421,17.482499714940786,2.2443447541445494,0.5294641459455046
0.5832109753042459,14.615695275366306,2.2443447541445494,0.38767386944011906
0.5903903186321258,15.827541001141071,3.067525839433074,0.45570194663410246
0.4422627860680223,15.827541001141071,3.067525839433074,0.5069291782902282
0.5903903186321258,16.76883516460657,3.067525839433074,0.49732935043122317
0.5903903186321258,15.827541001141071,5.290252761915326,0.4415236686799835
0.4422627860680223,16.76883516460657,5.290252761915326,0.5361027700207928
0.5301463538780808,21.073555685579777,5.923087270930409,0.6146129492699492
0.539584694430232,21.073555685579777,5.923087270930409,0.6155144732180022
0.5301463538780808,21.086312282830477,5.923087270930409,0.6146129492699492
0.5301463538780808,21.073555685579777,8.459961377084255,0.6146129492699492
0.539584694430232,21.086312282830477,8.459961377084255,0.6155144732180022
0.49086352698504926,10.740874018520117,1.6735885757952929,0.5144982800899877
0.48608747888356446,10.740874018520117,1.6735885757952929,0.5106264781531986
0.49086352698504926,11.433177400380373,1.6735885757952929,0.5323505508067992
0.49086352698504926,10.740874018520117,4.005361218005419,0.39825293018496233
0.48608747888356446,11.433177400380373,4.005361218005419,0.4845701196859832
0.48088803570717575,18.257309835404158,5.327456947416067,0.5382035527396342
0.4340064970776439,18.257309835404158,5.327456947416067,0.5385487796735743
0.48088803570717575,19.282616551965475,5.327456947416067,0.5524592453172095
0.48088803570717575,18.257309835404158,3.1681134924292564,0.5382035527396342
0.4340064970776439,19.282616551965475,3.1681134924292564,0.5394091696487067
0.5416537083685398,13.929743699729443,2.0745142363011837,0.482781713597493
0.5930573254823684,13.929743699729443,2.0745142363011837,0.46057852014726386
0.5416537083685398,12.441610094159842,2.0745142363011837,0.42607775142381377
0.5416537083685398,13.929743699729443,9.335970003157854,0.3913963704253328
0.5930573254823684,12.441610094159842,9.335970003157854,0.36432616504979787
0.5753550129011273,19.175031505525112,9.228108190000057,0.4828852741067755
0.4903768768534064,19.175031505525112,9.228108190000057,0.5449517385297101
0.5753550129011273,13.419429406523705,9.228108190000057,0.3397936941976998
0.5753550129011273,19.175031505525112,6.913637025281787,0.47696506510380476
0.4903768768534064,13.419429406523705,6.913637025281787,0.46105022104707316
0.43958786465227606,11.513492416590452,3.1745676323771477,0.47873620275972717
0.5368790633976459,11.513492416590452,3.1745676323771477,0.46718315559329104
0.43958786465227606,18.760429427027702,3.1745676323771477,0.5490915861741956
0.43958786465227606,11.513492416590452,0.5822067428380251,0.5188451669110609
0.5368790633976459,18.760429427027702,0.5822067428380251,0.5647546353995162
0.40450967699289325,21.783956065773964,0.6902004964649677,0.49792213522678597
0.5039395004510879,21.783956065773964,0.6902004964649677,0.4950372858356442
0.40450967699289325,16.05270005390048,0.6902004964649677,0.5235682733222529
0.40450967699289325,21.783956065773964,4.627874409779906,0.49792213522678597
0.5039395004510879,16.05270005390048,4.627874409779906,0.44381925958823354
0.5680596506223082,11.152526427060366,6.750908214598894,0.4035619983428529
0.4699733344838023,11.152526427060366,6.750908214598894,0.46442328703925484
0.5680596506223082,15.393340658396482,6.750908214598894,0.37899709468117737
0.5680596506223082,11.152526427060366,7.827686155214906,0.36133643417471717
0.4699733344838023,15.393340658396482,7.827686155214906,0.4474412789420845
0.5017350640147924,16.420422036200762,4.607561603188515,0.5049555978223565
0.5727643378078937,16.420422036200762,4.607561603188515,0.4355869088977239
0.5017350640147924,10.745973289012909,4.607561603188515,0.39825293018496233
0.5017350640147924,16.420422036200762,5.922626554965973,0.5146191880513487
0.5727643378078937,10.745973289012909,5.922626554965973,0.3362024201535866
0.4631865719333291,15.017519399523735,7.834101542830467,0.43077637906344035
0.4013468137010932,15.017519399523735,7.834101542830467,0.4050680303319747
0.4631865719333291,21.905339121818542,7.834101542830467,0.4622980592051249
0.4631865719333291,15.017519399523735,1.6217401437461376,0.5125422533887096
0.4013468137010932,21.905339121818542,1.6217401437461376,0.4602060632117281
0.47020689602941274,16.003175724297762,2.2471121046692133,0.4946203783405587
0.548737351410091,16.003175724297762,2.2471121046692133,0.44641108362898974
0.47020689602941274,13.997271351516247,2.2471121046692133,0.5225123598475996
0.47020689602941274,16.003175724297762,7.712157927453518,0.45724519399448305
0.548737351410091,13.997271351516247,7.712157927453518,0.4070985267932604
0.5086092844605445,14.68221278488636,5.195179143920541,0.40586663349925445
0.4773207738995552,14.68221278488636,5.195179143920541,0.46202081245310755
0.5086092844605445,17.844131462275982,5.195179143920541,0.48923906358631974
0.5086092844605445,14.68221278488636,4.822520632296801,0.38652125598771636
0.4773207738995552,17.844131462275982,4.822520632296801,0.5234586849655394
0.5735361794009805,21.41650854051113,3.666075123474002,0.5542916768559552
0.5799188500270247,21.41650854051113,3.666075123474002,0.5542916768559552
0.5735361794009805,20.298535469919443,3.666075123474002,0.5523651720131943
0.5735361794009805,21.41650854051113,1.4272878598421812,0.5542916768559552
0.5799188500270247,20.298535469919443,1.4272878598421812,0.5523651720131943
0.41013230942189693,10.773268599063158,8.774481816217303,0.33007815341197266
0.44595326110720634,10.773268599063158,8.774481816217303,0.3637349680880886
0.41013230942189693,11.951670352369547,8.774481816217303,0.38914339202397774
0.41013230942189693,10.773268599063158,6.038115816190839,0.39087280584645623
0.44595326110720634,11.951670352369547,6.038115816190839,0.46788725975773837
0.44653847590088847,19.530754558742046,6.262191133573651,0.5451413787085801
0.41323122531175616,19.530754558742046,6.262191133573651,0.5296053519897932
0.44653847590088847,10.861105658113956,6.262191133573651,0.41317652842891606
0.44653847590088847,19.530754558742046,8.830235814675689,0.5442928215933567
0.41323122531175616,10.861105658113956,8.830235814675689,0.31789121005497434
0.5822564153000712,11.904463272541761,1.1411151755601168,0.43508222652668394
0.5597339911386371,11.904463272541761,1.1411151755601168,0.4534998139514642
0.5822564153000712,20.514611400663853,1.1411151755601168,0.505883562154164
0.5822564153000712,11.904463272541761,3.5973260644823313,0.3903186228392087
0.5597339911386371,20.514611400663853,3.5973260644823313,0.5228661401735222
0.5472062442451715,18.662843119353056,7.658799132332206,0.46542151882763416
0.456854509562254,18.662843119353056,7.658799132332206,0.5154834270815776
0.5472062442451715,17.343830157071352,7.658799132332206,0.43171839629651343
0.5472062442451715,18.662843119353056,0.15295922756195068,0.5648399221794824
0.456854509562254,17.343830157071352,0.15295922756195068,0.5859226665417339
0.48648978043347596,14.276774786412716,4.742617895826697,0.5126640422051875
0.5159062867984175,14.276774786412716,4.742617895826697,0.4746496179668094
0.48648978043347596,15.190329421311617,4.742617895826697,0.4632347819002579
0.48648978043347596,14.276774786412716,7.419561129063368,0.49055663525291593
0.5159062867984175,15.190329421311617,7.419561129063368,0.3862505259450508
0.49800936579704286,20.7265297845006,8.58691830188036,0.5843203778755842
0.5639960119500756,20.7265297845006,8.58691830188036,0.5544820191131792
0.49800936579704286,18.5397471152246,8.58691830188036,0.5306390431675863
0.49800936579704286,20.7265297845006,5.405855476856232,0.568961278703132
0.5639960119500756,18.5397471152246,5.405855476856232,0.5206288713178338
0.5372429838404059,10.335345920175314,4.010423757135868,0.40540332410924407
0.4104982305318117,10.335345920175314,4.010423757135868,0.4445475170134634
0.5372429838404059,13.199106510728598,4.010423757135868,0.4443578595437059
0.5372429838404059,10.335345920175314,2.0497765950858593,0.2823613340911898
0.4104982305318117,13.199106510728598,2.0497765950858593,0.4849528434752507
0.5957474362105131,17.091522958129644,7.482364010065794,0.45816597480626764
0.5076285453513265,17.091522958129644,7.482364010065794,0.4727550774241719
0.5957474362105131,12.665229961276054,7.482364010065794,0.3650760716772977
0.5957474362105131,17.091522958129644,4.199892794713378,0.4976647205129804
0.5076285453513265,12.665229961276054,4.199892794713378,0.4240764697511963
0.43151540104299785,15.471812047064304,0.11564699932932854,0.4582891676635017
0.4666793968528509,15.471812047064304,0.11564699932932854,0.48188408407939964
0.43151540104299785,19.50586412847042,0.11564699932932854,0.5274135726912683
0.43151540104299785,15.471812047064304,8.344545448198915,0.42753532333343236
0.4666793968528509,19.50586412847042,8.344545448198915,0.5692153291901314
0.42441228162497285,18.230740163475275,2.5821611285209656,0.5385487796735743
0.4995358992367983,18.230740163475275,2.5821611285209656,0.5451349934857008
0.42441228162497285,21.306900929659605,2.5821611285209656,0.5869660215165784
0.42441228162497285,18.230740163475275,6.757869822904468,0.5335413876625585
0.4995358992367983,21.306900929659605,6.757869822904468,0.6408624582098319
0.5608615033328533,13.580919802188873,9.976195842027664,0.38565203457549524
0.528118390776217,13.580919802188873,9.976195842027664,0.40753950436139186
0.5608615033328533,10.147907387465239,9.976195842027664,0.2944214572925751
0.5608615033328533,13.580919802188873,0.7462852168828249,0.4869611406190286
0.528118390776217,10.147907387465239,0.7462852168828249,0.4378731452299768
0.5193431140854955,20.314489036798477,1.494924072176218,0.5767926350888625
0.43070795796811584,20.314489036798477,1.494924072176218,0.5828962125698879
0.5193431140854955,15.988844156265259,1.494924072176218,0.483610169939762
0.5193431140854955,20.314489036798477,3.0041280016303062,0.5767926350888625
0.43070795796811584,15.988844156265259,3.0041280016303062,0.4973676941638694
0.4578923273831606,12.998641673475504,6.0639468766748905,0.48227998386319626
0.596741816587746,12.998641673475504,6.0639468766748905,0.4137689223266634
0.4578923273831606,16.64784413576126,6.0639468766748905,0.5343476739224459
0.4578923273831606,12.998641673475504,9.491787273436785,0.42036907198049456
0.596741816587746,16.64784413576126,9.491787273436785,0.427048222151429
0.4618687380105257,17.587841026484966,9.131053825840354,0.5085218522271076
0.5144280886277557,17.587841026484966,9.131053825840354,0.45050573000746297
0.4618687380105257,11.224954351782799,9.131053825840354,0.42672314789925514
0.4618687380105257,17.587841026484966,8.24541438370943,0.512536051381927
0.5144280886277557,11.224954351782799,8.24541438370943,0.39153564474144664
0.5233683528378605,13.102163296192884,3.3094471599906683,0.4469445375671234
0.46166365370154383,13.102163296192884,3.3094471599906683,0.4967283932696075
0.5233683528378605,20.883953973650932,3.3094471599906683,0.5540100974274145
0.5233683528378605,13.102163296192884,4.260196182876825,0.4369784440367196
0.46166365370154383,20.883953973650932,4.260196182876825,0.5812386551900466
0.5568728141486645,19.85614861175418,5.531935589388013,0.5297781445807535
0.558100195042789,19.85614861175418,5.531935589388013,0.5297781445807535
0.5568728141486645,16.976352747529745,5.531935589388013,0.4942453944266022
0.5568728141486645,19.85614861175418,1.990146366879344,0.5297781445807535
0.558100195042789,16.976352747529745,1.990146366879344,0.5196692909796674
0.420374764315784,12.329466722905636,1.9103402364999056,0.46484300083243546
0.4177871271967888,12.329466722905636,1.9103402364999056,0.46484300083243546
0.420374764315784,14.817359562963247,1.9103402364999056,0.4777053340594024
0.420374764315784,12.329466722905636,5.5041727144271135,0.4434424793450823
0.4177871271967888,14.817359562963247,5.5041727144271135,0.4611015106629004
0.4355407113209367,20.99737023189664,4.376230193302035,0.5638187402904957
0.44763814434409144,20.99737023189664,4.376230193302035,0.5812386551900466
0.4355407113209367,14.36986118555069,4.376230193302035,0.47769780099749826
0.4355407113209367,20.99737023189664,9.549344470724463,0.5607538034728115
0.44763814434409144,14.36986118555069,9.549344470724463,0.4791532720492908
0.599723918363452,10.44202084839344,8.025133116170764,0.2641453359338797
0.5752934550866484,10.44202084839344,8.025133116170764,0.329592319776135
0.599723918363452,18.210494995117188,8.025133116170764,0.4586603099374974
0.599723918363452,10.44202084839344,2.907132813706994,0.4566735910229681
0.5752934550866484,18.210494995117188,2.907132813706994,0.5054558564114631
0.5332055380567908,17.17192207276821,0.7945811841636896,0.5570606915081808
0.4787708207964897,17.17192207276821,0.7945811841636896,0.5695111770188623
0.5332055380567908,19.928086172789335,0.7945811841636896,0.5429069083119317
0.5332055380567908,17.17192207276821,0.8424658328294754,0.5570606915081808
0.4787708207964897,19.928086172789335,0.8424658328294754,0.559806383377371
0.4940207481384277,15.763068575412035,6.60870716907084,0.498784669749716
0.5439747644588351,15.763068575412035,6.60870716907084,0.43330985035404224
0.4940207481384277,11.587445925921202,6.60870716907084,0.4780273571896092
0.4940207481384277,15.763068575412035,6.700986530631781,0.498784669749716
0.5439747644588351,11.587445925921202,6.700986530631781,0.43660035941165554
0.4840819017961621,19.2394638992846,0.4523950256407261,0.578882513358006
0.5984366895630955,19.2394638992846,0.4523950256407261,0.5170903476182527
0.4840819017961621,21.6854104436934,0.4523950256407261,0.5230500868538467
0.4840819017961621,19.2394638992846,6.097498312592506,0.5531608160525476
0.5984366895630955,21.6854104436934,6.097498312592506,0.4841578201458633
0.5447495374828577,11.824007093906403,7.145593259483576,0.3687701018079722
0.4260910745710135,11.824007093906403,7.145593259483576,0.40093098860830756
0.5447495374828577,10.531909350305796,7.145593259483576,0.34540217733225187
0.5447495374828577,11.824007093906403,1.328455414623022,0.4534998139514642
0.4260910745710135,10.531909350305796,1.328455414623022,0.5096017341698533
0.5846764294430613,18.556111484766006,4.366989731788635,0.5177034322406875
0.5295599261298776,18.556111484766006,4.366989731788635,0.5252449825032206
0.5846764294430613,15.612590067088604,4.366989731788635,0.3931251244316605
0.5846764294430613,18.556111484766006,4.921748032793403,0.5177034322406875
0.5295599261298776,15.612590067088604,4.921748032793403,0.42855623152010114
0.44900731816887857,14.00590056553483,8.230293840169907,0.4770278997860279
0.4947633225470781,14.00590056553483,8.230293840169907,0.4829830808864298
0.44900731816887857,16.26609616726637,8.230293840169907,0.47760836032078346
0.44900731816887857,14.00590056553483,7.652215966954827,0.4770278997860279
0.4947633225470781,16.26609616726637,7.652215966954827,0.47542549821833313
0.4076756741851568,16.67240733653307,5.717406999319792,0.505738505815541
0.46519287787377833,16.67240733653307,5.717406999319792,0.5343476739224459
0.4076756741851568,18.92113696411252,5.717406999319792,0.5512896346404439
0.4076756741851568,16.67240733653307,7.32347491197288,0.4539375651138403
0.46519287787377833,18.92113696411252,7.32347491197288,0.5108059063145725
0.5711283722892404,15.140587028115988,1.841443758457899,0.40149653513137573
0.5124278904870152,15.140587028115988,1.841443758457899,0.43104241294918955
0.5711283722892404,13.574271488934755,1.841443758457899,0.4292331256426062
0.5711283722892404,15.140587028115988,0.21020588465034962,0.42988683817604556
0.5124278904870152,13.574271488934755,0.21020588465034962,0.49941129670800943
0.5110781982541084,21.895299222320318,9.60979986935854,0.45388776230006944
0.40887423343956475,21.895299222320318,9.60979986935854,0.467219518091162
0.5110781982541084,12.280143178999424,9.60979986935854,0.39659566828907866
0.5110781982541084,21.895299222320318,3.539520688354969,0.4392854252432964
0.40887423343956475,12.280143178999424,3.539520688354969,0.454419396115882
0.47262698169797657,11.416224755346775,2.9484963789582253,0.49803863028678363
0.5685602346435189,11.416224755346775,2.9484963789582253,0.44682470518656425
0.47262698169797657,19.127003647387028,2.9484963789582253,0.5524592453172095
0.47262698169797657,11.416224755346775,8.92671624198556,0.44628037684861865
0.5685602346435189,19.127003647387028,8.92671624198556,0.4626692202301129
0.46702866945415733,21.49269973859191,7.282787533476949,0.5704606786314848
0.4813316689804196,21.49269973859191,7.282787533476949,0.5683115026689931
0.46702866945415733,14.970388695597649,7.282787533476949,0.4241629690185168
0.46702866945415733,21.49269973859191,0.3290516883134842,0.5603274354906866
0.4813316689804196,14.970388695597649,0.3290516883134842,0.497009779814632
0.5055283334106206,11.072127468883991,0.2749569434672594,0.5283416084805714
0.5410186182707548,11.072127468883991,0.2749569434672594,0.5142504155914065
0.5055283334106206,17.12975488603115,0.2749569434672594,0.5639839729705147
0.5055283334106206,11.072127468883991,7.127497103065252,0.4060627094749082
0.5410186182707548,17.12975488603115,7.127497103065252,0.4574643640835634
0.5642296409234404,16.313747622072697,8.679070537909865,0.39395176011261945
0.4376565540209413,16.313747622072697,8.679070537909865,0.4471710654425253
0.5642296409234404,20.73384952172637,8.679070537909865,0.5544820191131792
0.5642296409234404,16.313747622072697,9.122888734564185,0.38851122860830567
0.4376565540209413,20.73384952172637,9.122888734564185,0.5435338227382305
0.40072849541902544,14.74667951092124,3.8804083224385977,0.4552154973569239
0.5848921451717615,14.74667951092124,3.8804083224385977,0.3655498246372335
0.40072849541902544,11.074489768594503,3.8804083224385977,0.45028156710250944
0.40072849541902544,14.74667951092124,3.420635173097253,0.4634012810194811
0.5848921451717615,11.074489768594503,3.420635173097253,0.4220234036499181
0.44338125325739386,18.92648422718048,1.395444953814149,0.573383031736727
0.5551486026495696,18.92648422718048,1.395444953814149,0.5470953377684525
0.44338125325739386,12.11236584186554,1.395444953814149,0.49177204181239786
0.44338125325739386,18.92648422718048,1.8383464496582747,0.5452611059172645
0.5551486026495696,12.11236584186554,1.8383464496582747,0.42607775142381377
0.5791972296312451,14.38808361068368,6.201284462586045,0.40656577789225457
0.4203525768592954,14.38808361068368,6.201284462586045,0.4750128687465256
0.5791972296312451,20.453366219997406,6.201284462586045,0.5355885115260131
0.5791972296312451,14.38808361068368,5.667335661128163,0.4185723515066945
0.4203525768592954,20.453366219997406,5.667335661128163,0.5659487570402701
0.5378726460039616,19.65378785505891,2.808591006323695,0.5344264467242312
0.5240191254764796,19.65378785505891,2.808591006323695,0.5411439373214972
0.5378726460039616,17.68265325948596,2.808591006323695,0.48388433414125054
0.5378726460039616,19.65378785505891,8.08234442025423,0.5416132539575338
0.5240191254764796,17.68265325948596,8.08234442025423,0.45430472878454475
0.4770581452175975,12.156391352415085,9.79002776555717,0.43447264254882445
0.4516744578257203,12.156391352415085,9.79002776555717,0.41733655707795114
0.4770581452175975,13.841646444052458,9.79002776555717,0.4807872560102665
0.4770581452175975,12.156391352415085,4.412046167999506,0.45586359422496336
0.4516744578257203,13.841646444052458,4.412046167999506,0.5269160500616157
0.48858991377055644,16.839543357491493,3.443288281559944,0.5617071801903706
0.40591646637767553,16.839543357491493,3.443288281559944,0.5415119633469301
0.48858991377055644,16.439632419496775,3.443288281559944,0.5069528793876026
0.48858991377055644,16.839543357491493,2.7883603051304817,0.5617071801903706
0.40591646637767553,16.439632419496775,2.7883603051304817,0.5046948676834457
0.5279215687885881,15.348750162869692,8.95941011607647,0.37324496982157207
0.5711198426783085,15.348750162869692,8.95941011607647,0.3169053762586833
0.5279215687885881,15.78649789467454,8.95941011607647,0.3899070857473087
0.5279215687885881,15.348750162869692,9.745401535183191,0.395046914524269
0.5711198426783085,15.78649789467454,9.745401535183191,0.36141272445658046
0.5926516056060791,20.615180928260088,2.3624794371426105,0.48020046102563774
0.47479013781994583,20.615180928260088,2.3624794371426105,0.5522389917055273
0.5926516056060791,10.355436973273754,2.3624794371426105,0.4441270988832644
0.5926516056060791,20.615180928260088,6.504892138764262,0.5021122870094479
0.47479013781994583,10.355436973273754,6.504892138764262,0.4153654313483439
0.42832153346389534,10.071641847491264,5.039550084620714,0.2500364495384444
0.5024444878101348,10.071641847491264,5.039550084620714,0.3912419250266723
0.42832153346389534,21.50857650488615,5.039550084620714,0.5309611667366533
0.42832153346389534,10.071641847491264,0.9614258725196123,0.47099211095755233
0.5024444878101348,21.50857650488615,0.9614258725196123,0.5762062354099367
0.4149718703702092,20.25005094334483,7.575172744691372,0.5798462839617053
0.5321271874010562,20.25005094334483,7.575172744691372,0.5809536984393879
0.4149718703702092,19.678288627415895,7.575172744691372,0.558607741719614
0.4149718703702092,20.25005094334483,3.7503796722739935,0.5751971708096111
0.5321271874010562,19.678288627415895,3.7503796722739935,0.5411439373214972
0.5515183676034212,12.688121251761913,4.86651074141264,0.409359854434179
0.4918131610378623,12.688121251761913,4.86651074141264,0.4603050967225266
0.5515183676034212,12.8317897208035,4.86651074141264,0.409359854434179
0.5515183676034212,12.688121251761913,8.675655135884881,0.35255069513192794
0.4918131610378623,12.8317897208035,8.675655135884881,0.4280369300552439
0.5162743939086795,17.931944213807583,6.472773011773825,0.4947675504438288
0.5884487330913544,17.931944213807583,6.472773011773825,0.4774323200120575
0.5162743939086795,13.025919772684574,6.472773011773825,0.42008621235323274
0.5162743939086795,17.931944213807583,5.07412351667881,0.4866212394017242
0.5884487330913544,13.025919772684574,5.07412351667881,0.40836089884564486
0.4547263316810131,13.504768680781126,0.968396570533514,0.5468290915837315
0.4356837330386043,13.504768680781126,0.968396570533514,0.5146659018233422
0.4547263316810131,18.37241367250681,0.968396570533514,0.5956296013697416
0.4547263316810131,13.504768680781126,2.499921526759863,0.5169111728349813
0.4356837330386043,18.37241367250681,2.499921526759863,0.5490915861741956
0.45590794607996943,21.630625296384096,7.729193065315485,0.5175649920340322
0.5863370474427938,21.630625296384096,7.729193065315485,0.5241918725574704
0.45590794607996943,14.153535608202219,7.729193065315485,0.4785053183050657
0.45590794607996943,21.630625296384096,9.01292335242033,0.5205172394994002
0.5863370474427938,14.153535608202219,9.01292335242033,0.36234756505483634
0.5166735662147403,11.309010043740273,4.713062588125467,0.45788164524319874
0.43913828749209644,11.309010043740273,4.713062588125467,0.4737942609461082
0.5166735662147403,17.994169775396585,4.713062588125467,0.5047638996795181
0.5166735662147403,11.309010043740273,3.4621636755764484,0.46718315559329104
0.43913828749209644,17.994169775396585,3.4621636755764484,0.5313822480618797
0.550350509956479,16.539557859301567,6.308801025152206,0.43852773350865304
0.5427105206996202,16.539557859301567,6.308801025152206,0.43852773350865304
0.550350509956479,20.0513958260417,6.308801025152206,0.5533877932146087
0.550350509956479,16.539557859301567,0.2875723969191313,0.48437231110683765
0.5427105206996202,20.0513958260417,0.2875723969191313,0.5369418849744702
0.41458330769091845,14.895688492804766,1.131719946861267,0.48523186747895375
0.4829631308093667,14.895688492804766,1.131719946861267,0.4897490952868543
0.41458330769091845,11.710755221545696,1.131719946861267,0.5166090366219103
0.41458330769091845,14.895688492804766,7.237258302047849,0.398733264227489
0.4829631308093667,11.710755221545696,7.237258302047849,0.4509471621599107
0.429501979611814,18.40771096199751,3.5973000340163708,0.5490915861741956
0.4500464262440801,18.40771096199751,3.5973000340163708,0.5650879036990581
0.429501979611814,11.477192807942629,3.5973000340163708,0.4775905653385557
0.429501979611814,18.40771096199751,7.572121983394027,0.49183127720893627
0.4500464262440801,11.477192807942629,7.572121983394027,0.44625879180842487
0.5930519938468932,13.782049100846052,8.805970679968596,0.40114076051477354
0.5223298963159323,13.782049100846052,8.805970679968596,0.429290601245099
0.5930519938468932,21.13619278743863,8.805970679968596,0.5644452831143132
0.5930519938468932,13.782049100846052,4.990550512447953,0.44368003918348875
0.5223298963159323,21.13619278743863,4.990550512447953,0.59674205169251
0.5267517799511552,19.035387825220823,2.1984970942139626,0.5345990883555116
0.418868170119822,19.035387825220823,2.1984970942139626,0.56786464212755
0.5267517799511552,16.818598367273808,2.1984970942139626,0.5264188009452179
0.5267517799511552,19.035387825220823,1.2596242129802704,0.5694245189222233
0.418868170119822,16.818598367273808,1.2596242129802704,0.5629242128838564
0.4882033299654722,11.649971805512905,5.202883966267109,0.48630080262031095
0.5537002701312304,11.649971805512905,5.202883966267109,0.44571441776010656
0.4882033299654722,14.659604825079441,5.202883966267109,0.4599911241199257
0.4882033299654722,11.649971805512905,6.177621018141508,0.48771456629758625
0.5537002701312304,14.659604825079441,6.177621018141508,0.37866094259103455
0.4774451581761241,17.35256064683199,1.5447407867759466,0.5700856286310403
0.5008136235177517,17.35256064683199,1.5447407867759466,0.5742359797798089
0.4774451581761241,18.810278460383415,1.5447407867759466,0.5794921140372009
0.4774451581761241,17.35256064683199,6.629436761140823,0.5510289626534877
0.5008136235177517,18.810278460383415,6.629436761140823,0.5679398995629434
0.539042005687952,15.960541363805532,6.0525609459728,0.4373401158517446
0.47309763785451653,15.960541363805532,6.0525609459728,0.49191187881089904
0.539042005687952,13.463413342833519,6.0525609459728,0.4368735751982731
0.539042005687952,15.960541363805532,0.9246967546641827,0.4773130846042133
0.47309763785451653,13.463413342833519,0.9246967546641827,0.5236169632760315
0.5787965076044201,21.216083254665136,2.6496583689004183,0.5647361835415098
0.5696383222937584,21.216083254665136,2.6496583689004183,0.5647361835415098
0.5787965076044201,12.485482450574636,2.6496583689004183,0.4073146454641573
0.5787965076044201,21.216083254665136,2.8248733934015036,0.5647361835415098
0.5696383222937584,12.485482450574636,2.8248733934015036,0.4073146454641573
0.4422011408954859,10.595559813082218,9.948311941698194,0.3102915179463669
0.4044713510200382,10.595559813082218,9.948311941698194,0.3102915179463669
0.4422011408954859,19.33234256133437,9.948311941698194,0.5408181226806923
0.4422011408954859,10.595559813082218,9.620922738686204,0.35618107862176984
0.4044713510200382,19.33234256133437,9.620922738686204,0.557805257134127
0.4011166289448738,20.10618558898568,7.432072861120105,0.5453400149934128
0.43713151570409536,20.10618558898568,7.432072861120105,0.5453400149934128
0.4011166289448738,21.855615973472595,7.432072861120105,0.5061322152756202
0.4011166289448738,20.10618558898568,5.579394055530429,0.5389875722668747
0.43713151570409536,21.855615973472595,5.579394055530429,0.49792213522678597
0.565397927723825,12.457177758216858,0.12624378316104412,0.4403990372867873
0.5899336896836758,12.457177758216858,0.12624378316104412,0.41903362005221945
0.565397927723825,10.70211523771286,0.12624378316104412,0.5003833013564982
0.565397927723825,12.457177758216858,1.9066852796822786,0.42607775142381377
0.5899336896836758,10.70211523771286,1.9066852796822786,0.43848049266479994
0.5051294948905707,17.68845245242119,8.52012918330729,0.45430472878454475
0.4935022247955203,17.68845245242119,8.52012918330729,0.50224520582337
0.5051294948905707,15.349365305155516,8.52012918330729,0.3852625591204535
0.5051294948905707,17.68845245242119,4.343666844069958,0.48923906358631974
0.4935022247955203,15.349365305155516,4.343666844069958,0.4690439419041227
0.4658467212691903,13.373440507799387,4.038701066747308,0.4954024613125835
0.5337553843855858,13.373440507799387,4.038701066747308,0.4443578595437059
0.4658467212691903,16.002871047705412,4.038701066747308,0.5032891378257836
0.4658467212691903,13.373440507799387,8.170183468610048,0.4399314888406808
0.5337553843855858,16.002871047705412,8.170183468610048,0.4002322999182788
0.4730140184983611,18.10579639673233,5.876344367861748,0.5552845009500804
0.4163571037352085,18.10579639673233,5.876344367861748,0.5486740990354756
0.4730140184983611,11.90773505344987,5.876344367861748,0.4607105424154573
0.4730140184983611,18.10579639673233,2.412455528974533,0.5409277813762061
0.4163571037352085,11.90773505344987,2.412455528974533,0.46292177211767005
0.5122475817799568,13.708661649376154,1.6831547766923904,0.5201525443061565
0.5566096862778067,13.708661649376154,1.6831547766923904,0.503820748766076
0.5122475817799568,20.248735073953867,1.6831547766923904,0.5664770083803721
0.5122475817799568,13.708661649376154,5.15029801055789,0.4756972680300512
0.5566096862778067,20.248735073953867,5.15029801055789,0.5640650326403394
0.5707276741042733,20.47371930256486,9.460508842021227,0.5239662894391265
0.45998052358627317,20.47371930256486,9.460508842021227,0.573619346833721
0.5707276741042733,17.794265262782574,9.460508842021227,0.4419976723602058
0.5707276741042733,20.47371930256486,8.599547510966659,0.5355885115260131
0.45998052358627317,17.794265262782574,8.599547510966659,0.49609374139662776
0.4064955856651068,12.83633866906166,3.097215164452791,0.4672072256992107
0.5127817509695888,12.83633866906166,3.097215164452791,0.44264139296237615
0.4064955856651068,13.95325880497694,3.097215164452791,0.5122411113440952
0.4064955856651068,12.83633866906166,3.837778801098466,0.4489563832469009
0.5127817509695888,13.95325880497694,3.837778801098466,0.47654464099093097
0.44939542785286907,20.86026256904006,0.6113411113619804,0.5812386551900466
0.5456123312935233,20.86026256904006,0.6113411113619804,0.5507398680402633
0.44939542785286907,15.234321940690279,0.6113411113619804,0.5268489950081683
0.44939542785286907,20.86026256904006,1.040337337180972,0.5812386551900466
0.5456123312935233,15.234321940690279,1.040337337180972,0.448794885981869
0.585844692401588,10.204674430191517,6.987295709550381,0.3154908904864667
0.480444411188364,10.204674430191517,6.987295709550381,0.4206717678230928
0.585844692401588,17.393687773495913,6.987295709550381,0.42344669164138693
0.585844692401588,10.204674430191517,6.434830771759152,0.23297469649109392
0.480444411188364,17.393687773495913,6.434830771759152,0.5510289626534877
0.5443506751209497,16.946941174566746,4.217709209769964,0.5101909244464419
0.576793503575027,16.946941174566746,4.217709209769964,0.4927106269883963
0.5443506751209497,20.564397491514683,4.217709209769964,0.5228661401735222
0.5443506751209497,16.946941174566746,9.815415255725384,0.47163739524028947
0.576793503575027,20.564397491514683,9.815415255725384,0.5107466647697088
0.48289992976933716,15.613607194274664,8.379002269357443,0.45997837451653134
0.4490769386291504,15.613607194274664,8.379002269357443,0.45182121091600447
0.48289992976933716,10.905038096010685,8.379002269357443,0.424807088521593
0.48289992976933716,15.613607194274664,2.7094964869320393,0.5023926377256431
0.4490769386291504,10.905038096010685,2.7094964869320393,0.45546782849937073
0.49520238637924197,19.382327537983656,4.540197374299169,0.5595471373845555
0.4964098285883665,19.382327537983656,4.540197374299169,0.5595471373845555
0.49520238637924197,19.55569027364254,4.540197374299169,0.5477508129165346
0.49520238637924197,19.382327537983656,4.4848547503352165,0.5595471373845555
0.4964098285883665,19.55569027364254,4.4848547503352165,0.5477508129165346
0.5336047342047096,12.055596821010113,7.86181447096169,0.3636164164579956
0.5312428878620267,12.055596821010113,7.86181447096169,0.3636164164579956
0.5336047342047096,12.709191009402275,7.86181447096169,0.37917504579929473
0.5336047342047096,12.055596821010113,8.00129609182477,0.3636164164579956
0.5312428878620267,12.709191009402275,8.00129609182477,0.37917504579929473
0.5985560845583677,18.79859008640051,0.6405561324208975,0.5255587166432597
0.4275821302086115,18.79859008640051,0.6405561324208975,0.5823126547311543
0.5985560845583677,13.243001755326986,0.6405561324208975,0.46424974507649364
0.5985560845583677,18.79859008640051,5.748336268588901,0.5123457066189803
0.4275821302086115,13.243001755326986,5.748336268588901,0.4646830374755041
0.43515217248350385,14.137863527983427,6.762160127982497,0.4829357914137845
0.59986616615206,14.137863527983427,6.762160127982497,0.4415716773007745
0.43515217248350385,18.58949601277709,6.762160127982497,0.5401969320407712
0.43515217248350385,14.137863527983427,1.7655855882912874,0.5157658494907179
0.59986616615206,18.58949601277709,1.7655855882912874,0.49954046028352683
0.42155518662184477,16.16039176285267,9.295031363144517,0.44611624204972644
0.5671212242916226,16.16039176285267,9.295031363144517,0.3971178772296097
0.42155518662184477,16.59809809923172,9.295031363144517,0.42062361214989996
0.42155518662184477,16.16039176285267,3.3465964253991842,0.5063791655103584
0.5671212242916226,16.59809809923172,3.3465964253991842,0.4342245402272039
0.5572731785476208,14.528149593621492,3.1461180094629526,0.3936017208901331
0.4073744010180235,14.528149593621492,3.1461180094629526,0.46809363395835735
0.5572731785476208,15.944963216781616,3.1461180094629526,0.44641108362898974
0.5572731785476208,14.528149593621492,9.207608634606004,0.3251246735880451
0.4073744010180235,15.944963216781616,9.207608634606004,0.41893215839937403
0.5221985401585698,21.295410055667162,5.377919105812907,0.5930043630041278
0.5107537055388093,21.295410055667162,5.377919105812907,0.5930043630041278
0.5221985401585698,10.103954922407866,5.377919105812907,0.3630518871779518
0.5221985401585698,21.295410055667162,7.042843848466873,0.6123866681222083
0.5107537055388093,10.103954922407866,7.042843848466873,0.33927925680668725
0.46148213036358354,10.891672000288963,2.0637844782322645,0.45546782849937073
0.4635559055954218,10.891672000288963,2.0637844782322645,0.45546782849937073
0.46148213036358354,21.25709481164813,2.0637844782322645,0.5928684837535327
0.46148213036358354,10.891672000288963,0.4030237905681133,0.5379947876223372
0.4635559055954218,21.25709481164813,0.4030237905681133,0.5937576052039677
0.4590621400624514,16.61571043357253,2.7406116388738155,0.5300021325431354
0.44451427161693574,16.61571043357253,2.7406116388738155,0.5300021325431354
0.4590621400624514,14.867179986089468,2.7406116388738155,0.49987628808533646
0.4590621400624514,16.61571043357253,1.7079191654920578,0.5565506139514415
0.44451427161693574,14.867179986089468,1.7079191654920578,0.5228303033080177
0.5197297217324376,15.19448585063219,9.817096944898367,0.38905797547345866
0.5784189967438579,15.19448585063219,9.817096944898367,0.33527235566017155
0.5197297217324376,17.020319517701864,9.817096944898367,0.4883032374043531
0.5197297217324376,15.19448585063219,5.845297630876303,0.42435577603849794
0.5784189967438579,17.020319517701864,5.845297630876303,0.506275405006106
0.5596810810267925,21.94114712625742,1.3463680073618889,0.3968483278827426
0.4756466098129749,21.94114712625742,1.3463680073618889,0.4261964681037351
0.5596810810267925,20.927843496203423,1.3463680073618889,0.5507398680402633
0.5596810810267925,21.94114712625742,7.905081948265433,0.4141698042858811
0.4756466098129749,20.927843496203423,7.905081948265433,0.5839868722883379
0.42401191722601655,11.373449590057135,6.213075183331966,0.46186881770443755
0.5471003582701087,11.373449590057135,6.213075183331966,0.44421688947972326
0.42401191722601655,11.274708971381187,6.213075183331966,0.46186881770443755
0.42401191722601655,11.373449590057135,4.541628519073129,0.4737942609461082
0.5471003582701087,11.274708971381187,4.541628519073129,0.4447663760121946
0.4326832348480821,19.299090445041656,8.745359499007463,0.5328425611724952
0.5175528196617961,19.299090445041656,8.745359499007463,0.5183826856218072
0.4326832348480821,11.53770561143756,8.745359499007463,0.4124403455822834
0.4326832348480821,19.299090445041656,0.5021216254681349,0.5676953894047619
0.5175528196617961,11.53770561143756,0.5021216254681349,0.5190460937894306
0.596135975047946,11.761319253593683,3.851334024220705,0.44177024329865067
0.4585374444723129,11.761319253593683,3.851334024220705,0.5010079353556218
0.596135975047946,19.884199511259794,3.851334024220705,0.49717242194337763
0.596135975047946,11.761319253593683,6.982430638745427,0.41494919845101785
0.4585374444723129,19.884199511259794,6.982430638745427,0.5716521888397448
0.5360613455995917,18.53077143803239,7.333798035979271,0.4838287304633794
0.5612250735983253,18.53077143803239,7.333798035979271,0.46542151882763416
0.5360613455995917,18.166548252105713,7.333798035979271,0.4857358085276138
0.5360613455995917,18.53077143803239,9.267128743231297,0.48729011424132074
0.5612250735983253,18.166548252105713,9.267128743231297,0.47697342087827155
0.49761016964912413,14.034027248620987,0.2647850662469864,0.5456405466401133
0.41466067507863047,14.034027248620987,0.2647850662469864,0.5268880986746267
0.49761016964912413,14.320049345493317,0.2647850662469864,0.5363445082542182
0.49761016964912413,14.034027248620987,3.248246256262064,0.5174320841904851
0.41466067507863047,14.320049345493317,3.248246256262064,0.4912478328240738
0.4868886427953839,20.964156582951546,6.425367323681712,0.5839868722883379
0.46831693686544895,20.964156582951546,6.425367323681712,0.6127642100478012
0.4868886427953839,16.222155146300793,6.425367323681712,0.5044772692650374
0.4868886427953839,20.964156582951546,3.9338216558098793,0.5710358920763648
0.46831693686544895,16.222155146300793,3.9338216558098793,0.5238878158615636
0.5483882162719965,10.472527969628572,0.9772904496639967,0.5140936659524828
0.5093021625652909,10.472527969628572,0.9772904496639967,0.5273908916195487
0.5483882162719965,15.562795393168926,0.9772904496639967,0.4524338074850123
0.5483882162719965,10.472527969628572,8.542182091623545,0.4634365602346383
0.5093021625652909,15.562795393168926,8.542182091623545,0.4069248849446412
0.5818683056160807,17.241253275424242,7.50520252622664,0.4371252532698805
0.4119982521981001,17.241253275424242,7.50520252622664,0.4844009728129933
0.5818683056160807,10.482037428766489,7.50520252622664,0.3287149357829723
0.5818683056160807,17.241253275424242,5.207984326407313,0.49254176681698836
0.4119982521981001,10.482037428766489,5.207984326407313,0.45105908436379105
0.44537021294236184,15.69690166413784,4.896786594763398,0.5236183751224766
0.5654348330572248,15.69690166413784,4.896786594763398,0.439465574821583
0.44537021294236184,21.64140361919999,4.896786594763398,0.5091546986933503
0.44537021294236184,15.69690166413784,2.315932037308812,0.5436302643227174
0.5654348330572248,21.64140361919999,2.315932037308812,0.5025344387704487
0.410533007606864,17.623984318226576,2.410278534516692,0.5294641459455046
0.5953117722645402,17.623984318226576,2.410278534516692,0.4855327769046349
0.410533007606864,19.17100188881159,2.410278534516692,0.5394091696487067
0.410533007606864,17.623984318226576,2.649994632229209,0.5294641459455046
0.5953117722645402,19.17100188881159,2.649994632229209,0.4950978331418777
0.5747162679210305,13.062867157161236,5.031364327296615,0.3937128899036484
0.4292174700647593,13.062867157161236,5.031364327296615,0.4520100603809425
0.5747162679210305,12.329995073378086,5.031364327296615,0.39757726773561075
0.5747162679210305,13.062867157161236,9.914204934611917,0.3288915331485692
0.4292174700647593,12.329995073378086,9.914204934611917,0.3848787238672903
0.5082222476601601,19.807325266301632,3.5124693531543016,0.5411439373214972
0.5264352397993207,19.807325266301632,3.5124693531543016,0.5411439373214972
0.5082222476601601,13.624063301831484,3.5124693531543016,0.4889264549169914
0.5082222476601601,19.807325266301632,6.335560902953148,0.5564878893452392
0.5264352397993207,13.624063301831484,6.335560902953148,0.47697452004774576
0.46903751250356435,12.380985151976347,8.92865982837975,0.42354522473705003
0.49788958244025705,12.380985151976347,8.92865982837975,0.42165187560290107
0.46903751250356435,18.96506367996335,8.92865982837975,0.5121900068853545
0.46903751250356435,12.380985151976347,1.100159641355276,0.49588945380193994
0.49788958244025705,18.96506367996335,1.100159641355276,0.5832915671957347
0.46358541045337914,20.210022382438183,0.8437922969460487,0.6002164118063381
0.5520245421677827,20.210022382438183,0.8437922969460487,0.5509782531816125
0.46358541045337914,11.124333079904318,0.8437922969460487,0.5489181998143919
0.46358541045337914,20.210022382438183,9.404349364340305,0.6016473160975173
0.5520245421677827,11.124333079904318,9.404349364340305,0.37082856692166244
0.5029170121997595,12.724996965378523,6.596744246780872,0.4565811601590972
0.4234783062711358,12.724996965378523,6.596744246780872,0.4350617586499773
0.5029170121997595,20.777839180082083,6.596744246780872,0.5843203778755842
0.5029170121997595,12.724996965378523,3.0802744068205357,0.47400553470304874
0.4234783062711358,20.777839180082083,3.0802744068205357,0.548910598278705
0.5676715170964599,17.982730221003294,4.444380681961775,0.49746785559895257
0.5208951082080603,17.982730221003294,4.444380681961775,0.5047638996795181
0.5676715170964599,17.173621520400047,4.444380681961775,0.49703789500829876
0.5676715170964599,17.982730221003294,0.6701483111828566,0.5343533642996499
0.5208951082080603,17.173621520400047,0.6701483111828566,0.5570606915081808
0.4033413901925087,13.456677757203579,7.997931074351072,0.405418801484022
0.45479985792189837,13.456677757203579,7.997931074351072,0.44445573977870145
0.4033413901925087,15.020120427012444,7.997931074351072,0.4050680303319747
0.4033413901925087,13.456677757203579,6.845298232510686,0.4178341225808939
0.45479985792189837,15.020120427012444,6.845298232510686,0.44815085826225165
0.439988586679101,16.870782900601625,5.481057912111282,0.5401885777514717
0.4844565877690911,16.870782900601625,5.481057912111282,0.5392203663604038
0.439988586679101,13.791929017752409,5.481057912111282,0.4919685453408519
0.439988586679101,16.870782900601625,8.423448046669364,0.47694415019085923
0.4844565877690911,13.791929017752409,8.423448046669364,0.47352003674287513
0.5765351252630353,15.314804092049599,1.9203409552574158,0.4071577900305049
0.5378922212868928,15.314804092049599,1.9203409552574158,0.4212547626856886
0.5765351252630353,17.638789486140013,1.9203409552574158,0.47987938423304144
0.5765351252630353,15.314804092049599,4.1298402938991785,0.3863070488574383
0.5378922212868928,17.638789486140013,4.1298402938991785,0.4754209216555625
0.5412666954100132,20.549746438860893,9.0649370290339,0.5360454255669262
0.44078123886138204,20.549746438860893,9.0649370290339,0.5407378202212758
0.5412666954100132,20.409396588802338,9.0649370290339,0.5451563145397142
0.5412666954100132,20.549746438860893,2.1198003739118576,0.5228661401735222
0.44078123886138204,20.409396588802338,2.1198003739118576,0.5564504904613821
0.47971867602318524,10.140240628272295,3.338387254625559,0.37692915000274574
0.5817658867686987,10.140240628272295,3.338387254625559,0.32565563292506394
0.47971867602318524,12.062531113624573,3.338387254625559,0.44479831793816327
0.47971867602318524,10.140240628272295,5.326981600373983,0.3805780422128494
0.5817658867686987,12.062531113624573,5.326981600373983,0.3811338293052595
0.4920333158224821,18.86306396499276,9.679635921493173,0.5414352678674599
0.5352510586380959,18.86306396499276,9.679635921493173,0.49371709945201936
0.4920333158224821,21.464658372104168,9.679635921493173,0.6003242079237849
0.4920333158224821,18.86306396499276,7.492359504103661,0.5240851346123385
0.5352510586380959,21.464658372104168,7.492359504103661,0.571619750955552
0.5305329376831651,14.448442578315735,2.918392727151513,0.47962200441852054
0.488687620870769,14.448442578315735,2.918392727151513,0.5172460454588992
0.5305329376831651,10.30566518753767,2.918392727151513,0.21128253939286978
0.5305329376831651,14.448442578315735,0.07192110642790794,0.47715358640747596
0.488687620870769,10.30566518753767,0.07192110642790794,0.5091782199405255
0.5892098724842072,19.681182116270065,5.7646415662020445,0.5169197246713295
0.5915729455649852,19.681182116270065,5.7646415662020445,0.5169197246713295
0.5892098724842072,15.73660308495164,5.7646415662020445,0.45801008275330246
0.5892098724842072,19.681182116270065,3.678335687145591,0.5022032654266668
0.5915729455649852,15.73660308495164,3.678335687145591,0.4486992663677756
0.4257086863741279,12.131783727556467,1.832682741805911,0.46484300083243546
0.4325581377372146,12.131783727556467,1.832682741805911,0.46484300083243546
0.4257086863741279,16.395602706819773,1.832682741805911,0.5046948676834457
0.4257086863741279,12.131783727556467,8.75746593810618,0.3896447168532813
0.4325581377372146,16.395602706819773,8.75746593810618,0.4471710654425253
0.41836439389735464,21.547330982983112,4.297675834968686,0.5309611667366533
0.40279173683375125,21.547330982983112,4.297675834968686,0.5309611667366533
0.41836439389735464,18.416434802114964,4.297675834968686,0.5490915861741956
0.41836439389735464,21.547330982983112,5.964106200262904,0.5384305558465202
0.40279173683375125,18.416434802114964,5.964106200262904,0.5557083552911188
0.5541804242879153,11.014698144048452,8.261215286329389,0.3391837321804154
0.5742460504174233,11.014698144048452,8.261215286329389,0.32964018394916306
0.5541804242879153,13.07579455524683,8.261215286329389,0.3531447814259002
0.5541804242879153,11.014698144048452,1.5119786281138659,0.4878335240349254
0.5742460504174233,13.07579455524683,1.5119786281138659,0.4387658074891695
0.5128802014514804,16.271704878658056,0.40442376397550106,0.5040785192291436
0.4716652577742934,16.271704878658056,0.40442376397550106,0.525512662704112
0.5128802014514804,12.881558645516634,0.40442376397550106,0.4773612503169131
0.5128802014514804,16.271704878658056,4.737839438021183,0.46097157595372296
0.4716652577742934,12.881558645516634,4.737839438021183,0.4591969486469575
0.45206575319170955,14.791794992983341,7.1539132203906775,0.4605290404330792
0.5055709414184093,14.791794992983341,7.1539132203906775,0.38511251355784937
0.45206575319170955,19.722192455083132,7.1539132203906775,0.5791152787615917
0.45206575319170955,14.791794992983341,7.7861579693853855,0.4441472413625951
0.5055709414184093,19.722192455083132,7.7861579693853855,0.5564878893452392
0.4514497829601169,18.616501923650503,0.03242284990847111,0.5604582049713529
0.48972792103886603,18.616501923650503,0.03242284990847111,0.5667404192538257
0.4514497829601169,17.091771207749844,0.03242284990847111,0.5530170927064051
0.4514497829601169,18.616501923650503,5.510505782440305,0.5670515320764701
0.48972792103886603,17.091771207749844,5.510505782440305,0.5632050840321203
0.514854084700346,13.94406808167696,7.409353414550424,0.4334085477751921
0.5361334135755896,13.94406808167696,7.409353414550424,0.4334085477751921
0.514854084700346,14.751130603253841,7.409353414550424,0.36952861643697643
0.514854084700346,13.94406808167696,1.9938829075545073,0.4988118629398738
0.5361334135755896,14.751130603253841,1.9938829075545073,0.4194681662111097
0.5548038484528661,19.20170996338129,3.927486790344119,0.5149371688488549
0.43355567157268526,19.20170996338129,3.927486790344119,0.5394091696487067
0.5548038484528661,11.206908617168665,3.927486790344119,0.42980640255594127
0.5548038484528661,19.20170996338129,4.256303776055574,0.5149371688488549
0.43355567157268526,11.206908617168665,4.256303776055574,0.45028156710250944
0.4164011288434267,11.863249029964209,8.513585133478045,0.38914339202397774
0.5925101784989237,11.863249029964209,8.513585133478045,0.3693647294822394
0.4164011288434267,21.04754278436303,8.513585133478045,0.5922009816288577
0.4164011288434267,11.863249029964209,8.239234797656536,0.38914339202397774
0.5925101784989237,21.04754278436303,8.239234797656536,0.5644452831143132
0.4278070390224457,21.839303135871887,5.981019334867597,0.5061322152756202
0.572142999432981,21.839303135871887,5.981019334867597,0.5165618160094659
0.4278070390224457,19.765037782490253,5.981019334867597,0.5661440652821748
0.4278070390224457,21.839303135871887,6.658033262938261,0.5061322152756202
0.572142999432981,19.765037782490253,6.658033262938261,0.546420886261356
0.5885246029123663,11.47073284164071,1.421619402244687,0.4796867616562268
0.40062838271260265,11.47073284164071,1.421619402244687,0.5166090366219103
0.5885246029123663,11.606044240295887,1.421619402244687,0.4796867616562268
0.5885246029123663,11.47073284164071,0.7972221076488495,0.4821785422917091
0.40062838271260265,11.606044240295887,0.7972221076488495,0.5188451669110609
0.5284515272825956,16.705766920000315,9.892943343147635,0.43943375131457807
0.5035106567665935,16.705766920000315,9.892943343147635,0.43943375131457807
0.5284515272825956,14.437001783400774,9.892943343147635,0.42245773096266737
0.5284515272825956,16.705766920000315,2.9525258485227823,0.4899744366115286
0.5035106567665935,14.437001783400774,2.9525258485227823,0.4673722050171817
0.4927323991432786,15.108669489622116,2.509141257032752,0.47423990931869087
0.46944702565670016,15.108669489622116,2.509141257032752,0.4752364026391157
0.4927323991432786,18.096001762896776,2.509141257032752,0.5474880768815431
0.4927323991432786,15.108669489622116,9.59214604459703,0.45282826497895146
0.46944702565670016,18.096001762896776,9.59214604459703,0.5355458158223527
0.4792655982077122,19.89463521540165,8.847948499023914,0.5653259925092186
0.42290797643363476,19.89463521540165,8.847948499023914,0.5560826129662342
0.4792655982077122,15.44382819160819,8.847948499023914,0.45562901846180914
0.4792655982077122,19.89463521540165,7.582409316673875,0.56720691576958
0.42290797643363476,15.44382819160819,7.582409316673875,0.4342362460530782
0.5434988288208842,12.292422343045473,3.7488404288887978,0.4063095210541994
0.551392431743443,12.292422343045473,3.7488404288887978,0.4063095210541994
0.5434988288208842,16.290688302367926,3.7488404288887978,0.4478607552102064
0.5434988288208842,12.292422343045473,4.844766324386001,0.40709585886985444
0.551392431743443,16.290688302367926,4.844766324386001,0.4478607552102064
0.576980409398675,17.525253254920244,5.268361400812864,0.4807944047497188
0.45428450144827365,17.525253254920244,5.268361400812864,0.5551796273533213
0.576980409398675,21.75818432867527,5.268361400812864,0.4944525784572922
0.576980409398675,17.525253254920244,1.4055882208049297,0.5123157048604521
0.45428450144827365,21.75818432867527,1.4055882208049297,0.49526008338839567
0.4377456979826093,13.163263246417046,2.330202739685774,0.4849528434752507
0.5202203268185258,13.163263246417046,2.330202739685774,0.4652733845998722
0.4377456979826093,10.411319211125374,2.330202739685774,0.45936969480051904
0.4377456979826093,13.163263246417046,6.167156249284744,0.4543788044988778
0.5202203268185258,10.411319211125374,6.167156249284744,0.19046534723049857
0.4056430732831359,17.140759866684675,4.815771281719208,0.5442550796003731
0.5405262785032392,17.140759866684675,4.815771281719208,0.5101909244464419
0.4056430732831359,12.40127507969737,4.815771281719208,0.42401915607151486
0.4056430732831359,17.140759866684675,8.964788485318422,0.47439584886715924
0.5405262785032392,12.40127507969737,8.964788485318422,0.338172305048405
0.5670941963791847,15.795718602836132,7.741879969835281,0.35880723599550945
0.4869312208145857,15.795718602836132,7.741879969835281,0.4615871242156836
0.5670941963791847,19.054780822247267,7.741879969835281,0.43997715001074644
0.5670941963791847,15.795718602836132,3.5701141878962517,0.4223132586332511
0.4869312208145857,19.054780822247267,3.5701141878962517,0.542501695691328
0.5005987146869302,21.052633605897427,1.2145915068686008,0.6205186606715829
0.5843449706211686,21.052633605897427,1.2145915068686008,0.577139003466797
0.5005987146869302,18.89745780825615,1.2145915068686008,0.5832915671957347
0.5005987146869302,21.052633605897427,0.17945830710232258,0.6251237261503986
0.5843449706211686,18.89745780825615,0.17945830710232258,0.5555062038432886
0.4641490664333105,10.385315250605345,6.344985160976648,0.45161293270440683
0.44329854287207127,10.385315250605345,6.344985160976648,0.4389388211327404
0.4641490664333105,13.743957072496414,6.344985160976648,0.5217243223878043
0.4641490664333105,10.385315250605345,7.285559130832553,0.4013039519334698
0.44329854287207127,13.743957072496414,7.285559130832553,0.4344469231557946
0.47119676023721696,20.647098533809185,3.2576389890164137,0.5522389917055273
0.5068085040897131,20.647098533809185,3.2576389890164137,0.5269776364787118
0.47119676023721696,20.846360825002193,3.2576389890164137,0.5710358920763648
0.47119676023721696,20.647098533809185,3.375393385067582,0.5522389917055273
0.5068085040897131,20.846360825002193,3.375393385067582,0.5540100974274145
0.5077932750806212,10.038282375782728,9.301271168515086,0.34009723547390136
0.4657630356028676,10.038282375782728,9.301271168515086,0.3406836259873465
0.5077932750806212,11.00535436719656,9.301271168515086,0.3642198073245426
0.5077932750806212,10.038282375782728,9.07993352971971,0.3295539015818202
0.4657630356028676,11.00535436719656,9.07993352971971,0.39472391040046473
0.5725492682307959,16.785035025328398,2.157298708334565,0.4992866726048736
0.5629838574677706,16.785035025328398,2.157298708334565,0.5155384438617743
0.5725492682307959,14.94939074292779,2.157298708334565,0.39822162506482284
0.5725492682307959,16.785035025328398,7.170295845717192,0.4498557099574757
0.5629838574677706,14.94939074292779,7.170295845717192,0.35103802575530585
0.41095127854496244,15.40474595874548,5.400942796841264,0.4665798983678938
0.4093893656507135,15.40474595874548,5.400942796841264,0.4665798983678938
0.41095127854496244,17.290390763431787,5.400942796841264,0.5292284521307076
0.41095127854496244,15.40474595874548,0.3744475543498993,0.5038482523060585
0.4093893656507135,17.290390763431787,0.3744475543498993,0.558952757079322
0.4448642520233989,17.89270256832242,7.916876440867782,0.49609374139662776
0.4298670800402761,17.89270256832242,7.916876440867782,0.46647722404728076
0.4448642520233989,17.522557087242603,7.916876440867782,0.512536051381927
0.4448642520233989,17.89270256832242,4.415785539895296,0.5407674908147356
0.4298670800402761,17.522557087242603,4.415785539895296,0.5281638352546815
0.5841474093496799,13.542522862553596,4.681018805131316,0.4060946184553499
0.5958034720271825,13.542522862553596,4.681018805131316,0.41956316168390073
0.5841474093496799,13.863197691738605,4.681018805131316,0.4341893346464446
0.5841474093496799,13.542522862553596,8.088674657046795,0.3498671141128338
0.5958034720271825,13.863197691738605,8.088674657046795,0.40114076051477354
0.548877509124577,20.311883315443993,6.834008367732167,0.589494714448118
0.4984965095296502,20.311883315443993,6.834008367732167,0.6176263017570316
0.548877509124577,12.182413596659899,6.834008367732167,0.37056575740012865
0.548877509124577,20.311883315443993,5.6611541379243135,0.589494714448118
0.4984965095296502,12.182413596659899,5.6611541379243135,0.46976413315844945
0.4845958326011896,12.627730745822191,0.7633731979876757,0.501330143584219
0.5269819248467684,12.627730745822191,0.7633731979876757,0.48111815373453015
0.4845958326011896,20.341779429465532,0.7633731979876757,0.5750748518853541
0.4845958326011896,12.627730745822191,1.834455979987979,0.47175988547866
0.5269819248467684,20.341779429465532,1.834455979987979,0.559327146656523
0.4996553650125861,16.370452973991632,6.92151403054595,0.48870099007998014
0.5806624107062817,16.370452973991632,6.92151403054595,0.40118295793867764
0.4996553650125861,10.189627315849066,6.92151403054595,0.3963983501383347
0.4996553650125861,16.370452973991632,0.9920210111886263,0.5349105041292566
0.5806624107062817,10.189627315849066,0.9920210111886263,0.2434671072441359
0.5354229390621186,14.691415846347809,0.4799421690404415,0.45098118965164347
0.44659820254892113,14.691415846347809,0.4799421690404415,0.5204937251468806
0.5354229390621186,21.53612157329917,0.4799421690404415,0.5410905146744768
0.5354229390621186,14.691415846347809,6.542962742969394,0.4062267057087857
0.44659820254892113,21.53612157329917,6.542962742969394,0.5437399164141901
0.5940982991829514,21.460049778223038,8.3373286947608,0.5399400888663295
0.5492888823151588,21.460049778223038,8.3373286947608,0.575123801741285
0.5940982991829514,16.51531346142292,8.3373286947608,0.41134004700947036
0.5940982991829514,21.460049778223038,9.707482624799013,0.527886716935555
0.5492888823151588,16.51531346142292,9.707482624799013,0.4087243432317502
0.43333228938281537,11.103289786726236,4.065862111747265,0.45028156710250944
0.4777733189985156,11.103289786726236,4.065862111747265,0.47456370648056123
0.43333228938281537,15.668814197182655,4.065862111747265,0.5050973377668944
0.43333228938281537,11.103289786726236,2.7576158568263054,0.46291325664126315
0.4777733189985156,15.668814197182655,2.7576158568263054,0.5163549081985781
0.42325380966067316,19.59268779307604,1.600587535649538,0.56007233475235
0.4575765555724502,19.59268779307604,1.600587535649538,0.5720634179038979
0.42325380966067316,13.144144516438246,1.600587535649538,0.5122411113440952
0.42325380966067316,19.59268779307604,2.4229429475963116,0.5313989329315415
0.4575765555724502,13.144144516438246,2.4229429475963116,0.5169111728349813
0.5618033958598971,12.218979056924582,5.839853603392839,0.42089381463059106
0.5165301136672497,12.218979056924582,5.839853603392839,0.43506655959827
0.5618033958598971,18.29728440567851,5.839853603392839,0.5267174884910623
0.5618033958598971,12.218979056924582,5.004313737154007,0.4137736511428103
0.5165301136672497,18.29728440567851,5.004313737154007,0.5100355304177853
0.5205047417432069,18.963528897613287,2.9942021518945694,0.5172482179109197
0.41375467609614136,18.963528897613287,2.9942021518945694,0.5452611059172645
0.5205047417432069,19.6516572535038,2.9942021518945694,0.5411439373214972
0.5205047417432069,18.963528897613287,8.745311433449388,0.4749268385314912
0.41375467609614136,19.6516572535038,8.745311433449388,0.558607741719614
0.45695357341319326,14.349597252905369,9.448128566145897,0.46309912372263473
0.5601595893502236,14.349597252905369,9.448128566145897,0.36901877116719073
0.45695357341319326,12.998522371053696,9.448128566145897,0.42036907198049456
0.45695357341319326,14.349597252905369,3.8275141175836325,0.5083147780838548
0.5601595893502236,12.998522371053696,3.8275141175836325,0.4067727110529906
0.4607834042981267,19.137277591973543,5.122476788237691,0.5536641029946756
0.5286210078746081,19.137277591973543,5.122476788237691,0.5205917811973677
0.4607834042981267,17.875752225518227,5.122476788237691,0.5407674908147356
0.4607834042981267,19.137277591973543,2.503010192885995,0.5536641029946756
0.5286210078746081,17.875752225518227,2.503010192885995,0.48923906358631974
0.5242857445031405,11.552734330296516,2.4357826728373766,0.47725859377153257
0.49392301831394436,11.552734330296516,2.4357826728373766,0.5013949482785645
0.5242857445031405,14.222617700695992,2.4357826728373766,0.4968593640036254
0.5242857445031405,11.552734330296516,9.923248728737235,0.41594898866321395
0.49392301831394436,14.222617700695992,9.923248728737235,0.49583883786483895
0.5579610956832767,18.317700251936913,9.042658871039748,0.4564156074022704
0.5972992714494467,18.317700251936913,9.042658871039748,0.44794073075414553
0.5579610956832767,11.825522866100073,9.042658871039748,0.3410900485917828
0.5579610956832767,18.317700251936913,6.3262940011918545,0.5174898216392037
0.5972992714494467,11.825522866100073,6.3262940011918545,0.4071888987105112
0.41946033760905266,13.867911238223314,3.5163050051778555,0.5016079407646881
0.4250526370480657,13.867911238223314,3.5163050051778555,0.5016079407646881
0.41946033760905266,19.97866239771247,3.5163050051778555,0.5544847393669408
0.41946033760905266,13.867911238223314,1.247364804148674,0.5337098459029093
0.4250526370480657,19.97866239771247,1.247364804148674,0.5544847393669408
0.4371135544031859,16.453781597316265,1.0516167525202036,0.5300694450860379
0.40795692000538114,16.453781597316265,1.0516167525202036,0.5300694450860379
0.4371135544031859,21.208387225866318,1.0516167525202036,0.5881477630513953
0.4371135544031859,16.453781597316265,4.040533844381571,0.501458320646235
0.40795692000538114,21.208387225866318,4.040533844381571,0.5881477630513953
0.5979283923283218,14.985601883381605,6.545780235901475,0.4204767185853511
0.5677411455661059,14.985601883381605,6.545780235901475,0.37713278394764627
0.5979283923283218,11.361888319253922,6.545780235901475,0.43853910211157965
0.5979283923283218,14.985601883381605,8.492841757833958,0.3835830878120121
0.5677411455661059,11.361888319253922,8.492841757833958,0.3793967986245613
0.5316297292709351,21.727960001677275,4.9494467955082655,0.4950372858356442
0.46408343929797413,21.727960001677275,4.9494467955082655,0.49526008338839567
0.5316297292709351,14.589618247002363,4.9494467955082655,0.40586663349925445
0.5316297292709351,21.727960001677275,5.257521094754338,0.4950372858356442
0.46408343929797413,14.589618247002363,5.257521094754338,0.48666000118759634
0.49581332709640263,11.20703449100256,7.648504404351115,0.4375000330972988
0.5114163096994162,11.20703449100256,7.648504404351115,0.39153564474144664
0.49581332709640263,16.9361121468246,7.648504404351115,0.5330861114276423
0.49581332709640263,11.20703449100256,2.2090210299938917,0.49003272988328783
0.5114163096994162,16.9361121468246,2.2090210299938917,0.5324016161354197
0.4823343429714441,17.788900084793568,3.8072580844163895,0.5234586849655394
0.5587249740958213,17.788900084793568,3.8072580844163895,0.48388433414125054
0.4823343429714441,13.535413298755884,3.8072580844163895,0.4804630103278891
0.4823343429714441,17.788900084793568,0.590524198487401,0.5459863565358203
0.5587249740958213,13.535413298755884,0.590524198487401,0.4869611406190286
0.5466648476198316,13.274577792733908,8.59599344432354,0.37066263543841904
0.41850822102278473,13.274577792733908,8.59599344432354,0.405418801484022
0.5466648476198316,18.694779489189386,8.59599344432354,0.46542151882763416
0.5466648476198316,13.274577792733908,6.9147812109440565,0.38448191989876734
0.41850822102278473,18.694779489189386,6.9147812109440565,0.5063094507725798
0.5864208437502384,20.017662789672613,0.20148204639554024,0.5322977042914214
0.514854260534048,20.017662789672613,0.20148204639554024,0.5476249440522993
0.5864208437502384,19.26252766698599,0.20148204639554024,0.5503202090190705
0.5864208437502384,20.017662789672613,9.334977511316538,0.5415489076356104
0.514854260534048,19.26252766698599,9.334977511316538,0.5201115226404813
0.44708885829895734,12.544344700872898,7.199994344264269,0.44032508812642956
0.46218653079122307,12.544344700872898,7.199994344264269,0.44032508812642956
0.44708885829895734,12.603167913854122,7.199994344264269,0.44032508812642956
0.44708885829895734,12.544344700872898,3.159646727144718,0.47701163620564224
0.46218653079122307,12.603167913854122,3.159646727144718,0.47701163620564224
0.40873887930065395,21.128819081932306,9.71656259149313,0.5722231589132813
0.47941633593291044,21.128819081932306,9.71656259149313,0.5965330383469524
0.40873887930065395,10.58386941626668,9.71656259149313,0.3502106546298096
0.40873887930065395,21.128819081932306,1.5816876851022243,0.5865366176636808
0.47941633593291044,10.58386941626668,1.5816876851022243,0.5268752378390326
0.5702880408614874,10.68416839838028,2.7258266136050224,0.3321304345466447
0.5447177514433861,10.68416839838028,2.7258266136050224,0.3430179631653797
0.5702880408614874,21.924869794398546,2.7258266136050224,0.4196266565182787
0.5702880408614874,10.68416839838028,5.875094756484032,0.3310239006046731
0.5447177514433861,21.924869794398546,5.875094756484032,0.4366193955764871
0.5100181436166167,17.45133748650551,6.128105577081442,0.49628746966740445
0.4480916416272521,17.45133748650551,6.128105577081442,0.5616886256892157
0.5100181436166167,16.117444165050983,6.128105577081442,0.47138282061748826
0.5100181436166167,17.45133748650551,7.87506447173655,0.4511295980091695
0.4480916416272521,16.117444165050983,7.87506447173655,0.48911264222908213
0.47347045689821243,15.86019105091691,1.3123582862317562,0.5197994971590417
0.5758440338075161,15.86019105091691,1.3123582862317562,0.4541915403707165
0.47347045689821243,15.276437349617481,1.3123582862317562,0.5040226918141637
0.47347045689821243,15.86019105091691,4.668082734569907,0.4881098142660585
0.5758440338075161,15.276437349617481,4.668082734569907,0.3863070488574383
0.4681375529617071,17.037014603614807,8.147519966587424,0.5183471163604707
0.4740707516670227,17.037014603614807,8.147519966587424,0.5119393764432134
0.4681375529617071,20.133247569203377,8.147519966587424,0.5998658070759375
0.4681375529617071,17.037014603614807,6.070999326184392,0.5715488794665378
0.4740707516670227,20.133247569203377,6.070999326184392,0.5717230103182518
0.5046360293403268,15.527807865291834,4.293534150347114,0.425695588431274
0.5018241045996547,15.527807865291834,4.293534150347114,0.48200891139115964
0.5046360293403268,11.979746475815773,4.293534150347114,0.41581885550072395
0.5046360293403268,15.527807865291834,1.4624573569744825,0.47460897613441244
0.5018241045996547,11.979746475815773,1.4624573569744825,0.49332191683517046
0.5631176069378853,20.758447412401438,7.062497036531568,0.5544820191131792
0.40538958683609966,20.758447412401438,7.062497036531568,0.5571583750338291
0.5631176069378853,14.070955779403448,7.062497036531568,0.42268496778361353
0.5631176069378853,20.758447412401438,4.787195269018412,0.528875576436244
0.40538958683609966,14.070955779403448,4.787195269018412,0.49755930459172326
0.4016176557168365,10.301986426115036,0.3792256582528353,0.5302289856679454
0.5706915697082877,10.301986426115036,0.3792256582528353,0.5055989985037375
0.4016176557168365,17.724461879581213,0.3792256582528353,0.5432790927407027
0.4016176557168365,10.301986426115036,7.679427899420261,0.30231850024952744
0.5706915697082877,17.724461879581213,7.679427899420261,0.4407151900420557
0.44178332258015873,20.37632143124938,2.865428877994418,0.5659487570402701
0.5877025125548243,20.37632143124938,2.865428877994418,0.5071944574117149
0.44178332258015873,17.462952882051468,2.865428877994418,0.5294641459455046
0.44178332258015873,20.37632143124938,7.345174606889486,0.5711251047759336
0.5877025125548243,17.462952882051468,7.345174606889486,0.44853822965227996
0.5809692058712244,12.93825114518404,9.536640150472522,0.31557575072126154
0.4350353479385376,12.93825114518404,9.536640150472522,0.37451552924882847
0.5809692058712244,15.116087406873703,9.536640150472522,0.33189848030862035
0.5809692058712244,12.93825114518404,0.0811653584241867,0.3893974583539864
0.4350353479385376,15.116087406873703,0.0811653584241867,0.4586533256486012
0.5394737211987376,18.19149849563837,1.7586600873619318,0.5090170825181244
0.5315790852531791,18.19149849563837,1.7586600873619318,0.5133902098150627
0.5394737211987376,10.832121472805738,1.7586600873619318,0.4388031409779367
0.5394737211987376,18.19149849563837,3.6692692432552576,0.5090170825181244
0.5315790852531791,10.832121472805738,3.6692692432552576,0.36645771039765285
0.47528931871056557,13.618674006313086,5.643922546878457,0.516464678763928
0.4913632906973362,13.618674006313086,5.643922546878457,0.5210618256324555
0.47528931871056557,20.678981941193342,5.643922546878457,0.5683156881260087
0.47528931871056557,13.618674006313086,8.904470643028617,0.47004596155644096
0.4913632906973362,20.678981941193342,8.904470643028617,0.5772713434570692
0.4903122061863542,21.383858602494,1.9833379425108433,0.6286932095374851
0.43850086666643623,21.383858602494,1.9833379425108433,0.588403401021771
0.4903122061863542,12.778261635452509,1.9833379425108433,0.47400553470304874
0.4903122061863542,21.383858602494,8.2970164809376,0.6433759334223992
0.43850086666643623,12.778261635452509,8.2970164809376,0.39198005095121424
0.5259825062006712,10.804430894553661,5.615165326744318,0.36435243667610717
0.5858331585302949,10.804430894553661,5.615165326744318,0.34378725906902485
0.5259825062006712,19.437261257320642,5.615165326744318,0.5353712486289446
0.5259825062006712,10.804430894553661,4.159837504848838,0.3568385735858359
0.5858331585302949,19.437261257320642,4.159837504848838,0.5113624923659514
0.590932278893888,16.059881053864956,3.382769227027893,0.4515971424062375
0.48236838094890117,16.059881053864956,3.382769227027893,0.4868030210719463
0.590932278893888,18.51675107330084,3.382769227027893,0.49954046028352683
0.590932278893888,16.059881053864956,2.089982982724905,0.45892419532756135
0.48236838094890117,18.51675107330084,2.089982982724905,0.5524562247619196
0.4302635431289673,14.626949142664671,9.21399936079979,0.4004139526429371
0.542151658423245,14.626949142664671,9.21399936079979,0.3186855700772997
0.4302635431289673,13.35775788873434,9.21399936079979,0.39559296001734545
0.4302635431289673,14.626949142664671,5.4532357305288315,0.46378823075773523
0.542151658423245,13.35775788873434,5.4532357305288315,0.42846859993086883
0.41393241770565514,18.69988776743412,6.6820199601352215,0.5441752196733392
0.5248357320204378,18.69988776743412,6.6820199601352215,0.5324539328506556
0.41393241770565514,15.829647440463305,6.6820199601352215,0.47762438624281456
0.41393241770565514,18.69988776743412,9.49293339625001,0.49076772881567055
0.5248357320204378,15.829647440463305,9.49293339625001,0.3821293640245572
0.5523839654400945,14.238288450986147,0.8774983696639538,0.5121001914055506
0.4525881502777338,14.238288450986147,0.8774983696639538,0.5871744422752385
0.5523839654400945,16.670281250029802,0.8774983696639538,0.5214960350696516
0.5523839654400945,14.238288450986147,3.012443520128727,0.4870330475067204
0.4525881502777338,16.670281250029802,3.012443520128727,0.5300021325431354
0.5173108987510204,19.469654519110918,8.098159320652485,0.5262666657706574
0.5561634348705411,19.469654519110918,8.098159320652485,0.5218735047839083
0.5173108987510204,21.374597258865833,8.098159320652485,0.6168993239611869
0.5173108987510204,19.469654519110918,0.7378156203776598,0.5546891460998731
0.5561634348705411,21.374597258865833,0.7378156203776598,0.5979706330612069
0.4538577688857913,11.967050954699516,4.459469355642796,0.46697505749286794
0.4214648675173521,11.967050954699516,4.459469355642796,0.44626662275798323
0.4538577688857913,10.0339570119977,4.459469355642796,0.41005211972185973
0.4538577688857913,11.967050954699516,6.756880162283778,0.4513131376441438
0.4214648675173521,10.0339570119977,6.756880162283778,0.2939320834142749
0.45344524942338466,19.49532724916935,2.4433074053376913,0.5536641029946756
0.5111198276281357,19.49532724916935,2.4433074053376913,0.5205917811973677
0.45344524942338466,14.665786121040583,2.4433074053376913,0.4949507394690338
0.45344524942338466,19.49532724916935,4.17420887388289,0.5536641029946756
0.5111198276281357,14.665786121040583,4.17420887388289,0.4002529818086382
0.5177261600270867,11.940080929547548,5.154720162972808,0.4185371367887023
0.46455544512718916,11.940080929547548,5.154720162972808,0.4616590939778158
0.5177261600270867,16.82478502765298,5.154720162972808,0.5197254740521207
0.5177261600270867,11.940080929547548,8.31155932508409,0.3754248596283378
0.46455544512718916,16.82478502765298,8.31155932508409,0.514422624573199
0.5528007611632347,18.674285132437944,3.547842772677541,0.5206288713178338
0.5672430105507373,18.674285132437944,3.547842772677541,0.5177034322406875
0.5528007611632347,21.132214210927486,3.547842772677541,0.5956295721272875
0.5528007611632347,18.674285132437944,5.438786875456572,0.5206288713178338
0.5672430105507373,21.132214210927486,5.438786875456572,0.577139003466797
0.41351836379617457,14.26551167666912,9.049477996304631,0.4473093422152399
0.4082276513800025,14.26551167666912,9.049477996304631,0.4473093422152399
0.41351836379617457,11.473220311105251,9.049477996304631,0.4041298123068293
0.41351836379617457,14.26551167666912,2.075362652540207,0.5321684746327633
0.4082276513800025,11.473220311105251,2.075362652540207,0.4884582289345589
0.4297979282215238,16.085477989166975,6.534002004191279,0.47270465635289016
0.42555661480873824,16.085477989166975,6.534002004191279,0.47270465635289016
0.4297979282215238,11.714198607951403,6.534002004191279,0.4537243469733613
0.4297979282215238,16.085477989166975,3.037057388573885,0.4897799549803332
0.42555661480873824,11.714198607951403,3.037057388573885,0.4884582289345589
0.5913951519876719,14.599720172584057,1.0248855035752058,0.4442723269937411
0.5970103949308395,14.599720172584057,1.0248855035752058,0.4442723269937411
0.5913951519876719,20.054833132773638,1.0248855035752058,0.5012048454869197
0.5913951519876719,14.599720172584057,9.517375342547894,0.3735944038954546
0.5970103949308395,20.054833132773638,9.517375342547894,0.5132680000452363
0.5264438627287745,21.358191572129726,7.621220136061311,0.6123866681222083
0.49423802401870487,21.358191572129726,7.621220136061311,0.6408624582098319
0.5264438627287745,17.987081356346607,7.621220136061311,0.47302558102033054
0.5264438627287745,21.358191572129726,6.732188807800412,0.6123866681222083
0.49423802401870487,17.987081356346607,6.732188807800412,0.5498326173541596
0.48984810784459115,10.83140666410327,4.937115544453263,0.40807489289417165
0.5281427808105945,10.83140666410327,4.937115544453263,0.3637882361965288
0.48984810784459115,14.146441824734211,4.937115544453263,0.5119895719206096
0.48984810784459115,10.83140666410327,0.7132961880415678,0.5234715118180873
0.5281427808105945,14.146441824734211,0.7132961880415678,0.518281030311171
0.4756046378985047,18.17187535390258,8.626997042447329,0.517611447613032
0.5763299111276865,18.17187535390258,8.626997042447329,0.4728458198312845
0.4756046378985047,16.041267707943916,8.626997042447329,0.45724519399448305
0.4756046378985047,18.17187535390258,1.4773065317422152,0.5670879398523456
0.5763299111276865,16.041267707943916,1.4773065317422152,0.4586378382409205
0.5391550403088331,13.63997495919466,3.813543040305376,0.4585003909392992
0.44778424445539716,13.63997495919466,3.813543040305376,0.5269160500616157
0.5391550403088331,15.38776732981205,3.813543040305376,0.4013079877060879
0.5391550403088331,13.63997495919466,6.085677100345492,0.46981282144674696
0.44778424445539716,15.38776732981205,6.085677100345492,0.49523572659454584
0.5806489964947105,20.396243549883366,7.20805324614048,0.5355885115260131
0.5450020711869001,20.396243549883366,7.20805324614048,0.5570290196164309
0.5806489964947105,10.660039570182562,7.20805324614048,0.27063176938967315
0.5806489964947105,20.396243549883366,7.664503622800112,0.5355885115260131
0.5450020711869001,10.660039570182562,7.664503622800112,0.25588008604124024
0.4421001702547073,12.917066063731909,0.23425959050655365,0.4863009135521795
0.47890775967389343,12.917066063731909,0.23425959050655365,0.4891691051636564
0.4421001702547073,21.813546385616064,0.23425959050655365,0.4975128708412312
0.4421001702547073,12.917066063731909,4.772442393004894,0.4489563832469009
0.47890775967389343,21.813546385616064,4.772442393004894,0.5247851876982951
0.40198669023811817,20.738519549369812,2.6978555880486965,0.548910598278705
0.46190819684416057,20.738519549369812,2.6978555880486965,0.5676032375621696
0.40198669023811817,19.373860508203506,2.6978555880486965,0.5394091696487067
0.40198669023811817,20.738519549369812,0.10530335828661919,0.5080513356579215
0.46190819684416057,19.373860508203506,0.10530335828661919,0.5490014148152254
0.5627519341185689,10.32316580787301,9.703544583171606,0.35696715547955105
0.5153447393327951,10.32316580787301,9.703544583171606,0.35269552165548057
0.5627519341185689,12.526994317770004,9.703544583171606,0.37453312716033427
0.5627519341185689,10.32316580787301,7.369484454393387,0.33292421386851445
0.5153447393327951,12.526994317770004,7.369484454393387,0.3838976221342846
0.5042718790471554,17.05664348974824,1.3012668117880821,0.555927180655488
0.4180408196523786,17.05664348974824,1.3012668117880821,0.5672314461429679
0.5042718790471554,13.424087028950453,1.3012668117880821,0.4988118629398738
0.5042718790471554,17.05664348974824,8.880257541313767,0.4543853870562401
0.4180408196523786,13.424087028950453,8.880257541313767,0.39318385713034587
0.46850506495684385,15.506512612104416,6.1020610854029655,0.48233456731081936
0.5590260069817304,15.506512612104416,6.1020610854029655,0.39809878088287265
0.46850506495684385,18.77094678208232,6.1020610854029655,0.5798594459687243
0.46850506495684385,15.506512612104416,3.64488429389894,0.4745198088292676
0.5590260069817304,18.77094678208232,3.64488429389894,0.5206288713178338
0.47388345915824176,17.424544665962458,4.2671646643429995,0.5481376456560167
0.49088964350521563,17.424544665962458,4.2671646643429995,0.551855301681671
0.47388345915824176,10.920008096843958,4.2671646643429995,0.45922121642438973
0.47388345915824176,17.424544665962458,6.939280377700925,0.5316111394123761
0.49088964350521563,10.920008096843958,6.939280377700925,0.43162104443715543
0.5096018273383379,15.886040985584259,8.135494338348508,0.3868482418951821
0.5318742522969842,15.886040985584259,8.135494338348508,0.3868482418951821
0.5096018273383379,20.579373572021723,8.135494338348508,0.549888599716051
0.5096018273383379,15.886040985584259,0.6152334343641996,0.48270890967152935
0.5318742522969842,20.579373572021723,0.6152334343641996,0.5269776364787118
0.5698702020570636,21.156231313943863,0.3665326442569494,0.5698950779985088
0.43476326130330567,21.156231313943863,0.3665326442569494,0.5896161832228338
0.5698702020570636,17.375061117112637,0.3665326442569494,0.5175381626709687
0.5698702020570636,21.156231313943863,3.135222662240267,0.5647361835415098
0.43476326130330567,17.375061117112637,3.135222662240267,0.5343126262103803
0.40915340408682827,10.658754769712687,7.035460164770484,0.3296854512931461
0.5881988557055593,10.658754769712687,7.035460164770484,0.3217342575136626
0.40915340408682827,15.215700648725033,7.035460164770484,0.43144069863860834
0.40915340408682827,10.658754769712687,9.310343377292156,0.319188233020791
0.5881988557055593,15.215700648725033,9.310343377292156,0.39156148886444153
0.4475555282086134,19.990256257355213,9.568483540788293,0.5751434973857938
0.5709821352735162,19.990256257355213,9.568483540788293,0.5415489076356104
0.4475555282086134,13.971350271254778,9.568483540788293,0.48836736938435554
0.4475555282086134,19.990256257355213,5.889732968062162,0.574023645336373
0.5709821352735162,13.971350271254778,5.889732968062162,0.4525236571656619
0.5859574878588318,12.569764073938131,2.8731627855449915,0.4079461645864628
0.40488687641918664,12.569764073938131,2.8731627855449915,0.4672072256992107
0.5859574878588318,17.81235136464238,2.8731627855449915,0.47987938423304144
0.5859574878588318,12.569764073938131,1.5961162745952606,0.4384654793897992
0.40488687641918664,17.81235136464238,1.5961162745952606,0.5407431772538431
0.5462030202150345,17.815687205642462,5.651141656562686,0.49935981320642164
0.5023037346079946,17.815687205642462,5.651141656562686,0.5397761639467932
0.5462030202150345,20.232857950031757,5.651141656562686,0.5751513822944003
0.5462030202150345,17.815687205642462,4.6535196248441935,0.48388433414125054
0.5023037346079946,20.232857950031757,4.6535196248441935,0.5980173624906782
0.4827994843944907,13.248722113668919,1.7899886798113585,0.494610192571763
0.4737574901431799,13.248722113668919,1.7899886798113585,0.494610192571763
0.4827994843944907,11.891851849853992,1.7899886798113585,0.4634766346051482
0.4827994843944907,13.248722113668919,7.860710984095931,0.4493590198916646
0.4737574901431799,11.891851849853992,7.860710984095931,0.421939411573966
0.4954984787851572,21.749438516795635,5.60193806886673,0.5438083024947826
0.4217735305428505,21.749438516795635,5.60193806886673,0.5061322152756202
0.4954984787851572,21.286702051758766,5.60193806886673,0.6408624582098319
0.4954984787851572,21.749438516795635,9.947653943672776,0.5312938701848524
0.4217735305428505,21.286702051758766,9.947653943672776,0.5840023318759942
0.531947367079556,11.187588911503553,1.9557668268680573,0.4634119921365202
0.5556792480871081,11.187588911503553,1.9557668268680573,0.4494522580613408
0.531947367079556,10.133568242192268,1.9557668268680573,0.3017913668272315
0.531947367079556,11.187588911503553,2.5272054132074118,0.4634119921365202
0.5556792480871081,10.133568242192268,2.5272054132074118,0.36130387267530106
0.5982475467026234,16.432785164564848,9.188164118677378,0.4158855367243519
0.4530984692275524,16.432785164564848,9.188164118677378,0.4740972435857752
0.5982475467026234,15.917536344379187,9.188164118677378,0.4093620853363037
0.5982475467026234,16.432785164564848,1.2230370752513409,0.47226692812886495
0.4530984692275524,15.917536344379187,1.2230370752513409,0.5391403001199322
0.4367971895262599,15.005712650716305,3.371277842670679,0.4581380300847261
0.5245528167113662,15.005712650716305,3.371277842670679,0.42061089301929155
0.4367971895262599,16.57067659124732,3.371277842670679,0.4922761555755665
0.4367971895262599,15.005712650716305,6.302176266908646,0.451954244900874
0.5245528167113662,16.57067659124732,6.302176266908646,0.44850170817815893
0.41909234616905455,18.33870242908597,0.8840306475758553,0.5662935411334244
0.5416598660871387,18.33870242908597,0.8840306475758553,0.5315881947039334
0.41909234616905455,18.616365164518356,0.8840306475758553,0.5823126547311543
0.41909234616905455,18.33870242908597,8.507576752454042,0.478205548600416
0.5416598660871387,18.616365164518356,8.507576752454042,0.46542151882763416
0.5583262976258994,13.847806170582771,6.712661720812321,0.45123830801703435
0.48264507204294205,13.847806170582771,6.712661720812321,0.5007795541301125
0.5583262976258994,13.269865542650223,6.712661720812321,0.420139698344309
0.5583262976258994,13.847806170582771,4.055478386580944,0.4585003909392992
0.48264507204294205,13.269865542650223,4.055478386580944,0.4804630103278891
0.5246494119986892,19.115793332457542,4.491999577730894,0.5205917811973677
0.5855303352698684,19.115793332457542,4.491999577730894,0.5113624923659514
0.5246494119986892,12.678654115647078,4.491999577730894,0.4240764697511963
0.5246494119986892,19.115793332457542,2.194363521412015,0.5205917811973677
0.5855303352698684,12.678654115647078,2.194363521412015,0.4079461645864628
0.4604169473052025,11.572174210101366,8.106580059975386,0.44625879180842487
0.43896691128611565,11.572174210101366,8.106580059975386,0.4124403455822834
0.4604169473052025,19.525147300213575,8.106580059975386,0.5451413787085801
0.4604169473052025,11.572174210101366,5.242654038593173,0.49321429303688935
0.43896691128611565,19.525147300213575,5.242654038593173,0.5313989329315415
0.45663568228483203,18.984805531799793,7.40152413956821,0.5108059063145725
0.4689552005380392,18.984805531799793,7.40152413956821,0.5164351896875916
0.45663568228483203,14.349113013595343,7.40152413956821,0.46897283914003407
0.45663568228483203,18.984805531799793,6.5573148149997,0.562035747703211
0.4689552005380392,14.349113013595343,6.5573148149997,0.49541564955519624
0.5208193188533187,14.329949792474508,0.0004840921610593796,0.5050354730778549
0.5037872852757573,14.329949792474508,0.0004840921610593796,0.5050354730778549
0.5208193188533187,18.19560655578971,0.0004840921610593796,0.5398967295546797
0.5208193188533187,14.329949792474508,1.0065831523388624,0.4982002396860834
0.5037872852757573,18.19560655578971,1.0065831523388624,0.5458348748922255
0.5621195074170828,19.57147839292884,8.48235190846026,0.5059783948516449
0.40032562203705313,19.57147839292884,8.48235190846026,0.5296053519897932
0.5621195074170828,19.85293312370777,8.48235190846026,0.5469751790767567
0.5621195074170828,19.57147839292884,2.7431862987577915,0.4988721773199756
0.40032562203705313,19.85293312370777,2.7431862987577915,0.552607471198006
0.422934384085238,12.238876856863499,3.920363048091531,0.4460353070376887
0.5726090768352151,12.238876856863499,3.920363048091531,0.38819603883198694
0.422934384085238,11.506433144211769,3.920363048091531,0.4737942609461082
0.422934384085238,12.238876856863499,9.692842997610569,0.39683653610879144
0.5726090768352151,11.506433144211769,9.692842997610569,0.3866182483693086
0.43296735864132646,21.48125347867608,1.4337022509425879,0.5489191581057544
0.5928189219906925,21.48125347867608,1.4337022509425879,0.51736112445222
0.43296735864132646,11.306516271084547,1.4337022509425879,0.5166090366219103
0.43296735864132646,21.48125347867608,5.028946455568075,0.5489191581057544
0.5928189219906925,11.306516271084547,5.028946455568075,0.4434864678503907
0.5944665439426899,11.083386242389679,6.007446041330695,0.44416201098636454
0.4330714996904135,11.083386242389679,6.007446041330695,0.4532332171364707
0.5944665439426899,20.95965687558055,6.007446041330695,0.5231898239663637
0.5944665439426899,11.083386242389679,2.4473660439252853,0.4447421113425153
0.4330714996904135,20.95965687558055,2.4473660439252853,0.5638187402904957
0.5357896672561765,16.349182039499283,2.5361209083348513,0.46686845199799554
0.5366437176242471,16.349182039499283,2.5361209083348513,0.46686845199799554
0.5357896672561765,16.992157250642776,2.5361209083348513,0.5324016161354197
0.5357896672561765,16.349182039499283,3.8028039131313562,0.46097157595372296
0.5366437176242471,16.992157250642776,3.8028039131313562,0.5243271955547131
0.4992919508367777,14.71106905117631,9.905579136684537,0.4363883635113798
0.48944492526352407,14.71106905117631,9.905579136684537,0.4363883635113798
0.4992919508367777,14.83902308344841,9.905579136684537,0.44273337110554434
0.4992919508367777,14.71106905117631,8.720810851082206,0.4309715482952309
0.48944492526352407,14.83902308344841,8.720810851082206,0.43733216303265166
0.4850118836387992,20.284934747964144,3.718141447752714,0.5838405888830249
0.44358914718031883,20.284934747964144,3.718141447752714,0.5751971708096111
0.4850118836387992,18.98534943908453,3.718141447752714,0.5472403550798164
0.4850118836387992,20.284934747964144,9.094802001491189,0.5869326444734568
0.44358914718031883,18.98534943908453,9.094802001491189,0.4864735828311303
0.548464247584343,12.653424933552742,8.841359000653028,0.3334026408455415
0.5838423168286682,12.653424933552742,8.841359000653028,0.31527620643404286
0.548464247584343,13.644343696534634,8.841359000653028,0.38046024367124476
0.548464247584343,12.653424933552742,3.3900518622249365,0.41882264355958176
0.5838423168286682,13.644343696534634,3.3900518622249365,0.45108273181024716
0.5837326193228364,17.919947251677513,2.3218392208218575,0.4775782104235231
0.487410794198513,17.919947251677513,2.3218392208218575,0.5193241339723758
0.5837326193228364,12.3133883215487,2.3218392208218575,0.4073146454641573
0.5837326193228364,17.919947251677513,0.35950398072600365,0.5072072484447017
0.487410794198513,12.3133883215487,0.35950398072600365,0.4946397166920432
0.4452818315476179,13.51694168522954,5.23588839918375,0.49571017826364316
0.5402129782363773,13.51694168522954,5.23588839918375,0.42846859993086883
0.4452818315476179,19.154389057308435,5.23588839918375,0.5536641029946756
0.4452818315476179,13.51694168522954,7.15556226670742,0.46047258429958926
0.5402129782363773,19.154389057308435,7.15556226670742,0.4786308097419464
0.41141489371657375,16.757784597575665,7.769546452909708,0.4473090179886834
0.5197465931996703,16.757784597575665,7.769546452909708,0.42376998409884936
0.41141489371657375,21.65857381373644,7.769546452909708,0.5110150704510403
0.41141489371657375,16.757784597575665,8.112793806940317,0.4473090179886834
0.5197465931996703,21.65857381373644,8.112793806940317,0.5233808990994472
0.572082863561809,15.43032143637538,4.829093907028437,0.3863070488574383
0.4545796595513821,15.43032143637538,4.829093907028437,0.48644881456382616
0.572082863561809,10.499213702976704,4.829093907028437,0.3648316418830566
0.572082863561809,15.43032143637538,4.440114237368107,0.3863070488574383
0.4545796595513821,10.499213702976704,4.440114237368107,0.45307542688414404
0.5073283929377794,20.674052845686674,6.356381177902222,0.5569801182102275
0.5511203540489078,20.674052845686674,6.356381177902222,0.5544820191131792
0.5073283929377794,15.54343356564641,6.356381177902222,0.4430310974394899
0.5073283929377794,20.674052845686674,1.8102617282420397,0.5336802906753038
0.5511203540489078,15.54343356564641,1.8102617282420397,0.42445034937239645
0.4716588528826833,10.012593887746334,1.240331381559372,0.4435137610882436
0.42340440601110463,10.012593887746334,1.240331381559372,0.4802607567492393
0.4716588528826833,16.202798683196306,1.240331381559372,0.5299282649617973
0.4716588528826833,10.012593887746334,5.636750338599086,0.3891892046650255
0.42340440601110463,16.202798683196306,5.636750338599086,0.5018350789550854
0.46446744035929444,21.033163707703352,9.3279451970011,0.6060780823381776
0.526703504472971,21.033163707703352,9.3279451970011,0.6041217892479603
0.46446744035929444,12.106243576854467,9.3279451970011,0.41857885767473135
0.46446744035929444,21.033163707703352,4.869284788146615,0.607471128758572
0.526703504472971,12.106243576854467,4.869284788146615,0.42091877211184736
0.500283082574606,10.406769447028637,3.269360000267625,0.4458824028493781
0.49898697938770054,10.406769447028637,3.269360000267625,0.4458824028493781
0.500283082574606,20.453102972358465,3.269360000267625,0.5769912161415371
0.500283082574606,10.406769447028637,7.6070992555469275,0.4036334985886689
0.49898697938770054,20.453102972358465,7.6070992555469275,0.5935792316318087
0.5667770417407155,17.160846315324306,5.41333126835525,0.4927106269883963
0.5953360795974731,17.160846315324306,5.41333126835525,0.4976647205129804
0.5667770417407155,17.59873367846012,5.41333126835525,0.4807944047497188
0.5667770417407155,17.160846315324306,6.142712887376547,0.49363113090597954
0.5953360795974731,17.59873367846012,6.142712887376547,0.4870803666734933
0.4059629697352648,15.774697851389647,2.184640197083354,0.5259607378091523
0.43016819935292006,15.774697851389647,2.184640197083354,0.5259607378091523
0.4059629697352648,13.751867845654488,2.184640197083354,0.5122411113440952
0.4059629697352648,15.774697851389647,1.3809733837842941,0.5495009570624394
0.43016819935292006,13.751867845654488,1.3809733837842941,0.5337098459029093
0.43811168372631076,17.50517250597477,4.64887079782784,0.5281638352546815
0.409875281713903,17.50517250597477,4.64887079782784,0.5281638352546815
0.43811168372631076,15.060717146843672,4.64887079782784,0.45008431371063407
0.43811168372631076,17.50517250597477,3.584733549505472,0.5294641459455046
0.409875281713903,15.060717146843672,3.584733549505472,0.4581380300847261
0.5766116818413138,13.184289742261171,7.9094470757991076,0.3498671141128338
0.5626765169203282,13.184289742261171,7.9094470757991076,0.37066263543841904
0.5766116818413138,17.214223604649305,7.9094470757991076,0.44488026765204947
0.5766116818413138,13.184289742261171,8.979235924780369,0.3284880813830805
0.5626765169203282,17.214223604649305,8.979235924780369,0.43365209755173684
0.5431316297501325,19.914099413901567,0.756458705291152,0.5347284927776732
0.46604729872196915,19.914099413901567,0.756458705291152,0.5888568147928883
0.5431316297501325,20.735028117895126,0.756458705291152,0.528875576436244
0.5431316297501325,19.914099413901567,7.271014871075749,0.5533877932146087
0.46604729872196915,20.735028117895126,7.271014871075749,0.5978021157778981
0.4796300554648042,12.27096240222454,6.802375232800841,0.4377964639086972
0.506299889087677,12.27096240222454,6.802375232800841,0.3929652994919651
0.4796300554648042,11.081528097391129,6.802375232800841,0.44872114788097794
0.4796300554648042,12.27096240222454,0.16508596949279308,0.4873012736897454
0.506299889087677,11.081528097391129,0.16508596949279308,0.5283416084805714
0.49231681898236274,16.731638312339783,0.49286480993032455,0.5653736681123263
0.5606636475771666,16.731638312339783,0.49286480993032455,0.5214960350696516
0.49231681898236274,19.72783013433218,0.49286480993032455,0.5759309872518854
0.49231681898236274,16.731638312339783,2.0182688254863024,0.5309094898485207
0.5606636475771666,19.72783013433218,2.0182688254863024,0.5344264467242312
0.5288637457415462,15.081898126751184,6.949389688670635,0.3938838782452987
0.4134658144786954,15.081898126751184,6.949389688670635,0.42221640029484697
0.5288637457415462,12.887190245091915,6.949389688670635,0.39279049504718133
0.5288637457415462,15.081898126751184,5.534720299765468,0.40997604389445197
0.4134658144786954,12.887190245091915,5.534720299765468,0.4453181758768038
0.5889383379369975,21.813910964876413,4.092001970857382,0.4683373982236495
0.5168451044708491,21.813910964876413,4.092001970857382,0.4950372858356442
0.5889383379369975,13.067976508289576,4.092001970857382,0.4047532452413405
0.5889383379369975,21.813910964876413,8.214926365762949,0.4884099072077157
0.5168451044708491,13.067976508289576,8.214926365762949,0.381554291188283
0.42738994229584937,11.498166531324387,8.348515536636114,0.4124403455822834
0.45709824804216626,11.498166531324387,8.348515536636114,0.44625879180842487
0.42738994229584937,18.40861139073968,8.348515536636114,0.49183127720893627
0.42738994229584937,11.498166531324387,4.2321667447686195,0.4737942609461082
0.45709824804216626,18.40861139073968,4.2321667447686195,0.5650879036990581
0.415938556753099,19.227107878774405,5.833625867962837,0.5408408857811441
0.4774768041446805,19.227107878774405,5.833625867962837,0.5595356372104947
0.415938556753099,16.40398419648409,5.833625867962837,0.5006788492194665
0.415938556753099,19.227107878774405,0.8119759522378445,0.5676953894047619
0.4774768041446805,16.40398419648409,0.8119759522378445,0.527073837122368
0.5552697822451591,11.83582103997469,1.5696411579847336,0.4534998139514642
0.5497608255594969,11.83582103997469,1.5696411579847336,0.4534998139514642
0.5552697822451591,15.744989939033985,1.5696411579847336,0.48998231401085235
0.5552697822451591,11.83582103997469,6.672958955168724,0.39941299329526603
0.5497608255594969,15.744989939033985,6.672958955168724,0.43330985035404224
0.5153184840455651,18.590624786913395,9.4152938015759,0.48729011424132074
0.4461001301184297,18.590624786913395,9.4152938015759,0.5192357124882718
0.5153184840455651,10.300951439887285,9.4152938015759,0.3444024867915112
0.5153184840455651,18.590624786913395,9.577469686046243,0.5019476848455282
0.4461001301184297,10.300951439887285,9.577469686046243,0.22637897188095446
0.45098874531686306,13.970833744853735,2.986086029559374,0.5461408849193448
0.5809331748634576,13.970833744853735,2.986086029559374,0.4624429154505213
0.45098874531686306,21.45995070412755,2.986086029559374,0.5608262866808612
0.45098874531686306,13.970833744853735,2.9376776423305273,0.5461408849193448
0.5809331748634576,21.45995070412755,2.9376776423305273,0.5542916768559552
0.4517457315698266,16.25159538537264,9.825136177241802,0.48743908233691857
0.4143656868487597,16.25159538537264,9.825136177241802,0.4527206586611552
0.4517457315698266,18.078653804957867,9.825136177241802,0.5053480099256049
0.4517457315698266,16.25159538537264,0.057167261838912964,0.5197830889780009
0.4143656868487597,18.078653804957867,0.057167261838912964,0.5344889744193855
0.5131972428411246,14.812792655080557,2.7733707055449486,0.42634639020739074
0.5616985419765115,14.812792655080557,2.7733707055449486,0.4091296914756172
0.5131972428411246,14.419659905135632,2.7733707055449486,0.4673722050171817
0.5131972428411246,14.812792655080557,7.4774338118731976,0.3744511774209579
0.5616985419765115,14.419659905135632,7.4774338118731976,0.3779351199802895
0.5544959312304855,21.566778149455786,6.244098450988531,0.5603094920746285
0.4580408986657858,21.566778149455786,6.244098450988531,0.5499471727180298
0.5544959312304855,11.625595275312662,6.244098450988531,0.44421688947972326
0.5544959312304855,21.566778149455786,8.772142296656966,0.5603094920746285
0.4580408986657858,11.625595275312662,8.772142296656966,0.44625879180842487
0.41804590672254566,10.993221260607243,1.3526714406907558,0.49188448676619456
0.5178251089528203,10.993221260607243,1.3526714406907558,0.5027635502060871
0.41804590672254566,19.78459418192506,1.3526714406907558,0.56007233475235
0.41804590672254566,10.993221260607243,3.693183893337846,0.41594246287121706
0.5178251089528203,19.78459418192506,3.693183893337846,0.5411439373214972
0.42534434236586094,19.661740694195032,3.8402240723371506,0.56007233475235
0.5476028898730874,19.661740694195032,3.8402240723371506,0.5344264467242312
0.42534434236586094,21.027456916868687,3.8402240723371506,0.5865366176636808
0.42534434236586094,19.661740694195032,1.4875927101820707,0.56007233475235
0.5476028898730874,21.027456916868687,1.4875927101820707,0.5956295721272875
0.5895771967247128,12.153266310691833,8.719295337796211,0.36818284505016297
0.4753562230616808,12.153266310691833,8.719295337796211,0.42693809309107633
0.5895771967247128,11.18681738525629,8.719295337796211,0.3895464169996996
0.5895771967247128,12.153266310691833,5.939891682937741,0.4195900674302695
0.4753562230616808,11.18681738525629,5.939891682937741,0.482880992975829
0.5309017784893513,18.88316771388054,0.23683251813054085,0.5637708085960786
0.578732460923493,18.88316771388054,0.23683251813054085,0.5555062038432886
0.5309017784893513,14.767571795731783,0.23683251813054085,0.4579410344950684
0.5309017784893513,18.88316771388054,7.810466401278973,0.4749268385314912
0.578732460923493,14.767571795731783,7.810466401278973,0.32519960803913694
0.49166745524853467,14.427439216524363,7.320799697190523,0.469306898133226
0.44403443895280365,14.427439216524363,7.320799697190523,0.46897283914003407
0.49166745524853467,17.108206320554018,7.320799697190523,0.5330861114276423
0.49166745524853467,14.427439216524363,4.761976469308138,0.49119198581423185
0.44403443895280365,17.108206320554018,4.761976469308138,0.5742358005999945
0.48013565950095655,20.57516174390912,1.0088478866964579,0.5522389917055273
0.4983739718794823,20.57516174390912,1.0088478866964579,0.5690811390561483
0.48013565950095655,13.711949165910482,1.0088478866964579,0.5405195370746226
0.48013565950095655,20.57516174390912,3.065655045211315,0.5522389917055273
0.4983739718794823,13.711949165910482,3.065655045211315,0.526446185988598
0.5408528352156281,10.112829938530922,6.432204926386476,0.3452851236000667
0.5261263741180301,10.112829938530922,6.432204926386476,0.36022081610891943
0.5408528352156281,18.865455981343985,6.432204926386476,0.5078445575757836
0.5408528352156281,10.112829938530922,9.389901924878359,0.32797989657529536
0.5261263741180301,18.865455981343985,9.389901924878359,0.47759329038467513
0.5761227935552597,16.84493415057659,4.904291657730937,0.4908921026277321
0.4295002065598965,16.84493415057659,4.904291657730937,0.5401885777514717
0.5761227935552597,19.083109363913536,4.904291657730937,0.5042484165776984
0.5761227935552597,16.84493415057659,6.859842492267489,0.44784580205131386
0.4295002065598965,19.083109363913536,6.859842492267489,0.4828064753129272
0.4404040416702628,15.341598231345415,7.537427423521876,0.41512140430840994
0.5948016321286559,15.341598231345415,7.537427423521876,0.3890679206694987
0.4404040416702628,12.42960898578167,7.537427423521876,0.3896447168532813
0.4404040416702628,15.341598231345415,0.684520648792386,0.5043023653798633
0.5948016321286559,12.42960898578167,0.684520648792386,0.44178233992291527
0.40380255300551654,18.008584670722485,5.004098536446691,0.5313822480618797
0.5651579393073917,18.008584670722485,5.004098536446691,0.5005357953453011
0.40380255300551654,10.382432591170073,5.004098536446691,0.44445293464089175
0.40380255300551654,18.008584670722485,4.105321830138564,0.5313822480618797
0.5651579393073917,10.382432591170073,4.105321830138564,0.25955727781461224
0.5672072310000658,13.429889362305403,2.397966952994466,0.4292331256426062
0.41249024718999866,13.429889362305403,2.397966952994466,0.4849528434752507
0.5672072310000658,21.72929234430194,2.397966952994466,0.4944525784572922
0.5672072310000658,13.429889362305403,8.398758107796311,0.3498671141128338
0.41249024718999866,21.72929234430194,8.398758107796311,0.5061322152756202
0.5024512035772204,20.1846013776958,8.916863119229674,0.5935621261291749
0.5088362967595458,20.1846013776958,8.916863119229674,0.5591850298840564
0.5024512035772204,16.321766197681427,8.916863119229674,0.46900091159813784
0.5024512035772204,20.1846013776958,5.351424962282181,0.5869764547884133
0.5088362967595458,16.321766197681427,5.351424962282181,0.46097157595372296
0.464048095792532,12.752401910722256,3.485718434676528,0.47701163620564224
0.46861958131194115,12.752401910722256,3.485718434676528,0.4820343497162609
0.464048095792532,15.474900007247925,3.485718434676528,0.4818418553603043
0.464048095792532,12.752401910722256,2.144415210932493,0.49019335928493957
0.46861958131194115,15.474900007247925,2.144415210932493,0.4848716703377436
0.46935686059296133,19.82851193472743,6.5709286741912365,0.5783750380495885
0.5812936782836914,19.82851193472743,6.5709286741912365,0.546420886261356
0.46935686059296133,20.33322089165449,6.5709286741912365,0.5833131034804149
0.46935686059296133,19.82851193472743,8.518062941730022,0.5783750380495885
0.5812936782836914,20.33322089165449,8.518062941730022,0.5524592465747706
0.5079060705378652,12.361064665019512,0.8323193900287151,0.47796318074057187
0.4410779235884547,12.361064665019512,0.8323193900287151,0.49509868233400456
0.5079060705378652,12.173860423266888,0.8323193900287151,0.47796318074057187
0.5079060705378652,12.361064665019512,3.9094929583370686,0.42114801370026234
0.4410779235884547,12.173860423266888,3.9094929583370686,0.4460353070376887
0.5744016133248806,17.602684639394283,7.984684146940708,0.4383927273882485
0.5376216687262059,17.602684639394283,7.984684146940708,0.43493293639123476
0.5744016133248806,13.868099931627512,7.984684146940708,0.3757409569469542
0.5744016133248806,17.602684639394283,2.3401262890547514,0.4877578920387381
0.5376216687262059,13.868099931627512,2.3401262890547514,0.482781713597493
0.41085083317011595,13.082491528242826,4.416791088879108,0.4595041294209721
0.4849545439705253,13.082491528242826,4.416791088879108,0.47267551017336484
0.41085083317011595,17.527465406805277,4.416791088879108,0.5281638352546815
0.41085083317011595,13.082491528242826,5.232388125732541,0.4593184162611136
0.4849545439705253,17.527465406805277,5.232388125732541,0.5349303659093345
0.4457336926832795,17.262547209858894,1.9528896547853947,0.5652314540087072
0.4550889370962978,17.262547209858894,1.9528896547853947,0.5652314540087072
0.4457336926832795,17.28495369106531,1.9528896547853947,0.5545145117294752
0.4457336926832795,17.262547209858894,9.899336462840438,0.5239595310854026
0.4550889370962978,17.28495369106531,9.899336462840438,0.5128418663807841
0.581501654908061,15.677271593362093,5.489498320966959,0.4186227146665866
0.5203909277915955,15.677271593362093,5.489498320966959,0.451755266838905
0.581501654908061,14.943947590887547,5.489498320966959,0.38520593750994847
0.581501654908061,15.677271593362093,2.6353361550718546,0.4406716989117656
0.5203909277915955,14.943947590887547,2.6353361550718546,0.4287567257058674
0.5480200370773674,20.942975658923388,3.34490105509758,0.5507398680402633
0.423956354521215,20.942975658923388,3.34490105509758,0.5638187402904957
0.5480200370773674,11.013006139546633,3.34490105509758,0.40968946616742763
0.5480200370773674,20.942975658923388,1.1151032149791718,0.5507398680402633
0.423956354521215,11.013006139546633,1.1151032149791718,0.49188448676619456
0.48725365102291107,10.492454156279564,9.095559120178223,0.4070492807917867
0.5517097152769566,10.492454156279564,9.095559120178223,0.482652429672789
0.48725365102291107,20.854007232934237,9.095559120178223,0.5788042869627522
0.48725365102291107,10.492454156279564,6.350294481962919,0.439650270551015
0.5517097152769566,20.854007232934237,6.350294481962919,0.5743311720290448
0.49719252455979585,18.50354939699173,2.9056800436228514,0.5610236037913497
0.50587815977633,18.50354939699173,2.9056800436228514,0.5252449825032206
0.49719252455979585,12.957725759595633,2.9056800436228514,0.4600053298935829
0.49719252455979585,18.50354939699173,5.8206649124622345,0.5722585205226719
0.50587815977633,12.957725759595633,5.8206649124622345,0.418940851064338
0.5364760581403971,14.059631202369928,9.652580572292209,0.45313709875083985
0.4711795592680573,14.059631202369928,9.652580572292209,0.4991911926881376
0.5364760581403971,19.610866006463766,9.652580572292209,0.5029168988316138
0.5364760581403971,14.059631202369928,1.683496069163084,0.5170976188266045
0.4711795592680573,19.610866006463766,1.683496069163084,0.5687153056005039
0.5965491710230708,19.32606214657426,1.8063329253345728,0.4950978331418777
0.5747548293322324,19.32606214657426,1.8063329253345728,0.5113624923659514
0.5965491710230708,18.34026102721691,1.8063329253345728,0.4729439577578046
0.5965491710230708,19.32606214657426,4.566338723525405,0.4950978331418777
0.5747548293322324,18.34026102721691,4.566338723525405,0.4902527202110568
0.4322671063244343,11.735648065805435,5.7526344154030085,0.47345937073673217
0.4025072144344449,11.735648065805435,5.7526344154030085,0.47345937073673217
0.4322671063244343,13.187127217650414,5.7526344154030085,0.4646830374755041
0.4322671063244343,11.735648065805435,7.929582530632615,0.4124403455822834
0.4025072144344449,13.187127217650414,7.929582530632615,0.405418801484022
0.42354990206658844,21.91416972503066,8.268415918573737,0.45578837714848397
0.4320678377524019,21.91416972503066,8.268415918573737,0.45578837714848397
0.42354990206658844,15.625279497355223,8.268415918573737,0.4492942267029473
0.42354990206658844,21.91416972503066,6.968078566715121,0.45578837714848397
0.4320678377524019,15.625279497355223,6.968078566715121,0.4673529968507215
0.5601460287347436,11.399115033447742,4.328984757885337,0.4447663760121946
0.5918511006981134,11.399115033447742,4.328984757885337,0.44177024329865067
0.5601460287347436,16.47177268192172,4.328984757885337,0.4478607552102064
0.5601460287347436,11.399115033447742,0.48755948431789875,0.5060892767100041
0.5918511006981134,16.47177268192172,0.48755948431789875,0.47617628833016223
0.5201962038874626,16.642938174307346,7.185775088146329,0.44043534405652907
0.4883863853290677,16.642938174307346,7.185775088146329,0.5040407183827802
0.5201962038874626,21.575988173484802,7.185775088146329,0.5233808990994472
0.5201962038874626,16.642938174307346,3.262675814330578,0.4899744366115286
0.4883863853290677,21.575988173484802,3.262675814330578,0.5399018513477853
0.4585985904559493,15.16888764128089,0.4121773410588503,0.5163763766572906
0.5357186626642942,15.16888764128089,0.4121773410588503,0.46316337282352094
0.4585985904559493,10.229488551616669,0.4121773410588503,0.5482180455723442
0.4585985904559493,15.16888764128089,9.28176837041974,0.4302906268782529
0.5357186626642942,10.229488551616669,9.28176837041974,0.31469476007484054
0.4610675280913711,21.26797504723072,4.704717546701431,0.5928684837535327
0.5532100029289723,21.26797504723072,4.704717546701431,0.5935124802141092
0.4610675280913711,16.894771918654442,4.704717546701431,0.5684420493709941
0.4610675280913711,21.26797504723072,7.986561097204685,0.6002133061791814
0.5532100029289723,16.894771918654442,7.986561097204685,0.43905020757993374
0.5226163133978844,10.917062986642122,7.696739733219147,0.3682352204250574
0.4191463878378272,10.917062986642122,7.696739733219147,0.3645684926868893
0.5226163133978844,14.54827193915844,7.696739733219147,0.353792311571813
0.5226163133978844,10.917062986642122,4.469910208135843,0.4190401139116301
0.4191463878378272,14.54827193915844,4.469910208135843,0.44958187557953944
0.5576894173398614,16.187161583453417,1.1010024882853031,0.49693465015424965
0.522028598189354,16.187161583453417,1.1010024882853031,0.5071175357988659
0.5576894173398614,11.401025470346212,1.1010024882853031,0.5026487751739503
0.5576894173398614,16.187161583453417,1.7802430968731642,0.46533929605382174
0.522028598189354,11.401025470346212,1.7802430968731642,0.47725859377153257
0.4211421187967062,14.50227652490139,6.302191857248545,0.4503096615667467
0.45051399748772386,14.50227652490139,6.302191857248545,0.4843499144967143
0.4211421187967062,21.24751901254058,6.302191857248545,0.5931773986128179
0.4211421187967062,14.50227652490139,5.763203324750066,0.46026205683279564
0.45051399748772386,21.24751901254058,5.763203324750066,0.6048204894966461
0.4346870966255665,18.7718260101974,8.817386366426945,0.49183127720893627
0.4832702687010169,18.7718260101974,8.817386366426945,0.5220200863600739
0.4346870966255665,19.940065801143646,8.817386366426945,0.5611049658678151
0.4346870966255665,18.7718260101974,9.183203419670463,0.49076772881567055
0.4832702687010169,19.940065801143646,9.183203419670463,0.5684884020559444
0.5990179894492029,14.163742296397686,3.6230583861470222,0.44815462265851114
0.542224807292223,14.163742296397686,3.6230583861470222,0.46907707881924876
0.5990179894492029,11.78693163394928,3.6230583861470222,0.4362666656081081
0.5990179894492029,14.163742296397686,3.3224012050777674,0.45471126800978334
0.542224807292223,11.78693163394928,3.3224012050777674,0.44505758238260207
0.5340681556612253,19.409756802022457,5.23053077980876,0.5205917811973677
0.43964708130806684,19.409756802022457,5.23053077980876,0.5394091696487067
0.5340681556612253,14.264858972281218,5.23053077980876,0.47779749565906604
0.5340681556612253,19.409756802022457,0.42735151946544647,0.5546891460998731
0.43964708130806684,14.264858972281218,0.42735151946544647,0.5561493933027852
0.4947357939556241,12.030200134962797,2.211801242083311,0.46935693209245777
0.586052605509758,12.030200134962797,2.211801242083311,0.40781924524129454
0.4947357939556241,17.91799957677722,2.211801242083311,0.5232123298518119
0.4947357939556241,12.030200134962797,7.066961582750082,0.43506566569811844
0.586052605509758,17.91799957677722,7.066961582750082,0.4466111149273654
0.48321622908115386,16.96796029433608,6.021309243515134,0.5546021372750097
0.534044424816966,16.96796029433608,6.021309243515134,0.5366445601257944
0.48321622908115386,15.27319461479783,6.021309243515134,0.4791217451898019
0.48321622908115386,16.96796029433608,5.135659798979759,0.5463546218473686
0.534044424816966,15.27319461479783,5.135659798979759,0.4232321904847166
0.5440314432606101,15.593519158661366,1.5375973749905825,0.4629489214011183
0.492997987754643,15.593519158661366,1.5375973749905825,0.525288424547182
0.5440314432606101,16.114195350557566,1.5375973749905825,0.49693465015424965
0.5440314432606101,15.593519158661366,2.398026939481497,0.4353559173750441
0.492997987754643,16.114195350557566,2.398026939481497,0.512604323234251
0.5855269890278578,20.83880714327097,9.94050114415586,0.5395353074652216
0.5904117945581675,20.83880714327097,9.94050114415586,0.5048007677476402
0.5855269890278578,21.93179189413786,9.94050114415586,0.4027330664356641
0.5855269890278578,20.83880714327097,3.8523419108241796,0.5342917427223552
0.5904117945581675,21.93179189413786,3.8523419108241796,0.3968483278827426
0.44971019867807627,10.22414305433631,2.6177392806857824,0.46672110197045047
0.43681672755628825,10.22414305433631,2.6177392806857824,0.46400008546192606
0.44971019867807627,10.590786151587963,2.6177392806857824,0.43356322161725125
0.44971019867807627,10.22414305433631,8.613900998607278,0.4116380131197944
0.43681672755628825,10.590786151587963,8.613900998607278,0.35532424029069576
0.4068621201440692,20.495180428028107,0.15320376493036747,0.565721259582846
0.40399922896176577,20.495180428028107,0.15320376493036747,0.565721259582846
0.4068621201440692,12.59680961444974,0.15320376493036747,0.4863009135521795
0.4068621201440692,20.495180428028107,6.410331605002284,0.5758401327353886
0.40399922896176577,12.59680961444974,6.410331605002284,0.4350617586499773
0.5703640721738339,12.816875789314508,7.444690177217126,0.3354764507903588
0.5699350159615278,12.816875789314508,7.444690177217126,0.3354764507903588
0.5703640721738339,19.256174731999636,7.444690177217126,0.5109272555317179
0.5703640721738339,12.816875789314508,1.0156281013041735,0.4384654793897992
0.5699350159615278,19.256174731999636,1.0156281013041735,0.5450380604358167
0.5118824573233723,18.08477157726884,4.050803584977984,0.5133902098150627
0.4728270763531327,18.08477157726884,4.050803584977984,0.5409277813762061
0.5118824573233723,18.69894651323557,4.050803584977984,0.5252449825032206
0.5118824573233723,18.08477157726884,2.7339205518364906,0.5133902098150627
0.4728270763531327,18.69894651323557,2.7339205518364906,0.5524562247619196
0.4733820755034685,13.728743940591812,8.546574367210269,0.47352003674287513
0.501311493292451,13.728743940591812,8.546574367210269,0.47558061076939917
0.4733820755034685,13.539586402475834,8.546574367210269,0.4493590198916646
0.4733820755034685,13.728743940591812,9.840049389749765,0.4807872560102665
0.501311493292451,13.539586402475834,9.840049389749765,0.45625629130700174
0.46626065000891687,17.71403208747506,1.709276158362627,0.5680438680281653
0.44880013130605223,17.71403208747506,1.709276158362627,0.5618651076248821
0.46626065000891687,20.652289792895317,1.709276158362627,0.5832154713292188
0.46626065000891687,17.71403208747506,0.9005587548017502,0.571498279230066
0.44880013130605223,20.652289792895317,0.9005587548017502,0.5621765345458747
0.5047125859186053,13.34619414806366,5.887511540204287,0.4535801951281172
0.5772855075076222,13.34619414806366,5.887511540204287,0.41705592784734535
0.5047125859186053,10.805423960089684,5.887511540204287,0.36435243667610717
0.5047125859186053,13.34619414806366,6.605126913636923,0.43828639677003267
0.5772855075076222,10.805423960089684,6.605126913636923,0.3297147368642077
0.5649825412780046,20.080490082502365,3.1101562827825546,0.5245960173888425
0.4799785364419222,20.080490082502365,3.1101562827825546,0.5452414772701399
0.5649825412780046,15.146435853093863,3.1101562827825546,0.4149624628625812
0.5649825412780046,20.080490082502365,9.645135840401053,0.5334492780466644
0.4799785364419222,15.146435853093863,9.645135840401053,0.4565928912493926
0.4015290351584554,12.484125141054392,9.488404169678688,0.3793012219441344
0.5459148893132806,12.484125141054392,9.488404169678688,0.3461287206853173
0.4015290351584554,17.49329524859786,9.488404169678688,0.4685696279584427
0.4015290351584554,12.484125141054392,2.849258342757821,0.46484300083243546
0.5459148893132806,17.49329524859786,2.849258342757821,0.49139135925624355
0.44266535248607397,21.241773016750813,6.954441275447607,0.5947126386131854
0.5132661016657949,21.241773016750813,6.954441275447607,0.6045948525566411
0.44266535248607397,17.69465398788452,6.954441275447607,0.47722082885931727
0.44266535248607397,21.241773016750813,1.891836104914546,0.5881477630513953
0.5132661016657949,17.69465398788452,1.891836104914546,0.48923906358631974
0.5783352762460708,10.568606730550528,0.6032065115869045,0.47135812258290566
0.45967160128057005,10.568606730550528,0.6032065115869045,0.5101537739109205
0.5783352762460708,14.041153967380524,0.6032065115869045,0.4873440042694249
0.5783352762460708,10.568606730550528,5.5647162813693285,0.3277613240899543
0.45967160128057005,14.041153967380524,5.5647162813693285,0.52047635485477
0.5385792458429932,17.326986756175756,8.372794203460217,0.43171839629651343
0.5568924793973565,17.326986756175756,8.372794203460217,0.43171839629651343
0.5385792458429932,12.007339667528868,8.372794203460217,0.3561364074235246
0.5385792458429932,17.326986756175756,8.185107745230198,0.43171839629651343
0.5568924793973565,12.007339667528868,8.185107745230198,0.3561364074235246
0.47791089825332167,15.987793423235416,4.18678130954504,0.48537193718205585
0.41584700234234334,15.987793423235416,4.18678130954504,0.4841773511414107
0.47791089825332167,20.1608461253345,4.18678130954504,0.5616272135540801
0.47791089825332167,15.987793423235416,4.358419720083475,0.48537193718205585
0.41584700234234334,20.1608461253345,4.358419720083475,0.5732049002859703
0.48788636904209853,19.015488795936108,7.874221419915557,0.5406236828907862
0.46405835673213003,19.015488795936108,7.874221419915557,0.5336657772776885
0.48788636904209853,10.01606548205018,7.874221419915557,0.3659058777322417
0.48788636904209853,19.015488795936108,3.4375498071312904,0.5714707009489179
0.46405835673213003,10.01606548205018,3.4375498071312904,0.4043674981427555
0.5270718641579151,11.671179931610823,4.567558532580733,0.45788164524319874
0.510463303886354,11.671179931610823,4.567558532580733,0.45788164524319874
0.5270718641579151,21.356700364500284,4.567558532580733,0.5930043630041278
0.5270718641579151,11.671179931610823,8.988481406122446,0.3994067833138226
0.510463303886354,21.356700364500284,8.988481406122446,0.6082038344726399
0.5933705614879727,18.42735679075122,6.78881567902863,0.46827960361418863
0.40768788009881973,18.42735679075122,6.78881567902863,0.5063094507725798
0.5933705614879727,16.685992769896984,6.78881567902863,0.440353335210503
0.5933705614879727,18.42735679075122,7.261949656531215,0.4579556779712233
0.40768788009881973,16.685992769896984,7.261949656531215,0.4539375651138403
0.42918653525412087,13.760770879685879,0.6522574741393328,0.5357580362138188
0.5666414720937609,13.760770879685879,0.6522574741393328,0.48373293632935566
0.42918653525412087,15.84535288065672,0.6522574741393328,0.5337527838110177
0.42918653525412087,13.760770879685879,0.3120918292552233,0.5256014898067598
0.5666414720937609,15.84535288065672,0.3120918292552233,0.456631921545946
0.41421592086553577,16.5199063308537,3.139223186299205,0.5007572670991024
0.5995712107047438,16.5199063308537,3.139223186299205,0.4521872975832727
0.41421592086553577,13.34261016920209,3.139223186299205,0.4849528434752507
0.41421592086553577,16.5199063308537,4.976179143413901,0.49701640327307395
0.5995712107047438,13.34261016920209,4.976179143413901,0.42398119294413006
0.5507147734984755,14.916960969567299,9.263416705653071,0.3170137011953702
0.42805566117167476,14.916960969567299,9.263416705653071,0.3881160481966389
0.5507147734984755,18.501609433442354,9.263416705653071,0.46662655216984317
0.5507147734984755,14.916960969567299,7.557579139247537,0.3211209380667345
0.42805566117167476,18.501609433442354,7.557579139247537,0.49183127720893627
0.5170393642038107,21.65053002536297,2.0316168013960123,0.5043659548853352
0.5307462794706226,21.65053002536297,2.0316168013960123,0.5043659548853352
0.5170393642038107,19.456077076494694,2.0316168013960123,0.5205917811973677
0.5170393642038107,21.65053002536297,6.192069873213768,0.5233808990994472
0.5307462794706226,19.456077076494694,6.192069873213768,0.5262666657706574
0.4555390248075128,11.287807662039995,5.370471263304353,0.49321429303688935
0.4966820850968361,11.287807662039995,5.370471263304353,0.48630080262031095
0.4555390248075128,12.79708281904459,5.370471263304353,0.47578702820723595
0.4555390248075128,11.287807662039995,1.2742445431649685,0.5404336532883138
0.4966820850968361,12.79708281904459,1.2742445431649685,0.5025997451567036
0.4551401624456048,17.951750438660383,3.2982792425900698,0.5257674255516349
0.5444793360307812,17.951750438660383,3.2982792425900698,0.47293804767469283
0.4551401624456048,19.82847226038575,3.2982792425900698,0.5720634179038979
0.4551401624456048,17.951750438660383,9.759907685220242,0.4768492632549587
0.5444793360307812,19.82847226038575,9.759907685220242,0.533820293758868
0.5158573921769858,13.483650855720043,9.104932891204953,0.3958568645448657
0.478481350466609,13.483650855720043,9.104932891204953,0.45087652929645883
0.5158573921769858,11.675338450819254,9.104932891204953,0.4074318865869718
0.5158573921769858,13.483650855720043,2.8027707524597645,0.4652733845998722
0.478481350466609,11.675338450819254,2.8027707524597645,0.49803863028678363
0.551102883182466,20.230311952531338,1.8824456539005041,0.558889435833864
0.5756086761131882,20.230311952531338,1.8824456539005041,0.537864086327609
0.551102883182466,14.469468884170055,1.8824456539005041,0.41246411794004023
0.551102883182466,20.230311952531338,0.9468446206301451,0.558889435833864
0.5756086761131882,14.469468884170055,0.9468446206301451,0.4140370807897965
0.4153841838240624,12.709489416331053,5.518994024023414,0.4453181758768038
0.4471597019582987,12.709489416331053,5.518994024023414,0.4712089496046843
0.4153841838240624,18.12260913103819,5.518994024023414,0.5368756484799734
0.4153841838240624,12.709489416331053,6.4904065895825624,0.4350617586499773
0.4471597019582987,18.12260913103819,6.4904065895825624,0.5545985500653665
0.4287858370691538,20.63492561876774,8.033268162980676,0.5524869220055788
0.4174900989979506,20.63492561876774,8.033268162980676,0.5524869220055788
0.4287858370691538,17.064248133450747,8.033268162980676,0.48756834945279637
0.4287858370691538,20.63492561876774,8.700136756524444,0.5524869220055788
0.4174900989979506,17.064248133450747,8.700136756524444,0.48756834945279637
0.5921904729679226,10.050279427319765,4.409083882346749,0.17580802082820113
0.5585727469995618,10.050279427319765,4.409083882346749,0.35972209866780136
0.5921904729679226,14.717748511582613,4.409083882346749,0.4081314091944619
0.5921904729679226,10.050279427319765,3.774956250563264,0.17580802082820113
0.5585727469995618,14.717748511582613,3.774956250563264,0.37993584345311104
0.5274589009582996,16.819731432944536,6.639634622260928,0.5117679170895392
0.4611653510481119,16.819731432944536,6.639634622260928,0.5551418406906099
0.5274589009582996,11.137065626680851,6.639634622260928,0.32307156543941373
0.5274589009582996,16.819731432944536,2.4753648042678833,0.5264188009452179
0.4611653510481119,11.137065626680851,2.4753648042678833,0.49165187183852044
0.4890557525679469,15.369862243533134,0.8007899951189756,0.5068141093982805
0.5146989876404404,15.369862243533134,0.8007899951189756,0.46999253824446174
0.4890557525679469,20.98355881124735,0.8007899951189756,0.5859536250374385
0.4890557525679469,15.369862243533134,5.049471836537123,0.47086699611657556
0.5146989876404404,20.98355881124735,5.049471836537123,0.5540100974274145
0.4767410855740309,19.628298163414,7.118232548236847,0.5449612216790656
0.5682816853746772,19.628298163414,7.118232548236847,0.5026249172189574
0.4767410855740309,12.37974850833416,7.118232548236847,0.4377964639086972
0.4767410855740309,19.628298163414,7.142211496829987,0.5449612216790656
0.5682816853746772,12.37974850833416,7.142211496829987,0.3537266459803421
0.5381926381960511,12.183544550091028,0.43998733162879944,0.46388667510358506
0.409364927560091,12.183544550091028,0.43998733162879944,0.49509868233400456
0.5381926381960511,19.039113983511925,0.43998733162879944,0.5704138122993478
0.5381926381960511,12.183544550091028,0.3438618592917919,0.46072933854358844
0.409364927560091,19.039113983511925,0.3438618592917919,0.6049335851117121
0.5795156985521317,18.952270034700632,8.218592051416636,0.4558207396203322
0.5119598953053355,18.952270034700632,8.218592051416636,0.4749268385314912
0.5795156985521317,18.821526404470205,8.218592051416636,0.46650229854001923
0.5795156985521317,18.952270034700632,3.4058432932943106,0.5089122897686214
0.5119598953053355,18.821526404470205,3.4058432932943106,0.5252449825032206
0.44306571688503027,14.36104342341423,4.340334925800562,0.47769780099749826
0.465494504570961,14.36104342341423,4.340334925800562,0.5083147780838548
0.44306571688503027,13.662165936082602,4.340334925800562,0.49340597102520634
0.44306571688503027,14.36104342341423,9.10800107754767,0.4195969510974098
0.465494504570961,13.662165936082602,9.10800107754767,0.46525137019747054
0.40036120135337117,16.287967558950186,1.873057670891285,0.5046948676834457
0.49524936750531195,16.287967558950186,1.873057670891285,0.5069528793876026
0.40036120135337117,15.52470326423645,1.873057670891285,0.4887626153875093
0.40036120135337117,16.287967558950186,5.691605908796191,0.5006788492194665
0.49524936750531195,15.52470326423645,5.691605908796191,0.5061039909695662
0.5645940024405718,14.773725397884846,5.724302269518375,0.3994043287350112
0.5292523613199591,14.773725397884846,5.724302269518375,0.41831349374916416
0.5645940024405718,16.365704357624054,5.724302269518375,0.4583072932773118
0.5645940024405718,14.773725397884846,1.8625216651707888,0.4091296914756172
0.5292523613199591,16.365704357624054,1.8625216651707888,0.46686845199799554
0.5058942241594195,21.518183685839176,2.9559449665248394,0.5410905146744768
0.42637594044208527,21.518183685839176,2.9559449665248394,0.5309611667366533
0.5058942241594195,21.773302029818296,2.9559449665248394,0.4950372858356442
0.5058942241594195,21.518183685839176,4.38769843429327,0.5410905146744768
0.42637594044208527,21.773302029818296,4.38769843429327,0.49792213522678597
0.46665984615683553,11.044968571513891,9.641967099159956,0.4439150424825511
0.5979275671765207,11.044968571513891,9.641967099159956,0.40259913444489903
0.46665984615683553,10.432295929640532,9.641967099159956,0.264795167560382
0.46665984615683553,11.044968571513891,8.058091718703508,0.4236553675979312
0.5979275671765207,10.432295929640532,8.058091718703508,0.2641453359338797
0.47221228666603565,21.87437004595995,0.3074107225984335,0.47000963271069374
0.4519651895388961,21.87437004595995,0.3074107225984335,0.45334523033201735
0.47221228666603565,17.571320597082376,0.3074107225984335,0.5595286587330561
0.47221228666603565,21.87437004595995,1.353127360343933,0.4698666494749818
0.4519651895388961,17.571320597082376,1.353127360343933,0.5737216060563879
0.5114958735182882,11.43621962890029,7.291131829842925,0.411601862870247
0.5235162489116192,11.43621962890029,7.291131829842925,0.411601862870247
0.5114958735182882,13.91782021895051,7.291131829842925,0.4334085477751921
0.5114958735182882,11.43621962890029,6.122037153691053,0.29055279638845044
0.5235162489116192,13.91782021895051,6.122037153691053,0.47697452004774576
0.5715445183217526,16.693953063338995,3.8870170433074236,0.45590497279696596
0.4208327574655414,16.693953063338995,3.8870170433074236,0.507641384876632
0.5715445183217526,12.223692290484905,3.8870170433074236,0.38819603883198694
0.5715445183217526,16.693953063338995,7.627621507272124,0.39582327436768094
0.4208327574655414,12.223692290484905,7.627621507272124,0.3896447168532813
0.4072625083848834,15.12102559953928,8.709788741543889,0.405364327995383
0.5548347905278206,15.12102559953928,8.709788741543889,0.3466648124557893
0.4072625083848834,20.377199105918407,8.709788741543889,0.5711251047759336
0.4072625083848834,15.12102559953928,4.897286677733064,0.4582736325403789
0.5548347905278206,20.377199105918407,4.897286677733064,0.5570290196164309
0.44854234103113416,18.534560058265924,6.175525365397334,0.56892813465214
0.5844182841479778,18.534560058265924,6.175525365397334,0.5205914158217937
0.44854234103113416,20.81002615764737,6.175525365397334,0.591022917836002
0.44854234103113416,18.534560058265924,0.22467355243861675,0.5963325086588898
0.5844182841479778,20.81002615764737,0.22467355243861675,0.5367138339298185
0.585138426348567,14.025456249713898,1.3840297143906355,0.4829289643935415
0.43795193489640954,14.025456249713898,1.3840297143906355,0.5364621196415906
0.585138426348567,10.963159967213869,1.3840297143906355,0.46757596916226485
0.585138426348567,14.025456249713898,7.338076429441571,0.3887193524221433
0.43795193489640954,10.963159967213869,7.338076429441571,0.3656839051646831
0.5452130576595664,19.260398775339127,9.776724362745881,0.5209530198577044
0.5407459333539009,19.260398775339127,9.776724362745881,0.5209530198577044
0.5452130576595664,14.8942187204957,9.776724362745881,0.34141633127775184
0.5452130576595664,19.260398775339127,8.9123260602355,0.4980071062983845
0.5407459333539009,14.8942187204957,8.9123260602355,0.3130855137002142
0.48361540138721465,11.804017964750528,2.7809437457472086,0.46709311811747445
0.48182861041277647,11.804017964750528,2.7809437457472086,0.46709311811747445
0.48361540138721465,17.241078473627567,2.7809437457472086,0.5483945311550558
0.48361540138721465,11.804017964750528,3.524996656924486,0.45886858289061283
0.48182861041277647,17.241078473627567,3.524996656924486,0.5483945311550558
0.49433695543557404,17.199264276772738,8.966552782803774,0.5336906788374821
0.43519139010459185,17.199264276772738,8.966552782803774,0.4830634181855268
0.49433695543557404,13.13724385201931,8.966552782803774,0.4449839208069938
0.49433695543557404,17.199264276772738,4.284428618848324,0.5656399284256779
0.43519139010459185,13.13724385201931,4.284428618848324,0.4657415390389448
0.5328862074762583,15.73776789009571,3.4745404310524464,0.4663710153561812
0.5887259747833014,15.73776789009571,3.4745404310524464,0.46090692174091885
0.5328862074762583,18.296242758631706,3.4745404310524464,0.5100355304177853
0.5328862074762583,15.73776789009571,8.2697799988091,0.40595482820552287
0.5887259747833014,18.296242758631706,8.2697799988091,0.45424131896224273
0.5994061229750514,20.970507249236107,5.07146991789341,0.5016870924609971
0.49151017162948846,20.970507249236107,5.07146991789341,0.5859536250374385
0.5994061229750514,19.56695931777358,5.07146991789341,0.4797349816212024
0.5994061229750514,20.970507249236107,5.480015380308032,0.5016870924609971
0.49151017162948846,19.56695931777358,5.480015380308032,0.5477508129165346
0.43585538342595104,10.467983860522509,2.3702897876501083,0.46602656188115477
0.532593398168683,10.467983860522509,2.3702897876501083,0.44274010242117634
0.43585538342595104,12.907965417951345,2.3702897876501083,0.4672072256992107
0.43585538342595104,10.467983860522509,1.9658558536320925,0.4770051825353341
0.532593398168683,12.907965417951345,1.9658558536320925,0.44264139296237615
0.42074139676988126,19.88300585001707,4.853893872350454,0.552607471198006
0.5027537491172552,19.88300585001707,4.853893872350454,0.5729908303648811
0.42074139676988126,10.2792689204216,4.853893872350454,0.4455566279194463
0.42074139676988126,19.88300585001707,2.9220383521169424,0.552607471198006
0.5027537491172552,10.2792689204216,2.9220383521169424,0.45426736084327135
0.5565093049779535,12.30349801108241,7.548212017863989,0.35581827487898365
0.47430535275489094,12.30349801108241,7.548212017863989,0.42693809309107633
0.5565093049779535,21.619903445243835,7.548212017863989,0.5241918725574704
0.5565093049779535,12.30349801108241,9.564116084948182,0.37659731330565593
0.47430535275489094,21.619903445243835,9.564116084948182,0.5488995117415587
0.523003326356411,17.56050456687808,0.9419509395956993,0.5279051063895264
0.5716303754597902,17.56050456687808,0.9419509395956993,0.5166690935589684
0.523003326356411,16.51580525562167,0.9419509395956993,0.5020659078627285
0.523003326356411,17.56050456687808,6.686156094074249,0.49635080014172495
0.5716303754597902,16.51580525562167,6.686156094074249,0.4290309154563793
0.46223688777536154,13.127469681203365,6.460671238601208,0.4792949410693229
0.4056333372369409,13.127469681203365,6.460671238601208,0.44093764096308097
0.46223688777536154,15.675165724009275,6.460671238601208,0.5124877953899096
0.46223688777536154,13.127469681203365,0.8277693204581738,0.5397325426257702
0.4056333372369409,15.675165724009275,0.8277693204581738,0.5537680600395203
0.4582115774974227,20.3416207768023,8.42183061875403,0.5874894299084092
0.4863967729732394,20.3416207768023,8.42183061875403,0.5833131034804149
0.4582115774974227,21.197641368955374,8.42183061875403,0.6047719063224244
0.4582115774974227,20.3416207768023,2.064301446080208,0.5816659228169563
0.4863967729732394,21.197641368955374,2.064301446080208,0.5945355610821276
0.5190268442034721,12.973130524158478,4.1749214474111795,0.40899898485516417
0.5390999719500542,12.973130524158478,4.1749214474111795,0.3930047665684949
0.5190268442034721,11.357001479715109,4.1749214474111795,0.45788164524319874
0.5190268442034721,12.973130524158478,5.420247223228216,0.41123275905604295
0.5390999719500542,11.357001479715109,5.420247223228216,0.44571441776010656
0.5605467507615686,18.203678518533707,7.022418258711696,0.4812870349174422
0.442773256264627,18.203678518533707,7.022418258711696,0.500239570414324
0.5605467507615686,14.504370972514153,7.022418258711696,0.34172089281586193
0.5605467507615686,18.203678518533707,8.329945495352149,0.4732056592252446
0.442773256264627,14.504370972514153,8.329945495352149,0.40562982987323704
0.4247300144284964,13.606684152036905,0.5761063378304243,0.5146659018233422
0.5829278133809567,13.606684152036905,0.5761063378304243,0.4639056276758885
0.4247300144284964,16.845005854964256,0.5761063378304243,0.5668888701541173
0.4247300144284964,13.606684152036905,4.1854259464889765,0.4657415390389448
0.5829278133809567,16.845005854964256,4.1854259464889765,0.4908921026277321
0.4318789727985859,17.11859030276537,3.059086175635457,0.5457628863756518
0.5500843569636344,17.11859030276537,3.059086175635457,0.5196692909796674
0.4318789727985859,17.967774223536253,3.059086175635457,0.5313822480618797
0.4318789727985859,17.11859030276537,0.7707473915070295,0.5713772140229711
0.5500843569636344,17.967774223536253,0.7707473915070295,0.5382280691779582
0.5953808842226862,15.446053441613913,9.49852597899735,0.40188667419479585
0.42227055560797455,15.446053441613913,9.49852597899735,0.4261908192573194
0.5953808842226862,14.30877996608615,9.49852597899735,0.383353724220878
0.5953808842226862,15.446053441613913,6.782465847209096,0.41418970480799955
0.42227055560797455,14.30877996608615,6.782465847209096,0.4466569282330668
0.5368748966604471,20.699392344802618,1.6429657395929098,0.5336802906753038
0.5189030908048153,20.699392344802618,1.6429657395929098,0.5336802906753038
0.5368748966604471,11.830958485603333,1.6429657395929098,0.4665095299464903
0.5368748966604471,20.699392344802618,9.467249996960163,0.5444205443218504
0.5189030908048153,11.830958485603333,9.467249996960163,0.37115015629957526
0.4983744727447629,10.3608513250947,5.916573917493224,0.45584768649663354
0.4536379313096404,10.3608513250947,5.916573917493224,0.45807820458575355
0.4983744727447629,19.989957749843597,5.916573917493224,0.588850029165032
0.4983744727447629,10.3608513250947,2.979456875473261,0.4540503670877789
0.4536379313096404,19.989957749843597,2.979456875473261,0.5664113578034826
0.48607203662395476,18.64174961298704,2.1015703305602074,0.5524562247619196
0.4008729139342904,18.64174961298704,2.1015703305602074,0.5490915861741956
0.48607203662395476,10.634647063910961,2.1015703305602074,0.4931249259833784
0.48607203662395476,18.64174961298704,4.837216325104237,0.5524562247619196
0.4008729139342904,10.634647063910961,4.837216325104237,0.4099556404424356
0.5476208647713066,14.296605329960585,5.340169183909893,0.4480638282875773
0.5730596620589494,14.296605329960585,5.340169183909893,0.422401745161486
0.5476208647713066,21.98150645941496,5.340169183909893,0.3968483278827426
0.5476208647713066,14.296605329960585,7.726986799389124,0.38931118311957347
0.5730596620589494,21.98150645941496,7.726986799389124,0.4141698042858811
0.5826695125550032,19.552147042006254,3.186574038118124,0.4942398441457361
0.46970070619136095,19.552147042006254,3.186574038118124,0.5419435251004014
0.5826695125550032,16.16403293982148,3.186574038118124,0.45306468447373793
0.5826695125550032,19.552147042006254,6.023342637345195,0.5118210006888329
0.46970070619136095,16.16403293982148,6.023342637345195,0.5123113842477274
0.4461222553625703,11.884748600423336,9.254458453506231,0.4141194962205398
0.5044364806264638,11.884748600423336,9.254458453506231,0.37115015629957526
0.4461222553625703,15.317167107015848,9.254458453506231,0.44207346856851637
0.4461222553625703,11.884748600423336,1.4123815018683672,0.5068360326210273
0.5044364806264638,15.317167107015848,1.4123815018683672,0.4649947292363845
0.40967038702219727,21.395121801644564,6.7195988446474075,0.5947417756419082
0.5371698815375566,21.395121801644564,6.7195988446474075,0.6168993239611869
0.40967038702219727,13.49559960514307,6.7195988446474075,0.44772083512412886
0.40967038702219727,21.395121801644564,3.621615758165717,0.588403401021771
0.5371698815375566,13.49559960514307,3.621615758165717,0.45139632357750636
0.5740012250840664,10.79298897087574,0.6830006092786789,0.47235610336401046
0.4898740092292428,10.79298897087574,0.6830006092786789,0.5237151072648769
0.5740012250840664,18.649106062948704,0.6830006092786789,0.5568235353953406
0.5740012250840664,10.79298897087574,8.854391584172845,0.27530375225218273
0.4898740092292428,18.649106062948704,8.854391584172845,0.5258844452808662
0.509075859375298,16.024263486266136,7.826348412781954,0.4002322999182788
0.5935374971479177,16.024263486266136,7.826348412781954,0.40756599156873863
0.509075859375298,19.20644013956189,7.826348412781954,0.48564315920637746
0.509075859375298,16.024263486266136,7.395193949341774,0.4077281265604795
0.5935374971479177,19.20644013956189,7.395193949341774,0.4680186687930127
0.46974344439804555,14.662376541644335,4.5756989903748035,0.4581413784936941
0.43369259852916003,14.662376541644335,4.5756989903748035,0.4552154973569239
0.46974344439804555,12.552940119057894,4.5756989903748035,0.4591969486469575
0.46974344439804555,14.662376541644335,0.12872597202658653,0.47334772953746085
0.43369259852916003,12.552940119057894,0.12872597202658653,0.4635257406776905
0.46286645755171774,16.39509989321232,5.1624208223074675,0.5206421982679257
0.5163924181833863,16.39509989321232,5.1624208223074675,0.46097157595372296
0.46286645755171774,17.44344049319625,5.1624208223074675,0.5645947324943916
0.46286645755171774,16.39509989321232,9.360623247921467,0.4740972435857752
0.5163924181833863,17.44344049319625,9.360623247921467,0.4464647482838039
0.5020520074293018,15.044840145856142,2.239072425290942,0.47376420401203534
0.4565469536930323,15.044840145856142,2.239072425290942,0.48992686627410365
0.5020520074293018,15.102434750646353,2.239072425290942,0.47423990931869087
0.5020520074293018,15.044840145856142,3.1926710344851017,0.4654378744568253
0.4565469536930323,15.102434750646353,3.1926710344851017,0.4771567221771259
0.56837506480515,21.809897620230913,8.768177637830377,0.5165618160094659
0.5600188480690121,21.809897620230913,8.768177637830377,0.5165618160094659
0.56837506480515,10.761500105261803,8.768177637830377,0.2772645869273056
0.56837506480515,21.809897620230913,0.5576309841126204,0.4944525784572922
0.5600188480690121,10.761500105261803,0.5576309841126204,0.49216894738459604
0.40419109184294943,11.125641986727715,3.635052302852273,0.45426749539592326
0.4127220164984465,11.125641986727715,3.635052302852273,0.45426749539592326
0.40419109184294943,20.602500841021538,3.635052302852273,0.5439003302919639
0.40419109184294943,11.125641986727715,6.88915696926415,0.3997672762450144
0.4127220164984465,20.602500841021538,6.88915696926415,0.5524869220055788
0.43922361936420207,19.149084251374006,1.1671788897365332,0.5676953894047619
0.44567467309534553,19.149084251374006,1.1671788897365332,0.5801543533856
0.43922361936420207,20.210643660277128,1.1671788897365332,0.5842905802914117
0.43922361936420207,19.149084251374006,7.842173269018531,0.49786073078913595
0.44567467309534553,20.210643660277128,7.842173269018531,0.6070573965170556
0.5757224291563035,11.540371112525463,6.2733018305152655,0.4297023325877708
0.5804094875231385,11.540371112525463,6.2733018305152655,0.4297023325877708
0.5757224291563035,12.051283549517393,6.2733018305152655,0.3767835507820738
0.5757224291563035,11.540371112525463,4.642456481233239,0.4280028112147434
0.5804094875231385,12.051283549517393,4.642456481233239,0.37283772028317574
0.5420226478949189,18.282637678086758,4.755616681650281,0.5058189398180964
0.476852835342288,18.282637678086758,4.755616681650281,0.5382035527396342
0.5420226478949189,14.085157930850983,4.755616681650281,0.46178381022666504
0.5420226478949189,18.282637678086758,1.6073305159807205,0.5383590107352083
0.476852835342288,14.085157930850983,1.6073305159807205,0.541873027063231
0.4805222671478987,13.902428697794676,7.686750935390592,0.47352003674287513
0.5490390168502927,13.902428697794676,7.686750935390592,0.39983107497021186
0.4805222671478987,17.74452304840088,7.686750935390592,0.49814775549006396
0.4805222671478987,13.902428697794676,5.908121969550848,0.516464678763928
0.5490390168502927,17.74452304840088,5.908121969550848,0.49935981320642164
0.4912804184481502,21.09357487782836,4.003585707396269,0.6205186606715829
0.5964447079226374,21.09357487782836,4.003585707396269,0.5459865903771455
0.4912804184481502,15.889236681163311,4.003585707396269,0.4870416884579065
0.4912804184481502,21.09357487782836,6.276313439011574,0.6326707301490591
0.5964447079226374,15.889236681163311,6.276313439011574,0.4421650877457304
0.5297323949635029,10.719969160854816,8.555361609905958,0.3007824255814088
0.43118049502372746,10.719969160854816,8.555361609905958,0.33007815341197266
0.5297323949635029,16.735730223357677,8.555361609905958,0.42376998409884936
0.5297323949635029,10.719969160854816,1.1997654102742672,0.5029515485606653
0.43118049502372746,16.735730223357677,1.1997654102742672,0.5375392822317668
0.5899778949096799,17.462962605059147,0.08342254906892776,0.4765486649534221
0.5276201030239462,17.462962605059147,0.08342254906892776,0.49645562442228486
0.5899778949096799,21.406515065580606,0.08342254906892776,0.48863267304655134
0.5899778949096799,17.462962605059147,2.550626387819648,0.4855327769046349
0.5276201030239462,21.406515065580606,2.550626387819648,0.5544423468740993
0.426524430885911,15.849111046642065,7.4748582020401955,0.4367827844937945
0.4998068787157536,15.849111046642065,7.4748582020401955,0.45845305636419686
0.426524430885911,10.060015086084604,7.4748582020401955,0.3052200371841053
0.426524430885911,15.849111046642065,9.973365077748895,0.43051826576009145
0.4998068787157536,10.060015086084604,9.973365077748895,0.3426590314594873
0.41765779703855516,17.87101924419403,9.98850816860795,0.46240012271736486
0.4671840012073517,17.87101924419403,9.98850816860795,0.49931942733442536
0.41765779703855516,12.75311890989542,9.98850816860795,0.3874019007320766
0.41765779703855516,17.87101924419403,5.3051388543099165,0.5186804236876101
0.4671840012073517,12.75311890989542,5.3051388543099165,0.47892604874957045
0.5533276682719588,13.191902074962854,2.609426472336054,0.45034085282403036
0.5073391376063228,13.191902074962854,2.609426472336054,0.4652733845998722
0.5533276682719588,19.406259514391422,2.609426472336054,0.5149371688488549
0.5533276682719588,13.191902074962854,2.259135814383626,0.45034085282403036
0.5073391376063228,19.406259514391422,2.259135814383626,0.5205917811973677
0.5135961052030324,19.95916271582246,6.0906970500946045,0.5600440559306983
0.4108133889734745,19.95916271582246,6.0906970500946045,0.5611049658678151
0.5135961052030324,18.451851952821016,6.0906970500946045,0.525822130941376
0.5135961052030324,19.95916271582246,3.9905502274632454,0.5429069083119317
0.4108133889734745,18.451851952821016,3.9905502274632454,0.5490915861741956
0.4529277035966516,12.60229966044426,1.5067212283611298,0.5168416388626667
0.5635175367817282,12.60229966044426,1.5067212283611298,0.46127580000000656
0.4529277035966516,13.29871778562665,1.5067212283611298,0.5442671511063835
0.4529277035966516,12.60229966044426,8.445245418697596,0.424633993147986
0.5635175367817282,13.29871778562665,8.445245418697596,0.37066263543841904
0.4505880232900381,20.801030073314905,5.679615121334791,0.5774170678615165
0.4286807393655181,20.801030073314905,5.679615121334791,0.5571583750338291
0.4505880232900381,11.429276429116726,5.679615121334791,0.5007710132907601
0.4505880232900381,20.801030073314905,5.720249013975263,0.5774170678615165
0.4286807393655181,11.429276429116726,5.720249013975263,0.47345937073673217
0.5141383716836572,10.263361811637878,1.7230798117816448,0.5384899389667914
0.5938846968114375,10.263361811637878,1.7230798117816448,0.504184637762124
0.5141383716836572,21.08241667598486,1.7230798117816448,0.59674205169251
0.5141383716836572,10.263361811637878,1.7350027989596128,0.5384899389667914
0.5938846968114375,21.08241667598486,1.7350027989596128,0.5459865903771455
0.5556567952036857,17.02832791209221,9.579275287687778,0.48566167525189474
0.4973620010539889,17.02832791209221,9.579275287687778,0.5578869714789101
0.5556567952036857,16.77491596713662,9.579275287687778,0.4770199606349108
0.5556567952036857,17.02832791209221,4.515306372195482,0.5101909244464419
0.4973620010539889,16.77491596713662,4.515306372195482,0.5601619148114236
0.41710791643708944,15.53166389837861,2.8227530792355537,0.4887626153875093
0.52501732558012,15.53166389837861,2.8227530792355537,0.4469259234130931
0.41710791643708944,14.621782157570124,2.8227530792355537,0.4732217785864027
0.41710791643708944,15.53166389837861,8.029361926019192,0.44921944976627326
0.52501732558012,14.621782157570124,8.029361926019192,0.3644538033671303
0.4269911037757993,18.11815393716097,0.33884355798363686,0.5723153311910374
0.5079948447644711,18.11815393716097,0.33884355798363686,0.5534050693848438
0.4269911037757993,14.19044292718172,0.33884355798363686,0.5649169232449386
0.4269911037757993,18.11815393716097,7.0732939057052135,0.500239570414324
0.5079948447644711,14.19044292718172,7.0732939057052135,0.46848153927187175
0.5877563897520304,13.696849223226309,7.102838698774576,0.4113500710504754
0.4676818108186126,13.696849223226309,7.102838698774576,0.4839184001450334
0.5877563897520304,18.03693611174822,7.102838698774576,0.4675682426393144
0.5877563897520304,13.696849223226309,0.43109118938446045,0.4819726868556322
0.4676818108186126,18.03693611174822,0.43109118938446045,0.590396881596795
0.5292518792673946,20.439207520335913,4.255974739789963,0.5362187633400755
0.5641183659434319,20.439207520335913,4.255974739789963,0.5319863655315498
0.5292518792673946,20.104622084647417,4.255974739789963,0.5263472986722382
0.5292518792673946,20.439207520335913,3.318512225523591,0.5362187633400755
0.5641183659434319,20.104622084647417,3.318512225523591,0.5245960173888425
0.4934851057827473,12.871407009661198,8.18519115447998,0.4280369300552439
0.41135396491736176,12.871407009661198,8.18519115447998,0.39198005095121424
0.4934851057827473,11.758122462779284,8.18519115447998,0.4496318190056814
0.4934851057827473,12.871407009661198,9.177022790536284,0.42843316796201225
0.41135396491736176,11.758122462779284,9.177022790536284,0.40655234824313036
0.47846219781786203,16.124596767127514,4.499584538862109,0.5051170220039332
0.45878425855189564,16.124596767127514,4.499584538862109,0.5300428476245856
0.47846219781786203,21.863363947719336,4.499584538862109,0.4698666494749818
0.47846219781786203,16.124596767127514,8.651969516649842,0.4795872893110209
0.45878425855189564,21.863363947719336,8.651969516649842,0.4622980592051249
0.5427430670708417,14.563399475067854,8.058161092922091,0.32353570065438986
0.5184702511876822,14.563399475067854,8.058161092922091,0.3644538033671303
0.5427430670708417,10.704003479331732,8.058161092922091,0.2818577315555557
0.5427430670708417,14.563399475067854,3.8829367514699697,0.37993584345311104
0.5184702511876822,10.704003479331732,3.8829367514699697,0.35214026902779016
0.5777932962402701,21.306484293192625,0.91540084220469,0.574072070873924
0.4149166503921151,21.306484293192625,0.91540084220469,0.5869660215165784
0.5777932962402701,15.43165971338749,0.91540084220469,0.44061772277881794
0.5777932962402701,21.306484293192625,2.367281001061201,0.574072070873924
0.4149166503921151,15.43165971338749,2.367281001061201,0.474584050097946
0.43851085603237155,10.88004120439291,6.644081482663751,0.36695667166346346
0.5621516544371843,10.88004120439291,6.644081482663751,0.34197180550563555
0.43851085603237155,16.091025188565254,6.644081482663751,0.47270465635289016
0.43851085603237155,10.88004120439291,5.097739994525909,0.3843227452407183
0.5621516544371843,16.091025188565254,5.097739994525909,0.4314131101651747
0.40479318089783195,19.464997578412294,9.178650369867682,0.5328425611724952
0.5794547077268362,19.464997578412294,9.178650369867682,0.5109272555317179
0.40479318089783195,18.721209328621626,9.178650369867682,0.49076772881567055
0.40479318089783195,19.464997578412294,9.77023871615529,0.5188483383394269
0.5794547077268362,18.721209328621626,9.77023871615529,0.47095875511134655
0.5663904579356313,11.973471894860268,3.418082734569907,0.39781172799771924
0.44465806502848865,11.973471894860268,3.418082734569907,0.46949156083270327
0.5663904579356313,13.380203228443861,3.418082734569907,0.42154752671671647
0.5663904579356313,11.973471894860268,2.65694048255682,0.4052338244437056
0.44465806502848865,13.380203228443861,2.65694048255682,0.5169111728349813
0.5014635287225246,18.740640804171562,5.572263048961759,0.5589318423925758
0.5481269080191851,18.740640804171562,5.572263048961759,0.5134205110440635
0.5014635287225246,12.48304471373558,5.572263048961759,0.45803034651873054
0.5014635287225246,18.740640804171562,1.0927622485905886,0.5894732151742827
0.5481269080191851,12.48304471373558,1.0927622485905886,0.45919365997252704
0.4648678286001086,14.196369368582964,2.026356952264905,0.574316561308135
0.4757812539115548,14.196369368582964,2.026356952264905,0.5383247081461684
0.4648678286001086,19.324045807123184,2.026356952264905,0.5536641029946756
0.4648678286001086,14.196369368582964,6.479985816404223,0.5538706234707942
0.4757812539115548,19.324045807123184,6.479985816404223,0.5555513448723203
0.47049101907759905,18.37282581627369,7.610599510371685,0.5220200863600739
0.574106072075665,18.37282581627369,7.610599510371685,0.46650229854001923
0.47049101907759905,15.171779654920101,7.610599510371685,0.4417475001568517
0.47049101907759905,18.37282581627369,2.8529963735491037,0.5524562247619196
0.574106072075665,15.171779654920101,2.8529963735491037,0.40149653513137573
0.5069398541003466,13.816744077950716,4.987392388284206,0.4756972680300512
0.4017613660544157,13.816744077950716,4.987392388284206,0.4919685453408519
0.5069398541003466,17.325286470353603,4.987392388284206,0.49717793352411277
0.5069398541003466,13.816744077950716,9.651469802483916,0.44894888056369886
0.4017613660544157,17.325286470353603,9.651469802483916,0.49092955685006034
0.5732645018026232,19.047383446246386,6.505662705749273,0.49273472686341735
0.5054279053583741,19.047383446246386,6.505662705749273,0.5127820927394072
0.5732645018026232,20.52948162332177,6.505662705749273,0.5301909214349007
0.5732645018026232,19.047383446246386,6.598949413746595,0.49273472686341735
0.5054279053583741,20.52948162332177,6.598949413746595,0.549888599716051
0.4118140898644924,11.637797459959984,1.091622170060873,0.5166090366219103
0.4706318411976099,11.637797459959984,1.091622170060873,0.5277120917300926
0.4118140898644924,10.875981245189905,1.091622170060873,0.48990720178158886
0.4118140898644924,11.637797459959984,0.8966666460037231,0.5188451669110609
0.4706318411976099,10.875981245189905,0.8966666460037231,0.5200400945364612
0.44411201886832713,21.712385397404432,3.559204861521721,0.49526008338839567
0.48776484839618206,21.712385397404432,3.559204861521721,0.5287463945817316
0.44411201886832713,11.935875840485096,3.559204861521721,0.46949156083270327
0.44411201886832713,21.712385397404432,4.313176292926073,0.49526008338839567
0.48776484839618206,11.935875840485096,4.313176292926073,0.45210592911187386
0.5833460116758943,11.227440111339092,8.999646976590157,0.3499648510400274
0.5350004302337765,11.227440111339092,8.999646976590157,0.38370612796249803
0.5833460116758943,20.282735593616962,8.999646976590157,0.5489456624331686
0.5833460116758943,11.227440111339092,8.142156563699245,0.36133643417471717
0.5350004302337765,20.282735593616962,8.142156563699245,0.5809536984393879
0.5496446698904037,16.48068728297949,2.4711293168365955,0.4527655634201375
0.4316384229809046,16.48068728297949,2.4711293168365955,0.5007572670991024
0.5496446698904037,17.862117428332567,2.4711293168365955,0.48388433414125054
0.5496446698904037,16.48068728297949,5.607518749311566,0.4549443009093197
0.4316384229809046,17.862117428332567,5.607518749311566,0.5238194754478758
0.4854122480377555,14.954737793654203,5.087170470505953,0.46649308711968895
0.591325362958014,14.954737793654203,5.087170470505953,0.42229681916910977
0.4854122480377555,14.015251237899065,5.087170470505953,0.5078771056597635
0.4854122480377555,14.954737793654203,1.9372306298464537,0.47494350392901863
0.591325362958014,14.015251237899065,1.9372306298464537,0.4633668389812169
0.49889125265181067,20.047862943261862,1.2697254959493876,0.5767553500603317
0.5385357400402426,20.047862943261862,1.2697254959493876,0.5347284927776732
0.49889125265181067,16.620517041534185,1.2697254959493876,0.561617437842138
0.49889125265181067,20.047862943261862,0.23510982282459736,0.5803808741563745
0.5385357400402426,16.620517041534185,0.23510982282459736,0.5234253816127373
0.5346095787361265,12.515310235321522,6.17077418603003,0.42554548919732726
0.4857707716524601,12.515310235321522,6.17077418603003,0.4634397089750427
0.5346095787361265,15.96152314171195,6.17077418603003,0.4425386754237386
0.5346095787361265,12.515310235321522,7.192140920087695,0.39279049504718133
0.4857707716524601,15.96152314171195,7.192140920087695,0.4694786828223054
0.5948535807430744,17.77076057344675,2.6901364605873823,0.47566826567264264
0.5824063597247005,17.77076057344675,2.6901364605873823,0.47987938423304144
0.5948535807430744,10.177437737584114,2.6901364605873823,0.4234084674230223
0.5948535807430744,17.77076057344675,9.058138448745012,0.44725831651658265
0.5824063597247005,10.177437737584114,9.058138448745012,0.29171715862718073
0.43413674216717485,13.290953662246466,9.752135751768947,0.40155777726378217
0.44209236502647403,13.290953662246466,9.752135751768947,0.40155777726378217
0.43413674216717485,21.33643664419651,9.752135751768947,0.5840023318759942
0.43413674216717485,13.290953662246466,3.5146811231970787,0.47512967204125145
0.44209236502647403,21.33643664419651,3.5146811231970787,0.5869660215165784
0.42253552172333003,17.364008247852325,7.237556101754308,0.4768584017073133
0.4248985148966313,17.364008247852325,7.237556101754308,0.4768584017073133
0.42253552172333003,19.475432734936476,7.237556101754308,0.5378306006580871
0.42253552172333003,17.364008247852325,1.3048365525901318,0.5586212590859432
0.4248985148966313,19.475432734936476,1.3048365525901318,0.5676953894047619
0.5609375353902578,15.949283931404352,0.16380366869270802,0.4751479068966844
0.5525528809055686,15.949283931404352,0.16380366869270802,0.4751479068966844
0.5609375353902578,12.63479320332408,0.16380366869270802,0.45967223637984556
0.5609375353902578,15.949283931404352,6.230141222476959,0.42861570145807804
0.5525528809055686,12.63479320332408,6.230141222476959,0.4091888325750842
0.5212074285373092,21.180650178343058,8.636377966031432,0.6045948525566411
0.45622311234474183,21.180650178343058,8.636377966031432,0.6047719063224244
0.5212074285373092,13.225893050432205,8.636377966031432,0.3993464826084192
0.5212074285373092,21.180650178343058,7.519661271944642,0.6045948525566411
0.45622311234474183,13.225893050432205,7.519661271944642,0.44445573977870145
0.4578039452433586,10.631171613931656,3.766909306868911,0.4246375909848238
0.5214265046641231,10.631171613931656,3.766909306868911,0.3813502196495846
0.4578039452433586,18.56652757525444,3.766909306868911,0.5650879036990581
0.4578039452433586,10.631171613931656,4.94543126784265,0.4164581089013326
0.5214265046641231,18.56652757525444,4.94543126784265,0.5252449825032206
0.460028837621212,16.90530179068446,0.7255897112190723,0.5948315050435189
0.5896929914131761,16.90530179068446,0.7255897112190723,0.5259312178399028
0.460028837621212,11.556279316544533,0.7255897112190723,0.5424002568688322
0.460028837621212,16.90530179068446,3.7283548805862665,0.5742358005999945
0.5896929914131761,11.556279316544533,3.7283548805862665,0.44177024329865067
0.5234811490401625,15.279742948710918,6.871751118451357,0.3984223748849739
0.43619576133787635,15.279742948710918,6.871751118451357,0.4301882018790223
0.5234811490401625,19.896914198994637,6.871751118451357,0.5533372388339519
0.5234811490401625,15.279742948710918,8.805026700720191,0.3852625591204535
0.43619576133787635,19.896914198994637,8.805026700720191,0.559014603789685
0.5587251599878073,20.537384651601315,4.640565142035484,0.5228661401735222
0.5335177319124341,20.537384651601315,4.640565142035484,0.5269776364787118
0.5587251599878073,18.239481773227453,4.640565142035484,0.5058189398180964
0.5587251599878073,20.537384651601315,7.444705870002508,0.5479098370636784
0.5335177319124341,18.239481773227453,7.444705870002508,0.48049354559536794
0.42027431819587946,10.152048718184233,7.957442179322243,0.38694790708907956
0.49256952814757826,10.152048718184233,7.957442179322243,0.2535082304512867
0.42027431819587946,14.398841883987188,7.957442179322243,0.42797424178637256
0.42027431819587946,10.152048718184233,0.021842196583747864,0.46394174772230945
0.49256952814757826,14.398841883987188,0.021842196583747864,0.5029115618488547
0.4364101527258754,20.128628447651863,5.443487372249365,0.5732049002859703
0.472080272808671,20.128628447651863,5.443487372249365,0.5616272135540801
0.4364101527258754,14.789302796125412,5.443487372249365,0.4693438168896197
0.4364101527258754,20.128628447651863,4.690182898193598,0.5732049002859703
0.472080272808671,14.789302796125412,4.690182898193598,0.46248242304267806
0.597078163176775,12.806933153420687,2.1148661337792873,0.41937974943762635
0.500663691200316,12.806933153420687,2.1148661337792873,0.47400553470304874
0.597078163176775,16.948302060365677,2.1148661337792873,0.5029381495746073
0.597078163176775,12.806933153420687,7.736081965267658,0.3650760716772977
0.500663691200316,16.948302060365677,7.736081965267658,0.5330861114276423
0.532348065264523,18.041967052966356,9.336720518767834,0.4899197000213744
0.40345094017684463,18.041967052966356,9.336720518767834,0.48814252729190677
0.532348065264523,20.915678661316633,9.336720518767834,0.5659492955931255
0.532348065264523,18.041967052966356,6.014127405360341,0.5327584613454848
0.40345094017684463,20.915678661316633,6.014127405360341,0.572028376188159
0.49667856730520726,13.397994622588158,3.2221492752432823,0.48944719414854876
0.5694853322580457,13.397994622588158,3.2221492752432823,0.42154752671671647
0.49667856730520726,11.25668440386653,3.2221492752432823,0.49253346902274564
0.49667856730520726,13.397994622588158,1.5595373790711164,0.526446185988598
0.5694853322580457,11.25668440386653,1.5595373790711164,0.4828497119871471
0.4816190620884299,21.60528737306595,9.405316924676299,0.5488995117415587
0.5228727189823985,21.60528737306595,9.405316924676299,0.5202406572868776
0.4816190620884299,19.110473785549402,9.405316924676299,0.5382254677224194
0.4816190620884299,21.60528737306595,0.6444650609046221,0.5368090673678927
0.5228727189823985,19.110473785549402,0.6444650609046221,0.5546891460998731
0.5458026558160782,10.956199500709772,3.0369780119508505,0.41981397049662106
0.4514552026987076,10.956199500709772,3.0369780119508505,0.45546360292634835
0.5458026558160782,12.263607952743769,3.0369780119508505,0.42607775142381377
0.5458026558160782,10.956199500709772,6.812311438843608,0.3591942477676494
0.4514552026987076,12.263607952743769,6.812311438843608,0.438618316269883
0.5871273005381227,16.189030591398478,5.804747762158513,0.45528676472954444
0.5542461505159736,16.189030591398478,5.804747762158513,0.46678756511811714
0.5871273005381227,13.594457469880581,5.804747762158513,0.41705592784734535
0.5871273005381227,16.189030591398478,9.437281284481287,0.3971178772296097
0.5542461505159736,13.594457469880581,9.437281284481287,0.3615924026384676
0.44794213585555553,14.873915582895279,1.6358104068785906,0.5228303033080177
0.4202799923717976,14.873915582895279,1.6358104068785906,0.5017460816482812
0.44794213585555553,18.94131686538458,1.6358104068785906,0.5877777751834927
0.44794213585555553,14.873915582895279,3.1058599427342415,0.49987628808533646
0.4202799923717976,18.94131686538458,3.1058599427342415,0.5452611059172645
0.407971765846014,18.851982530206442,4.1039887350052595,0.5490915861741956
0.4404638797044754,18.851982530206442,4.1039887350052595,0.5490915861741956
0.407971765846014,16.24681695178151,4.1039887350052595,0.50297635843085
0.407971765846014,18.851982530206442,2.1527292393147945,0.5490915861741956
0.4404638797044754,16.24681695178151,2.1527292393147945,0.5063791655103584
0.5694710059091449,14.460066266357899,8.299318728968501,0.31178417892750787
0.5869661061093211,14.460066266357899,8.299318728968501,0.31178417892750787
0.5694710059091449,15.593316931277514,8.299318728968501,0.32456884942121156
0.5694710059091449,14.460066266357899,5.352570191025734,0.36311370760552086
0.5869661061093211,15.593316931277514,5.352570191025734,0.38927413916860154
0.5107696611434221,19.716981448233128,0.5201288405805826,0.5411439373214972
0.4842856653034687,19.716981448233128,0.5201288405805826,0.5687153056005039
0.5107696611434221,10.54897404462099,0.5201288405805826,0.4961274856432405
0.5107696611434221,19.716981448233128,8.397766361013055,0.5564878893452392
0.4842856653034687,10.54897404462099,8.397766361013055,0.39338361837344415
0.4742719979956746,12.096538092941046,6.881291652098298,0.4377964639086972
0.5433365335687995,12.096538092941046,6.881291652098298,0.37056575740012865
0.4742719979956746,21.702480502426624,6.881291652098298,0.5345552295104101
0.4742719979956746,12.096538092941046,4.096851935610175,0.45586359422496336
0.5433365335687995,21.702480502426624,4.096851935610175,0.4920467994246186
0.4673246188089252,19.357956774532795,2.5442542135715485,0.5787507911023306
0.4067491574212909,19.357956774532795,2.5442542135715485,0.5394091696487067
0.4673246188089252,13.801691129803658,2.5442542135715485,0.5406180140807432
0.4673246188089252,19.357956774532795,5.1580008585006,0.5787507911023306
0.4067491574212909,13.801691129803658,5.1580008585006,0.4919685453408519
0.5038714908063412,11.702265616506338,9.857718050479889,0.41594898866321395
0.5658009722828865,11.702265616506338,9.857718050479889,0.3770689120480988
0.5038714908063412,17.642691865563393,9.857718050479889,0.4582408294267223
0.5038714908063412,11.702265616506338,2.268335549160838,0.47725859377153257
0.5658009722828865,17.642691865563393,2.268335549160838,0.47987938423304144
0.5639217229560017,18.449018444865942,1.464438233524561,0.5555335903071577
0.4629215007647872,18.449018444865942,1.464438233524561,0.5921775864036367
0.5639217229560017,20.497001077979803,1.464438233524561,0.5460237663800995
0.5639217229560017,18.449018444865942,3.9814395643770695,0.5206288713178338
0.4629215007647872,20.497001077979803,3.9814395643770695,0.5859424802555493
0.40237327404320244,14.115604378283024,5.9382411278784275,0.49840385524148256
0.5094243042171002,14.115604378283024,5.9382411278784275,0.4836131075121667
0.40237327404320244,12.155995335429907,5.9382411278784275,0.45077214903858487
0.40237327404320244,14.115604378283024,8.592296727001667,0.4414883106329782
0.5094243042171002,12.155995335429907,8.592296727001667,0.3791873303169844
0.44091855585575107,16.603719148784876,8.473405577242374,0.4295678873103198
0.5298287704586983,16.603719148784876,8.473405577242374,0.3990667239270582
0.44091855585575107,11.031784921884537,8.473405577242374,0.38692922381786043
0.44091855585575107,16.603719148784876,6.383176948875189,0.4767202912431141
0.5298287704586983,11.031784921884537,6.383176948875189,0.3260353477970219
0.5802498241886497,15.206664443016052,3.967706747353077,0.3810303026223648
0.4958631915971637,15.206664443016052,3.967706747353077,0.46128052972457545
0.5802498241886497,20.691150039434433,3.967706747353077,0.511693250489737
0.5802498241886497,15.206664443016052,1.1502761393785477,0.42826340045303046
0.4958631915971637,20.691150039434433,1.1502761393785477,0.568961278703132
0.5403228979557753,21.976025074720383,7.371233981102705,0.4141698042858811
0.5984612099826336,21.976025074720383,7.371233981102705,0.4141698042858811
0.5403228979557753,17.170268278568983,7.371233981102705,0.4576657199924964
0.5403228979557753,21.976025074720383,2.6000139210373163,0.3968483278827426
0.5984612099826336,17.170268278568983,2.6000139210373163,0.5056012457221306
0.4759932005777955,11.338747505098581,0.0704304687678814,0.4879035208675744
0.4270446425303817,11.338747505098581,0.0704304687678814,0.4733236483177735
0.4759932005777955,15.010908167809248,0.0704304687678814,0.4699803114868957
0.4759932005777955,11.338747505098581,9.866605689749122,0.41099983730897915
0.4270446425303817,15.010908167809248,9.866605689749122,0.39920517898489427
0.4894599743187428,17.659413147717714,6.385431634262204,0.5320249760137031
0.4806027362123132,17.659413147717714,6.385431634262204,0.5274156216335408
0.4894599743187428,18.364673230797052,6.385431634262204,0.5649309983600264
0.4894599743187428,17.659413147717714,7.9307246301323175,0.50224520582337
0.4806027362123132,18.364673230797052,7.9307246301323175,0.5220200863600739
0.52527557592839,13.02725102007389,1.1740281153470278,0.47812211029396623
0.5466365624219179,13.02725102007389,1.1740281153470278,0.46204094755434266
0.52527557592839,13.01817325130105,1.1740281153470278,0.47534897760782846
0.52527557592839,13.02725102007389,4.574655881151557,0.427372587725246
0.5466365624219179,13.01817325130105,4.574655881151557,0.4067727110529906
0.5917939905077219,19.795884773135185,7.779656341299415,0.5169197246713295
0.44922611434012655,19.795884773135185,7.779656341299415,0.5791152787615917
0.5917939905077219,12.837326906621456,7.779656341299415,0.3650760716772977
0.5917939905077219,19.795884773135185,1.6750278137624264,0.5022032654266668
0.44922611434012655,12.837326906621456,1.6750278137624264,0.5168416388626667
0.4309798764064908,12.392249781638384,4.778030952438712,0.4460353070376887
0.5778085734695196,12.392249781638384,4.778030952438712,0.38819603883198694
0.4309798764064908,19.683820448815823,4.778030952438712,0.56007233475235
0.4309798764064908,12.392249781638384,5.819671526551247,0.45077214903858487
0.5778085734695196,19.683820448815823,5.819671526551247,0.546420886261356
0.41313135083764796,20.88185279816389,2.2947461996227503,0.5638187402904957
0.5575385738164187,20.88185279816389,2.2947461996227503,0.5507398680402633
0.41313135083764796,21.50394608452916,2.2947461996227503,0.5309611667366533
0.41313135083764796,20.88185279816389,9.234235677868128,0.5607538034728115
0.5575385738164187,21.50394608452916,9.234235677868128,0.5569155668954566
0.5516314014792443,10.555019062012434,5.303853461518884,0.38673703329689535
0.4165894100442529,10.555019062012434,5.303853461518884,0.39213415506110294
0.5516314014792443,10.350811917334795,5.303853461518884,0.3072784583927721
0.5516314014792443,10.555019062012434,3.222621865570545,0.37556845233995817
0.4165894100442529,10.350811917334795,3.222621865570545,0.442287644999365
0.5181268820539117,17.299568723887205,3.7062887381762266,0.4988071817315196
0.5137197878211737,17.299568723887205,3.7062887381762266,0.4988071817315196
0.5181268820539117,15.794773168861866,3.7062887381762266,0.43500570243362746
0.5181268820539117,17.299568723887205,0.5277675110846758,0.5419435008415021
0.5137197878211737,15.794773168861866,0.5277675110846758,0.4840917226194138
0.4546253617852926,15.638762079179287,8.890383495017886,0.46236428346897873
0.4602219911292195,15.638762079179287,8.890383495017886,0.46236428346897873
0.4546253617852926,16.447913773357868,8.890383495017886,0.4686511308562642
0.4546253617852926,15.638762079179287,7.015454797074199,0.49258044092150244
0.4602219911292195,16.447913773357868,7.015454797074199,0.4916615219866306
