station,valid,lon,lat,elevation,tmpf,dwpf,relh,drct,sknt,p01i,alti,mslp,vsby,gust,skyc1,skyc2,skyc3,skyc4,skyl1,skyl2,skyl3,skyl4,wxcodes,ice_accretion_1hr,ice_accretion_3hr,ice_accretion_6hr,peak_wind_gust,peak_wind_drct,peak_wind_time,feel,metar,snowdepth,wind_speed_ms,tmpc_calc,sky_oktas
ITH,2015-05-01 00:56:00,-76.4584,42.491,335.0,43.88,40.0,85.84,0.0,0.0,0.0,29.89,1012.1,10.0,,CLR,,,,,,,,,,,,,,,43.88,KITH 010456Z AUTO 00000KT 10SM CLR 07/04 A2989 RMK AO2 T00660044 SLP121,,0.0,6.600000000000001,0
ITH,2015-05-01 01:56:00,-76.4584,42.491,335.0,40.0,38.0,92.56,0.0,0.0,0.0,29.88,1012.1,10.0,,CLR,,,,,,,,,,,,,,,39.92,KITH 010556Z AUTO 00000KT 10SM CLR 04/03 A2988 RMK AO2 50002 T00440033 10155 20044 SLP121,,0.0,4.444444444444445,0
ITH,2015-05-01 02:56:00,-76.4584,42.491,335.0,40.0,38.84,95.88,0.0,0.0,0.0,29.88,1012.0,10.0,,CLR,,,,,,,,,,,,,,,39.92,KITH 010656Z AUTO 00000KT 10SM CLR 04/04 A2988 RMK AO2 T00440038 SLP120,,0.0,4.444444444444445,0
ITH,2015-05-01 03:56:00,-76.4584,42.491,335.0,38.84,38.0,96.54,0.0,0.0,0.0,29.89,1012.5,10.0,,CLR,,,,,,,,,,,,,,,38.84,KITH 010756Z AUTO 00000KT 10SM CLR 04/03 A2989 RMK AO2 T00380033 SLP125,,0.0,3.800000000000002,0
ITH,2015-05-01 04:56:00,-76.4584,42.491,335.0,38.0,36.86,95.84,0.0,0.0,0.0,29.9,1012.7,10.0,,CLR,,,,,,,,,,,,,,,37.94,KITH 010856Z AUTO 00000KT 10SM CLR 03/03 A2990 RMK AO2 53004 T00330027 SLP127,,0.0,3.3333333333333335,0
ITH,2015-05-01 05:56:00,-76.4584,42.491,335.0,38.0,36.86,95.84,0.0,0.0,0.0,29.92,1013.2,10.0,,CLR,,,,,,,,,,,,,,,37.94,KITH 010956Z AUTO 00000KT 10SM CLR 03/03 A2992 RMK AO2 T00330027 SLP132,,0.0,3.3333333333333335,0
ITH,2015-05-01 06:27:00,-76.4584,42.491,335.0,37.4,37.4,100.0,0.0,0.0,0.0,29.93,,10.0,,FEW,,,,7500.0,,,,,,,,,,,37.4,KITH 011027Z 00000KT 10SM FEW075 03/03 A2993 RMK AO2,,0.0,2.999999999999999,2
ITH,2015-05-01 06:56:00,-76.4584,42.491,335.0,38.84,38.84,100.0,0.0,0.0,0.0,29.94,1014.0,10.0,,SCT,,,,6500.0,,,,,,,,,,,38.84,KITH 011056Z 00000KT 10SM SCT065 04/04 A2994 RMK AO2 T00380038 SLP140,,0.0,3.800000000000002,4
ITH,2015-05-01 07:56:00,-76.4584,42.491,335.0,49.0,41.0,73.99,0.0,0.0,0.0,29.95,1014.3,10.0,,SCT,,,,6500.0,,,,,,,,,,,48.92,KITH 011156Z 00000KT 10SM SCT065 09/05 A2995 RMK AO2 52017 T00940050 10094 20033 SLP143,,0.0,9.444444444444445,4
ITH,2015-05-01 08:56:00,-76.4584,42.491,335.0,51.0,40.0,65.91,310.0,4.0,0.0,29.96,1014.9,10.0,,FEW,,,,6500.0,,,,,,,,,,,50.9,KITH 011256Z 31004KT 10SM FEW065 11/04 A2996 RMK AO2 T01050044 SLP149,,2.057776,10.555555555555555,2
ITH,2015-05-01 09:56:00,-76.4584,42.491,335.0,54.0,41.0,61.41,310.0,6.0,0.0,29.97,1014.9,10.0,,FEW,,,,6500.0,,,,,,,,,,,53.96,KITH 011356Z 31006KT 10SM FEW065 12/05 A2997 RMK AO2 T01220050 SLP149,,3.086664,12.222222222222221,2
ITH,2015-05-01 10:56:00,-76.4584,42.491,335.0,56.84,42.0,57.27,310.0,7.0,0.0,29.96,1014.9,10.0,,FEW,,,,9000.0,,,,,,,,,,,56.84,KITH 011456Z 31007KT 10SM FEW090 14/06 A2996 RMK AO2 50005 T01380055 SLP149,,3.601108,13.800000000000002,2
ITH,2015-05-01 11:56:00,-76.4584,42.491,335.0,59.0,43.0,55.24,300.0,9.0,0.0,29.96,1014.9,10.0,,FEW,BKN,,,5500.0,9000.0,,,,,,,,,,59.0,KITH 011556Z 30009KT 10SM FEW055 BKN090 15/06 A2996 RMK AO2 T01500061 SLP149,,4.629996,15.0,6
ITH,2015-05-01 12:56:00,-76.4584,42.491,335.0,63.0,43.0,48.0,310.0,10.0,0.0,29.95,1014.4,10.0,,SCT,BKN,,,5000.0,8500.0,,,,,,,,,,62.96,KITH 011656Z 31010KT 10SM SCT050 BKN085 17/06 A2995 RMK AO2 T01720061 SLP144,,5.14444,17.22222222222222,6
ITH,2015-05-01 13:56:00,-76.4584,42.491,335.0,59.0,43.0,55.24,310.0,10.0,0.0,29.95,1014.5,10.0,,BKN,,,,7500.0,,,,,,,,,,,59.0,KITH 011756Z 31010KT 10SM BKN075 15/06 A2995 RMK AO2 58005 T01500061 10177 20094 SLP145,,5.14444,15.0,6
ITH,2015-05-01 14:56:00,-76.4584,42.491,335.0,60.0,42.0,51.32,330.0,10.0,0.0,29.94,1014.4,10.0,,BKN,,,,5500.0,,,,,,,,,,,59.9,KITH 011856Z 33010KT 10SM BKN055 16/06 A2994 RMK AO2 T01550055 SLP144,,5.14444,15.555555555555555,6
ITH,2015-05-01 15:56:00,-76.4584,42.491,335.0,61.0,42.0,49.38,310.0,11.0,0.0,29.94,1014.2,10.0,,BKN,,,,6500.0,,,,,,,,,,,60.98,KITH 011956Z 31011KT 10SM BKN065 16/06 A2994 RMK AO2 T01610055 SLP142,,5.6588840000000005,16.11111111111111,6
ITH,2015-05-01 16:56:00,-76.4584,42.491,335.0,61.0,41.0,47.7,10.0,7.0,0.0,29.94,1014.4,10.0,,BKN,,,,7000.0,,,,,,,,,,,60.98,KITH 012056Z 01007KT 10SM BKN070 16/05 A2994 RMK AO2 55002 T01610050 SLP144,,3.601108,16.11111111111111,6
ITH,2015-05-01 17:56:00,-76.4584,42.491,335.0,61.88,41.0,46.2,50.0,6.0,0.0,29.95,1014.5,10.0,,BKN,,,,8000.0,,,,,,,,,,,61.88,KITH 012156Z 05006KT 10SM BKN080 17/05 A2995 RMK AO2 T01660050 SLP145,,3.086664,16.6,6
ITH,2015-05-01 18:56:00,-76.4584,42.491,335.0,60.0,41.0,49.56,0.0,0.0,0.0,29.96,1014.8,10.0,,BKN,,,,6500.0,,,,,,,,,,,59.9,KITH 012256Z 00000KT 10SM BKN065 16/05 A2996 RMK AO2 T01550050 SLP148,,0.0,15.555555555555555,6
ITH,2015-05-01 19:56:00,-76.4584,42.491,335.0,59.0,41.0,51.18,0.0,0.0,0.0,29.97,1014.9,10.0,,SCT,BKN,,,7500.0,10000.0,,,,,,,,,,59.0,KITH 012356Z 00000KT 10SM SCT075 BKN100 15/05 A2997 RMK AO2 53006 T01500050 10172 20150 SLP149,,0.0,15.0,6
ITH,2015-05-01 20:56:00,-76.4584,42.491,335.0,56.0,42.0,59.16,0.0,0.0,0.0,29.97,1015.2,10.0,,BKN,,,,9000.0,,,,,,,,,,,55.94,KITH 020056Z 00000KT 10SM BKN090 13/06 A2997 RMK AO2 T01330055 SLP152,,0.0,13.333333333333334,6
ITH,2015-05-01 21:56:00,-76.4584,42.491,335.0,54.0,42.0,63.59,330.0,3.0,0.0,29.99,1015.6,10.0,,BKN,,,,10000.0,,,,,,,,,,,53.96,KITH 020156Z 33003KT 10SM BKN100 12/06 A2999 RMK AO2 T01220055 SLP156,,1.543332,12.222222222222221,6
ITH,2015-05-01 22:56:00,-76.4584,42.491,335.0,52.88,41.0,63.89,340.0,5.0,0.0,30.0,1015.9,10.0,,BKN,,,,10000.0,,,,,,,,,,,52.88,KITH 020256Z AUTO 34005KT 10SM BKN100 12/05 A3000 RMK AO2 53010 T01160050 SLP159,,2.57222,11.600000000000001,6
ITH,2015-05-01 23:56:00,-76.4584,42.491,335.0,51.0,40.0,65.91,0.0,0.0,0.0,30.0,1015.8,10.0,,CLR,,,,,,,,,,,,,,,50.9,KITH 020356Z AUTO 00000KT 10SM CLR 11/04 A3000 RMK AO2 T01050044 401770033 SLP158,,0.0,10.555555555555555,0
ITH,2015-05-02 00:56:00,-76.4584,42.491,335.0,43.0,41.0,92.65,0.0,0.0,0.0,30.0,1015.9,10.0,,CLR,,,,,,,,,,,,,,,42.98,KITH 020456Z AUTO 00000KT 10SM CLR 06/05 A3000 RMK AO2 T00610050 SLP159,,0.0,6.111111111111111,0
ITH,2015-05-02 01:56:00,-76.4584,42.491,335.0,42.0,41.0,96.58,0.0,0.0,0.0,29.99,1016.0,10.0,,CLR,,,,,,,,,,,,,,,41.9,KITH 020556Z AUTO 00000KT 10SM CLR 06/05 A2999 RMK AO2 57000 T00550050 10150 20055 SLP160,,0.0,5.555555555555555,0
ITH,2015-05-02 02:56:00,-76.4584,42.491,335.0,40.0,38.84,95.88,0.0,0.0,0.0,30.0,1016.2,10.0,,CLR,,,,,,,,,,,,,,,39.92,KITH 020656Z AUTO 00000KT 10SM CLR 04/04 A3000 RMK AO2 T00440038 SLP162,,0.0,4.444444444444445,0
ITH,2015-05-02 03:56:00,-76.4584,42.491,335.0,38.84,38.0,96.54,0.0,0.0,0.0,30.0,1016.2,10.0,,CLR,,,,,,,,,,,,,,,38.84,KITH 020756Z AUTO 00000KT 10SM CLR 04/03 A3000 RMK AO2 T00380033 SLP162,,0.0,3.800000000000002,0
ITH,2015-05-02 04:56:00,-76.4584,42.491,335.0,40.0,38.84,95.88,90.0,4.0,0.0,30.0,1016.1,10.0,,CLR,,,,,,,,,,,,,,,36.67,KITH 020856Z AUTO 09004KT 10SM CLR 04/04 A3000 RMK AO2 52002 T00440038 SLP161,,2.057776,4.444444444444445,0
ITH,2015-05-02 05:56:00,-76.4584,42.491,335.0,40.0,38.84,95.88,,,0.0,30.01,1016.4,10.0,,CLR,,,,,,,,,,,,,,,,KITH 020956Z AUTO 10SM CLR 04/04 A3001 RMK AO2 T00440038 SLP164,,,4.444444444444445,0
ITH,2015-05-02 06:27:00,-76.4584,42.491,335.0,39.2,39.2,100.0,80.0,4.0,0.0,30.01,,10.0,,CLR,,,,,,,,,,,,,,,35.83,KITH 021027Z 08004KT 10SM CLR 04/04 A3001 RMK AO2,,2.057776,4.000000000000002,0
ITH,2015-05-02 06:56:00,-76.4584,42.491,335.0,42.0,40.0,92.62,90.0,3.0,0.0,30.02,1016.8,10.0,,CLR,,,,,,,,,,,,,,,40.01,KITH 021056Z 09003KT 10SM CLR 06/04 A3002 RMK AO2 T00550044 SLP168,,1.543332,5.555555555555555,0
ITH,2015-05-02 07:56:00,-76.4584,42.491,335.0,51.0,41.0,68.73,0.0,0.0,0.0,30.03,1017.0,10.0,,CLR,,,,,,,,,,,,,,,50.9,KITH 021156Z 00000KT 10SM CLR 11/05 A3003 RMK AO2 53009 T01050050 10105 20038 SLP170,,0.0,10.555555555555555,0
ITH,2015-05-02 08:56:00,-76.4584,42.491,335.0,56.84,38.84,50.85,310.0,8.0,0.0,30.03,1017.0,10.0,,CLR,,,,,,,,,,,,,,,56.84,KITH 021256Z 31008KT 10SM CLR 14/04 A3003 RMK AO2 T01380038 SLP170,,4.115552,13.800000000000002,0
ITH,2015-05-02 09:56:00,-76.4584,42.491,335.0,60.0,38.84,45.57,,6.0,0.0,30.03,1016.9,10.0,,CLR,,,,,,,,,,,,,,,59.9,KITH 021356Z VRB06KT 10SM CLR 16/04 A3003 RMK AO2 T01550038 SLP169,,3.086664,15.555555555555555,0
ITH,2015-05-02 10:56:00,-76.4584,42.491,335.0,63.0,38.84,40.89,260.0,3.0,0.0,30.03,1016.9,10.0,,SCT,,,,6500.0,,,,,,,,,,,62.96,KITH 021456Z 26003KT 10SM SCT065 17/04 A3003 RMK AO2 50000 T01720038 SLP169,,1.543332,17.22222222222222,4
ITH,2015-05-02 11:56:00,-76.4584,42.491,335.0,65.0,41.0,41.49,300.0,12.0,0.0,30.03,1016.9,10.0,,SCT,,,,7000.0,,,,,,,,,,,64.94,KITH 021556Z 30012KT 10SM SCT070 18/05 A3003 RMK AO2 T01830050 SLP169,,6.173328,18.333333333333332,4
ITH,2015-05-02 12:56:00,-76.4584,42.491,335.0,68.0,41.0,37.32,300.0,12.0,0.0,30.02,1016.5,10.0,,SCT,,,,7000.0,,,,,,,,,,,68.0,KITH 021656Z 30012KT 10SM SCT070 20/05 A3002 RMK AO2 T02000050 SLP165,,6.173328,20.0,4
ITH,2015-05-02 13:56:00,-76.4584,42.491,335.0,69.0,38.84,33.27,310.0,10.0,0.0,30.01,1016.4,10.0,,SCT,,,,7000.0,,,,,,,,,,,68.9,KITH 021756Z 31010KT 10SM SCT070 21/04 A3001 RMK AO2 58004 T02050038 10205 20105 SLP164,,5.14444,20.555555555555557,4
ITH,2015-05-02 14:56:00,-76.4584,42.491,335.0,70.0,32.0,24.44,360.0,8.0,0.0,30.0,1016.0,10.0,,SCT,,,,7000.0,,,,,,,,,,,69.98,KITH 021856Z 36008KT 10SM SCT070 21/00 A3000 RMK AO2 T02110000 SLP160,,4.115552,21.11111111111111,4
ITH,2015-05-02 15:56:00,-76.4584,42.491,335.0,70.0,31.1,23.56,340.0,11.0,0.0,29.99,1015.5,10.0,,FEW,,,,7000.0,,,,,,,,,,,69.98,KITH 021956Z 34011KT 10SM FEW070 21/M01 A2999 RMK AO2 T02111005 SLP155,,5.6588840000000005,21.11111111111111,2
ITH,2015-05-02 16:56:00,-76.4584,42.491,335.0,69.0,31.1,24.45,300.0,12.0,0.0,29.98,1015.3,10.0,,FEW,,,,9000.0,,,,,,,,,,,68.9,KITH 022056Z 30012KT 10SM FEW090 21/M01 A2998 RMK AO2 56012 T02051005 SLP153,,6.173328,20.555555555555557,2
ITH,2015-05-02 17:56:00,-76.4584,42.491,335.0,69.0,32.0,25.36,330.0,4.0,0.0,29.98,1015.4,10.0,,FEW,,,,9000.0,,,,,,,,,,,68.9,KITH 022156Z 33004KT 10SM FEW090 21/00 A2998 RMK AO2 T02050000 SLP154,,2.057776,20.555555555555557,2
ITH,2015-05-02 18:56:00,-76.4584,42.491,335.0,68.0,34.0,28.32,20.0,8.0,0.0,29.99,1015.6,10.0,,CLR,,,,,,,,,,,,,,,68.0,KITH 022256Z 02008KT 10SM CLR 20/01 A2999 RMK AO2 T02000011 SLP156,,4.115552,20.0,0
ITH,2015-05-02 19:56:00,-76.4584,42.491,335.0,63.86,33.0,31.31,0.0,0.0,0.0,30.0,1015.8,10.0,,CLR,,,,,,,,,,,,,,,63.86,KITH 022356Z 00000KT 10SM CLR 18/01 A3000 RMK AO2 53005 T01770005 10216 20177 SLP158,,0.0,17.700000000000003,0
ITH,2015-05-02 20:56:00,-76.4584,42.491,335.0,54.86,40.0,56.99,0.0,0.0,0.0,30.01,1016.3,10.0,,CLR,,,,,,,,,,,,,,,54.86,KITH 030056Z 00000KT 10SM CLR 13/04 A3001 RMK AO2 T01270044 SLP163,,0.0,12.7,0
ITH,2015-05-02 21:56:00,-76.4584,42.491,335.0,50.0,43.0,76.71,70.0,3.0,0.0,30.02,1016.8,10.0,,CLR,,,,,,,,,,,,,,,49.27,KITH 030156Z 07003KT 10SM CLR 10/06 A3002 RMK AO2 T01000061 SLP168,,1.543332,10.0,0
ITH,2015-05-02 22:56:00,-76.4584,42.491,335.0,47.0,43.0,86.02,80.0,3.0,0.0,30.03,1016.9,10.0,,CLR,,,,,,,,,,,,,,,45.77,KITH 030256Z AUTO 08003KT 10SM CLR 08/06 A3003 RMK AO2 51009 T00830061 SLP169,,1.543332,8.333333333333334,0
ITH,2015-05-02 23:56:00,-76.4584,42.491,335.0,47.0,42.0,82.52,90.0,4.0,0.0,30.03,1016.9,10.0,,CLR,,,,,,,,,,,,,,,44.87,KITH 030356Z AUTO 09004KT 10SM CLR 08/06 A3003 RMK AO2 T00830055 402160038 SLP169,,2.057776,8.333333333333334,0
ITH,2015-05-03 00:56:00,-76.4584,42.491,335.0,43.88,38.0,79.45,90.0,5.0,0.0,30.04,1017.2,10.0,,CLR,,,,,,,,,,,,,,,40.5,KITH 030456Z AUTO 09005KT 10SM CLR 07/03 A3004 RMK AO2 T00660033 SLP172,,2.57222,6.600000000000001,0
ITH,2015-05-03 01:56:00,-76.4584,42.491,335.0,43.0,38.0,82.24,80.0,4.0,0.0,30.04,1017.3,10.0,,CLR,,,,,,,,,,,,,,,40.24,KITH 030556Z AUTO 08004KT 10SM CLR 06/03 A3004 RMK AO2 52004 T00610033 10177 20061 SLP173,,2.057776,6.111111111111111,0
ITH,2015-05-03 02:56:00,-76.4584,42.491,335.0,43.0,38.0,82.24,90.0,6.0,0.0,30.04,1017.2,10.0,,CLR,,,,,,,,,,,,,,,38.75,KITH 030656Z AUTO 09006KT 10SM CLR 06/03 A3004 RMK AO2 T00610033 SLP172,,3.086664,6.111111111111111,0
ITH,2015-05-03 03:56:00,-76.4584,42.491,335.0,43.88,36.86,76.15,90.0,6.0,0.0,30.04,1017.4,10.0,,CLR,,,,,,,,,,,,,,,39.84,KITH 030756Z AUTO 09006KT 10SM CLR 07/03 A3004 RMK AO2 T00660027 SLP174,,3.086664,6.600000000000001,0
ITH,2015-05-03 04:56:00,-76.4584,42.491,335.0,43.88,36.86,76.15,90.0,6.0,0.0,30.05,1017.6,10.0,,CLR,,,,,,,,,,,,,,,39.84,KITH 030856Z AUTO 09006KT 10SM CLR 07/03 A3005 RMK AO2 53004 T00660027 SLP176,,3.086664,6.600000000000001,0
ITH,2015-05-03 05:56:00,-76.4584,42.491,335.0,43.0,36.86,78.82,90.0,6.0,0.0,30.06,1017.9,10.0,,CLR,,,,,,,,,,,,,,,38.75,KITH 030956Z AUTO 09006KT 10SM CLR 06/03 A3006 RMK AO2 T00610027 SLP179,,3.086664,6.111111111111111,0
ITH,2015-05-03 06:27:00,-76.4584,42.491,335.0,44.6,37.4,75.68,90.0,6.0,0.0,30.06,,10.0,,CLR,,,,,,,,,,,,,,,40.71,KITH 031027Z 09006KT 10SM CLR 07/03 A3006 RMK AO2,,3.086664,7.000000000000001,0
ITH,2015-05-03 06:56:00,-76.4584,42.491,335.0,45.86,36.86,70.62,80.0,5.0,0.0,30.08,1018.4,10.0,,CLR,,,,,,,,,,,,,,,42.86,KITH 031056Z 08005KT 10SM CLR 08/03 A3008 RMK AO2 T00770027 SLP184,,2.57222,7.699999999999999,0
ITH,2015-05-03 07:56:00,-76.4584,42.491,335.0,52.88,38.84,58.74,90.0,3.0,0.0,30.09,1019.0,10.0,,CLR,,,,,,,,,,,,,,,52.88,KITH 031156Z 09003KT 10SM CLR 12/04 A3009 RMK AO2 53013 T01160038 10116 20050 SLP190,,1.543332,11.600000000000001,0
ITH,2015-05-03 08:56:00,-76.4584,42.491,335.0,63.0,38.0,39.47,0.0,0.0,0.0,30.1,1019.3,10.0,,CLR,,,,,,,,,,,,,,,62.96,KITH 031256Z 00000KT 10SM CLR 17/03 A3010 RMK AO2 T01720033 SLP193,,0.0,17.22222222222222,0
ITH,2015-05-03 09:56:00,-76.4584,42.491,335.0,69.0,36.86,30.78,240.0,3.0,0.0,30.1,1019.1,10.0,,CLR,,,,,,,,,,,,,,,68.9,KITH 031356Z 24003KT 10SM CLR 21/03 A3010 RMK AO2 T02050027 SLP191,,1.543332,20.555555555555557,0
ITH,2015-05-03 10:56:00,-76.4584,42.491,335.0,70.88,38.0,30.02,0.0,0.0,0.0,30.1,1019.1,10.0,,CLR,,,,,,,,,,,,,,,69.08,KITH 031456Z 00000KT 10SM CLR 22/03 A3010 RMK AO2 50002 T02160033 SLP191,,0.0,21.599999999999998,0
ITH,2015-05-03 11:56:00,-76.4584,42.491,335.0,72.86,36.86,26.9,330.0,8.0,0.0,30.1,1019.2,10.0,,SCT,,,,7500.0,,,,,,,,,,,71.11,KITH 031556Z 33008KT 10SM SCT075 23/03 A3010 RMK AO2 T02270027 SLP192,,4.115552,22.700000000000003,4
ITH,2015-05-03 12:56:00,-76.4584,42.491,335.0,74.0,34.0,23.14,320.0,10.0,0.0,30.1,1019.1,10.0,,SCT,,,,9000.0,,,,,,,,,,,72.12,KITH 031656Z 32010KT 10SM SCT090 23/01 A3010 RMK AO2 T02330011 SLP191,,5.14444,23.333333333333332,4
ITH,2015-05-03 13:56:00,-76.4584,42.491,335.0,76.0,36.86,24.28,290.0,7.0,0.0,30.09,1018.8,10.0,14.0,CLR,,,,,,,,,,,,,,,74.35,KITH 031756Z 29007G14KT 10SM CLR 24/03 A3009 RMK AO2 58003 T02440027 10244 20116 SLP188,,3.601108,24.444444444444443,0
ITH,2015-05-03 14:56:00,-76.4584,42.491,335.0,76.0,36.0,23.43,330.0,7.0,0.0,30.09,1018.7,10.0,,SCT,,,,8000.0,,,,,,,,,,,74.31,KITH 031856Z 33007KT 290V360 10SM SCT080 24/02 A3009 RMK AO2 T02440022 SLP187,,3.601108,24.444444444444443,4
ITH,2015-05-03 15:56:00,-76.4584,42.491,335.0,74.84,36.86,25.17,280.0,8.0,0.0,30.08,1018.4,10.0,,SCT,,,,10000.0,,,,,,,,,,,73.21,KITH 031956Z 28008KT 10SM SCT100 24/03 A3008 RMK AO2 T02380027 SLP184,,4.115552,23.8,4
ITH,2015-05-03 16:56:00,-76.4584,42.491,335.0,74.0,36.0,25.03,330.0,5.0,0.0,30.07,1018.3,10.0,,FEW,SCT,,,6000.0,11000.0,,,,,,,,,,72.21,KITH 032056Z 33005KT 10SM FEW060 SCT110 23/02 A3007 RMK AO2 58006 T02330022 SLP183,,2.57222,23.333333333333332,4
ITH,2015-05-03 17:56:00,-76.4584,42.491,335.0,76.0,36.86,24.28,,6.0,0.0,30.07,1018.3,10.0,,FEW,SCT,,,6000.0,11000.0,,,,,,,,,,74.35,KITH 032156Z VRB06KT 10SM FEW060 SCT110 24/03 A3007 RMK AO2 T02440027 SLP183,,3.086664,24.444444444444443,4
ITH,2015-05-03 18:56:00,-76.4584,42.491,335.0,74.84,38.0,26.26,0.0,0.0,0.0,30.07,1018.2,10.0,,FEW,,,,6000.0,,,,,,,,,,,73.26,KITH 032256Z 00000KT 10SM FEW060 24/03 A3007 RMK AO2 T02380033 SLP182,,0.0,23.8,2
ITH,2015-05-03 19:56:00,-76.4584,42.491,335.0,65.84,42.0,41.64,0.0,0.0,0.0,30.08,1018.5,10.0,,FEW,,,,6000.0,,,,,,,,,,,65.84,KITH 032356Z 00000KT 10SM FEW060 19/06 A3008 RMK AO2 53002 T01880055 10250 20188 SLP185,,0.0,18.8,2
ITH,2015-05-03 20:56:00,-76.4584,42.491,335.0,60.0,45.0,57.7,0.0,0.0,0.0,30.1,1019.1,10.0,,SCT,,,,10000.0,,,,,,,,,,,59.9,KITH 040056Z 00000KT 10SM SCT100 16/07 A3010 RMK AO2 T01550072 SLP191,,0.0,15.555555555555555,4
ITH,2015-05-03 21:56:00,-76.4584,42.491,335.0,59.0,43.88,57.18,80.0,3.0,0.0,30.12,1019.5,10.0,,FEW,,,,10000.0,,,,,,,,,,,59.0,KITH 040156Z 08003KT 10SM FEW100 15/07 A3012 RMK AO2 T01500066 SLP195,,1.543332,15.0,2
ITH,2015-05-03 22:56:00,-76.4584,42.491,335.0,52.88,47.0,80.17,0.0,0.0,0.0,30.13,1020.0,10.0,,SCT,,,,9500.0,,,,,,,,,,,52.88,KITH 040256Z AUTO 00000KT 10SM SCT095 12/08 A3013 RMK AO2 51016 T01160083 SLP200,,0.0,11.600000000000001,4
ITH,2015-05-03 23:56:00,-76.4584,42.491,335.0,51.0,45.0,80.01,100.0,4.0,0.0,30.14,1020.3,10.0,,CLR,,,,,,,,,,,,,,,50.9,KITH 040356Z AUTO 10004KT 10SM CLR 11/07 A3014 RMK AO2 T01050072 402500050 SLP203,,2.057776,10.555555555555555,0
ITH,2015-05-04 00:56:00,-76.4584,42.491,335.0,54.86,42.0,61.53,80.0,6.0,0.0,30.14,1020.3,10.0,,FEW,,,,10000.0,,,,,,,,,,,54.86,KITH 040456Z AUTO 08006KT 10SM FEW100 13/06 A3014 RMK AO2 T01270055 SLP203,,3.086664,12.7,2
ITH,2015-05-04 01:56:00,-76.4584,42.491,335.0,54.0,41.0,61.41,90.0,6.0,0.0,30.14,1020.3,10.0,,SCT,,,,10000.0,,,,,,,,,,,53.96,KITH 040556Z AUTO 09006KT 10SM SCT100 12/05 A3014 RMK AO2 51005 T01220050 10188 20105 SLP203,,3.086664,12.222222222222221,4
ITH,2015-05-04 02:56:00,-76.4584,42.491,335.0,54.0,41.0,61.41,100.0,3.0,0.0,30.14,1020.3,10.0,,BKN,,,,10000.0,,,,,,,,,,,53.96,KITH 040656Z AUTO 10003KT 10SM BKN100 12/05 A3014 RMK AO2 T01220050 BKN V SCT SLP203,,1.543332,12.222222222222221,6
ITH,2015-05-04 03:56:00,-76.4584,42.491,335.0,52.0,41.0,66.04,100.0,6.0,0.0,30.14,1020.4,10.0,,SCT,,,,10000.0,,,,,,,,,,,51.98,KITH 040756Z AUTO 10006KT 10SM SCT100 11/05 A3014 RMK AO2 T01110050 SLP204,,3.086664,11.11111111111111,4
ITH,2015-05-04 04:56:00,-76.4584,42.491,335.0,50.0,41.0,71.07,90.0,5.0,0.0,30.15,1020.8,10.0,,BKN,,,,10000.0,,,,,,,,,,,47.77,KITH 040856Z AUTO 09005KT 10SM BKN100 10/05 A3015 RMK AO2 53003 T01000050 SLP208,,2.57222,10.0,6
ITH,2015-05-04 05:56:00,-76.4584,42.491,335.0,50.0,40.0,68.15,90.0,6.0,0.0,30.15,1021.0,10.0,,FEW,,,,9500.0,,,,,,,,,,,47.21,KITH 040956Z AUTO 09006KT 10SM FEW095 10/04 A3015 RMK AO2 T01000044 SLP210,,3.086664,10.0,2
ITH,2015-05-04 06:25:00,-76.4584,42.491,335.0,50.0,39.2,66.27,90.0,6.0,0.0,30.16,,10.0,,SCT,,,,9500.0,,,,,,,,,,,47.21,KITH 041025Z 09006KT 10SM SCT095 10/04 A3016 RMK AO2,,3.086664,10.0,4
ITH,2015-05-04 06:56:00,-76.4584,42.491,335.0,52.0,41.0,66.04,90.0,4.0,0.0,30.17,1021.4,10.0,,SCT,,,,9500.0,,,,,,,,,,,51.98,KITH 041056Z 09004KT 10SM SCT095 11/05 A3017 RMK AO2 T01110050 SLP214,,2.057776,11.11111111111111,4
ITH,2015-05-04 07:56:00,-76.4584,42.491,335.0,60.0,41.0,49.56,0.0,0.0,0.0,30.18,1021.7,10.0,,SCT,,,,9500.0,,,,,,,,,,,59.9,KITH 041156Z 00000KT 10SM SCT095 16/05 A3018 RMK AO2 53009 T01550050 10155 20094 SLP217,,0.0,15.555555555555555,4
ITH,2015-05-04 08:56:00,-76.4584,42.491,335.0,65.0,43.0,44.78,150.0,3.0,0.0,30.18,1021.8,10.0,,BKN,,,,9500.0,,,,,,,,,,,64.94,KITH 041256Z 15003KT 10SM BKN095 18/06 A3018 RMK AO2 T01830061 SLP218,,1.543332,18.333333333333332,6
ITH,2015-05-04 09:56:00,-76.4584,42.491,335.0,72.0,42.0,33.75,200.0,9.0,0.0,30.17,1021.2,10.0,,SCT,,,,9500.0,,,,,,,,,,,70.44,KITH 041356Z 20009KT 10SM SCT095 22/06 A3017 RMK AO2 T02220055 SLP212,,4.629996,22.22222222222222,4
ITH,2015-05-04 10:56:00,-76.4584,42.491,335.0,78.0,38.0,23.72,240.0,15.0,0.0,30.15,1020.6,10.0,18.0,CLR,,,,,,,,,,,,,,,76.5,KITH 041456Z 24015G18KT 10SM CLR 26/03 A3015 RMK AO2 58007 T02550033 SLP206,,7.71666,25.555555555555557,0
ITH,2015-05-04 11:56:00,-76.4584,42.491,335.0,79.0,36.86,21.94,250.0,14.0,0.0,30.15,1020.6,10.0,18.0,SCT,,,,9500.0,,,,,,,,,,,77.61,KITH 041556Z 25014G18KT 10SM SCT095 26/03 A3015 RMK AO2 T02610027 SLP206,,7.202216,26.11111111111111,4
ITH,2015-05-04 12:56:00,-76.4584,42.491,335.0,79.0,38.84,23.71,250.0,9.0,0.0,30.12,1019.7,10.0,18.0,SCT,,,,9000.0,,,,,,,,,,,77.69,KITH 041656Z 25009G18KT 10SM SCT090 26/04 A3012 RMK AO2 T02610038 SLP197,,4.629996,26.11111111111111,4
ITH,2015-05-04 13:56:00,-76.4584,42.491,335.0,81.86,38.84,21.58,230.0,10.0,0.0,30.11,1019.0,10.0,20.0,SCT,,,,9500.0,,,,,,,,,,,79.85,KITH 041756Z 23010G20KT 10SM SCT095 28/04 A3011 RMK AO2 58014 T02770038 10277 20155 SLP190,,5.14444,27.700000000000003,4
ITH,2015-05-04 14:56:00,-76.4584,42.491,335.0,81.0,38.0,21.45,210.0,11.0,0.0,30.09,1018.4,10.0,,SCT,,,,10000.0,,,,,,,,,,,79.26,KITH 041856Z 21011KT 10SM SCT100 27/03 A3009 RMK AO2 T02720033 SLP184,,5.6588840000000005,27.22222222222222,4
ITH,2015-05-04 15:56:00,-76.4584,42.491,335.0,81.86,38.0,20.84,220.0,15.0,0.0,30.07,1017.8,10.0,21.0,SCT,,,,10000.0,,,,,,,,,,,79.81,KITH 041956Z 22015G21KT 10SM SCT100 28/03 A3007 RMK AO2 T02770033 SLP178,,7.71666,27.700000000000003,4
ITH,2015-05-04 16:56:00,-76.4584,42.491,335.0,81.0,40.0,23.18,250.0,7.0,0.0,30.06,1017.6,10.0,,BKN,,,,10000.0,,,,,,,,,,,79.35,KITH 042056Z 25007KT 10SM BKN100 27/04 A3006 RMK AO2 56016 T02720044 SLP176,,3.601108,27.22222222222222,6
ITH,2015-05-04 17:56:00,-76.4584,42.491,335.0,79.0,40.0,24.73,260.0,9.0,0.0,30.06,1017.7,10.0,14.0,BKN,,,,10000.0,,,,,,,,,,,77.74,KITH 042156Z 26009G14KT 10SM BKN100 26/04 A3006 RMK AO2 T02610044 SLP177,,4.629996,26.11111111111111,6
ITH,2015-05-04 18:56:00,-76.4584,42.491,335.0,74.84,43.88,33.05,350.0,10.0,0.0001,30.09,1018.5,10.0,20.0,BKN,,,,9500.0,,,,VCSH,,,,27.0,280.0,2015-05-04 18:42,73.58,KITH 042256Z 35010G20KT 10SM VCSH BKN095 24/07 A3009 RMK AO2 T02380066 P0000 WSHFT 2241 PK WND 28027/2242 SLP185,,5.14444,23.8,6
ITH,2015-05-04 19:03:00,-76.4584,42.491,335.0,73.4,44.6,35.66,330.0,7.0,0.0001,30.09,,10.0,,FEW,BKN,,,7000.0,9500.0,,,,,,,,,,72.12,KITH 042303Z 33007KT 10SM FEW070 BKN095 23/07 A3009 RMK AO2 P0000 WSHFT 2243,,3.601108,23.000000000000004,6
ITH,2015-05-04 19:56:00,-76.4584,42.491,335.0,72.0,45.86,39.27,10.0,3.0,0.0001,30.11,1019.1,10.0,,SCT,BKN,,,6000.0,11000.0,,,,,,,,,,70.7,KITH 042356Z 01003KT 10SM SCT060 BKN110 22/08 A3011 RMK AO2 53014 60000 T02220077 10288 20222 P0000 WSHFT 2243 SLP191,,1.543332,22.22222222222222,6
ITH,2015-05-04 20:56:00,-76.4584,42.491,335.0,70.0,49.0,47.13,360.0,5.0,0.0,30.14,1020.2,10.0,,FEW,BKN,,,7000.0,11000.0,,,,,,,,,,69.98,KITH 050056Z 36005KT 10SM FEW070 BKN110 21/09 A3014 RMK AO2 T02110094 SLP202,,2.57222,21.11111111111111,6
ITH,2015-05-04 21:56:00,-76.4584,42.491,335.0,69.0,50.0,50.91,330.0,4.0,0.0001,30.16,1020.9,10.0,,BKN,,,,9000.0,,,,,,,,,,,68.9,KITH 050156Z 33004KT 10SM BKN090 21/10 A3016 RMK AO2 T02050100 RAB10E25 P0000 SLP209,,2.057776,20.555555555555557,6
ITH,2015-05-04 22:56:00,-76.4584,42.491,335.0,67.0,52.0,58.65,310.0,9.0,0.0001,30.17,1021.0,10.0,,OVC,,,,9000.0,,,,,,,,,,,66.92,KITH 050256Z AUTO 31009KT 10SM OVC090 19/11 A3017 RMK AO2 51022 60000 T01940111 RAB26E50 P0000 SLP210,,4.629996,19.444444444444443,8
ITH,2015-05-04 23:56:00,-76.4584,42.491,335.0,65.0,52.88,64.94,0.0,0.0,0.0001,30.18,1021.5,10.0,,OVC,,,,8500.0,,,,,,,,,,,64.94,KITH 050356Z AUTO 00000KT 10SM OVC085 18/12 A3018 RMK AO2 T01830116 402880094 RAB02E25 P0000 SLP215,,0.0,18.333333333333332,8
ITH,2015-05-05 00:56:00,-76.4584,42.491,335.0,63.86,54.0,70.17,20.0,4.0,0.0001,30.19,1021.7,10.0,,OVC,,,,7000.0,,,,,,,,,,,63.86,KITH 050456Z AUTO 02004KT 10SM OVC070 18/12 A3019 RMK AO2 T01770122 RAB10E29 P0000 SLP217,,2.057776,17.700000000000003,8
ITH,2015-05-05 01:56:00,-76.4584,42.491,335.0,63.86,54.0,70.17,360.0,4.0,0.0,30.19,1021.8,10.0,,OVC,,,,3100.0,,,,,,,,,,,63.86,KITH 050556Z AUTO 36004KT 10SM OVC031 18/12 A3019 RMK AO2 51008 60000 T01770122 10222 20177 SLP218,,2.057776,17.700000000000003,8
ITH,2015-05-05 02:22:00,-76.4584,42.491,335.0,62.6,53.6,72.38,340.0,5.0,0.0,30.19,,10.0,,OVC,,,,2900.0,,,,,,,,,,,62.6,KITH 050622Z AUTO 34005KT 10SM OVC029 17/12 A3019 RMK AO2,,2.57222,17.0,8
ITH,2015-05-05 02:56:00,-76.4584,42.491,335.0,63.0,54.86,74.83,340.0,9.0,0.0,30.2,1022.0,10.0,,OVC,,,,2700.0,,,,,,,,,,,62.96,KITH 050656Z AUTO 34009KT 10SM OVC027 17/13 A3020 RMK AO2 T01720127 SLP220,,4.629996,17.22222222222222,8
ITH,2015-05-05 03:56:00,-76.4584,42.491,335.0,61.88,54.86,77.74,360.0,3.0,0.0,30.21,1022.5,10.0,,BKN,,,,2700.0,,,,,,,,,,,61.88,KITH 050756Z AUTO 36003KT 10SM BKN027 17/13 A3021 RMK AO2 T01660127 SLP225,,1.543332,16.6,6
ITH,2015-05-05 04:56:00,-76.4584,42.491,335.0,60.0,54.0,80.7,20.0,3.0,0.0,30.23,1023.0,10.0,,FEW,SCT,BKN,,2000.0,2800.0,3600.0,,,,,,,,,59.9,KITH 050856Z AUTO 02003KT 10SM FEW020 SCT028 BKN036 16/12 A3023 RMK AO2 53012 T01550122 BKN V SCT SLP230,,1.543332,15.555555555555555,6
ITH,2015-05-05 05:32:00,-76.4584,42.491,335.0,60.8,53.6,77.14,360.0,3.0,0.0,30.24,,10.0,,BKN,BKN,OVC,,1700.0,2600.0,7500.0,,,,,,,,,60.8,KITH 050932Z AUTO 36003KT 10SM BKN017 BKN026 OVC075 16/12 A3024 RMK AO2 BKN V SCT,,1.543332,16.0,8
ITH,2015-05-05 05:56:00,-76.4584,42.491,335.0,59.0,52.88,80.1,350.0,4.0,0.0,30.25,1023.8,10.0,,OVC,,,,1700.0,,,,,,,,,,,59.0,KITH 050956Z AUTO 35004KT 10SM OVC017 15/12 A3025 RMK AO2 T01500116 SLP238,,2.057776,15.0,8
ITH,2015-05-05 06:26:00,-76.4584,42.491,335.0,57.2,51.8,82.12,0.0,0.0,0.0,30.26,,10.0,,BKN,,,,1700.0,,,,,,,,,,,57.2,KITH 051026Z 00000KT 10SM BKN017 14/11 A3026 RMK AO2,,0.0,14.000000000000002,6
ITH,2015-05-05 06:56:00,-76.4584,42.491,335.0,59.0,52.88,80.1,0.0,0.0,0.0,30.27,1024.6,10.0,,BKN,,,,1700.0,,,,,,,,,,,59.0,KITH 051056Z 00000KT 10SM BKN017 15/12 A3027 RMK AO2 T01500116 SLP246,,0.0,15.0,6
ITH,2015-05-05 07:38:00,-76.4584,42.491,335.0,59.0,53.6,82.25,360.0,4.0,0.0,30.29,,6.0,,SCT,,,,1700.0,,,,HZ,,,,,,,59.0,KITH 051138Z 36004KT 6SM HZ SCT017 15/12 A3029 RMK AO2,,2.057776,15.0,4
ITH,2015-05-05 07:56:00,-76.4584,42.491,335.0,60.0,52.88,77.57,40.0,5.0,0.0,30.29,1025.3,6.0,,SCT,,,,2100.0,,,,HZ,,,,,,,59.9,KITH 051156Z 04005KT 6SM HZ SCT021 16/12 A3029 RMK AO2 53019 T01550116 10177 20138 SLP253,,2.57222,15.555555555555555,4
ITH,2015-05-05 08:56:00,-76.4584,42.491,335.0,60.0,52.88,77.57,300.0,6.0,0.0,30.3,1025.8,8.0,,SCT,,,,1800.0,,,,,,,,,,,59.9,KITH 051256Z 30006KT 8SM SCT018 16/12 A3030 RMK AO2 T01550116 SLP258,,3.086664,15.555555555555555,4
ITH,2015-05-05 09:56:00,-76.4584,42.491,335.0,63.86,52.0,65.25,290.0,3.0,0.0,30.29,1025.5,10.0,,SCT,,,,2300.0,,,,,,,,,,,63.86,KITH 051356Z 29003KT 10SM SCT023 18/11 A3029 RMK AO2 T01770111 SLP255,,1.543332,17.700000000000003,4
ITH,2015-05-05 10:56:00,-76.4584,42.491,335.0,65.84,49.0,54.35,270.0,5.0,0.0,30.3,1025.8,10.0,,FEW,,,,3500.0,,,,,,,,,,,65.84,KITH 051456Z 27005KT 10SM FEW035 19/09 A3030 RMK AO2 51004 T01880094 SLP258,,2.57222,18.8,2
ITH,2015-05-05 11:56:00,-76.4584,42.491,335.0,68.0,45.0,43.44,340.0,5.0,0.0,30.3,1025.6,10.0,,FEW,,,,5000.0,,,,,,,,,,,68.0,KITH 051556Z 34005KT 10SM FEW050 20/07 A3030 RMK AO2 T02000072 SLP256,,2.57222,20.0,2
ITH,2015-05-05 12:56:00,-76.4584,42.491,335.0,70.0,45.86,42.0,350.0,6.0,0.0,30.29,1025.2,10.0,,FEW,,,,5000.0,,,,,,,,,,,69.98,KITH 051656Z 35006KT 10SM FEW050 21/08 A3029 RMK AO2 T02110077 SLP252,,3.086664,21.11111111111111,2
ITH,2015-05-05 13:56:00,-76.4584,42.491,335.0,69.0,43.0,39.05,350.0,5.0,0.0,30.28,1025.0,10.0,,FEW,,,,7000.0,,,,,,,,,,,68.9,KITH 051756Z 35005KT 10SM FEW070 21/06 A3028 RMK AO2 58006 T02050061 10211 20155 SLP250,,2.57222,20.555555555555557,2
ITH,2015-05-05 14:56:00,-76.4584,42.491,335.0,70.0,42.0,36.1,330.0,6.0,0.0,30.27,1024.6,10.0,,FEW,,,,7000.0,,,,,,,,,,,69.98,KITH 051856Z 33006KT 10SM FEW070 21/06 A3027 RMK AO2 T02110055 SLP246,,3.086664,21.11111111111111,2
ITH,2015-05-05 15:56:00,-76.4584,42.491,335.0,68.0,45.86,44.95,300.0,7.0,0.0,30.25,1024.3,10.0,,FEW,,,,8000.0,,,,,,,,,,,68.0,KITH 051956Z 30007KT 10SM FEW080 20/08 A3025 RMK AO2 T02000077 SLP243,,3.601108,20.0,2
ITH,2015-05-05 16:56:00,-76.4584,42.491,335.0,69.0,43.88,40.42,300.0,8.0,0.0,30.24,1023.8,10.0,,FEW,,,,8000.0,,,,,,,,,,,68.9,KITH 052056Z 30008KT 10SM FEW080 21/07 A3024 RMK AO2 58013 T02050066 SLP238,,4.115552,20.555555555555557,2
ITH,2015-05-05 17:56:00,-76.4584,42.491,335.0,67.0,47.0,48.6,320.0,4.0,0.0,30.24,1023.8,10.0,,SCT,BKN,,,7000.0,10000.0,,,,,,,,,,66.92,KITH 052156Z 32004KT 10SM SCT070 BKN100 19/08 A3024 RMK AO2 T01940083 SLP238,,2.057776,19.444444444444443,6
ITH,2015-05-05 18:56:00,-76.4584,42.491,335.0,63.86,47.84,55.93,330.0,3.0,0.0,30.24,1023.9,10.0,,BKN,,,,7500.0,,,,,,,,,,,63.86,KITH 052256Z 33003KT 10SM BKN075 18/09 A3024 RMK AO2 T01770088 SLP239,,1.543332,17.700000000000003,6
ITH,2015-05-05 19:56:00,-76.4584,42.491,335.0,61.88,45.86,55.65,360.0,3.0,0.0,30.25,1024.3,10.0,,SCT,BKN,,,7000.0,9000.0,,,,,,,,,,61.88,KITH 052356Z 36003KT 10SM SCT070 BKN090 17/08 A3025 RMK AO2 53004 T01660077 10216 20166 SLP243,,1.543332,16.6,6
ITH,2015-05-05 20:56:00,-76.4584,42.491,335.0,58.0,47.0,66.75,310.0,4.0,0.0,30.27,1025.1,10.0,,BKN,,,,10000.0,,,,,,,,,,,57.92,KITH 060056Z 31004KT 10SM BKN100 14/08 A3027 RMK AO2 T01440083 SLP251,,2.057776,14.444444444444445,6
ITH,2015-05-05 21:56:00,-76.4584,42.491,335.0,58.0,47.0,66.75,0.0,0.0,0.0,30.28,1025.4,10.0,,SCT,,,,9000.0,,,,,,,,,,,57.92,KITH 060156Z 00000KT 10SM SCT090 14/08 A3028 RMK AO2 T01440083 SLP254,,0.0,14.444444444444445,4
ITH,2015-05-05 22:56:00,-76.4584,42.491,335.0,56.0,47.0,71.7,320.0,5.0,0.0001,30.29,1025.6,10.0,,FEW,SCT,,,7500.0,10000.0,,,,,,,,,,55.94,KITH 060256Z AUTO 32005KT 10SM FEW075 SCT100 13/08 A3029 RMK AO2 51013 60000 T01330083 RAB13E31 P0000 SLP256,,2.57222,13.333333333333334,4
ITH,2015-05-05 23:56:00,-76.4584,42.491,335.0,56.0,47.0,71.7,330.0,4.0,0.0001,30.3,1025.8,10.0,,FEW,OVC,,,7500.0,9500.0,,,-RA,,,,,,,55.94,KITH 060356Z AUTO 33004KT 10SM -RA FEW075 OVC095 13/08 A3030 RMK AO2 T01330083 402160127 RAB30 P0000 SLP258,,2.057776,13.333333333333334,8
ITH,2015-05-06 00:56:00,-76.4584,42.491,335.0,54.86,47.0,74.57,330.0,3.0,0.0001,30.3,1026.1,10.0,,SCT,OVC,,,7500.0,9000.0,,,-RA,,,,,,,54.86,KITH 060456Z AUTO 33003KT 10SM -RA SCT075 OVC090 13/08 A3030 RMK AO2 T01270083 P0000 SLP261,,1.543332,12.7,8
ITH,2015-05-06 01:56:00,-76.4584,42.491,335.0,54.0,51.0,89.35,0.0,0.0,0.0001,30.3,1026.0,10.0,,FEW,OVC,,,7500.0,9500.0,,,-RA,,,,,,,53.96,KITH 060556Z AUTO 00000KT 10SM -RA FEW075 OVC095 12/11 A3030 RMK AO2 50004 60000 T01220105 10172 20122 P0000 SLP260,,0.0,12.222222222222221,8
ITH,2015-05-06 02:56:00,-76.4584,42.491,335.0,52.88,51.0,92.96,0.0,0.0,0.02,30.29,1025.7,10.0,,BKN,OVC,,,8000.0,9000.0,,,-RA,,,,,,,52.88,KITH 060656Z AUTO 00000KT 10SM -RA BKN080 OVC090 12/11 A3029 RMK AO2 T01160105 BKN V SCT P0002 SLP257,,0.0,11.600000000000001,8
ITH,2015-05-06 03:56:00,-76.4584,42.491,335.0,52.0,51.0,96.09,0.0,0.0,0.01,30.29,1025.7,10.0,,SCT,BKN,OVC,,4400.0,8000.0,10000.0,,,,,,,,,51.98,KITH 060756Z AUTO 00000KT 10SM SCT044 BKN080 OVC100 11/11 A3029 RMK AO2 T01110105 BKN V SCT RAE43 P0001 SLP257,,0.0,11.11111111111111,8
ITH,2015-05-06 04:56:00,-76.4584,42.491,335.0,52.0,51.0,96.09,0.0,0.0,0.0,30.29,1025.7,4.0,,OVC,,,,5000.0,,,,BR,,,,,,,51.98,KITH 060856Z AUTO 00000KT 4SM BR OVC050 11/11 A3029 RMK AO2 55003 60003 T01110105 OVC V BKN SLP257,,0.0,11.11111111111111,8
ITH,2015-05-06 05:56:00,-76.4584,42.491,335.0,52.0,52.0,100.0,0.0,0.0,0.0,30.3,1025.9,3.0,,FEW,OVC,,,200.0,5000.0,,,BR,,,,,,,51.98,KITH 060956Z AUTO 00000KT 3SM BR FEW002 OVC050 11/11 A3030 RMK AO2 T01110111 SLP259,,0.0,11.11111111111111,8
ITH,2015-05-06 06:21:00,-76.4584,42.491,335.0,51.8,51.8,100.0,0.0,0.0,0.0,30.3,,2.5,,FEW,OVC,,,200.0,5000.0,,,BR,,,,,,,51.8,KITH 061021Z 00000KT 2 1/2SM BR FEW002 OVC050 11/11 A3030 RMK AO2,,0.0,10.999999999999998,8
ITH,2015-05-06 06:27:00,-76.4584,42.491,335.0,51.8,51.8,100.0,0.0,0.0,0.0,30.31,,10.0,,FEW,BKN,,,2000.0,5000.0,,,VCFG,,,,,,,51.8,KITH 061027Z 00000KT 10SM VCFG FEW020 BKN050 11/11 A3031 RMK AO2,,0.0,10.999999999999998,6
ITH,2015-05-06 06:56:00,-76.4584,42.491,335.0,52.88,52.88,100.0,0.0,0.0,0.0,30.31,1026.5,10.0,,SCT,BKN,,,5500.0,7500.0,,,VCFG,,,,,,,52.88,KITH 061056Z 00000KT 10SM VCFG SCT055 BKN075 12/12 A3031 RMK AO2 T01160116 SLP265,,0.0,11.600000000000001,6
ITH,2015-05-06 07:56:00,-76.4584,42.491,335.0,54.86,52.0,89.98,0.0,0.0,0.0,30.32,1026.8,10.0,,SCT,BKN,,,5500.0,7000.0,,,VCFG,,,,,,,54.86,KITH 061156Z 00000KT 10SM VCFG SCT055 BKN070 13/11 A3032 RMK AO2 53009 60003 70003 T01270111 10127 20111 SLP268,,0.0,12.7,6
ITH,2015-05-06 08:56:00,-76.4584,42.491,335.0,56.84,51.0,80.47,0.0,0.0,0.0,30.33,1027.2,10.0,,FEW,BKN,BKN,,300.0,6000.0,9000.0,,,,,,,,,56.84,KITH 061256Z 00000KT 10SM FEW003 BKN060 BKN090 14/11 A3033 RMK AO2 T01380105 SLP272,,0.0,13.800000000000002,6
ITH,2015-05-06 09:56:00,-76.4584,42.491,335.0,58.0,50.0,74.86,0.0,0.0,0.0,30.32,1027.0,10.0,,BKN,OVC,,,6000.0,8000.0,,,,,,,,,,57.92,KITH 061356Z 00000KT 10SM BKN060 OVC080 14/10 A3032 RMK AO2 T01440100 SLP270,,0.0,14.444444444444445,8
ITH,2015-05-06 10:56:00,-76.4584,42.491,335.0,60.0,52.0,75.04,210.0,4.0,0.0,30.32,1026.9,10.0,,BKN,,,,6000.0,,,,,,,,,,,59.9,KITH 061456Z 21004KT 10SM BKN060 16/11 A3032 RMK AO2 50001 T01550111 SLP269,,2.057776,15.555555555555555,6
ITH,2015-05-06 11:56:00,-76.4584,42.491,335.0,63.0,45.0,51.77,180.0,8.0,0.0,30.32,1026.6,10.0,,FEW,BKN,,,5500.0,7500.0,,,,,,,,,,62.96,KITH 061556Z 18008KT 10SM FEW055 BKN075 17/07 A3032 RMK AO2 T01720072 SLP266,,4.115552,17.22222222222222,6
ITH,2015-05-06 12:56:00,-76.4584,42.491,335.0,65.0,42.0,42.96,140.0,11.0,0.0,30.3,1026.0,10.0,,FEW,BKN,,,5500.0,10000.0,,,,,,,,,,64.94,KITH 061656Z 14011KT 10SM FEW055 BKN100 18/06 A3030 RMK AO2 T01830055 SLP260,,5.6588840000000005,18.333333333333332,6
ITH,2015-05-06 13:56:00,-76.4584,42.491,335.0,68.0,45.0,43.44,120.0,7.0,0.0,30.28,1025.4,10.0,,FEW,BKN,,,6000.0,10000.0,,,,,,,,,,68.0,KITH 061756Z 12007KT 080V160 10SM FEW060 BKN100 20/07 A3028 RMK AO2 58013 T02000072 10200 20127 SLP254,,3.601108,20.0,6
ITH,2015-05-06 14:56:00,-76.4584,42.491,335.0,69.0,45.86,43.58,200.0,3.0,0.0,30.26,1024.8,10.0,,BKN,,,,7000.0,,,,,,,,,,,68.9,KITH 061856Z 20003KT 10SM BKN070 21/08 A3026 RMK AO2 T02050077 SLP248,,1.543332,20.555555555555557,6
ITH,2015-05-06 15:56:00,-76.4584,42.491,335.0,70.0,50.0,49.07,250.0,5.0,0.0,30.25,1024.2,10.0,,BKN,,,,7500.0,,,,,,,,,,,69.98,KITH 061956Z 25005KT 10SM BKN075 21/10 A3025 RMK AO2 T02110100 SLP242,,2.57222,21.11111111111111,6
ITH,2015-05-06 16:56:00,-76.4584,42.491,335.0,70.88,50.0,47.58,250.0,6.0,0.0,30.23,1023.4,10.0,,BKN,,,,4500.0,,,,,,,,,,,70.88,KITH 062056Z 25006KT 10SM BKN045 22/10 A3023 RMK AO2 58019 T02160100 SLP234,,3.086664,21.599999999999998,6
ITH,2015-05-06 17:56:00,-76.4584,42.491,335.0,70.0,51.0,50.73,,3.0,0.0,30.22,1023.2,10.0,,BKN,,,,4900.0,,,,,,,,,,,69.98,KITH 062156Z VRB03KT 10SM BKN049 21/11 A3022 RMK AO2 T02110105 SLP232,,1.543332,21.11111111111111,6
ITH,2015-05-06 18:56:00,-76.4584,42.491,335.0,69.0,51.0,52.64,200.0,6.0,0.0,30.22,1023.1,10.0,,FEW,,,,5000.0,,,,,,,,,,,68.9,KITH 062256Z 20006KT 10SM FEW050 21/11 A3022 RMK AO2 T02050105 SLP231,,3.086664,20.555555555555557,2
ITH,2015-05-06 19:56:00,-76.4584,42.491,335.0,65.0,51.0,60.37,210.0,6.0,0.0,30.22,1023.3,10.0,,CLR,,,,,,,,,,,,,,,64.94,KITH 062356Z 21006KT 10SM CLR 18/11 A3022 RMK AO2 55002 T01830105 10216 20183 SLP233,,3.086664,18.333333333333332,0
ITH,2015-05-06 20:56:00,-76.4584,42.491,335.0,60.0,51.0,72.11,160.0,3.0,0.0,30.23,1023.6,10.0,,CLR,,,,,,,,,,,,,,,59.9,KITH 070056Z 16003KT 10SM CLR 16/11 A3023 RMK AO2 T01550105 SLP236,,1.543332,15.555555555555555,0
ITH,2015-05-06 21:56:00,-76.4584,42.491,335.0,56.84,50.0,77.83,170.0,3.0,0.0,30.24,1024.0,10.0,,CLR,,,,,,,,,,,,,,,56.84,KITH 070156Z 17003KT 10SM CLR 14/10 A3024 RMK AO2 T01380100 SLP240,,1.543332,13.800000000000002,0
ITH,2015-05-06 22:56:00,-76.4584,42.491,335.0,52.0,50.0,92.93,0.0,0.0,0.0,30.24,1024.1,10.0,,CLR,,,,,,,,,,,,,,,51.98,KITH 070256Z AUTO 00000KT 10SM CLR 11/10 A3024 RMK AO2 52007 T01110100 SLP241,,0.0,11.11111111111111,0
ITH,2015-05-06 23:56:00,-76.4584,42.491,335.0,51.0,51.0,100.0,100.0,4.0,0.0,30.25,1024.4,10.0,,CLR,,,,,,,,,,,,,,,50.9,KITH 070356Z AUTO 10004KT 10SM CLR 11/11 A3025 RMK AO2 T01050105 402160105 SLP244,,2.057776,10.555555555555555,0
ITH,2015-05-07 00:56:00,-76.4584,42.491,335.0,50.0,49.0,96.05,90.0,3.0,0.0,30.25,1024.4,10.0,,CLR,,,,,,,,,,,,,,,49.27,KITH 070456Z AUTO 09003KT 10SM CLR 10/09 A3025 RMK AO2 T01000094 SLP244,,1.543332,10.0,0
ITH,2015-05-07 01:56:00,-76.4584,42.491,335.0,49.0,49.0,100.0,80.0,5.0,0.0,30.24,1024.2,10.0,,CLR,,,,,,,,,,,,,,,46.49,KITH 070556Z AUTO 08005KT 10SM CLR 09/09 A3024 RMK AO2 50002 T00940094 10183 20094 SLP242,,2.57222,9.444444444444445,0
ITH,2015-05-07 02:56:00,-76.4584,42.491,335.0,50.0,49.0,96.05,80.0,6.0,0.0,30.23,1023.5,10.0,,CLR,,,,,,,,,,,,,,,47.21,KITH 070656Z AUTO 08006KT 10SM CLR 10/09 A3023 RMK AO2 T01000094 SLP235,,3.086664,10.0,0
ITH,2015-05-07 03:56:00,-76.4584,42.491,335.0,50.0,49.0,96.05,80.0,6.0,0.0,30.21,1023.1,10.0,,CLR,,,,,,,,,,,,,,,47.21,KITH 070756Z AUTO 08006KT 10SM CLR 10/09 A3021 RMK AO2 T01000094 SLP231,,3.086664,10.0,0
ITH,2015-05-07 04:56:00,-76.4584,42.491,335.0,50.0,47.84,92.24,90.0,5.0,0.0,30.22,1023.2,10.0,,CLR,,,,,,,,,,,,,,,47.77,KITH 070856Z AUTO 09005KT 10SM CLR 10/09 A3022 RMK AO2 55010 T01000088 SLP232,,2.57222,10.0,0
ITH,2015-05-07 05:56:00,-76.4584,42.491,335.0,49.0,47.0,92.84,80.0,5.0,0.0,30.22,1023.4,10.0,,CLR,,,,,,,,,,,,,,,46.49,KITH 070956Z AUTO 08005KT 10SM CLR 09/08 A3022 RMK AO2 T00940083 SLP234,,2.57222,9.444444444444445,0
ITH,2015-05-07 06:21:00,-76.4584,42.491,335.0,48.2,48.2,100.0,80.0,5.0,0.0,30.22,,7.0,,FEW,,,,10000.0,,,,,,,,,,,45.63,KITH 071021Z 08005KT 7SM FEW100 09/09 A3022 RMK AO2,,2.57222,9.000000000000002,2
ITH,2015-05-07 06:56:00,-76.4584,42.491,335.0,51.0,47.84,89.21,80.0,5.0,0.0,30.23,1023.8,7.0,,FEW,,,,10000.0,,,,,,,,,,,50.9,KITH 071056Z 08005KT 7SM FEW100 11/09 A3023 RMK AO2 T01050088 SLP238,,2.57222,10.555555555555555,2
ITH,2015-05-07 07:56:00,-76.4584,42.491,335.0,54.86,51.0,86.46,0.0,0.0,0.0,30.24,1023.8,10.0,,BKN,,,,3900.0,,,,,,,,,,,54.86,KITH 071156Z 00000KT 10SM BKN039 13/11 A3024 RMK AO2 51007 T01270105 10127 20094 SLP238,,0.0,12.7,6
ITH,2015-05-07 08:56:00,-76.4584,42.491,335.0,61.0,52.88,74.65,160.0,5.0,0.0,30.24,1023.9,10.0,,BKN,,,,4300.0,,,,,,,,,,,60.98,KITH 071256Z 16005KT 10SM BKN043 16/12 A3024 RMK AO2 T01610116 SLP239,,2.57222,16.11111111111111,6
ITH,2015-05-07 09:56:00,-76.4584,42.491,335.0,65.84,51.0,58.51,150.0,6.0,0.0,30.22,1023.3,10.0,,FEW,,,,4300.0,,,,,,,,,,,65.84,KITH 071356Z 15006KT 10SM FEW043 19/11 A3022 RMK AO2 T01880105 SLP233,,3.086664,18.8,2
ITH,2015-05-07 10:56:00,-76.4584,42.491,335.0,70.0,52.0,52.8,190.0,7.0,0.0,30.22,1023.2,10.0,,FEW,,,,5000.0,,,,,,,,,,,69.98,KITH 071456Z 19007KT 10SM FEW050 21/11 A3022 RMK AO2 58006 T02110111 SLP232,,3.601108,21.11111111111111,2
ITH,2015-05-07 11:56:00,-76.4584,42.491,335.0,72.86,52.0,47.88,0.0,0.0,0.0,30.2,1022.6,10.0,,FEW,,,,4200.0,,,,,,,,,,,72.86,KITH 071556Z 00000KT 10SM FEW042 23/11 A3020 RMK AO2 T02270111 SLP226,,0.0,22.700000000000003,2
ITH,2015-05-07 12:56:00,-76.4584,42.491,335.0,76.0,52.88,44.67,,5.0,0.0,30.19,1022.1,10.0,,SCT,,,,4500.0,,,,,,,,,,,75.92,KITH 071656Z VRB05KT 10SM SCT045 24/12 A3019 RMK AO2 T02440116 SLP221,,2.57222,24.444444444444443,4
ITH,2015-05-07 13:56:00,-76.4584,42.491,335.0,77.0,52.88,43.1,0.0,0.0,0.0,30.17,1021.4,10.0,,SCT,,,,4800.0,,,,,,,,,,,77.0,KITH 071756Z 00000KT 10SM SCT048 25/12 A3017 RMK AO2 58017 T02500116 10255 20127 SLP214,,0.0,25.0,4
ITH,2015-05-07 14:56:00,-76.4584,42.491,335.0,78.0,52.88,41.83,140.0,7.0,0.0,30.14,1020.5,10.0,,SCT,,,,4800.0,,,,,,,,,,,77.9,KITH 071856Z 14007KT 090V160 10SM SCT048 26/12 A3014 RMK AO2 T02550116 SLP205,,3.601108,25.555555555555557,4
ITH,2015-05-07 15:56:00,-76.4584,42.491,335.0,81.0,52.0,36.6,0.0,0.0,0.0,30.12,1019.6,10.0,,FEW,,,,5000.0,,,,,,,,,,,80.96,KITH 071956Z 00000KT 10SM FEW050 27/11 A3012 RMK AO2 T02720111 SLP196,,0.0,27.22222222222222,2
ITH,2015-05-07 16:56:00,-76.4584,42.491,335.0,81.86,51.0,34.15,250.0,4.0,0.0,30.1,1019.1,10.0,,FEW,,,,6000.0,,,,,,,,,,,80.74,KITH 072056Z 25004KT 10SM FEW060 28/11 A3010 RMK AO2 56021 T02770105 SLP191,,2.057776,27.700000000000003,2
ITH,2015-05-07 17:56:00,-76.4584,42.491,335.0,81.86,51.0,34.15,0.0,0.0,0.0,30.1,1018.9,10.0,,FEW,,,,6000.0,,,,,,,,,,,80.74,KITH 072156Z 00000KT 10SM FEW060 28/11 A3010 RMK AO2 T02770105 SLP189,,0.0,27.700000000000003,2
ITH,2015-05-07 18:56:00,-76.4584,42.491,335.0,79.88,50.0,35.23,350.0,5.0,0.0,30.09,1018.5,10.0,,FEW,,,,6000.0,,,,,,,,,,,79.88,KITH 072256Z 35005KT 10SM FEW060 27/10 A3009 RMK AO2 T02660100 SLP185,,2.57222,26.599999999999998,2
ITH,2015-05-07 19:56:00,-76.4584,42.491,335.0,72.0,54.0,53.08,310.0,6.0,0.0,30.09,1018.7,10.0,,FEW,,,,6000.0,,,,,,,,,,,71.96,KITH 072356Z 31006KT 10SM FEW060 22/12 A3009 RMK AO2 55005 T02220122 10277 20222 SLP187,,3.086664,22.22222222222222,2
ITH,2015-05-07 20:56:00,-76.4584,42.491,335.0,63.0,52.88,69.61,330.0,3.0,0.0,30.11,1019.6,10.0,,CLR,,,,,,,,,,,,,,,62.96,KITH 080056Z 33003KT 10SM CLR 17/12 A3011 RMK AO2 T01720116 SLP196,,1.543332,17.22222222222222,0
ITH,2015-05-07 21:56:00,-76.4584,42.491,335.0,60.0,54.86,83.4,0.0,0.0,0.0,30.13,1020.0,10.0,,CLR,,,,,,,,,,,,,,,59.9,KITH 080156Z 00000KT 10SM CLR 16/13 A3013 RMK AO2 T01550127 SLP200,,0.0,15.555555555555555,0
ITH,2015-05-07 22:56:00,-76.4584,42.491,335.0,59.0,54.0,83.34,330.0,3.0,0.0,30.12,1019.7,10.0,,CLR,,,,,,,,,,,,,,,59.0,KITH 080256Z AUTO 33003KT 10SM CLR 15/12 A3012 RMK AO2 50009 T01500122 SLP197,,1.543332,15.0,0
ITH,2015-05-07 23:56:00,-76.4584,42.491,335.0,56.84,54.86,93.07,0.0,0.0,0.0,30.12,1019.6,10.0,,CLR,,,,,,,,,,,,,,,56.84,KITH 080356Z AUTO 00000KT 10SM CLR 14/13 A3012 RMK AO2 T01380127 402770094 SLP196,,0.0,13.800000000000002,0
ITH,2015-05-08 00:56:00,-76.4584,42.491,335.0,54.86,54.0,96.77,90.0,3.0,0.0,30.13,1019.8,10.0,,CLR,,,,,,,,,,,,,,,54.86,KITH 080456Z AUTO 09003KT 10SM CLR 13/12 A3013 RMK AO2 T01270122 SLP198,,1.543332,12.7,0
ITH,2015-05-08 01:56:00,-76.4584,42.491,335.0,54.86,54.0,96.77,90.0,4.0,0.0,30.12,1019.6,10.0,,CLR,,,,,,,,,,,,,,,54.86,KITH 080556Z AUTO 09004KT 10SM CLR 13/12 A3012 RMK AO2 50000 T01270122 10216 20122 SLP196,,2.057776,12.7,0
ITH,2015-05-08 02:56:00,-76.4584,42.491,335.0,54.0,52.88,96.12,90.0,4.0,0.0,30.11,1019.2,10.0,,CLR,,,,,,,,,,,,,,,53.96,KITH 080656Z AUTO 09004KT 10SM CLR 12/12 A3011 RMK AO2 T01220116 SLP192,,2.057776,12.222222222222221,0
ITH,2015-05-08 03:56:00,-76.4584,42.491,335.0,54.86,52.88,93.01,80.0,5.0,0.0,30.11,1019.1,10.0,,CLR,,,,,,,,,,,,,,,54.86,KITH 080756Z AUTO 08005KT 10SM CLR 13/12 A3011 RMK AO2 T01270116 SLP191,,2.57222,12.7,0
ITH,2015-05-08 04:56:00,-76.4584,42.491,335.0,54.0,52.88,96.12,90.0,5.0,0.0,30.12,1019.5,10.0,,CLR,,,,,,,,,,,,,,,53.96,KITH 080856Z AUTO 09005KT 10SM CLR 12/12 A3012 RMK AO2 55001 T01220116 SLP195,,2.57222,12.222222222222221,0
ITH,2015-05-08 05:56:00,-76.4584,42.491,335.0,54.0,52.88,96.12,90.0,6.0,0.0,30.13,1019.8,10.0,,CLR,,,,,,,,,,,,,,,53.96,KITH 080956Z AUTO 09006KT 10SM CLR 12/12 A3013 RMK AO2 T01220116 SLP198,,3.086664,12.222222222222221,0
ITH,2015-05-08 06:26:00,-76.4584,42.491,335.0,53.6,51.8,93.6,90.0,5.0,0.0,30.14,,10.0,,CLR,,,,,,,,,,,,,,,53.6,KITH 081026Z 09005KT 10SM CLR 12/11 A3014 RMK AO2,,2.57222,12.0,0
ITH,2015-05-08 06:56:00,-76.4584,42.491,335.0,56.84,52.88,86.57,90.0,5.0,0.0,30.14,1020.1,10.0,,CLR,,,,,,,,,,,,,,,56.84,KITH 081056Z 09005KT 10SM CLR 14/12 A3014 RMK AO2 T01380116 SLP201,,2.57222,13.800000000000002,0
ITH,2015-05-08 07:56:00,-76.4584,42.491,335.0,63.86,54.86,72.51,90.0,5.0,0.0,30.14,1020.3,10.0,,CLR,,,,,,,,,,,,,,,63.86,KITH 081156Z 09005KT 10SM CLR 18/13 A3014 RMK AO2 51009 T01770127 10177 20116 SLP203,,2.57222,17.700000000000003,0
ITH,2015-05-08 08:56:00,-76.4584,42.491,335.0,70.88,56.84,61.14,150.0,3.0,0.0,30.14,1020.3,10.0,,CLR,,,,,,,,,,,,,,,70.88,KITH 081256Z 15003KT 10SM CLR 22/14 A3014 RMK AO2 T02160138 SLP203,,1.543332,21.599999999999998,0
ITH,2015-05-08 09:56:00,-76.4584,42.491,335.0,74.84,58.0,55.62,0.0,0.0,0.0,30.14,1020.1,10.0,,CLR,,,,,,,,,,,,,,,74.84,KITH 081356Z 00000KT 10SM CLR 24/14 A3014 RMK AO2 T02380144 SLP201,,0.0,23.8,0
ITH,2015-05-08 10:56:00,-76.4584,42.491,335.0,79.88,58.0,47.07,0.0,0.0,0.0,30.13,1020.0,10.0,,CLR,,,,,,,,,,,,,,,79.88,KITH 081456Z 00000KT 10SM CLR 27/14 A3013 RMK AO2 58003 T02660144 SLP200,,0.0,26.599999999999998,0
ITH,2015-05-08 11:09:00,-76.4584,42.491,335.0,80.6,57.2,44.8,0.0,0.0,0.0,30.13,,10.0,,CLR,,,,,,,,,,,,,,,80.81,KITH 081509Z 00000KT 10SM CLR 27/14 A3013 RMK AO2,,0.0,26.999999999999996,0
ITH,2015-05-08 11:56:00,-76.4584,42.491,335.0,83.0,52.88,35.48,,3.0,0.0,30.13,1019.8,10.0,,FEW,,,,6000.0,,,,,,,,,,,81.72,KITH 081556Z VRB03KT 10SM FEW060 28/12 A3013 RMK AO2 T02830116 SLP198,,1.543332,28.333333333333332,2
ITH,2015-05-08 12:56:00,-76.4584,42.491,335.0,85.0,47.0,26.68,260.0,4.0,0.0,30.12,1019.6,10.0,,SCT,,,,10000.0,,,,,,,,,,,82.44,KITH 081656Z 26004KT 10SM SCT100 29/08 A3012 RMK AO2 T02940083 SLP196,,2.057776,29.444444444444443,4
ITH,2015-05-08 13:56:00,-76.4584,42.491,335.0,87.0,36.0,16.39,150.0,4.0,0.0,30.11,1018.9,10.0,,SCT,,,,10000.0,,,,,,,,,,,83.4,KITH 081756Z 15004KT 10SM SCT100 31/02 A3011 RMK AO2 58009 T03050022 10305 20177 SLP189,,2.057776,30.555555555555557,4
ITH,2015-05-08 14:56:00,-76.4584,42.491,335.0,87.0,38.84,18.35,,3.0,0.0,30.09,1018.4,10.0,,SCT,,,,10000.0,,,,,,,,,,,83.48,KITH 081856Z VRB03KT 10SM SCT100 31/04 A3009 RMK AO2 T03050038 SLP184,,1.543332,30.555555555555557,4
ITH,2015-05-08 15:56:00,-76.4584,42.491,335.0,88.0,41.0,19.29,280.0,4.0,0.0,30.07,1017.8,10.0,,SCT,,,,10000.0,,,,,,,,,,,84.45,KITH 081956Z 28004KT 10SM SCT100 31/05 A3007 RMK AO2 T03110050 SLP178,,2.057776,31.11111111111111,4
ITH,2015-05-08 16:56:00,-76.4584,42.491,335.0,88.0,42.0,19.97,0.0,0.0,0.0,30.07,1017.6,10.0,,SCT,,,,10000.0,,,,,,,,,,,84.5,KITH 082056Z 00000KT 10SM SCT100 31/06 A3007 RMK AO2 56014 T03110055 SLP176,,0.0,31.11111111111111,4
ITH,2015-05-08 17:56:00,-76.4584,42.491,335.0,87.0,38.84,18.35,360.0,5.0,0.0,30.06,1017.2,10.0,,SCT,,,,10000.0,,,,,,,,,,,83.48,KITH 082156Z 36005KT 10SM SCT100 31/04 A3006 RMK AO2 T03050038 SLP172,,2.57222,30.555555555555557,4
ITH,2015-05-08 18:56:00,-76.4584,42.491,335.0,85.0,40.0,20.39,60.0,3.0,0.0,30.06,1017.2,10.0,,CLR,,,,,,,,,,,,,,,81.99,KITH 082256Z 06003KT 10SM CLR 29/04 A3006 RMK AO2 T02940044 SLP172,,1.543332,29.444444444444443,0
ITH,2015-05-08 19:56:00,-76.4584,42.491,335.0,77.0,49.0,37.21,0.0,0.0,0.0,30.07,1017.5,10.0,,CLR,,,,,,,,,,,,,,,77.0,KITH 082356Z 00000KT 10SM CLR 25/09 A3007 RMK AO2 55001 T02500094 10311 20255 SLP175,,0.0,25.0,0
ITH,2015-05-08 20:56:00,-76.4584,42.491,335.0,70.88,49.0,45.71,100.0,6.0,0.0,30.08,1017.9,10.0,,CLR,,,,,,,,,,,,,,,69.82,KITH 090056Z 10006KT 10SM CLR 22/09 A3008 RMK AO2 T02160094 SLP179,,3.086664,21.599999999999998,0
ITH,2015-05-08 21:56:00,-76.4584,42.491,335.0,68.0,47.84,48.44,80.0,4.0,0.0,30.09,1018.5,10.0,,CLR,,,,,,,,,,,,,,,68.0,KITH 090156Z 08004KT 10SM CLR 20/09 A3009 RMK AO2 T02000088 SLP185,,2.057776,20.0,0
ITH,2015-05-08 22:56:00,-76.4584,42.491,335.0,63.0,54.0,72.42,110.0,3.0,0.0,30.1,1018.8,10.0,,CLR,,,,,,,,,,,,,,,62.96,KITH 090256Z AUTO 11003KT 10SM CLR 17/12 A3010 RMK AO2 53013 T01720122 SLP188,,1.543332,17.22222222222222,0
ITH,2015-05-08 23:56:00,-76.4584,42.491,335.0,65.84,50.0,56.58,150.0,6.0,0.0,30.12,1019.1,10.0,,SCT,,,,12000.0,,,,,,,,,,,65.84,KITH 090356Z AUTO 15006KT 10SM SCT120 19/10 A3012 RMK AO2 T01880100 403110116 SLP191,,3.086664,18.8,4
ITH,2015-05-09 00:56:00,-76.4584,42.491,335.0,70.0,54.0,56.78,170.0,6.0,0.0,30.13,1019.4,10.0,,CLR,,,,,,,,,,,,,,,69.98,KITH 090456Z AUTO 17006KT 10SM CLR 21/12 A3013 RMK AO2 T02110122 SLP194,,3.086664,21.11111111111111,0
ITH,2015-05-09 01:56:00,-76.4584,42.491,335.0,70.88,56.0,59.18,170.0,8.0,0.0,30.13,1019.3,10.0,,CLR,,,,,,,,,,,,,,,70.88,KITH 090556Z AUTO 17008KT 10SM CLR 22/13 A3013 RMK AO2 51007 T02160133 10250 20172 SLP193,,4.115552,21.599999999999998,0
ITH,2015-05-09 02:56:00,-76.4584,42.491,335.0,69.0,56.84,65.42,160.0,9.0,0.0,30.13,1019.6,10.0,,CLR,,,,,,,,,,,,,,,68.9,KITH 090656Z AUTO 16009KT 10SM CLR 21/14 A3013 RMK AO2 T02050138 SLP196,,4.629996,20.555555555555557,0
ITH,2015-05-09 03:56:00,-76.4584,42.491,335.0,68.0,56.84,67.47,160.0,9.0,0.0,30.14,1019.8,10.0,,CLR,,,,,,,,,,,,,,,68.0,KITH 090756Z AUTO 16009KT 10SM CLR 20/14 A3014 RMK AO2 T02000138 SLP198,,4.629996,20.0,0
ITH,2015-05-09 04:56:00,-76.4584,42.491,335.0,67.0,56.84,70.03,170.0,11.0,0.0,30.15,1020.1,10.0,,SCT,,,,9500.0,,,,,,,,,,,66.92,KITH 090856Z AUTO 17011KT 10SM SCT095 19/14 A3015 RMK AO2 53006 T01940138 SLP201,,5.6588840000000005,19.444444444444443,4
ITH,2015-05-09 05:56:00,-76.4584,42.491,335.0,67.0,56.0,67.79,170.0,11.0,0.0,30.17,1020.8,10.0,16.0,FEW,,,,9000.0,,,,,,,,,,,66.92,KITH 090956Z AUTO 17011G16KT 10SM FEW090 19/13 A3017 RMK AO2 T01940133 SLP208,,5.6588840000000005,19.444444444444443,2
ITH,2015-05-09 06:27:00,-76.4584,42.491,335.0,66.2,55.4,68.15,180.0,9.0,0.0,30.18,,10.0,,SCT,,,,9000.0,,,,,,,,,,,66.2,KITH 091027Z 18009KT 10SM SCT090 19/13 A3018 RMK AO2,,4.629996,19.0,4
ITH,2015-05-09 06:56:00,-76.4584,42.491,335.0,67.0,56.0,67.79,180.0,10.0,0.0,30.19,1021.5,10.0,15.0,BKN,,,,9000.0,,,,,,,,,,,66.92,KITH 091056Z 18010G15KT 10SM BKN090 19/13 A3019 RMK AO2 T01940133 SLP215,,5.14444,19.444444444444443,6
ITH,2015-05-09 07:56:00,-76.4584,42.491,335.0,68.0,56.0,65.31,180.0,9.0,0.0,30.2,1021.9,10.0,,BKN,,,,10000.0,,,,,,,,,,,68.0,KITH 091156Z 18009KT 10SM BKN100 20/13 A3020 RMK AO2 51017 T02000133 10216 20194 SLP219,,4.629996,20.0,6
ITH,2015-05-09 08:56:00,-76.4584,42.491,335.0,70.0,56.84,63.04,160.0,7.0,0.0,30.22,1022.7,10.0,,BKN,,,,10000.0,,,,,,,,,,,69.98,KITH 091256Z 16007KT 10SM BKN100 21/14 A3022 RMK AO2 T02110138 SLP227,,3.601108,21.11111111111111,6
ITH,2015-05-09 09:56:00,-76.4584,42.491,335.0,76.0,56.0,49.95,200.0,12.0,0.0,30.22,1022.7,10.0,,CLR,,,,,,,,,,,,,,,75.92,KITH 091356Z 20012KT 10SM CLR 24/13 A3022 RMK AO2 T02440133 SLP227,,6.173328,24.444444444444443,0
ITH,2015-05-09 10:56:00,-76.4584,42.491,335.0,78.0,54.86,44.97,180.0,14.0,0.0,30.2,1022.2,10.0,18.0,CLR,,,,,,,,,,,,,,,77.9,KITH 091456Z 18014G18KT 10SM CLR 26/13 A3020 RMK AO2 50003 T02550127 SLP222,,7.202216,25.555555555555557,0
ITH,2015-05-09 11:56:00,-76.4584,42.491,335.0,79.88,52.88,39.19,210.0,11.0,0.0,30.19,1021.6,10.0,,CLR,,,,,,,,,,,,,,,79.88,KITH 091556Z 21011KT 10SM CLR 27/12 A3019 RMK AO2 T02660116 SLP216,,5.6588840000000005,26.599999999999998,0
ITH,2015-05-09 12:56:00,-76.4584,42.491,335.0,83.0,54.0,36.91,180.0,12.0,0.0,30.17,1021.0,10.0,19.0,CLR,,,,,,,,,,,,,,,81.89,KITH 091656Z 18012G19KT 10SM CLR 28/12 A3017 RMK AO2 T02830122 SLP210,,6.173328,28.333333333333332,0
ITH,2015-05-09 13:56:00,-76.4584,42.491,335.0,83.84,51.0,32.03,180.0,12.0,0.0,30.15,1020.3,10.0,16.0,CLR,,,,,,,,,,,,,,,82.09,KITH 091756Z 18012G16KT 10SM CLR 29/11 A3015 RMK AO2 58018 T02880105 10288 20200 SLP203,,6.173328,28.800000000000004,0
ITH,2015-05-09 14:56:00,-76.4584,42.491,335.0,85.0,51.0,30.94,180.0,11.0,0.0,30.14,1019.8,10.0,,CLR,,,,,,,,,,,,,,,82.89,KITH 091856Z 18011KT 10SM CLR 29/11 A3014 RMK AO2 T02940105 SLP198,,5.6588840000000005,29.444444444444443,0
ITH,2015-05-09 15:56:00,-76.4584,42.491,335.0,86.0,47.0,25.78,190.0,14.0,0.0,30.12,1019.1,10.0,20.0,CLR,,,,,,,,,,,,,,,83.27,KITH 091956Z 19014G20KT 10SM CLR 30/08 A3012 RMK AO2 T03000083 SLP191,,7.202216,30.0,0
ITH,2015-05-09 16:56:00,-76.4584,42.491,335.0,86.0,50.0,28.9,170.0,13.0,0.0,30.1,1018.5,10.0,17.0,CLR,,,,,,,,,,,,,,,83.62,KITH 092056Z 17013G17KT 10SM CLR 30/10 A3010 RMK AO2 57016 T03000100 SLP185,,6.687772,30.0,0
ITH,2015-05-09 17:56:00,-76.4584,42.491,335.0,83.84,47.84,28.58,190.0,12.0,0.0,30.11,1018.8,10.0,19.0,CLR,,,,,,,,,,,,,,,81.74,KITH 092156Z 19012G19KT 10SM CLR 29/09 A3011 RMK AO2 T02880088 SLP188,,6.173328,28.800000000000004,0
ITH,2015-05-09 18:56:00,-76.4584,42.491,335.0,81.86,49.0,31.73,180.0,10.0,0.0,30.11,1018.8,10.0,,CLR,,,,,,,,,,,,,,,80.53,KITH 092256Z 18010KT 10SM CLR 28/09 A3011 RMK AO2 T02770094 SLP188,,5.14444,27.700000000000003,0
ITH,2015-05-09 19:56:00,-76.4584,42.491,335.0,78.0,52.0,40.47,190.0,8.0,0.0,30.11,1019.0,10.0,,CLR,,,,,,,,,,,,,,,77.9,KITH 092356Z 19008KT 10SM CLR 26/11 A3011 RMK AO2 53003 T02550111 10300 20255 SLP190,,4.115552,25.555555555555557,0
ITH,2015-05-09 20:56:00,-76.4584,42.491,335.0,74.84,52.88,46.31,180.0,7.0,0.0,30.14,1020.0,10.0,,CLR,,,,,,,,,,,,,,,74.84,KITH 100056Z 18007KT 10SM CLR 24/12 A3014 RMK AO2 T02380116 SLP200,,3.601108,23.8,0
ITH,2015-05-09 21:56:00,-76.4584,42.491,335.0,72.86,56.0,55.34,170.0,9.0,0.0,30.16,1020.5,10.0,16.0,CLR,,,,,,,,,,,,,,,72.86,KITH 100156Z 17009G16KT 10SM CLR 23/13 A3016 RMK AO2 T02270133 SLP205,,4.629996,22.700000000000003,0
ITH,2015-05-09 22:56:00,-76.4584,42.491,335.0,70.88,58.0,63.56,200.0,7.0,0.0,30.17,1020.9,10.0,,CLR,,,,,,,,,,,,,,,70.88,KITH 100256Z AUTO 20007KT 10SM CLR 22/14 A3017 RMK AO2 51018 T02160144 SLP209,,3.601108,21.599999999999998,0
ITH,2015-05-09 23:56:00,-76.4584,42.491,335.0,70.0,59.0,68.13,190.0,6.0,0.0,30.17,1021.1,10.0,,CLR,,,,,,,,,,,,,,,69.98,KITH 100356Z AUTO 19006KT 10SM CLR 21/15 A3017 RMK AO2 T02110150 403000188 SLP211,,3.086664,21.11111111111111,0
ITH,2015-05-10 00:56:00,-76.4584,42.491,335.0,68.0,59.0,72.92,180.0,9.0,0.0,30.16,1020.7,10.0,,CLR,,,,,,,,,,,,,,,68.0,KITH 100456Z AUTO 18009KT 10SM CLR 20/15 A3016 RMK AO2 T02000150 SLP207,,4.629996,20.0,0
ITH,2015-05-10 01:56:00,-76.4584,42.491,335.0,67.0,59.0,75.69,180.0,6.0,0.0,30.17,1020.8,10.0,,CLR,,,,,,,,,,,,,,,66.92,KITH 100556Z AUTO 18006KT 10SM CLR 19/15 A3017 RMK AO2 51001 T01940150 10255 20194 SLP208,,3.086664,19.444444444444443,0
ITH,2015-05-10 02:56:00,-76.4584,42.491,335.0,65.84,59.0,78.57,170.0,7.0,0.0,30.16,1020.5,10.0,,CLR,,,,,,,,,,,,,,,65.84,KITH 100656Z AUTO 17007KT 10SM CLR 19/15 A3016 RMK AO2 T01880150 SLP205,,3.601108,18.8,0
ITH,2015-05-10 03:56:00,-76.4584,42.491,335.0,65.84,59.0,78.57,170.0,8.0,0.0,30.16,1020.4,10.0,,FEW,BKN,,,8000.0,9500.0,,,,,,,,,,65.84,KITH 100756Z AUTO 17008KT 10SM FEW080 BKN095 19/15 A3016 RMK AO2 T01880150 SLP204,,4.115552,18.8,6
ITH,2015-05-10 04:56:00,-76.4584,42.491,335.0,65.0,59.0,81.07,160.0,6.0,0.0,30.16,1020.5,10.0,,FEW,,,,7500.0,,,,,,,,,,,64.94,KITH 100856Z AUTO 16006KT 10SM FEW075 18/15 A3016 RMK AO2 55003 T01830150 SLP205,,3.086664,18.333333333333332,2
ITH,2015-05-10 05:56:00,-76.4584,42.491,335.0,65.0,59.0,81.07,160.0,8.0,0.0,30.16,1020.5,10.0,,CLR,,,,,,,,,,,,,,,64.94,KITH 100956Z AUTO 16008KT 10SM CLR 18/15 A3016 RMK AO2 T01830150 SLP205,,4.115552,18.333333333333332,0
ITH,2015-05-10 06:26:00,-76.4584,42.491,335.0,64.4,59.0,82.62,170.0,10.0,0.0,30.16,,10.0,,SCT,,,,9000.0,,,,,,,,,,,64.4,KITH 101026Z 17010KT 10SM SCT090 18/15 A3016 RMK AO2,,5.14444,18.000000000000004,4
ITH,2015-05-10 06:56:00,-76.4584,42.491,335.0,65.84,59.0,78.57,170.0,7.0,0.0,30.17,1021.0,10.0,,SCT,,,,9000.0,,,,,,,,,,,65.84,KITH 101056Z 17007KT 10SM SCT090 19/15 A3017 RMK AO2 T01880150 SLP210,,3.601108,18.8,4
ITH,2015-05-10 07:56:00,-76.4584,42.491,335.0,69.0,60.0,73.01,170.0,8.0,0.0,30.16,1020.6,10.0,,FEW,,,,9000.0,,,,,,,,,,,68.9,KITH 101156Z 17008KT 10SM FEW090 21/16 A3016 RMK AO2 50001 T02050155 10205 20183 SLP206,,4.115552,20.555555555555557,2
ITH,2015-05-10 08:56:00,-76.4584,42.491,335.0,72.86,60.0,63.81,180.0,6.0,0.0,30.16,1020.6,10.0,,CLR,,,,,,,,,,,,,,,72.86,KITH 101256Z 18006KT 10SM CLR 23/16 A3016 RMK AO2 T02270155 SLP206,,3.086664,22.700000000000003,0
ITH,2015-05-10 09:56:00,-76.4584,42.491,335.0,74.84,61.0,62.04,200.0,8.0,0.0,30.15,1020.5,10.0,,CLR,,,,,,,,,,,,,,,74.84,KITH 101356Z 20008KT 10SM CLR 24/16 A3015 RMK AO2 T02380161 SLP205,,4.115552,23.8,0
ITH,2015-05-10 10:56:00,-76.4584,42.491,335.0,81.0,61.0,50.68,210.0,7.0,0.0,30.15,1020.2,10.0,,CLR,,,,,,,,,,,,,,,81.78,KITH 101456Z 21007KT 10SM CLR 27/16 A3015 RMK AO2 58005 T02720161 SLP202,,3.601108,27.22222222222222,0
ITH,2015-05-10 11:56:00,-76.4584,42.491,335.0,83.84,61.88,47.66,240.0,5.0,0.0,30.14,1019.8,10.0,,CLR,,,,,,,,,,,,,,,84.46,KITH 101556Z 24005KT 10SM CLR 29/17 A3014 RMK AO2 T02880166 SLP198,,2.57222,28.800000000000004,0
ITH,2015-05-10 12:56:00,-76.4584,42.491,335.0,86.0,60.0,41.45,250.0,3.0,0.0,30.12,1019.3,10.0,,SCT,,,,5000.0,,,,,,,,,,,85.75,KITH 101656Z 25003KT 10SM SCT050 30/16 A3012 RMK AO2 T03000155 SLP193,,1.543332,30.0,4
ITH,2015-05-10 13:56:00,-76.4584,42.491,335.0,85.0,60.0,42.91,320.0,4.0,0.0,30.1,1018.4,10.0,,SCT,,,,7000.0,,,,,,,,,,,84.79,KITH 101756Z 32004KT 10SM SCT070 29/16 A3010 RMK AO2 58015 T02940155 10305 20205 SLP184,,2.057776,29.444444444444443,4
ITH,2015-05-10 14:56:00,-76.4584,42.491,335.0,88.88,59.0,36.63,220.0,6.0,0.0,30.07,1017.4,10.0,,BKN,,,,8500.0,,,,,,,,,,,88.88,KITH 101856Z 22006KT 10SM BKN085 32/15 A3007 RMK AO2 T03160150 SLP174,,3.086664,31.599999999999998,6
ITH,2015-05-10 15:19:00,-76.4584,42.491,335.0,82.4,64.4,54.55,350.0,10.0,0.0,30.07,,10.0,,BKN,,,,6500.0,,,,,,,,,,,83.98,KITH 101919Z 35010KT 10SM BKN065 28/18 A3007 RMK AO2 WSHFT 1859,,5.14444,28.000000000000004,6
ITH,2015-05-10 15:26:00,-76.4584,42.491,335.0,80.6,62.6,54.3,10.0,10.0,0.0,30.07,,10.0,,BKN,,,,7000.0,,,,,,,,,,,81.84,KITH 101926Z 01010KT 10SM BKN070 27/17 A3007 RMK AO2 WSHFT 1906,,5.14444,26.999999999999996,6
ITH,2015-05-10 15:56:00,-76.4584,42.491,335.0,81.86,61.88,50.81,40.0,7.0,0.0,30.06,1017.1,10.0,,BKN,,,,7000.0,,,,,,,,,,,82.74,KITH 101956Z 04007KT 10SM BKN070 28/17 A3006 RMK AO2 T02770166 WSHFT 1906 SLP171,,3.601108,27.700000000000003,6
ITH,2015-05-10 16:56:00,-76.4584,42.491,335.0,74.84,63.0,66.53,30.0,13.0,0.0,30.09,1018.4,10.0,19.0,BKN,,,,7000.0,,,,,,,,,,,74.84,KITH 102056Z 03013G19KT 10SM BKN070 24/17 A3009 RMK AO2 55005 T02380172 SLP184,,6.687772,23.8,6
ITH,2015-05-10 17:56:00,-76.4584,42.491,335.0,72.86,60.0,63.81,360.0,7.0,0.0001,30.11,1019.1,10.0,,SCT,BKN,,,2800.0,6000.0,,,,,,,,,,72.86,KITH 102156Z 36007KT 10SM SCT028 BKN060 23/16 A3011 RMK AO2 T02270155 RAB36E54 P0000 SLP191,,3.601108,22.700000000000003,6
ITH,2015-05-10 18:18:00,-76.4584,42.491,335.0,69.8,62.6,77.9,340.0,10.0,0.0001,30.14,,10.0,,SCT,BKN,,,2000.0,6000.0,,,,,,,26.0,320.0,2015-05-10 18:02,69.8,KITH 102218Z 34010KT 10SM SCT020 BKN060 21/17 A3014 RMK AO2 RAB2158E09 P0000 WSHFT 2158 PK WND 32026/2202,,5.14444,21.0,6
ITH,2015-05-10 18:56:00,-76.4584,42.491,335.0,65.84,63.86,93.33,0.0,0.0,0.07,30.13,1019.9,6.0,,FEW,BKN,OVC,,500.0,3500.0,7000.0,,-RA BR,,,,26.0,320.0,2015-05-10 18:02,65.84,KITH 102256Z 00000KT 6SM -RA BR FEW005 BKN035 OVC070 19/18 A3013 RMK AO2 T01880177 RAB2158E09B28 P0007 WSHFT 2158 PK WND 32026/2202 SLP199,,0.0,18.8,8
ITH,2015-05-10 19:12:00,-76.4584,42.491,335.0,66.2,64.4,93.92,290.0,3.0,0.08,30.16,,5.0,,FEW,BKN,OVC,,500.0,3500.0,7000.0,,-TSRA BR,,,,,,,66.2,KITH 102312Z 29003KT 5SM -TSRA BR FEW005 BKN035 OVC070 19/18 A3016 RMK AO2 OCNL LTGCCCG NW TS NW MOV E TSB11 P0008 PRESRR,,1.543332,19.0,8
ITH,2015-05-10 19:42:00,-76.4584,42.491,335.0,66.2,64.4,93.92,100.0,6.0,0.21,30.12,,4.0,,SCT,OVC,,,4000.0,7000.0,,,RA BR,,,,,,,66.2,KITH 102342Z 10006KT 4SM RA BR SCT040 OVC070 19/18 A3012 RMK AO2 TS DSNT NNE MOV E TSB11E38 P0021,,3.086664,19.0,8
ITH,2015-05-10 19:56:00,-76.4584,42.491,335.0,65.84,65.0,96.92,0.0,0.0,0.22,30.15,1020.6,5.0,,SCT,BKN,OVC,,400.0,5500.0,7000.0,,-TSRA BR,,,,,,,65.84,KITH 102356Z 00000KT 5SM -TSRA BR SCT004 BKN055 OVC070 19/18 A3015 RMK AO2 OCNL LTG CCCG NW-NE TS NW-NE MOV E 53019 60029 T01880183 10316 20183 TSB11E38B56 P0022 PRESRR SLP206,,0.0,18.8,8
ITH,2015-05-10 20:56:00,-76.4584,42.491,335.0,65.0,63.86,96.3,100.0,10.0,0.1,30.13,1019.8,6.0,,FEW,BKN,OVC,,400.0,4500.0,7500.0,,-RA BR,,,,,,,64.94,KITH 110056Z 10010KT 6SM -RA BR FEW004 BKN045 OVC075 18/18 A3013 RMK AO2 T01830177 TSE50 P0010 SLP198,,5.14444,18.333333333333332,8
ITH,2015-05-10 21:56:00,-76.4584,42.491,335.0,63.86,63.0,96.89,0.0,0.0,0.0001,30.14,1020.3,9.0,,SCT,OVC,,,5000.0,6000.0,,,,,,,,,,63.86,KITH 110156Z 00000KT 9SM SCT050 OVC060 18/17 A3014 RMK AO2 OCNL LTGCCCG DSNT W-N TS DSNT W-N MOV E T01770172 RAE39 P0000 SLP203,,0.0,17.700000000000003,8
ITH,2015-05-10 22:04:00,-76.4584,42.491,335.0,64.4,62.6,93.88,0.0,0.0,0.0,30.15,,8.0,,OVC,,,,6000.0,,,,VCTS,,,,,,,64.4,KITH 110204Z AUTO 00000KT 8SM VCTS OVC060 18/17 A3015 RMK AO2 LTG DSNT E AND W TSB0158,,0.0,18.000000000000004,8
ITH,2015-05-10 22:13:00,-76.4584,42.491,335.0,64.4,62.6,93.88,130.0,4.0,0.0,30.15,,9.0,,OVC,,,,6000.0,,,,,,,,,,,64.4,KITH 110213Z AUTO 13004KT 9SM OVC060 18/17 A3015 RMK AO2 LTG DSNT E AND W TSB0158E07,,2.057776,18.000000000000004,8
ITH,2015-05-10 22:56:00,-76.4584,42.491,335.0,63.86,63.86,100.0,140.0,3.0,0.03,30.15,1020.3,6.0,,SCT,OVC,,,5000.0,6500.0,,,-RA BR,,,,,,,63.86,KITH 110256Z AUTO 14003KT 6SM -RA BR SCT050 OVC065 18/18 A3015 RMK AO2 53003 60013 T01770177 OVC V BKN TSB0158E07RAB14 P0003 SLP203,,1.543332,17.700000000000003,8
ITH,2015-05-10 23:56:00,-76.4584,42.491,335.0,63.86,63.86,100.0,0.0,0.0,0.05,30.14,1020.1,4.0,,OVC,,,,7000.0,,,,-RA BR,,,,,,,63.86,KITH 110356Z AUTO 00000KT 4SM -RA BR OVC070 18/18 A3014 RMK AO2 T01770177 403160177 LTG DSNT NE P0005 SLP201,,0.0,17.700000000000003,8
ITH,2015-05-11 00:56:00,-76.4584,42.491,335.0,63.86,63.86,100.0,0.0,0.0,0.0001,30.15,1020.2,4.0,,BKN,,,,8000.0,,,,BR,,,,,,,63.86,KITH 110456Z AUTO 00000KT 4SM BR BKN080 18/18 A3015 RMK AO2 T01770177 RAE04 P0000 SLP202,,0.0,17.700000000000003,6
ITH,2015-05-11 01:56:00,-76.4584,42.491,335.0,63.0,63.0,100.0,130.0,3.0,0.0,30.11,1019.0,9.0,,CLR,,,,,,,,,,,,,,,62.96,KITH 110556Z AUTO 13003KT 9SM CLR 17/17 A3011 RMK AO2 58013 60018 T01720172 10188 20172 SLP190,,1.543332,17.22222222222222,0
ITH,2015-05-11 02:56:00,-76.4584,42.491,335.0,63.0,61.88,96.26,0.0,0.0,0.0,30.09,1018.3,10.0,,CLR,,,,,,,,,,,,,,,62.96,KITH 110656Z AUTO 00000KT 10SM CLR 17/17 A3009 RMK AO2 T01720166 SLP183,,0.0,17.22222222222222,0
ITH,2015-05-11 03:56:00,-76.4584,42.491,335.0,63.0,61.0,93.25,140.0,4.0,0.0,30.09,1018.2,10.0,,CLR,,,,,,,,,,,,,,,62.96,KITH 110756Z AUTO 14004KT 10SM CLR 17/16 A3009 RMK AO2 T01720161 SLP182,,2.057776,17.22222222222222,0
ITH,2015-05-11 04:56:00,-76.4584,42.491,335.0,65.0,61.88,89.82,160.0,8.0,0.0,30.08,1018.1,10.0,,CLR,,,,,,,,,,,,,,,64.94,KITH 110856Z AUTO 16008KT 10SM CLR 18/17 A3008 RMK AO2 56011 T01830166 SLP181,,4.115552,18.333333333333332,0
ITH,2015-05-11 05:56:00,-76.4584,42.491,335.0,65.0,61.88,89.82,170.0,9.0,0.0,30.07,1017.6,10.0,,CLR,,,,,,,,,,,,,,,64.94,KITH 110956Z AUTO 17009KT 10SM CLR 18/17 A3007 RMK AO2 T01830166 SLP176,,4.629996,18.333333333333332,0
ITH,2015-05-11 06:56:00,-76.4584,42.491,335.0,67.0,63.0,87.1,180.0,7.0,0.0,30.08,1018.1,10.0,,CLR,,,,,,,,,,,,,,,66.92,KITH 111056Z 18007KT 10SM CLR 19/17 A3008 RMK AO2 T01940172 SLP181,,3.601108,19.444444444444443,0
ITH,2015-05-11 07:56:00,-76.4584,42.491,335.0,69.0,63.86,83.97,170.0,7.0,0.0,30.08,1018.2,10.0,,SCT,,,,8500.0,,,,,,,,,,,68.9,KITH 111156Z 17007KT 10SM SCT085 21/18 A3008 RMK AO2 53002 70047 T02050177 10205 20166 SLP182,,3.601108,20.555555555555557,4
ITH,2015-05-11 08:56:00,-76.4584,42.491,335.0,72.86,63.86,73.39,170.0,9.0,0.0,30.06,1017.4,10.0,,CLR,,,,,,,,,,,,,,,72.86,KITH 111256Z 17009KT 10SM CLR 23/18 A3006 RMK AO2 T02270177 SLP174,,4.629996,22.700000000000003,0
ITH,2015-05-11 09:56:00,-76.4584,42.491,335.0,74.84,65.0,71.31,170.0,10.0,0.0,30.05,1016.9,10.0,,CLR,,,,,,,,,,,,,,,74.84,KITH 111356Z 17010KT 10SM CLR 24/18 A3005 RMK AO2 T02380183 SLP169,,5.14444,23.8,0
ITH,2015-05-11 10:56:00,-76.4584,42.491,335.0,79.0,65.0,62.16,180.0,10.0,0.0,30.05,1017.0,10.0,,FEW,,,,5000.0,,,,,,,,,,,80.82,KITH 111456Z 18010KT 10SM FEW050 26/18 A3005 RMK AO2 55010 T02610183 SLP170,,5.14444,26.11111111111111,2
ITH,2015-05-11 11:56:00,-76.4584,42.491,335.0,81.86,65.0,56.57,190.0,12.0,0.0,30.05,1016.9,10.0,,SCT,,,,7500.0,,,,,,,,,,,83.64,KITH 111556Z 19012KT 10SM SCT075 28/18 A3005 RMK AO2 T02770183 SLP169,,6.173328,27.700000000000003,4
ITH,2015-05-11 12:56:00,-76.4584,42.491,335.0,83.84,63.86,51.09,190.0,11.0,0.0,30.03,1016.1,10.0,14.0,SCT,,,,4500.0,,,,,,,,,,,85.16,KITH 111656Z 19011G14KT 10SM SCT045 29/18 A3003 RMK AO2 T02880177 SLP161,,5.6588840000000005,28.800000000000004,4
ITH,2015-05-11 13:56:00,-76.4584,42.491,335.0,83.84,61.88,47.66,200.0,8.0,0.0,30.0,1015.2,10.0,15.0,SCT,,,,5500.0,,,,,,,,,,,84.46,KITH 111756Z 20008G15KT 10SM SCT055 29/17 A3000 RMK AO2 58017 T02880166 10300 20205 SLP152,,4.115552,28.800000000000004,4
ITH,2015-05-11 14:56:00,-76.4584,42.491,335.0,83.84,61.88,47.66,180.0,12.0,0.0,29.98,1014.6,10.0,16.0,SCT,,,,5500.0,,,,,,,,,,,84.46,KITH 111856Z 18012G16KT 10SM SCT055 29/17 A2998 RMK AO2 OCNL LTGCG DSNT W-N TS DSNT W-N MOV NE T02880166 SLP146,,6.173328,28.800000000000004,4
ITH,2015-05-11 15:36:00,-76.4584,42.491,335.0,71.6,62.6,73.27,320.0,8.0,0.0,30.01,,10.0,,BKN,,,,5000.0,,,,TS,,,,,,,71.6,KITH 111936Z 32008KT 10SM TS BKN050CB 22/17 A3001 RMK AO2 OCNL LTGCG SW-N TS SW MOV NE TSB34,,4.115552,21.999999999999996,6
ITH,2015-05-11 15:39:00,-76.4584,42.491,335.0,71.6,62.6,73.27,310.0,8.0,0.0001,30.01,,10.0,,BKN,,,,5000.0,,,,-TSRA,,,,,,,71.6,KITH 111939Z 31008KT 10SM -TSRA BKN050CB 22/17 A3001 RMK AO2 OCNL LTGCG SW-N TS SW MOV NE TSB34RAB39 P0000,,4.115552,21.999999999999996,6
ITH,2015-05-11 15:56:00,-76.4584,42.491,335.0,67.0,65.0,93.35,80.0,4.0,0.23,29.98,1014.9,7.0,,SCT,BKN,,,2100.0,4800.0,,,-SHRA,,,,,,,66.92,KITH 111956Z 08004KT 7SM -SHRA SCT021 BKN048 19/18 A2998 RMK AO2 OCNL LTGCG DSNT-N TS DSNT N MOV NE T01940183 TSB34E55RAB39E56SHRAB56 P0023 PRESFR SLP149,,2.057776,19.444444444444443,6
ITH,2015-05-11 16:56:00,-76.4584,42.491,335.0,70.88,67.0,87.3,90.0,6.0,0.01,29.94,1013.4,10.0,,SCT,BKN,,,2500.0,12000.0,,,,,,,,,,70.88,KITH 112056Z 09006KT 10SM SCT025 BKN120 22/19 A2994 RMK AO2 58017 60024 T02160194 RAB1959E24SHRAE1959 P0001 SLP134,,3.086664,21.599999999999998,6
ITH,2015-05-11 17:56:00,-76.4584,42.491,335.0,74.0,67.0,78.72,0.0,0.0,0.0,29.93,1012.9,10.0,,SCT,BKN,,,2500.0,8000.0,,,,,,,,,,73.94,KITH 112156Z 00000KT 10SM SCT025 BKN080 23/19 A2993 RMK AO2 T02330194 SLP129,,0.0,23.333333333333332,6
ITH,2015-05-11 18:33:00,-76.4584,42.491,335.0,69.8,64.4,82.98,330.0,20.0,0.0001,29.95,,10.0,26.0,SCT,BKN,,,600.0,6000.0,,,VCSH,,,,26.0,310.0,2015-05-11 18:31,69.8,KITH 112233Z 33020G26KT 10SM VCSH SCT006 BKN060 21/18 A2995 RMK AO2 P0000 PK WND 31026/2231,,10.28888,21.0,6
ITH,2015-05-11 18:45:00,-76.4584,42.491,335.0,66.2,62.6,88.18,350.0,18.0,0.03,29.96,,6.0,24.0,SCT,BKN,BKN,,800.0,2000.0,6000.0,,TSRA,,,,26.0,310.0,2015-05-11 18:31,66.2,KITH 112245Z 35018G24KT 6SM TSRA SCT008 BKN020CB BKN060 19/17 A2996 RMK AO2 OCNL LTGCG SW-N TS SW-N MOV NE TSB43RAB43 P0003 PK WND 31026/2231,,9.259992,19.0,6
ITH,2015-05-11 18:56:00,-76.4584,42.491,335.0,65.84,63.0,90.42,350.0,12.0,0.14,29.97,1014.5,5.0,17.0,SCT,SCT,BKN,,800.0,2500.0,5000.0,,TSRA BR,,,,26.0,310.0,2015-05-11 18:31,65.84,KITH 112256Z 35012G17KT 5SM TSRA BR SCT008 SCT025CB BKN050 19/17 A2997 RMK AO2 OCNL LTGCG NW-N TS NW-N MOV NE T01880172 TSB43RAB43 P0014 WSHFT 2240 PK WND 31026/2231 SLP145,,6.173328,18.8,6
ITH,2015-05-11 19:05:00,-76.4584,42.491,335.0,64.4,64.4,100.0,350.0,7.0,0.0,29.98,,2.0,24.0,BKN,BKN,,,1000.0,3500.0,,,+TSRA BR,,,,,,,64.4,KITH 112305Z 35007G24KT 2SM +TSRA BR BKN010 BKN035 18/18 A2998 RMK AO2 OCNL LTGCG W-N TS W,,3.601108,18.000000000000004,6
ITH,2015-05-11 19:12:00,-76.4584,42.491,335.0,66.2,64.4,93.92,360.0,9.0,0.0,29.98,,1.0,,BKN,BKN,OVC,,1400.0,3500.0,5000.0,,+TSRA BR,,,,,,,66.2,KITH 112312Z 36009KT 1SM R32/3500VP6000FT +TSRA BR BKN014 BKN035CB OVC050 19/18 A2998 RMK AO2 OCNL LTGCG W-N TS W,,4.629996,19.0,8
ITH,2015-05-11 19:28:00,-76.4584,42.491,335.0,66.2,64.4,93.92,80.0,8.0,0.57,29.95,,6.0,,FEW,SCT,BKN,,500.0,2000.0,7500.0,,-RA BR,,,,,,,66.2,KITH 112328Z 08008KT 6SM -RA BR FEW005 SCT020 BKN075 19/18 A2995 RMK AO2 TS DSNT N-NE MOV NE TSE27 P0057,,4.115552,19.0,6
ITH,2015-05-11 19:56:00,-76.4584,42.491,335.0,67.0,65.0,93.35,100.0,5.0,0.57,29.95,1013.6,10.0,,FEW,SCT,BKN,,500.0,8000.0,12000.0,,,,,,,,,66.92,KITH 112356Z 10005KT 10SM FEW005 SCT080 BKN120 19/18 A2995 RMK AO2 TS DSNT N-NE MOV NE 53000 60095 T01940183 10294 20183 TSE27RAE49 P0057 SLP136,,2.57222,19.444444444444443,6
ITH,2015-05-11 20:56:00,-76.4584,42.491,335.0,65.0,63.86,96.3,0.0,0.0,0.0,29.94,1013.3,10.0,,FEW,,,,6000.0,,,,,,,,,,,64.94,KITH 120056Z 00000KT 10SM FEW060 18/18 A2994 RMK AO2 T01830177 SLP133,,0.0,18.333333333333332,2
ITH,2015-05-11 21:56:00,-76.4584,42.491,335.0,63.86,63.86,100.0,110.0,3.0,0.01,29.93,1013.2,6.0,,SCT,,,,6500.0,,,,BR,,,,,,,63.86,KITH 120156Z 11003KT 6SM BR SCT065 18/18 A2993 RMK AO2 T01770177 P0001 SLP132,,1.543332,17.700000000000003,4
ITH,2015-05-11 22:56:00,-76.4584,42.491,335.0,68.0,63.86,86.61,160.0,6.0,0.0,29.91,1012.0,10.0,,CLR,,,,,,,,,,,,,,,68.0,KITH 120256Z AUTO 16006KT 10SM CLR 20/18 A2991 RMK AO2 58016 60001 T02000177 SLP120,,3.086664,20.0,0
ITH,2015-05-11 23:56:00,-76.4584,42.491,335.0,70.0,63.86,80.92,170.0,10.0,0.0,29.89,1011.3,10.0,,CLR,,,,,,,,,,,,,,,69.98,KITH 120356Z AUTO 17010KT 10SM CLR 21/18 A2989 RMK AO2 T02110177 403000166 LTG DSNT W AND NW SLP113,,5.14444,21.11111111111111,0
ITH,2015-05-12 00:56:00,-76.4584,42.491,335.0,70.0,63.86,80.92,210.0,5.0,0.0,29.89,1011.5,10.0,,SCT,SCT,BKN,,4100.0,5000.0,12000.0,,,,,,,,,69.98,KITH 120456Z AUTO 21005KT 10SM SCT041 SCT050 BKN120 21/18 A2989 RMK AO2 T02110177 LTG DSNT ALQDS SLP115,,2.57222,21.11111111111111,6
ITH,2015-05-12 01:09:00,-76.4584,42.491,335.0,69.8,64.4,82.98,220.0,4.0,0.0,29.9,,10.0,,FEW,BKN,OVC,,3500.0,4200.0,12000.0,,TS,,,,,,,69.8,KITH 120509Z AUTO 22004KT 10SM TS FEW035 BKN042 OVC120 21/18 A2990 RMK AO2 LTG DSNT ALQDS TSB03,,2.057776,21.0,8
ITH,2015-05-12 01:24:00,-76.4584,42.491,335.0,69.8,64.4,82.98,290.0,5.0,0.01,29.9,,10.0,,FEW,BKN,OVC,,2700.0,3400.0,4100.0,,-RA,,,,,,,69.8,KITH 120524Z AUTO 29005KT 10SM -RA FEW027 BKN034 OVC041 21/18 A2990 RMK AO2 BKN V SCT LTG DSNT S AND SW TSB03E18RAB13 P0001,,2.57222,21.0,8
ITH,2015-05-12 01:45:00,-76.4584,42.491,335.0,68.0,64.4,88.26,250.0,9.0,0.02,29.92,,10.0,,FEW,SCT,BKN,,2900.0,3700.0,7000.0,,-VCTSRA,,,,,,,68.0,KITH 120545Z AUTO 25009KT 10SM -VCTSRA FEW029 SCT037 BKN070 20/18 A2992 RMK AO2 TSB03E18B39RAB13 P0002,,4.629996,20.0,6
ITH,2015-05-12 01:56:00,-76.4584,42.491,335.0,68.0,63.0,83.91,230.0,7.0,0.07,29.91,1012.0,9.0,,FEW,SCT,BKN,,3300.0,4600.0,7000.0,,+VCTSRA,,,,,,,68.0,KITH 120556Z AUTO 23007KT 9SM +VCTSRA FEW033 SCT046 BKN070 20/17 A2991 RMK AO2 53006 60008 T02000172 10216 20177 LTG DSNT E TSB03E18B39RAB13 P0007 SLP120,,3.601108,20.0,6
ITH,2015-05-12 02:08:00,-76.4584,42.491,335.0,66.2,62.6,88.18,250.0,6.0,0.06,29.9,,9.0,,FEW,SCT,BKN,,3900.0,4900.0,7000.0,,RA,,,,,,,66.2,KITH 120608Z AUTO 25006KT 9SM RA FEW039 SCT049 BKN070 19/17 A2990 RMK AO2 LTG DSNT E TSE02 P0006,,3.086664,19.0,6
ITH,2015-05-12 02:56:00,-76.4584,42.491,335.0,65.0,63.0,93.3,160.0,5.0,0.11,29.86,1010.6,10.0,,BKN,,,,10000.0,,,,-RA,,,,,,,64.94,KITH 120656Z AUTO 16005KT 10SM -RA BKN100 18/17 A2986 RMK AO2 T01830172 TSE02 P0011 SLP106,,2.57222,18.333333333333332,6
ITH,2015-05-12 03:56:00,-76.4584,42.491,335.0,65.0,61.88,89.82,170.0,5.0,0.0001,29.86,1010.7,10.0,,SCT,,,,11000.0,,,,,,,,,,,64.94,KITH 120756Z AUTO 17005KT 10SM SCT110 18/17 A2986 RMK AO2 T01830166 RAE05 P0000 SLP107,,2.57222,18.333333333333332,4
ITH,2015-05-12 04:56:00,-76.4584,42.491,335.0,65.0,61.88,89.82,200.0,4.0,0.0001,29.85,1010.4,10.0,,FEW,SCT,OVC,,5000.0,6500.0,11000.0,,-RA,,,,,,,64.94,KITH 120856Z AUTO 20004KT 10SM -RA FEW050 SCT065 OVC110 18/17 A2985 RMK AO2 56019 60011 T01830166 RAB26 P0000 SLP104,,2.057776,18.333333333333332,8
ITH,2015-05-12 05:56:00,-76.4584,42.491,335.0,65.0,61.88,89.82,230.0,4.0,0.0001,29.86,1010.5,10.0,,OVC,,,,9500.0,,,,,,,,,,,64.94,KITH 120956Z AUTO 23004KT 10SM OVC095 18/17 A2986 RMK AO2 T01830166 RAE07 P0000 SLP105,,2.057776,18.333333333333332,8
ITH,2015-05-12 06:28:00,-76.4584,42.491,335.0,64.4,62.6,93.88,230.0,5.0,0.0,29.86,,10.0,,FEW,BKN,,,5000.0,10000.0,,,,,,,,,,64.4,KITH 121028Z 23005KT 10SM FEW050 BKN100 18/17 A2986 RMK AO2,,2.57222,18.000000000000004,6
ITH,2015-05-12 06:56:00,-76.4584,42.491,335.0,65.0,61.88,89.82,240.0,4.0,0.0,29.87,1011.1,10.0,,SCT,BKN,,,3700.0,10000.0,,,,,,,,,,64.94,KITH 121056Z 24004KT 10SM SCT037 BKN100 18/17 A2987 RMK AO2 T01830166 SLP111,,2.057776,18.333333333333332,6
ITH,2015-05-12 07:56:00,-76.4584,42.491,335.0,65.84,61.88,87.04,250.0,5.0,0.0,29.88,1011.5,10.0,,SCT,BKN,,,2600.0,3300.0,,,,,,,,,,65.84,KITH 121156Z 25005KT 10SM SCT026 BKN033 19/17 A2988 RMK AO2 53007 60011 70114 T01880166 10200 20177 SLP115,,2.57222,18.8,6
ITH,2015-05-12 08:56:00,-76.4584,42.491,335.0,68.0,61.88,80.78,270.0,5.0,0.0,29.88,1011.2,10.0,,SCT,BKN,,,2000.0,4000.0,,,,,,,,,,68.0,KITH 121256Z 27005KT 10SM SCT020 BKN040 20/17 A2988 RMK AO2 T02000166 SLP112,,2.57222,20.0,6
ITH,2015-05-12 09:56:00,-76.4584,42.491,335.0,70.88,58.0,63.56,260.0,9.0,0.0,29.87,1010.9,10.0,,FEW,BKN,,,2000.0,4000.0,,,,,,,,,,70.88,KITH 121356Z 26009KT 10SM FEW020 BKN040 22/14 A2987 RMK AO2 T02160144 SLP109,,4.629996,21.599999999999998,6
ITH,2015-05-12 10:56:00,-76.4584,42.491,335.0,72.86,56.84,57.17,220.0,16.0,0.0,29.85,1010.3,10.0,22.0,BKN,,,,3500.0,,,,,,,,,,,72.86,KITH 121456Z 22016G22KT 10SM BKN035 23/14 A2985 RMK AO2 58009 T02270138 SLP103,,8.231104,22.700000000000003,6
ITH,2015-05-12 11:49:00,-76.4584,42.491,335.0,64.4,59.0,82.62,340.0,11.0,0.2,29.87,,2.5,27.0,FEW,SCT,BKN,,2700.0,4400.0,9000.0,,+RA,,,,27.0,310.0,2015-05-12 11:45,64.4,KITH 121549Z 34011G27KT 2 1/2SM R32/2400VP6000FT +RA FEW027 SCT044 BKN090 18/15 A2987 RMK AO2 VIS 1 1/4V5 RAB42 P0020 WSHFT 1529 PK WND 31027/1545,,5.6588840000000005,18.000000000000004,6
ITH,2015-05-12 11:56:00,-76.4584,42.491,335.0,61.0,56.84,86.23,320.0,7.0,0.24,29.87,1011.2,5.0,16.0,BKN,OVC,,,2500.0,9000.0,,,RA BR,,,,27.0,310.0,2015-05-12 11:45,60.98,KITH 121556Z 32007G16KT 5SM RA BR BKN025 OVC090 16/14 A2987 RMK AO2 T01610138 RAB42 P0024 WSHFT 1529 PK WND 31027/1545 SLP112,,3.601108,16.11111111111111,8
ITH,2015-05-12 12:33:00,-76.4584,42.491,335.0,64.4,57.2,77.45,0.0,0.0,0.02,29.86,,10.0,,BKN,BKN,,,2500.0,9000.0,,,,,,,,,,64.4,KITH 121633Z 00000KT 10SM BKN025 BKN090 18/14 A2986 RMK AO2 RAE25 P0002,,0.0,18.000000000000004,6
ITH,2015-05-12 12:56:00,-76.4584,42.491,335.0,67.0,60.0,78.16,280.0,4.0,0.02,29.85,1010.3,10.0,,FEW,BKN,BKN,,2000.0,4500.0,9000.0,,,,,,,,,66.92,KITH 121656Z 28004KT 10SM FEW020 BKN045 BKN090 19/16 A2985 RMK AO2 T01940155 RAE25 P0002 SLP103,,2.057776,19.444444444444443,6
ITH,2015-05-12 13:56:00,-76.4584,42.491,335.0,67.0,56.0,67.79,340.0,6.0,0.0,29.83,1009.5,10.0,,FEW,BKN,,,2700.0,4200.0,,,,,,,,,,66.92,KITH 121756Z 34006KT 10SM FEW027 BKN042 19/13 A2983 RMK AO2 58007 60026 T01940133 10233 20161 SLP095,,3.086664,19.444444444444443,6
ITH,2015-05-12 14:56:00,-76.4584,42.491,335.0,68.0,54.86,62.8,330.0,12.0,0.0,29.83,1009.6,10.0,,BKN,,,,4000.0,,,,,,,,,,,68.0,KITH 121856Z 33012KT 10SM BKN040 20/13 A2983 RMK AO2 T02000127 SLP096,,6.173328,20.0,6
ITH,2015-05-12 15:56:00,-76.4584,42.491,335.0,69.0,52.88,56.63,340.0,13.0,0.0,29.83,1009.7,10.0,,BKN,BKN,,,5000.0,10000.0,,,,,,,,,,68.9,KITH 121956Z 34013KT 10SM BKN050 BKN100 21/12 A2983 RMK AO2 T02050116 SLP097,,6.687772,20.555555555555557,6
ITH,2015-05-12 16:56:00,-76.4584,42.491,335.0,61.88,47.0,57.97,340.0,17.0,0.0,29.87,1011.2,10.0,26.0,SCT,BKN,,,3500.0,10000.0,,,,,,,26.0,350.0,2015-05-12 16:21,61.88,KITH 122056Z 34017G26KT 10SM SCT035 BKN100 17/08 A2987 RMK AO2 53011 T01660083 PK WND 35026/2021 SLP112,,8.745548,16.6,6
ITH,2015-05-12 17:56:00,-76.4584,42.491,335.0,61.0,45.86,57.45,320.0,20.0,0.0,29.9,1012.4,10.0,25.0,SCT,,,,4400.0,,,,,,,,26.0,330.0,2015-05-12 17:04,60.98,KITH 122156Z 32020G25KT 10SM SCT044 16/08 A2990 RMK AO2 T01610077 PK WND 33026/2104 SLP124,,10.28888,16.11111111111111,4
ITH,2015-05-12 18:56:00,-76.4584,42.491,335.0,56.84,43.0,59.7,310.0,20.0,0.0,29.94,1013.6,10.0,25.0,BKN,,,,3800.0,,,,,,,,28.0,300.0,2015-05-12 18:43,56.84,KITH 122256Z 31020G25KT 10SM BKN038 14/06 A2994 RMK AO2 T01380061 PK WND 30028/2243 SLP136,,10.28888,13.800000000000002,6
ITH,2015-05-12 19:56:00,-76.4584,42.491,335.0,54.86,42.0,61.53,340.0,8.0,0.0,29.99,1015.5,10.0,14.0,BKN,,,,4300.0,,,,,,,,27.0,310.0,2015-05-12 19:00,54.86,KITH 122356Z 34008G14KT 10SM BKN043 13/06 A2999 RMK AO2 53040 T01270055 10222 20127 PK WND 31027/2300 SLP155,,4.115552,12.7,6
ITH,2015-05-12 20:56:00,-76.4584,42.491,335.0,54.0,42.0,63.59,290.0,12.0,0.0,30.0,1015.9,10.0,,OVC,,,,3900.0,,,,,,,,,,,53.96,KITH 130056Z 29012KT 10SM OVC039 12/06 A3000 RMK AO2 T01220055 SLP159,,6.173328,12.222222222222221,8
ITH,2015-05-12 21:56:00,-76.4584,42.491,335.0,51.0,41.0,68.73,300.0,12.0,0.0,30.02,1016.6,10.0,,SCT,,,,3900.0,,,,,,,,,,,50.9,KITH 130156Z 30012KT 10SM SCT039 11/05 A3002 RMK AO2 T01050050 SLP166,,6.173328,10.555555555555555,4
ITH,2015-05-12 22:56:00,-76.4584,42.491,335.0,50.0,41.0,71.07,300.0,7.0,0.0,30.03,1016.6,10.0,,BKN,,,,5000.0,,,,,,,,,,,46.72,KITH 130256Z AUTO 30007KT 10SM BKN050 10/05 A3003 RMK AO2 51013 T01000050 SLP166,,3.601108,10.0,6
ITH,2015-05-12 23:56:00,-76.4584,42.491,335.0,51.0,41.0,68.73,280.0,8.0,0.0,30.03,1016.8,10.0,,SCT,OVC,,,3100.0,4200.0,,,,,,,,,,50.9,KITH 130356Z AUTO 28008KT 10SM SCT031 OVC042 11/05 A3003 RMK AO2 T01050050 402330100 SLP168,,4.115552,10.555555555555555,8
ITH,2015-05-13 00:32:00,-76.4584,42.491,335.0,51.8,41.0,66.48,300.0,4.0,0.0,30.03,,10.0,,OVC,,,,2900.0,,,,,,,,,,,51.8,KITH 130432Z AUTO 30004KT 10SM OVC029 11/05 A3003 RMK AO2,,2.057776,10.999999999999998,8
ITH,2015-05-13 00:56:00,-76.4584,42.491,335.0,51.0,42.0,71.17,290.0,5.0,0.0,30.02,1016.6,10.0,,OVC,,,,2900.0,,,,,,,,,,,50.9,KITH 130456Z AUTO 29005KT 10SM OVC029 11/06 A3002 RMK AO2 T01050055 SLP166,,2.57222,10.555555555555555,8
ITH,2015-05-13 01:04:00,-76.4584,42.491,335.0,51.8,42.8,71.26,280.0,7.0,0.0,30.02,,10.0,,OVC,,,,3100.0,,,,,,,,,,,51.8,KITH 130504Z AUTO 28007KT 10SM OVC031 11/06 A3002 RMK AO2,,3.601108,10.999999999999998,8
ITH,2015-05-13 01:30:00,-76.4584,42.491,335.0,51.8,42.8,71.26,280.0,7.0,0.0,30.02,,10.0,,OVC,,,,2900.0,,,,,,,,,,,51.8,KITH 130530Z AUTO 28007KT 10SM OVC029 11/06 A3002 RMK AO2,,3.601108,10.999999999999998,8
ITH,2015-05-13 01:56:00,-76.4584,42.491,335.0,51.0,42.0,71.17,290.0,9.0,0.0,30.01,1016.2,10.0,,OVC,,,,2900.0,,,,,,,,,,,50.9,KITH 130556Z AUTO 29009KT 10SM OVC029 11/06 A3001 RMK AO2 58004 T01050055 10127 20100 SLP162,,4.629996,10.555555555555555,8
ITH,2015-05-13 02:56:00,-76.4584,42.491,335.0,51.0,42.0,71.17,300.0,12.0,0.0,30.01,1016.1,10.0,,BKN,OVC,,,2700.0,3200.0,,,,,,,,,,50.9,KITH 130656Z AUTO 30012KT 10SM BKN027 OVC032 11/06 A3001 RMK AO2 T01050055 SLP161,,6.173328,10.555555555555555,8
ITH,2015-05-13 03:56:00,-76.4584,42.491,335.0,50.0,43.0,76.71,280.0,12.0,0.0,30.02,1016.4,10.0,,OVC,,,,2100.0,,,,,,,,,,,44.91,KITH 130756Z AUTO 28012KT 10SM OVC021 10/06 A3002 RMK AO2 T01000061 SLP164,,6.173328,10.0,8
ITH,2015-05-13 04:56:00,-76.4584,42.491,335.0,49.0,43.88,82.66,290.0,8.0,0.0,30.04,1017.4,10.0,,OVC,,,,1900.0,,,,,,,,,,,44.96,KITH 130856Z AUTO 29008KT 10SM OVC019 09/07 A3004 RMK AO2 53009 T00940066 SLP174,,4.115552,9.444444444444445,8
ITH,2015-05-13 05:56:00,-76.4584,42.491,335.0,49.0,43.88,82.66,310.0,11.0,0.0001,30.06,1018.0,9.0,,OVC,,,,1900.0,,,,-RA,,,,,,,43.85,KITH 130956Z AUTO 31011KT 9SM -RA OVC019 09/07 A3006 RMK AO2 T00940066 RAB50 P0000 SLP180,,5.6588840000000005,9.444444444444445,8
ITH,2015-05-13 06:22:00,-76.4584,42.491,335.0,46.4,44.6,93.4,320.0,9.0,0.0001,30.07,,10.0,,BKN,OVC,,,1700.0,2500.0,,,-SHRA,,,,,,,41.42,KITH 131022Z 32009KT 10SM -SHRA BKN017 OVC025 08/07 A3007 RMK AO2 RAE22SHRAB22 P0000,,4.629996,8.0,8
ITH,2015-05-13 06:56:00,-76.4584,42.491,335.0,47.84,43.88,86.07,330.0,15.0,0.0001,30.1,1019.5,10.0,,BKN,OVC,,,1300.0,3300.0,,,,,,,,,,41.31,KITH 131056Z 33015KT 10SM BKN013 OVC033 09/07 A3010 RMK AO2 T00880066 RAE28SHRAB22E27 P0000 SLP195,,7.71666,8.800000000000002,8
ITH,2015-05-13 07:56:00,-76.4584,42.491,335.0,45.0,38.84,78.98,330.0,15.0,0.0,30.14,1021.0,10.0,20.0,OVC,,,,1500.0,,,,,,,,,,,37.58,KITH 131156Z 33015G20KT 10SM OVC015 07/04 A3014 RMK AO2 53031 60000 70026 T00720038 10105 20072 SLP210,,7.71666,7.222222222222222,8
ITH,2015-05-13 08:56:00,-76.4584,42.491,335.0,43.88,38.84,82.3,320.0,11.0,0.0,30.18,1022.4,9.0,,OVC,,,,1500.0,,,,,,,,,,,37.48,KITH 131256Z 32011KT 9SM OVC015 07/04 A3018 RMK AO2 T00660038 SLP224,,5.6588840000000005,6.600000000000001,8
ITH,2015-05-13 09:56:00,-76.4584,42.491,335.0,43.88,38.84,82.3,320.0,12.0,0.0,30.19,1022.9,10.0,,OVC,,,,1500.0,,,,,,,,,,,37.12,KITH 131356Z 32012KT 10SM OVC015 07/04 A3019 RMK AO2 T00660038 SLP229,,6.173328,6.600000000000001,8
ITH,2015-05-13 10:56:00,-76.4584,42.491,335.0,45.0,40.0,82.38,330.0,15.0,0.0,30.21,1023.5,6.0,19.0,OVC,,,,1300.0,,,,HZ,,,,,,,37.58,KITH 131456Z 33015G19KT 6SM HZ OVC013 07/04 A3021 RMK AO2 51024 T00720044 SLP235,,7.71666,7.222222222222222,8
ITH,2015-05-13 11:56:00,-76.4584,42.491,335.0,47.0,42.0,82.52,330.0,13.0,0.0,30.23,1024.1,7.0,20.0,OVC,,,,1500.0,,,,,,,,,,,40.71,KITH 131556Z 33013G20KT 7SM OVC015 08/06 A3023 RMK AO2 T00830055 SLP241,,6.687772,8.333333333333334,8
ITH,2015-05-13 12:25:00,-76.4584,42.491,335.0,46.4,42.8,87.19,330.0,11.0,0.0001,30.23,,7.0,17.0,BKN,OVC,,,1000.0,2000.0,,,-RA,,,,,,,40.66,KITH 131625Z 33011G17KT 7SM -RA BKN010 OVC020 08/06 A3023 RMK AO2 RAB1559 P0000,,5.6588840000000005,8.0,8
ITH,2015-05-13 12:56:00,-76.4584,42.491,335.0,47.0,42.0,82.52,320.0,15.0,0.0001,30.24,1024.5,6.0,,BKN,OVC,,,1200.0,2000.0,,,BR,,,,,,,40.15,KITH 131656Z 32015KT 6SM BR BKN012 OVC020 08/06 A3024 RMK AO2 T00830055 RAB1559E36 P0000 SLP245,,7.71666,8.333333333333334,8
ITH,2015-05-13 13:56:00,-76.4584,42.491,335.0,45.86,40.0,79.61,340.0,8.0,0.0001,30.25,1024.8,10.0,,BKN,OVC,,,1400.0,4100.0,,,,,,,,,,41.19,KITH 131756Z 34008KT 10SM BKN014 OVC041 08/04 A3025 RMK AO2 51014 60000 T00770044 10088 20066 RAB01E24 P0000 SLP248,,4.115552,7.699999999999999,8
ITH,2015-05-13 14:56:00,-76.4584,42.491,335.0,45.86,40.0,79.61,310.0,9.0,0.0,30.27,1025.5,10.0,,BKN,OVC,,,2400.0,3500.0,,,,,,,,,,40.75,KITH 131856Z 31009KT 10SM BKN024 OVC035 08/04 A3027 RMK AO2 T00770044 SLP255,,4.629996,7.699999999999999,8
ITH,2015-05-13 15:56:00,-76.4584,42.491,335.0,49.0,38.0,65.67,360.0,9.0,0.0,30.27,1025.7,10.0,,BKN,OVC,,,2400.0,3500.0,,,,,,,,,,44.55,KITH 131956Z 36009KT 10SM BKN024 OVC035 09/03 A3027 RMK AO2 T00940033 SLP257,,4.629996,9.444444444444445,8
ITH,2015-05-13 16:56:00,-76.4584,42.491,335.0,50.0,38.0,63.08,310.0,11.0,0.0,30.27,1025.6,10.0,,BKN,OVC,,,3000.0,4800.0,,,,,,,,,,45.21,KITH 132056Z 31011KT 10SM BKN030 OVC048 10/03 A3027 RMK AO2 50009 T01000033 SLP256,,5.6588840000000005,10.0,8
ITH,2015-05-13 17:56:00,-76.4584,42.491,335.0,51.0,38.0,61.01,310.0,10.0,0.0,30.28,1025.8,10.0,,SCT,,,,3000.0,,,,,,,,,,,50.9,KITH 132156Z 31010KT 10SM SCT030 11/03 A3028 RMK AO2 T01050033 SLP258,,5.14444,10.555555555555555,4
ITH,2015-05-13 18:56:00,-76.4584,42.491,335.0,51.0,38.0,61.01,310.0,8.0,0.0,30.28,1025.9,10.0,,SCT,,,,4000.0,,,,,,,,,,,50.9,KITH 132256Z 31008KT 10SM SCT040 11/03 A3028 RMK AO2 T01050033 SLP259,,4.115552,10.555555555555555,4
ITH,2015-05-13 19:56:00,-76.4584,42.491,335.0,47.84,36.86,65.54,320.0,6.0,0.0,30.29,1026.1,10.0,,CLR,,,,,,,,,,,,,,,44.61,KITH 132356Z 32006KT 10SM CLR 09/03 A3029 RMK AO2 51003 T00880027 10105 20077 SLP261,,3.086664,8.800000000000002,0
ITH,2015-05-13 20:56:00,-76.4584,42.491,335.0,43.88,36.86,76.15,0.0,0.0,0.0,30.3,1026.9,10.0,,CLR,,,,,,,,,,,,,,,43.88,KITH 140056Z 00000KT 10SM CLR 07/03 A3030 RMK AO2 T00660027 SLP269,,0.0,6.600000000000001,0
ITH,2015-05-13 21:56:00,-76.4584,42.491,335.0,38.84,36.86,92.52,0.0,0.0,0.0,30.34,1028.2,10.0,,CLR,,,,,,,,,,,,,,,38.84,KITH 140156Z 00000KT 10SM CLR 04/03 A3034 RMK AO2 T00380027 SLP282,,0.0,3.800000000000002,0
ITH,2015-05-13 22:56:00,-76.4584,42.491,335.0,41.0,38.0,88.76,340.0,3.0,0.0,30.36,1028.7,10.0,,CLR,,,,,,,,,,,,,,,38.98,KITH 140256Z AUTO 34003KT 10SM CLR 05/03 A3036 RMK AO2 53023 T00500033 SLP287,,1.543332,5.0,0
ITH,2015-05-13 23:56:00,-76.4584,42.491,335.0,38.84,36.86,92.52,0.0,0.0,0.0,30.36,1029.0,10.0,,CLR,,,,,,,,,,,,,,,38.84,KITH 140356Z AUTO 00000KT 10SM CLR 04/03 A3036 RMK AO2 T00380027 401050033 SLP290,,0.0,3.800000000000002,0
ITH,2015-05-14 00:56:00,-76.4584,42.491,335.0,36.86,36.0,96.51,0.0,0.0,0.0,30.38,1029.5,8.0,,CLR,,,,,,,,,,,,,,,36.86,KITH 140456Z AUTO 00000KT 8SM CLR 03/02 A3038 RMK AO2 T00270022 SLP295,,0.0,2.6999999999999997,0
ITH,2015-05-14 01:56:00,-76.4584,42.491,335.0,40.0,38.84,95.88,340.0,4.0,0.0,30.39,1029.9,10.0,,CLR,,,,,,,,,,,,,,,36.67,KITH 140556Z AUTO 34004KT 10SM CLR 04/04 A3039 RMK AO2 53011 T00440038 10088 20022 SLP299,,2.057776,4.444444444444445,0
ITH,2015-05-14 02:56:00,-76.4584,42.491,335.0,40.0,36.0,85.61,350.0,5.0,0.0,30.4,1030.1,10.0,,CLR,,,,,,,,,,,,,,,35.8,KITH 140656Z AUTO 35005KT 10SM CLR 04/02 A3040 RMK AO2 T00440022 SLP301,,2.57222,4.444444444444445,0
ITH,2015-05-14 03:56:00,-76.4584,42.491,335.0,38.0,34.88,88.61,0.0,0.0,0.0,30.41,1030.5,10.0,,CLR,,,,,,,,,,,,,,,37.94,KITH 140756Z AUTO 00000KT 10SM CLR 03/02 A3041 RMK AO2 T00330016 SLP305,,0.0,3.3333333333333335,0
ITH,2015-05-14 04:56:00,-76.4584,42.491,335.0,34.0,33.0,95.77,0.0,0.0,0.0,30.41,1030.7,6.0,,CLR,,,,,,,,BR,,,,,,,33.98,KITH 140856Z AUTO 00000KT 6SM BR CLR 01/01 A3041 RMK AO2 51007 T00110005 SLP307,,0.0,1.1111111111111112,0
ITH,2015-05-14 05:56:00,-76.4584,42.491,335.0,33.0,32.0,96.44,0.0,0.0,0.0,30.43,1031.4,4.0,,CLR,,,,,,,,BR,,,,,,,32.9,KITH 140956Z AUTO 00000KT 4SM BR CLR 01/00 A3043 RMK AO2 T00050000 SLP314,,0.0,0.5555555555555556,0
ITH,2015-05-14 06:18:00,-76.4584,42.491,335.0,33.8,33.8,100.0,0.0,0.0,0.0,30.43,,7.0,,CLR,,,,,,,,,,,,,,,33.8,KITH 141018Z 00000KT 7SM CLR 01/01 A3043 RMK AO2,,0.0,0.9999999999999984,0
ITH,2015-05-14 06:56:00,-76.4584,42.491,335.0,36.86,36.0,96.51,0.0,0.0,0.0,30.45,1032.0,7.0,,CLR,,,,,,,,,,,,,,,36.86,KITH 141056Z 00000KT 7SM CLR 03/02 A3045 RMK AO2 T00270022 SLP320,,0.0,2.6999999999999997,0
ITH,2015-05-14 07:56:00,-76.4584,42.491,335.0,45.0,36.86,73.07,270.0,3.0,0.0,30.47,1032.3,10.0,,CLR,,,,,,,,,,,,,,,43.5,KITH 141156Z 27003KT 10SM CLR 07/03 A3047 RMK AO2 51019 T00720027 10066 20005 SLP323,,1.543332,7.222222222222222,0
ITH,2015-05-14 08:56:00,-76.4584,42.491,335.0,47.0,36.86,67.8,320.0,6.0,0.0,30.48,1032.8,10.0,,CLR,,,,,,,,,,,,,,,43.52,KITH 141256Z 32006KT 10SM CLR 08/03 A3048 RMK AO2 T00830027 SLP328,,3.086664,8.333333333333334,0
ITH,2015-05-14 09:56:00,-76.4584,42.491,335.0,50.0,36.86,60.46,320.0,3.0,0.0,30.48,1032.9,10.0,,CLR,,,,,,,,,,,,,,,49.27,KITH 141356Z 32003KT 10SM CLR 10/03 A3048 RMK AO2 T01000027 SLP329,,1.543332,10.0,0
ITH,2015-05-14 10:56:00,-76.4584,42.491,335.0,54.86,36.0,48.79,,4.0,0.0,30.47,1032.6,10.0,,CLR,,,,,,,,,,,,,,,54.86,KITH 141456Z VRB04KT 10SM CLR 13/02 A3047 RMK AO2 50003 T01270022 SLP326,,2.057776,12.7,0
ITH,2015-05-14 11:56:00,-76.4584,42.491,335.0,56.0,33.0,41.52,,5.0,0.0,30.46,1032.1,10.0,,CLR,,,,,,,,,,,,,,,55.94,KITH 141556Z VRB05KT 10SM CLR 13/01 A3046 RMK AO2 T01330005 SLP321,,2.57222,13.333333333333334,0
ITH,2015-05-14 12:56:00,-76.4584,42.491,335.0,59.0,34.88,40.25,300.0,7.0,0.0,30.44,1031.4,10.0,,CLR,,,,,,,,,,,,,,,59.0,KITH 141656Z 30007KT 10SM CLR 15/02 A3044 RMK AO2 T01500016 SLP314,,3.601108,15.0,0
ITH,2015-05-14 13:56:00,-76.4584,42.491,335.0,60.0,34.0,37.61,290.0,8.0,0.0,30.43,1030.9,10.0,,CLR,,,,,,,,,,,,,,,59.9,KITH 141756Z 29008KT 10SM CLR 16/01 A3043 RMK AO2 58016 T01550011 10155 20072 SLP309,,4.115552,15.555555555555555,0
ITH,2015-05-14 14:56:00,-76.4584,42.491,335.0,60.0,34.0,37.61,290.0,6.0,0.0,30.41,1030.3,10.0,,CLR,,,,,,,,,,,,,,,59.9,KITH 141856Z 29006KT 10SM CLR 16/01 A3041 RMK AO2 T01550011 SLP303,,3.086664,15.555555555555555,0
ITH,2015-05-14 15:56:00,-76.4584,42.491,335.0,61.0,31.1,32.23,350.0,5.0,0.0,30.38,1029.2,10.0,,CLR,,,,,,,,,,,,,,,60.98,KITH 141956Z 35005KT 10SM CLR 16/M01 A3038 RMK AO2 T01611005 SLP292,,2.57222,16.11111111111111,0
ITH,2015-05-14 16:56:00,-76.4584,42.491,335.0,61.88,27.14,26.56,0.0,0.0,0.0,30.36,1028.7,10.0,,CLR,,,,,,,,,,,,,,,61.88,KITH 142056Z 00000KT 10SM CLR 17/M03 A3036 RMK AO2 58021 T01661027 SLP287,,0.0,16.6,0
ITH,2015-05-14 17:56:00,-76.4584,42.491,335.0,63.0,26.0,24.45,0.0,0.0,0.0,30.35,1028.2,10.0,,CLR,,,,,,,,,,,,,,,62.96,KITH 142156Z 00000KT 10SM CLR 17/M03 A3035 RMK AO2 T01721033 SLP282,,0.0,17.22222222222222,0
ITH,2015-05-14 18:56:00,-76.4584,42.491,335.0,61.88,27.14,26.56,0.0,0.0,0.0,30.34,1027.8,10.0,,CLR,,,,,,,,,,,,,,,61.88,KITH 142256Z 00000KT 10SM CLR 17/M03 A3034 RMK AO2 T01661027 SLP278,,0.0,16.6,0
ITH,2015-05-14 19:56:00,-76.4584,42.491,335.0,56.0,38.0,50.72,0.0,0.0,0.0,30.33,1027.3,10.0,,CLR,,,,,,,,,,,,,,,55.94,KITH 142356Z 00000KT 10SM CLR 13/03 A3033 RMK AO2 56012 T01330033 10172 20138 SLP273,,0.0,13.333333333333334,0
ITH,2015-05-14 20:56:00,-76.4584,42.491,335.0,47.84,38.84,70.84,30.0,3.0,0.0,30.32,1027.3,10.0,,CLR,,,,,,,,,,,,,,,46.8,KITH 150056Z 03003KT 10SM CLR 09/04 A3032 RMK AO2 T00880038 SLP273,,1.543332,8.800000000000002,0
ITH,2015-05-14 21:56:00,-76.4584,42.491,335.0,45.86,38.84,76.33,80.0,4.0,0.0,30.33,1027.5,10.0,,CLR,,,,,,,,,,,,,,,43.61,KITH 150156Z 08004KT 10SM CLR 08/04 A3033 RMK AO2 T00770038 SLP275,,2.057776,7.699999999999999,0
ITH,2015-05-14 22:56:00,-76.4584,42.491,335.0,47.0,36.0,65.43,90.0,4.0,0.0,30.32,1027.1,10.0,,CLR,,,,,,,,,,,,,,,44.87,KITH 150256Z AUTO 09004KT 10SM CLR 08/02 A3032 RMK AO2 56002 T00830022 SLP271,,2.057776,8.333333333333334,0
ITH,2015-05-14 23:56:00,-76.4584,42.491,335.0,47.0,36.86,67.8,90.0,5.0,0.0,30.31,1026.9,10.0,,CLR,,,,,,,,,,,,,,,44.14,KITH 150356Z AUTO 09005KT 10SM CLR 08/03 A3031 RMK AO2 T00830027 401720005 SLP269,,2.57222,8.333333333333334,0
ITH,2015-05-15 00:56:00,-76.4584,42.491,335.0,43.88,38.0,79.45,110.0,4.0,0.0,30.31,1026.7,10.0,,CLR,,,,,,,,,,,,,,,41.29,KITH 150456Z AUTO 11004KT 10SM CLR 07/03 A3031 RMK AO2 T00660033 SLP267,,2.057776,6.600000000000001,0
ITH,2015-05-15 01:56:00,-76.4584,42.491,335.0,43.88,36.86,76.15,90.0,4.0,0.0,30.29,1026.0,10.0,,CLR,,,,,,,,,,,,,,,41.29,KITH 150556Z AUTO 09004KT 10SM CLR 07/03 A3029 RMK AO2 58010 T00660027 10133 20066 SLP260,,2.057776,6.600000000000001,0
ITH,2015-05-15 02:56:00,-76.4584,42.491,335.0,43.88,36.0,73.49,0.0,0.0,0.0,30.28,1025.8,10.0,,CLR,,,,,,,,,,,,,,,43.88,KITH 150656Z AUTO 00000KT 10SM CLR 07/02 A3028 RMK AO2 T00660022 SLP258,,0.0,6.600000000000001,0
ITH,2015-05-15 03:56:00,-76.4584,42.491,335.0,43.88,34.88,70.4,90.0,4.0,0.0,30.28,1025.8,10.0,,CLR,,,,,,,,,,,,,,,41.29,KITH 150756Z AUTO 09004KT 10SM CLR 07/02 A3028 RMK AO2 T00660016 SLP258,,2.057776,6.600000000000001,0
ITH,2015-05-15 04:56:00,-76.4584,42.491,335.0,43.88,34.0,67.92,90.0,5.0,0.0,30.29,1025.9,10.0,,CLR,,,,,,,,,,,,,,,40.5,KITH 150856Z AUTO 09005KT 10SM CLR 07/01 A3029 RMK AO2 55001 T00660011 SLP259,,2.57222,6.600000000000001,0
ITH,2015-05-15 05:56:00,-76.4584,42.491,335.0,45.86,34.88,65.29,80.0,5.0,0.0,30.28,1025.6,10.0,,CLR,,,,,,,,,,,,,,,42.86,KITH 150956Z AUTO 08005KT 10SM CLR 08/02 A3028 RMK AO2 T00770016 SLP256,,2.57222,7.699999999999999,0
ITH,2015-05-15 06:27:00,-76.4584,42.491,335.0,46.4,35.6,65.83,90.0,3.0,0.0,30.29,,10.0,,CLR,,,,,,,,,,,,,,,45.15,KITH 151027Z 09003KT 10SM CLR 08/02 A3029 RMK AO2,,1.543332,8.0,0
ITH,2015-05-15 06:56:00,-76.4584,42.491,335.0,47.0,36.86,67.8,90.0,3.0,0.0,30.29,1025.8,10.0,,CLR,,,,,,,,,,,,,,,45.77,KITH 151056Z 09003KT 10SM CLR 08/03 A3029 RMK AO2 T00830027 SLP258,,1.543332,8.333333333333334,0
ITH,2015-05-15 07:56:00,-76.4584,42.491,335.0,52.0,36.86,56.18,90.0,4.0,0.0,30.28,1025.5,10.0,,CLR,,,,,,,,,,,,,,,51.98,KITH 151156Z 09004KT 10SM CLR 11/03 A3028 RMK AO2 58002 T01110027 10111 20061 SLP255,,2.057776,11.11111111111111,0
ITH,2015-05-15 08:56:00,-76.4584,42.491,335.0,58.0,38.84,48.91,160.0,4.0,0.0,30.27,1025.2,10.0,,CLR,,,,,,,,,,,,,,,57.92,KITH 151256Z 16004KT 10SM CLR 14/04 A3027 RMK AO2 T01440038 SLP252,,2.057776,14.444444444444445,0
ITH,2015-05-15 09:56:00,-76.4584,42.491,335.0,63.86,38.0,38.25,190.0,9.0,0.0,30.26,1024.7,10.0,,CLR,,,,,,,,,,,,,,,63.86,KITH 151356Z 19009KT 10SM CLR 18/03 A3026 RMK AO2 T01770033 SLP247,,4.629996,17.700000000000003,0
ITH,2015-05-15 10:56:00,-76.4584,42.491,335.0,63.0,38.84,40.89,170.0,10.0,0.0,30.24,1024.3,10.0,,CLR,,,,,,,,,,,,,,,62.96,KITH 151456Z 17010KT 10SM CLR 17/04 A3024 RMK AO2 56011 T01720038 SLP243,,5.14444,17.22222222222222,0
ITH,2015-05-15 11:56:00,-76.4584,42.491,335.0,65.84,41.0,40.21,150.0,13.0,0.0,30.23,1023.8,10.0,17.0,CLR,,,,,,,,,,,,,,,65.84,KITH 151556Z 15013G17KT 10SM CLR 19/05 A3023 RMK AO2 T01880050 SLP238,,6.687772,18.8,0
ITH,2015-05-15 12:56:00,-76.4584,42.491,335.0,70.0,43.88,38.96,190.0,11.0,0.0,30.2,1022.9,10.0,18.0,CLR,,,,,,,,,,,,,,,69.98,KITH 151656Z 19011G18KT 10SM CLR 21/07 A3020 RMK AO2 T02110066 SLP229,,5.6588840000000005,21.11111111111111,0
ITH,2015-05-15 13:56:00,-76.4584,42.491,335.0,72.0,45.0,37.95,190.0,8.0,0.0,30.18,1022.1,10.0,,CLR,,,,,,,,,,,,,,,70.64,KITH 151756Z 19008KT 160V220 10SM CLR 22/07 A3018 RMK AO2 58021 T02220072 10222 20116 SLP221,,4.115552,22.22222222222222,0
ITH,2015-05-15 14:56:00,-76.4584,42.491,335.0,72.0,45.86,39.27,170.0,8.0,0.0,30.17,1021.5,10.0,,SCT,,,,12000.0,,,,,,,,,,,70.7,KITH 151856Z 17008KT 10SM SCT120 22/08 A3017 RMK AO2 T02220077 SLP215,,4.115552,22.22222222222222,4
ITH,2015-05-15 15:56:00,-76.4584,42.491,335.0,69.0,45.86,43.58,190.0,8.0,0.0,30.16,1021.2,10.0,,SCT,,,,11000.0,,,,,,,,,,,68.9,KITH 151956Z 19008KT 10SM SCT110 21/08 A3016 RMK AO2 T02050077 SLP212,,4.115552,20.555555555555557,4
ITH,2015-05-15 16:56:00,-76.4584,42.491,335.0,70.0,47.84,45.26,180.0,7.0,0.0,30.14,1020.7,10.0,,BKN,,,,11000.0,,,,,,,,,,,69.98,KITH 152056Z 18007KT 10SM BKN110 21/09 A3014 RMK AO2 58014 T02110088 SLP207,,3.601108,21.11111111111111,6
ITH,2015-05-15 17:56:00,-76.4584,42.491,335.0,65.84,49.0,54.35,190.0,6.0,0.0001,30.14,1020.9,10.0,,BKN,,,,7500.0,,,,,,,,,,,65.84,KITH 152156Z 19006KT 10SM BKN075 19/09 A3014 RMK AO2 T01880094 RAB15E53 P0000 SLP209,,3.086664,18.8,6
ITH,2015-05-15 18:56:00,-76.4584,42.491,335.0,65.84,50.0,56.58,190.0,8.0,0.0,30.13,1020.4,10.0,,BKN,,,,6000.0,,,,,,,,,,,65.84,KITH 152256Z 19008KT 10SM BKN060 19/10 A3013 RMK AO2 T01880100 SLP204,,4.115552,18.8,6
ITH,2015-05-15 19:56:00,-76.4584,42.491,335.0,60.0,54.86,83.4,170.0,6.0,0.0001,30.13,1020.3,10.0,,OVC,,,,6500.0,,,,,,,,,,,59.9,KITH 152356Z 17006KT 10SM OVC065 16/13 A3013 RMK AO2 58006 60000 T01550127 10227 20155 RAB2259E54 P0000 SLP203,,3.086664,15.555555555555555,8
ITH,2015-05-15 20:56:00,-76.4584,42.491,335.0,60.0,54.0,80.7,160.0,9.0,0.02,30.12,1020.0,10.0,,OVC,,,,5500.0,,,,,,,,,,,59.9,KITH 160056Z 16009KT 10SM OVC055 16/12 A3012 RMK AO2 T01550122 P0002 SLP200,,4.629996,15.555555555555555,8
ITH,2015-05-15 21:56:00,-76.4584,42.491,335.0,60.0,54.0,80.7,140.0,8.0,0.03,30.13,1020.2,10.0,,OVC,,,,6000.0,,,,-RA,,,,,,,59.9,KITH 160156Z 14008KT 10SM -RA OVC060 16/12 A3013 RMK AO2 T01550122 RAB06 P0003 SLP202,,4.115552,15.555555555555555,8
ITH,2015-05-15 22:56:00,-76.4584,42.491,335.0,60.0,54.0,80.7,150.0,8.0,0.01,30.11,1019.5,10.0,,BKN,OVC,,,5500.0,10000.0,,,,,,,,,,59.9,KITH 160256Z AUTO 15008KT 10SM BKN055 OVC100 16/12 A3011 RMK AO2 58003 60006 T01550122 RAE56 P0001 SLP195,,4.115552,15.555555555555555,8
ITH,2015-05-15 23:56:00,-76.4584,42.491,335.0,60.0,54.0,80.7,170.0,10.0,0.0001,30.11,1019.4,10.0,,BKN,BKN,BKN,,5000.0,7000.0,12000.0,,,,,,,,,59.9,KITH 160356Z AUTO 17010KT 10SM BKN050 BKN070 BKN120 16/12 A3011 RMK AO2 T01550122 402270061 BKN V OVC RAB0258E00 P0000 SLP194,,5.14444,15.555555555555555,6
ITH,2015-05-16 00:56:00,-76.4584,42.491,335.0,59.0,56.0,89.57,170.0,6.0,0.11,30.13,1020.0,5.0,,FEW,BKN,OVC,,3100.0,3900.0,6000.0,,-RA BR,,,,,,,59.0,KITH 160456Z AUTO 17006KT 5SM -RA BR FEW031 BKN039 OVC060 15/13 A3013 RMK AO2 T01500133 BKN V SCT LTG DSNT SE AND S RAB42 P0011 SLP200,,3.086664,15.0,8
ITH,2015-05-16 01:56:00,-76.4584,42.491,335.0,58.0,56.0,93.1,170.0,6.0,0.06,30.11,1019.3,9.0,,FEW,BKN,OVC,,3200.0,4300.0,5500.0,,-RA,,,,,,,57.92,KITH 160556Z AUTO 17006KT 9SM -RA FEW032 BKN043 OVC055 14/13 A3011 RMK AO2 58001 60023 T01440133 10155 20144 OVC V BKN P0006 SLP193,,3.086664,14.444444444444445,8
ITH,2015-05-16 02:56:00,-76.4584,42.491,335.0,58.0,56.0,93.1,150.0,4.0,0.01,30.09,1018.7,10.0,,OVC,,,,4100.0,,,,,,,,,,,57.92,KITH 160656Z AUTO 15004KT 10SM OVC041 14/13 A3009 RMK AO2 T01440133 RAE49 P0001 SLP187,,2.057776,14.444444444444445,8
ITH,2015-05-16 03:56:00,-76.4584,42.491,335.0,58.0,54.86,89.52,130.0,5.0,0.0001,30.09,1018.7,10.0,,BKN,OVC,,,3400.0,7500.0,,,,,,,,,,57.92,KITH 160756Z AUTO 13005KT 10SM BKN034 OVC075 14/13 A3009 RMK AO2 T01440127 RAB03E26 P0000 SLP187,,2.57222,14.444444444444445,8
ITH,2015-05-16 04:56:00,-76.4584,42.491,335.0,58.0,54.86,89.52,160.0,5.0,0.0,30.09,1018.7,10.0,,CLR,,,,,,,,,,,,,,,57.92,KITH 160856Z AUTO 16005KT 10SM CLR 14/13 A3009 RMK AO2 56005 60001 T01440127 SLP187,,2.57222,14.444444444444445,0
ITH,2015-05-16 05:56:00,-76.4584,42.491,335.0,58.0,54.86,89.52,170.0,5.0,0.0,30.1,1019.1,10.0,,CLR,,,,,,,,,,,,,,,57.92,KITH 160956Z AUTO 17005KT 10SM CLR 14/13 A3010 RMK AO2 T01440127 SLP191,,2.57222,14.444444444444445,0
ITH,2015-05-16 06:29:00,-76.4584,42.491,335.0,57.2,55.4,93.69,140.0,5.0,0.0,30.1,,10.0,,CLR,,,,,,,,,,,,,,,57.2,KITH 161029Z 14005KT 10SM CLR 14/13 A3010 RMK AO2,,2.57222,14.000000000000002,0
ITH,2015-05-16 06:56:00,-76.4584,42.491,335.0,59.0,56.0,89.57,170.0,6.0,0.0,30.11,1019.4,10.0,,BKN,,,,9000.0,,,,,,,,,,,59.0,KITH 161056Z 17006KT 10SM BKN090 15/13 A3011 RMK AO2 T01500133 SLP194,,3.086664,15.0,6
ITH,2015-05-16 07:56:00,-76.4584,42.491,335.0,61.0,56.84,86.23,170.0,7.0,0.0,30.11,1019.5,10.0,,BKN,,,,8000.0,,,,,,,,,,,60.98,KITH 161156Z 17007KT 10SM BKN080 16/14 A3011 RMK AO2 50004 60001 70024 T01610138 10161 20138 SLP195,,3.601108,16.11111111111111,6
ITH,2015-05-16 08:56:00,-76.4584,42.491,335.0,63.0,58.0,83.6,170.0,7.0,0.0,30.12,1019.8,10.0,,SCT,BKN,,,5500.0,10000.0,,,,,,,,,,62.96,KITH 161256Z 17007KT 10SM SCT055 BKN100 17/14 A3012 RMK AO2 T01720144 SLP198,,3.601108,17.22222222222222,6
ITH,2015-05-16 09:56:00,-76.4584,42.491,335.0,67.0,60.0,78.16,190.0,5.0,0.0,30.12,1019.7,10.0,,SCT,,,,5000.0,,,,,,,,,,,66.92,KITH 161356Z 19005KT 10SM SCT050 19/16 A3012 RMK AO2 T01940155 SLP197,,2.57222,19.444444444444443,4
ITH,2015-05-16 10:56:00,-76.4584,42.491,335.0,70.88,61.0,70.9,230.0,8.0,0.0,30.12,1019.6,10.0,,FEW,,,,7500.0,,,,,,,,,,,70.88,KITH 161456Z 23008KT 10SM FEW075 22/16 A3012 RMK AO2 50005 T02160161 SLP196,,4.115552,21.599999999999998,2
ITH,2015-05-16 11:56:00,-76.4584,42.491,335.0,74.0,63.0,68.57,250.0,5.0,0.0,30.11,1019.3,10.0,,SCT,,,,7500.0,,,,,,,,,,,73.94,KITH 161556Z 25005KT 10SM SCT075 23/17 A3011 RMK AO2 T02330172 SLP193,,2.57222,23.333333333333332,4
ITH,2015-05-16 12:47:00,-76.4584,42.491,335.0,75.2,62.6,64.91,280.0,4.0,0.0,30.11,,10.0,,BKN,,,,2700.0,,,,,,,,,,,75.2,KITH 161647Z 28004KT 10SM BKN027 24/17 A3011 RMK AO2,,2.057776,24.0,6
ITH,2015-05-16 12:56:00,-76.4584,42.491,335.0,76.0,63.0,64.17,280.0,6.0,0.0,30.11,1019.1,10.0,,BKN,,,,2700.0,,,,,,,,,,,75.92,KITH 161656Z 28006KT 10SM BKN027 24/17 A3011 RMK AO2 T02440172 SLP191,,3.086664,24.444444444444443,6
ITH,2015-05-16 13:56:00,-76.4584,42.491,335.0,77.0,63.0,61.91,260.0,8.0,0.0,30.09,1018.6,10.0,,BKN,,,,3200.0,,,,,,,,,,,77.0,KITH 161756Z 26008KT 10SM BKN032 25/17 A3009 RMK AO2 58009 T02500172 10250 20161 SLP186,,4.115552,25.0,6
ITH,2015-05-16 14:56:00,-76.4584,42.491,335.0,78.0,63.0,60.1,280.0,7.0,0.0,30.09,1018.3,10.0,,BKN,,,,4100.0,,,,,,,,,,,77.9,KITH 161856Z 28007KT 10SM BKN041 26/17 A3009 RMK AO2 T02550172 SLP183,,3.601108,25.555555555555557,6
ITH,2015-05-16 15:56:00,-76.4584,42.491,335.0,74.0,65.0,73.49,310.0,11.0,0.0001,30.09,1018.6,10.0,,BKN,,,,3700.0,,,,-RA,,,,,,,73.94,KITH 161956Z 31011KT 10SM -RA BKN037 23/18 A3009 RMK AO2 T02330183 RAB43 P0000 SLP186,,5.6588840000000005,23.333333333333332,6
ITH,2015-05-16 16:56:00,-76.4584,42.491,335.0,70.88,65.0,81.5,330.0,5.0,0.0001,30.09,1018.6,10.0,,SCT,BKN,,,3600.0,4400.0,,,-RA,,,,,,,70.88,KITH 162056Z 33005KT 10SM -RA SCT036 BKN044 22/18 A3009 RMK AO2 56001 60000 T02160183 RAE21B42 P0000 SLP186,,2.57222,21.599999999999998,6
ITH,2015-05-16 17:56:00,-76.4584,42.491,335.0,69.0,65.84,89.98,340.0,5.0,0.01,30.1,1019.0,10.0,,BKN,BKN,,,3100.0,6000.0,,,-RA,,,,,,,68.9,KITH 162156Z 34005KT 10SM -RA BKN031 BKN060 21/19 A3010 RMK AO2 T02050188 P0001 SLP190,,2.57222,20.555555555555557,6
ITH,2015-05-16 18:56:00,-76.4584,42.491,335.0,68.0,65.0,89.94,30.0,4.0,0.01,30.11,1019.4,10.0,,SCT,BKN,,,2800.0,8000.0,,,-SHRA,,,,,,,68.0,KITH 162256Z 03004KT 10SM -SHRA SCT028 BKN080 20/18 A3011 RMK AO2 T02000183 RAE21SHRAB56 P0001 SLP194,,2.057776,20.0,6
ITH,2015-05-16 19:56:00,-76.4584,42.491,335.0,67.0,65.0,93.35,0.0,0.0,0.0001,30.12,1019.8,7.0,,SCT,BKN,,,2600.0,7000.0,,,-SHRA,,,,,,,66.92,KITH 162356Z 00000KT 7SM -SHRA SCT026 BKN070 19/18 A3012 RMK AO2 53010 60002 T01940183 10255 20194 P0000 SLP198,,0.0,19.444444444444443,6
ITH,2015-05-16 20:56:00,-76.4584,42.491,335.0,65.0,65.0,100.0,0.0,0.0,0.0001,30.14,1020.3,4.0,,SCT,BKN,,,3500.0,5500.0,,,-SHRA BR,,,,,,,64.94,KITH 170056Z 00000KT 4SM -SHRA BR SCT035 BKN055 18/18 A3014 RMK AO2 T01830183 P0000 SLP203,,0.0,18.333333333333332,6
ITH,2015-05-16 21:56:00,-76.4584,42.491,335.0,65.84,65.84,100.0,230.0,4.0,0.0,30.15,1020.7,10.0,,BKN,,,,7000.0,,,,,,,,,,,65.84,KITH 170156Z 23004KT 10SM BKN070 19/19 A3015 RMK AO2 T01880188 SHRAE0057 SLP207,,2.057776,18.8,6
ITH,2015-05-16 22:56:00,-76.4584,42.491,335.0,65.84,63.86,93.33,0.0,0.0,0.0001,30.15,1020.6,10.0,,SCT,,,,7500.0,,,,,,,,,,,65.84,KITH 170256Z AUTO 00000KT 10SM SCT075 19/18 A3015 RMK AO2 51010 60000 T01880177 RAB09E27 P0000 SLP206,,0.0,18.8,4
ITH,2015-05-16 23:37:00,-76.4584,42.491,335.0,62.6,62.6,100.0,0.0,0.0,0.0,30.16,,1.75,,FEW,BKN,,,7000.0,9500.0,,,BR,,,,,,,62.6,KITH 170337Z AUTO 00000KT 1 3/4SM BR FEW070 BKN095 17/17 A3016 RMK AO2 VIS 1V3,,0.0,17.0,6
ITH,2015-05-16 23:56:00,-76.4584,42.491,335.0,61.88,61.88,100.0,0.0,0.0,0.0,30.16,1020.7,1.0,,BKN,,,,7000.0,,,,BR,,,,,,,61.88,KITH 170356Z AUTO 00000KT 1SM R32/5500VP6000FT BR BKN070 17/17 A3016 RMK AO2 T01660166 402550138 VIS 1/2V1 3/4 SLP207,,0.0,16.6,6
ITH,2015-05-17 00:02:00,-76.4584,42.491,335.0,62.6,60.8,93.83,0.0,0.0,0.0,30.15,,0.5,,BKN,,,,7000.0,,,,FG,,,,,,,62.6,KITH 170402Z AUTO 00000KT 1/2SM R32/2400VP6000FT FG BKN070 17/16 A3015 RMK AO2,,0.0,17.0,6
ITH,2015-05-17 00:33:00,-76.4584,42.491,335.0,59.0,57.2,93.74,0.0,0.0,0.0,30.16,,0.25,,CLR,,,,,,,,FG,,,,,,,59.0,KITH 170433Z AUTO 00000KT 1/4SM R32/2600VP6000FT FG CLR 15/14 A3016 RMK AO2,,0.0,15.0,0
ITH,2015-05-17 00:43:00,-76.4584,42.491,335.0,59.0,59.0,100.0,0.0,0.0,0.0,30.16,,0.5,,CLR,,,,,,,,FG,,,,,,,59.0,KITH 170443Z AUTO 00000KT 1/2SM R32/P6000FT FG CLR 15/15 A3016 RMK AO2,,0.0,15.0,0
ITH,2015-05-17 00:56:00,-76.4584,42.491,335.0,60.0,59.0,96.84,0.0,0.0,0.0,30.17,1021.0,0.5,,BKN,,,,4400.0,,,,FG,,,,,,,59.9,KITH 170456Z AUTO 00000KT 1/2SM R32/2800VP6000FT FG BKN044 16/15 A3017 RMK AO2 T01550150 SLP210,,0.0,15.555555555555555,6
ITH,2015-05-17 01:14:00,-76.4584,42.491,335.0,60.8,59.0,93.79,100.0,3.0,0.0,30.16,,1.0,,SCT,BKN,,,4400.0,5500.0,,,BR,,,,,,,60.8,KITH 170514Z AUTO 10003KT 1SM R32/2400VP6000FT BR SCT044 BKN055 16/15 A3016 RMK AO2,,1.543332,16.0,6
ITH,2015-05-17 01:17:00,-76.4584,42.491,335.0,60.8,60.8,100.0,90.0,3.0,0.0,30.16,,1.5,,SCT,BKN,,,4400.0,5500.0,,,BR,,,,,,,60.8,KITH 170517Z AUTO 09003KT 1 1/2SM BR SCT044 BKN055 16/16 A3016 RMK AO2,,1.543332,16.0,6
ITH,2015-05-17 01:21:00,-76.4584,42.491,335.0,60.8,60.8,100.0,100.0,3.0,0.0,30.16,,3.0,,SCT,OVC,,,4400.0,5500.0,,,BR,,,,,,,60.8,KITH 170521Z AUTO 10003KT 3SM BR SCT044 OVC055 16/16 A3016 RMK AO2 OVC V BKN,,1.543332,16.0,8
ITH,2015-05-17 01:56:00,-76.4584,42.491,335.0,61.0,61.0,100.0,0.0,0.0,0.0,30.16,1021.0,3.0,,OVC,,,,4500.0,,,,BR,,,,,,,60.98,KITH 170556Z AUTO 00000KT 3SM BR OVC045 16/16 A3016 RMK AO2 50003 60000 T01610161 10194 20150 SLP210,,0.0,16.11111111111111,8
ITH,2015-05-17 02:07:00,-76.4584,42.491,335.0,60.8,60.8,100.0,0.0,0.0,0.0,30.16,,3.0,,SCT,OVC,,,300.0,4700.0,,,BR,,,,,,,60.8,KITH 170607Z AUTO 00000KT 3SM BR SCT003 OVC047 16/16 A3016 RMK AO2,,0.0,16.0,8
ITH,2015-05-17 02:16:00,-76.4584,42.491,335.0,60.8,60.8,100.0,0.0,0.0,0.0,30.16,,3.0,,BKN,OVC,,,300.0,4700.0,,,BR,,,,,,,60.8,KITH 170616Z AUTO 00000KT 3SM BR BKN003 OVC047 16/16 A3016 RMK AO2,,0.0,16.0,8
ITH,2015-05-17 02:30:00,-76.4584,42.491,335.0,60.8,60.8,100.0,0.0,0.0,0.0,30.15,,3.0,,SCT,OVC,,,300.0,4900.0,,,BR,,,,,,,60.8,KITH 170630Z AUTO 00000KT 3SM BR SCT003 OVC049 16/16 A3015 RMK AO2,,0.0,16.0,8
ITH,2015-05-17 02:37:00,-76.4584,42.491,335.0,60.8,60.8,100.0,0.0,0.0,0.0,30.15,,2.5,,FEW,OVC,,,300.0,4900.0,,,BR,,,,,,,60.8,KITH 170637Z AUTO 00000KT 2 1/2SM BR FEW003 OVC049 16/16 A3015 RMK AO2,,0.0,16.0,8
ITH,2015-05-17 02:48:00,-76.4584,42.491,335.0,60.8,60.8,100.0,0.0,0.0,0.0,30.15,,1.25,,BKN,,,,4900.0,,,,BR,,,,,,,60.8,KITH 170648Z AUTO 00000KT 1 1/4SM BR BKN049 16/16 A3015 RMK AO2 BKN V SCT VIS 3/4V2 1/2,,0.0,16.0,6
ITH,2015-05-17 02:56:00,-76.4584,42.491,335.0,60.0,60.0,100.0,0.0,0.0,0.0,30.15,1020.6,0.5,,BKN,,,,4900.0,,,,FG,,,,,,,59.9,KITH 170656Z AUTO 00000KT 1/2SM R32/1800VP6000FT FG BKN049 16/16 A3015 RMK AO2 T01550155 SLP206,,0.0,15.555555555555555,6
ITH,2015-05-17 03:04:00,-76.4584,42.491,335.0,59.0,59.0,100.0,0.0,0.0,0.0,30.15,,0.25,,SCT,BKN,,,200.0,4900.0,,,FG,,,,,,,59.0,KITH 170704Z AUTO 00000KT 1/4SM R32/0800V2000FT FG SCT002 BKN049 15/15 A3015 RMK AO2,,0.0,15.0,6
ITH,2015-05-17 03:11:00,-76.4584,42.491,335.0,59.0,59.0,100.0,0.0,0.0,0.0,30.15,,0.25,,BKN,,,,200.0,,,,FG,,,,,,,59.0,KITH 170711Z AUTO 00000KT 1/4SM R32/0800V3500FT FG BKN002 15/15 A3015 RMK AO2,,0.0,15.0,6
ITH,2015-05-17 03:56:00,-76.4584,42.491,335.0,58.0,58.0,100.0,0.0,0.0,0.0,30.16,1021.0,0.5,,OVC,,,,200.0,,,,FG,,,,,,,57.92,KITH 170756Z AUTO 00000KT 1/2SM R32/0800V1200FT FG OVC002 14/14 A3016 RMK AO2 T01440144 SLP210,,0.0,14.444444444444445,8
ITH,2015-05-17 04:12:00,-76.4584,42.491,335.0,57.2,57.2,100.0,0.0,0.0,0.0,30.16,,0.25,,OVC,,,,200.0,,,,FG,,,,,,,57.2,KITH 170812Z AUTO 00000KT 1/4SM R32/1800V3500FT FG OVC002 14/14 A3016 RMK AO2,,0.0,14.000000000000002,8
ITH,2015-05-17 04:19:00,-76.4584,42.491,335.0,57.2,57.2,100.0,0.0,0.0,0.0,30.16,,,,OVC,,,,200.0,,,,,,,,,,,57.2,KITH 170819Z AUTO 00000KT R32/1800V5000FT OVC002 14/14 A3016 RMK AO2,,0.0,14.000000000000002,8
ITH,2015-05-17 04:27:00,-76.4584,42.491,335.0,57.2,57.2,100.0,0.0,0.0,0.0,30.16,,0.25,,OVC,,,,200.0,,,,FG,,,,,,,57.2,KITH 170827Z AUTO 00000KT 1/4SM R32/1600V2600FT FG OVC002 14/14 A3016 RMK AO2 $,,0.0,14.000000000000002,8
ITH,2015-05-17 04:44:00,-76.4584,42.491,335.0,57.2,57.2,100.0,0.0,0.0,0.0,30.17,,0.25,,OVC,,,,200.0,,,,FG,,,,,,,57.2,KITH 170844Z AUTO 00000KT 1/4SM R32/0800V1200FT FG OVC002 14/14 A3017 RMK AO2,,0.0,14.000000000000002,8
ITH,2015-05-17 04:48:00,-76.4584,42.491,335.0,57.2,57.2,100.0,0.0,0.0,0.0,30.17,,0.75,,OVC,,,,200.0,,,,BR,,,,,,,57.2,KITH 170848Z AUTO 00000KT 3/4SM R32/0600V1200FT BR OVC002 14/14 A3017 RMK AO2,,0.0,14.000000000000002,8
ITH,2015-05-17 04:56:00,-76.4584,42.491,335.0,58.0,58.0,100.0,0.0,0.0,0.0,30.17,1021.3,,,OVC,,,,200.0,,,,,,,,,,,57.92,KITH 170856Z AUTO 00000KT R32/0600V0700FT OVC002 14/14 A3017 RMK AO2 53001 T01440144 SLP213,,0.0,14.444444444444445,8
ITH,2015-05-17 05:07:00,-76.4584,42.491,335.0,57.2,57.2,100.0,0.0,0.0,0.0,30.16,,0.25,,OVC,,,,200.0,,,,FG,,,,,,,57.2,KITH 170907Z AUTO 00000KT 1/4SM R32/1200V2400FT FG OVC002 14/14 A3016 RMK AO2 $,,0.0,14.000000000000002,8
ITH,2015-05-17 05:27:00,-76.4584,42.491,335.0,60.8,60.8,100.0,330.0,4.0,0.0,30.17,,0.5,,OVC,,,,200.0,,,,FG,,,,,,,60.8,KITH 170927Z AUTO 33004KT 1/2SM R32/1600V2200FT FG OVC002 16/16 A3017 RMK AO2,,2.057776,16.0,8
ITH,2015-05-17 05:34:00,-76.4584,42.491,335.0,60.8,60.8,100.0,320.0,4.0,0.0,30.18,,0.75,,OVC,,,,200.0,,,,BR,,,,,,,60.8,KITH 170934Z AUTO 32004KT 3/4SM R32/1600V6000FT BR OVC002 16/16 A3018 RMK AO2,,2.057776,16.0,8
ITH,2015-05-17 05:45:00,-76.4584,42.491,335.0,60.8,60.8,100.0,310.0,3.0,0.0,30.18,,0.25,,OVC,,,,200.0,,,,FG,,,,,,,60.8,KITH 170945Z AUTO 31003KT 1/4SM R32/3000VP6000FT FG OVC002 16/16 A3018 RMK AO2 OVC V BKN,,1.543332,16.0,8
ITH,2015-05-17 05:56:00,-76.4584,42.491,335.0,59.0,59.0,100.0,310.0,3.0,0.0,30.18,1021.8,0.25,,BKN,,,,200.0,,,,FG,,,,,,,59.0,KITH 170956Z AUTO 31003KT M1/4SM R32/4000VP6000FT FG BKN002 15/15 A3018 RMK AO2 T01500150 SLP218,,1.543332,15.0,6
ITH,2015-05-17 06:24:00,-76.4584,42.491,335.0,60.8,59.0,93.79,0.0,0.0,0.0,30.2,,0.12,,OVC,,,,200.0,,,,FG,,,,,,,60.8,KITH 171024Z 00000KT 1/8SM R32/1000V2000FT FG OVC002 16/15 A3020 RMK AO2,,0.0,16.0,8
ITH,2015-05-17 06:38:00,-76.4584,42.491,335.0,60.8,60.8,100.0,0.0,0.0,0.0,30.2,,0.12,,OVC,,,,200.0,,,,FG,,,,,,,60.8,KITH 171038Z 00000KT 1/8SM R32/1600V3500FT FG OVC002 16/16 A3020 RMK AO2,,0.0,16.0,8
ITH,2015-05-17 06:56:00,-76.4584,42.491,335.0,60.0,60.0,100.0,0.0,0.0,0.0,30.21,1022.6,0.5,,BKN,OVC,,,200.0,4600.0,,,FG,,,,,,,59.9,KITH 171056Z 00000KT 1/2SM R32/P6000FT FG BKN002 OVC046 16/16 A3021 RMK AO2 T01550155 SLP226,,0.0,15.555555555555555,8
ITH,2015-05-17 06:58:00,-76.4584,42.491,335.0,60.8,60.8,100.0,0.0,0.0,0.0,30.21,,1.25,,FEW,OVC,,,200.0,4600.0,,,BR,,,,,,,60.8,KITH 171058Z 00000KT 1 1/4SM BR FEW002 OVC046 16/16 A3021 RMK AO2,,0.0,16.0,8
ITH,2015-05-17 07:05:00,-76.4584,42.491,335.0,60.8,60.8,100.0,0.0,0.0,0.0,30.21,,0.5,,BKN,OVC,,,200.0,4600.0,,,FG,,,,,,,60.8,KITH 171105Z 00000KT 1/2SM R32/P6000FT FG BKN002 OVC046 16/16 A3021 RMK AO2,,0.0,16.0,8
ITH,2015-05-17 07:31:00,-76.4584,42.491,335.0,60.8,60.8,100.0,0.0,0.0,0.0,30.21,,2.0,,BKN,OVC,,,400.0,4600.0,,,BR,,,,,,,60.8,KITH 171131Z 00000KT 2SM BR BKN004 OVC046 16/16 A3021 RMK AO2,,0.0,16.0,8
ITH,2015-05-17 07:56:00,-76.4584,42.491,335.0,60.0,60.0,100.0,320.0,3.0,0.0,30.22,1023.1,3.0,,BKN,BKN,,,700.0,5000.0,,,BR,,,,,,,59.9,KITH 171156Z 32003KT 3SM BR BKN007 BKN050 16/16 A3022 RMK AO2 53018 70002 T01550155 10161 20138 SLP231,,1.543332,15.555555555555555,6
ITH,2015-05-17 08:56:00,-76.4584,42.491,335.0,63.86,59.0,84.19,320.0,4.0,0.0,30.23,1023.4,5.0,,SCT,BKN,,,700.0,5000.0,,,HZ,,,,,,,63.86,KITH 171256Z 32004KT 5SM HZ SCT007 BKN050 18/15 A3023 RMK AO2 T01770150 SLP234,,2.057776,17.700000000000003,6
ITH,2015-05-17 09:56:00,-76.4584,42.491,335.0,63.86,56.84,77.9,320.0,5.0,0.0,30.23,1023.3,6.0,,FEW,BKN,,,800.0,4700.0,,,HZ,,,,,,,63.86,KITH 171356Z 32005KT 6SM HZ FEW008 BKN047 18/14 A3023 RMK AO2 T01770138 SLP233,,2.57222,17.700000000000003,6
ITH,2015-05-17 10:56:00,-76.4584,42.491,335.0,69.0,58.0,68.01,320.0,4.0,0.0,30.21,1022.7,10.0,,SCT,,,,4000.0,,,,,,,,,,,68.9,KITH 171456Z 32004KT 10SM SCT040 21/14 A3021 RMK AO2 58000 T02050144 SLP227,,2.057776,20.555555555555557,4
ITH,2015-05-17 11:56:00,-76.4584,42.491,335.0,72.86,60.0,63.81,280.0,4.0,0.0,30.22,1022.7,10.0,,FEW,,,,3700.0,,,,,,,,,,,72.86,KITH 171556Z 28004KT 10SM FEW037 23/16 A3022 RMK AO2 T02270155 SLP227,,2.057776,22.700000000000003,2
ITH,2015-05-17 12:56:00,-76.4584,42.491,335.0,74.0,58.0,57.32,0.0,0.0,0.0,30.2,1022.5,10.0,,SCT,,,,5000.0,,,,,,,,,,,73.94,KITH 171656Z 00000KT 10SM SCT050 23/14 A3020 RMK AO2 T02330144 SLP225,,0.0,23.333333333333332,4
ITH,2015-05-17 13:56:00,-76.4584,42.491,335.0,76.0,58.0,53.65,,4.0,0.0,30.19,1021.8,10.0,,SCT,,,,3700.0,,,,,,,,,,,75.92,KITH 171756Z VRB04KT 10SM SCT037 24/14 A3019 RMK AO2 58010 T02440144 10244 20155 SLP218,,2.057776,24.444444444444443,4
ITH,2015-05-17 14:56:00,-76.4584,42.491,335.0,77.0,59.0,53.8,340.0,6.0,0.0,30.17,1021.3,10.0,,SCT,,,,4000.0,,,,,,,,,,,77.0,KITH 171856Z 34006KT 10SM SCT040 25/15 A3017 RMK AO2 T02500150 SLP213,,3.086664,25.0,4
ITH,2015-05-17 15:56:00,-76.4584,42.491,335.0,78.0,60.0,53.93,,3.0,0.0,30.16,1020.7,10.0,,SCT,,,,4000.0,,,,,,,,,,,77.9,KITH 171956Z VRB03KT 10SM SCT040 26/16 A3016 RMK AO2 T02550155 SLP207,,1.543332,25.555555555555557,4
ITH,2015-05-17 16:56:00,-76.4584,42.491,335.0,78.0,61.0,56.04,340.0,5.0,0.0,30.14,1020.3,10.0,,SCT,,,,4000.0,,,,,,,,,,,77.9,KITH 172056Z 34005KT 10SM SCT040 26/16 A3014 RMK AO2 56014 T02550161 SLP203,,2.57222,25.555555555555557,4
ITH,2015-05-17 17:56:00,-76.4584,42.491,335.0,79.0,61.88,55.83,310.0,6.0,0.0,30.14,1020.2,10.0,,SCT,,,,4000.0,,,,,,,,,,,80.36,KITH 172156Z 31006KT 10SM SCT040 26/17 A3014 RMK AO2 T02610166 SLP202,,3.086664,26.11111111111111,4
ITH,2015-05-17 18:56:00,-76.4584,42.491,335.0,77.0,61.88,59.6,350.0,5.0,0.0,30.13,1020.0,10.0,,FEW,,,,4000.0,,,,,,,,,,,77.0,KITH 172256Z 35005KT 10SM FEW040 25/17 A3013 RMK AO2 T02500166 SLP200,,2.57222,25.0,2
ITH,2015-05-17 19:56:00,-76.4584,42.491,335.0,74.0,61.0,63.94,0.0,0.0,0.0,30.15,1020.5,10.0,,CLR,,,,,,,,,,,,,,,73.94,KITH 172356Z 00000KT 10SM CLR 23/16 A3015 RMK AO2 55000 T02330161 10261 20233 SLP205,,0.0,23.333333333333332,0
ITH,2015-05-17 20:56:00,-76.4584,42.491,335.0,65.84,63.0,90.42,0.0,0.0,0.0,30.15,1020.6,10.0,,CLR,,,,,,,,,,,,,,,65.84,KITH 180056Z 00000KT 10SM CLR 19/17 A3015 RMK AO2 T01880172 SLP206,,0.0,18.8,0
ITH,2015-05-17 21:56:00,-76.4584,42.491,335.0,63.0,61.0,93.25,0.0,0.0,0.0,30.15,1020.8,10.0,,CLR,,,,,,,,,,,,,,,62.96,KITH 180156Z 00000KT 10SM CLR 17/16 A3015 RMK AO2 T01720161 SLP208,,0.0,17.22222222222222,0
ITH,2015-05-17 22:56:00,-76.4584,42.491,335.0,61.88,61.0,96.86,90.0,3.0,0.0,30.16,1020.8,10.0,,CLR,,,,,,,,,,,,,,,61.88,KITH 180256Z AUTO 09003KT 10SM CLR 17/16 A3016 RMK AO2 51003 T01660161 SLP208,,1.543332,16.6,0
ITH,2015-05-17 23:56:00,-76.4584,42.491,335.0,63.0,61.0,93.25,90.0,5.0,0.0,30.14,1020.3,10.0,,CLR,,,,,,,,,,,,,,,62.96,KITH 180356Z AUTO 09005KT 10SM CLR 17/16 A3014 RMK AO2 T01720161 402610138 SLP203,,2.57222,17.22222222222222,0
ITH,2015-05-18 00:56:00,-76.4584,42.491,335.0,61.88,60.0,93.22,80.0,4.0,0.0,30.15,1020.5,10.0,,CLR,,,,,,,,,,,,,,,61.88,KITH 180456Z AUTO 08004KT 10SM CLR 17/16 A3015 RMK AO2 T01660155 SLP205,,2.057776,16.6,0
ITH,2015-05-18 01:56:00,-76.4584,42.491,335.0,61.0,59.0,93.19,90.0,3.0,0.0,30.15,1020.4,10.0,,BKN,,,,4600.0,,,,,,,,,,,60.98,KITH 180556Z AUTO 09003KT 10SM BKN046 16/15 A3015 RMK AO2 56002 T01610150 10233 20155 SLP204,,1.543332,16.11111111111111,6
ITH,2015-05-18 02:56:00,-76.4584,42.491,335.0,61.88,59.0,90.27,90.0,5.0,0.0,30.14,1020.1,10.0,,BKN,,,,7500.0,,,,,,,,,,,61.88,KITH 180656Z AUTO 09005KT 10SM BKN075 17/15 A3014 RMK AO2 T01660150 SLP201,,2.57222,16.6,6
ITH,2015-05-18 03:56:00,-76.4584,42.491,335.0,61.0,58.0,89.65,90.0,4.0,0.0,30.13,1019.8,10.0,,SCT,,,,6000.0,,,,,,,,,,,60.98,KITH 180756Z AUTO 09004KT 10SM SCT060 16/14 A3013 RMK AO2 T01610144 SLP198,,2.057776,16.11111111111111,4
ITH,2015-05-18 04:56:00,-76.4584,42.491,335.0,61.88,59.0,90.27,90.0,3.0,0.0,30.13,1019.8,10.0,,OVC,,,,5000.0,,,,,,,,,,,61.88,KITH 180856Z AUTO 09003KT 10SM OVC050 17/15 A3013 RMK AO2 56006 T01660150 SLP198,,1.543332,16.6,8
ITH,2015-05-18 05:56:00,-76.4584,42.491,335.0,61.88,60.0,93.22,90.0,4.0,0.0,30.12,1019.5,10.0,,FEW,BKN,OVC,,4300.0,6000.0,9000.0,,,,,,,,,61.88,KITH 180956Z AUTO 09004KT 10SM FEW043 BKN060 OVC090 17/16 A3012 RMK AO2 T01660155 SLP195,,2.057776,16.6,8
ITH,2015-05-18 06:30:00,-76.4584,42.491,335.0,62.6,60.8,93.83,90.0,4.0,0.0,30.12,,10.0,,BKN,BKN,,,3400.0,5500.0,,,,,,,,,,62.6,KITH 181030Z 09004KT 10SM BKN034 BKN055 17/16 A3012 RMK AO2,,2.057776,17.0,6
ITH,2015-05-18 06:56:00,-76.4584,42.491,335.0,63.86,61.0,90.35,70.0,3.0,0.0,30.12,1019.4,10.0,,SCT,BKN,,,3400.0,6500.0,,,,,,,,,,63.86,KITH 181056Z 07003KT 10SM SCT034 BKN065 18/16 A3012 RMK AO2 T01770161 SLP194,,1.543332,17.700000000000003,6
ITH,2015-05-18 07:56:00,-76.4584,42.491,335.0,69.0,63.0,81.36,0.0,0.0,0.0,30.12,1019.3,10.0,,SCT,,,,8500.0,,,,,,,,,,,68.9,KITH 181156Z 00000KT 10SM SCT085 21/17 A3012 RMK AO2 56005 T02050172 10205 20155 SLP193,,0.0,20.555555555555557,4
ITH,2015-05-18 08:56:00,-76.4584,42.491,335.0,74.0,65.0,73.49,180.0,5.0,0.0,30.12,1019.5,10.0,,CLR,,,,,,,,,,,,,,,73.94,KITH 181256Z 18005KT 10SM CLR 23/18 A3012 RMK AO2 T02330183 SLP195,,2.57222,23.333333333333332,0
ITH,2015-05-18 09:56:00,-76.4584,42.491,335.0,78.0,67.0,69.0,190.0,5.0,0.0,30.11,1019.0,10.0,,SCT,,,,5000.0,,,,,,,,,,,77.9,KITH 181356Z 19005KT 10SM SCT050 26/19 A3011 RMK AO2 T02550194 SLP190,,2.57222,25.555555555555557,4
ITH,2015-05-18 10:56:00,-76.4584,42.491,335.0,81.0,67.0,62.4,,3.0,0.0,30.1,1018.8,10.0,,SCT,,,,3100.0,,,,,,,,,,,83.36,KITH 181456Z VRB03KT 10SM SCT031 27/19 A3010 RMK AO2 58003 T02720194 SLP188,,1.543332,27.22222222222222,4
ITH,2015-05-18 11:56:00,-76.4584,42.491,335.0,83.84,67.0,56.84,220.0,6.0,0.0,30.09,1018.3,10.0,,BKN,,,,3200.0,,,,,,,,,,,86.46,KITH 181556Z 22006KT 10SM BKN032 29/19 A3009 RMK AO2 T02880194 SLP183,,3.086664,28.800000000000004,6
ITH,2015-05-18 12:56:00,-76.4584,42.491,335.0,85.0,67.0,54.9,240.0,8.0,0.0,30.08,1017.8,10.0,,BKN,,,,4100.0,,,,,,,,,,,87.62,KITH 181656Z 24008KT 10SM BKN041 29/19 A3008 RMK AO2 T02940194 SLP178,,4.115552,29.444444444444443,6
ITH,2015-05-18 13:56:00,-76.4584,42.491,335.0,83.84,65.0,53.06,240.0,6.0,0.0,30.05,1016.9,10.0,,BKN,,,,4300.0,,,,,,,,,,,85.58,KITH 181756Z 24006KT 10SM BKN043 29/18 A3005 RMK AO2 58017 T02880183 10294 20205 SLP169,,3.086664,28.800000000000004,6
ITH,2015-05-18 14:56:00,-76.4584,42.491,335.0,81.0,67.0,62.4,290.0,8.0,0.0001,30.05,1017.0,10.0,,SCT,BKN,,,6000.0,8000.0,,,,,,,,,,83.36,KITH 181856Z 29008KT 10SM SCT060 BKN080 27/19 A3005 RMK AO2 T02720194 RAB17E32 P0000 SLP170,,4.115552,27.22222222222222,6
ITH,2015-05-18 15:56:00,-76.4584,42.491,335.0,83.0,68.0,60.74,200.0,5.0,0.0001,30.03,1016.2,10.0,,SCT,BKN,,,3100.0,7500.0,,,,,,,,,,85.99,KITH 181956Z 20005KT 10SM SCT031 BKN075 28/20 A3003 RMK AO2 T02830200 RAB27E42 P0000 SLP162,,2.57222,28.333333333333332,6
ITH,2015-05-18 16:56:00,-76.4584,42.491,335.0,79.88,68.0,67.1,140.0,4.0,0.0001,30.0,1015.2,10.0,,SCT,BKN,,,4700.0,9500.0,,,-RA,,,,,,,82.43,KITH 182056Z 14004KT 10SM -RA SCT047 BKN095 27/20 A3000 RMK AO2 58018 60000 T02660200 RAB55 P0000 SLP152,,2.057776,26.599999999999998,6
ITH,2015-05-18 17:56:00,-76.4584,42.491,335.0,78.0,70.88,79.03,110.0,3.0,0.03,29.99,1015.0,10.0,,SCT,BKN,,,4200.0,8500.0,,,,,,,,,,80.1,KITH 182156Z 11003KT 10SM SCT042 BKN085 26/22 A2999 RMK AO2 T02550216 RAE50 P0003 SLP150,,1.543332,25.555555555555557,6
ITH,2015-05-18 18:56:00,-76.4584,42.491,335.0,74.84,70.0,84.85,120.0,7.0,0.0,30.0,1015.4,10.0,,SCT,BKN,,,4500.0,8500.0,,,,,,,,,,76.01,KITH 182256Z 12007KT 10SM SCT045 BKN085 24/21 A3000 RMK AO2 T02380211 SLP154,,3.601108,23.8,6
ITH,2015-05-18 19:56:00,-76.4584,42.491,335.0,72.0,65.84,81.07,170.0,12.0,0.0,30.01,1015.5,10.0,,SCT,BKN,,,5500.0,8000.0,,,,,,,,,,71.96,KITH 182356Z 17012KT 10SM SCT055 BKN080 22/19 A3001 RMK AO2 53003 60003 T02220188 10288 20222 SLP155,,6.173328,22.22222222222222,6
ITH,2015-05-18 20:56:00,-76.4584,42.491,335.0,70.0,65.84,86.71,150.0,10.0,0.0,30.0,1015.2,10.0,,FEW,SCT,,,1500.0,8000.0,,,,,,,,,,69.98,KITH 190056Z 15010KT 10SM FEW015 SCT080 21/19 A3000 RMK AO2 T02110188 SLP152,,5.14444,21.11111111111111,4
ITH,2015-05-18 21:56:00,-76.4584,42.491,335.0,69.0,65.84,89.98,180.0,9.0,0.0,30.01,1015.4,10.0,,BKN,,,,5000.0,,,,,,,,,,,68.9,KITH 190156Z 18009KT 10SM BKN050 21/19 A3001 RMK AO2 T02050188 SLP154,,4.629996,20.555555555555557,6
ITH,2015-05-18 22:03:00,-76.4584,42.491,335.0,69.8,66.2,88.34,170.0,11.0,0.0,30.0,,9.0,,BKN,,,,10000.0,,,,VCTS,,,,,,,69.8,KITH 190203Z AUTO 17011KT 9SM VCTS BKN100 21/19 A3000 RMK AO2 BKN V SCT LTG DSNT ALQDS TSB0157,,5.6588840000000005,21.0,6
ITH,2015-05-18 22:38:00,-76.4584,42.491,335.0,66.2,64.4,93.92,320.0,15.0,0.48,30.03,,2.5,,SCT,BKN,OVC,,1200.0,2900.0,4500.0,,+VCTSRA BR,,,,,,,66.2,KITH 190238Z AUTO 32015KT 2 1/2SM R32/2400VP6000FT +VCTSRA BR SCT012 BKN029 OVC045 19/18 A3003 RMK AO2 BKN V SCT LTG DSNT ALQDS TSB0157RAB25 P0048,,7.71666,19.0,8
ITH,2015-05-18 22:41:00,-76.4584,42.491,335.0,66.2,64.4,93.92,330.0,13.0,0.84,30.03,,1.75,,FEW,BKN,OVC,,800.0,1400.0,4500.0,,+VCTSRA BR,,,,,,,66.2,KITH 190241Z AUTO 33013KT 1 3/4SM R32/2200VP6000FT +VCTSRA BR FEW008 BKN014 OVC045 19/18 A3003 RMK AO2 OVC V BKN LTG DSNT ALQDS TSB0157RAB25 P0084,,6.687772,19.0,8
ITH,2015-05-18 22:47:00,-76.4584,42.491,335.0,66.2,64.4,93.92,340.0,7.0,1.23,30.04,,1.75,,SCT,BKN,OVC,,800.0,1600.0,4500.0,,+VCTSRA BR,,,,,,,66.2,KITH 190247Z AUTO 34007KT 1 3/4SM R32/2200V4500FT +VCTSRA BR SCT008 BKN016 OVC045 19/18 A3004 RMK AO2 LTG DSNT NE-S TSB0157RAB25 P0123 WSHFT 0228,,3.601108,19.0,8
ITH,2015-05-18 22:56:00,-76.4584,42.491,335.0,65.0,63.86,96.3,260.0,6.0,1.43,30.04,1016.6,3.0,,SCT,BKN,OVC,,800.0,1600.0,2200.0,,+RA BR,,,,,,,64.94,KITH 190256Z AUTO 26006KT 3SM +RA BR SCT008 BKN016 OVC022 18/18 A3004 RMK AO2 53008 60140 T01830177 LTG DSNT NE-SE TSB0157E56RAB25 P0143 WSHFT 0228 SLP166,,3.086664,18.333333333333332,8
ITH,2015-05-18 23:00:00,-76.4584,42.491,335.0,64.4,64.4,100.0,0.0,0.0,0.17,30.03,,2.5,,FEW,BKN,OVC,,800.0,1400.0,2500.0,,+RA BR,,,,,,,64.4,KITH 190300Z AUTO 00000KT 2 1/2SM R32/4000VP6000FT +RA BR FEW008 BKN014 OVC025 18/18 A3003 RMK AO2 LTG DSNT NE-SE P0017,,0.0,18.000000000000004,8
ITH,2015-05-18 23:10:00,-76.4584,42.491,335.0,64.4,64.4,100.0,110.0,3.0,0.24,30.02,,3.0,,SCT,BKN,OVC,,1200.0,2200.0,5000.0,,RA BR,,,,,,,64.4,KITH 190310Z AUTO 11003KT 3SM RA BR SCT012 BKN022 OVC050 18/18 A3002 RMK AO2 BKN V SCT LTG DSNT E AND SE P0024,,1.543332,18.000000000000004,8
ITH,2015-05-18 23:16:00,-76.4584,42.491,335.0,64.4,64.4,100.0,120.0,5.0,0.26,30.02,,4.0,,FEW,SCT,BKN,,800.0,2000.0,4200.0,,RA BR,,,,,,,64.4,KITH 190316Z AUTO 12005KT 4SM RA BR FEW008 SCT020 BKN042 18/18 A3002 RMK AO2 BKN V SCT LTG DSNT E P0026,,2.57222,18.000000000000004,6
ITH,2015-05-18 23:56:00,-76.4584,42.491,335.0,65.0,63.86,96.3,150.0,3.0,0.28,30.0,1015.2,10.0,,FEW,SCT,OVC,,3200.0,4600.0,10000.0,,-RA,,,,,,,64.94,KITH 190356Z AUTO 15003KT 10SM -RA FEW032 SCT046 OVC100 18/18 A3000 RMK AO2 T01830177 402940155 P0028 SLP152,,1.543332,18.333333333333332,8
ITH,2015-05-19 00:56:00,-76.4584,42.491,335.0,65.0,65.0,100.0,230.0,5.0,0.0001,30.01,1015.5,10.0,,FEW,BKN,OVC,,200.0,2300.0,11000.0,,-RA,,,,,,,64.94,KITH 190456Z AUTO 23005KT 10SM -RA FEW002 BKN023 OVC110 18/18 A3001 RMK AO2 T01830183 P0000 SLP155,,2.57222,18.333333333333332,8
ITH,2015-05-19 01:35:00,-76.4584,42.491,335.0,64.4,64.4,100.0,80.0,3.0,0.0001,29.99,,10.0,,SCT,OVC,,,2100.0,8000.0,,,,,,,,,,64.4,KITH 190535Z AUTO 08003KT 10SM SCT021 OVC080 18/18 A2999 RMK AO2 RAE29 P0000,,1.543332,18.000000000000004,8
ITH,2015-05-19 01:56:00,-76.4584,42.491,335.0,65.0,65.0,100.0,0.0,0.0,0.0001,29.99,1014.7,10.0,,FEW,SCT,OVC,,5000.0,8000.0,11000.0,,,,,,,,,64.94,KITH 190556Z AUTO 00000KT 10SM FEW050 SCT080 OVC110 18/18 A2999 RMK AO2 56016 60171 T01830183 10222 20177 RAE29 P0000 SLP147,,0.0,18.333333333333332,8
ITH,2015-05-19 02:56:00,-76.4584,42.491,335.0,65.0,65.0,100.0,0.0,0.0,0.0,29.97,1014.1,10.0,,FEW,SCT,,,3400.0,12000.0,,,,,,,,,,64.94,KITH 190656Z AUTO 00000KT 10SM FEW034 SCT120 18/18 A2997 RMK AO2 T01830183 SLP141,,0.0,18.333333333333332,4
ITH,2015-05-19 03:56:00,-76.4584,42.491,335.0,65.0,63.86,96.3,190.0,4.0,0.0,29.95,1013.5,10.0,,BKN,BKN,,,2800.0,3700.0,,,,,,,,,,64.94,KITH 190756Z AUTO 19004KT 10SM BKN028 BKN037 18/18 A2995 RMK AO2 T01830177 SLP135,,2.057776,18.333333333333332,6
ITH,2015-05-19 04:18:00,-76.4584,42.491,335.0,64.4,64.4,100.0,190.0,3.0,0.0,29.95,,10.0,,SCT,SCT,,,2800.0,3400.0,,,,,,,,,,64.4,KITH 190818Z AUTO 19003KT 10SM SCT028 SCT034 18/18 A2995 RMK AO2,,1.543332,18.000000000000004,4
ITH,2015-05-19 04:56:00,-76.4584,42.491,335.0,65.0,63.0,93.3,200.0,6.0,0.0,29.94,1013.1,10.0,,FEW,,,,4900.0,,,,,,,,,,,64.94,KITH 190856Z AUTO 20006KT 10SM FEW049 18/17 A2994 RMK AO2 56015 T01830172 SLP131,,3.086664,18.333333333333332,2
ITH,2015-05-19 05:56:00,-76.4584,42.491,335.0,65.0,63.0,93.3,220.0,8.0,0.0,29.93,1012.9,10.0,,FEW,,,,1800.0,,,,,,,,,,,64.94,KITH 190956Z AUTO 22008KT 10SM FEW018 18/17 A2993 RMK AO2 T01830172 SLP129,,4.115552,18.333333333333332,2
ITH,2015-05-19 06:28:00,-76.4584,42.491,335.0,64.4,64.4,100.0,210.0,3.0,0.0,29.93,,10.0,,SCT,,,,1700.0,,,,,,,,,,,64.4,KITH 191028Z 21003KT 10SM SCT017 18/18 A2993 RMK AO2,,1.543332,18.000000000000004,4
ITH,2015-05-19 06:56:00,-76.4584,42.491,335.0,65.84,63.86,93.33,0.0,0.0,0.0,29.93,1012.8,10.0,,FEW,,,,1700.0,,,,,,,,,,,65.84,KITH 191056Z 00000KT 10SM FEW017 19/18 A2993 RMK AO2 T01880177 SLP128,,0.0,18.8,2
ITH,2015-05-19 07:56:00,-76.4584,42.491,335.0,69.0,65.0,87.2,230.0,7.0,0.0,29.93,1012.8,10.0,,CLR,,,,,,,,,,,,,,,68.9,KITH 191156Z 23007KT 10SM CLR 21/18 A2993 RMK AO2 55003 70174 T02050183 10205 20177 SLP128,,3.601108,20.555555555555557,0
ITH,2015-05-19 08:56:00,-76.4584,42.491,335.0,72.0,65.0,78.57,240.0,6.0,0.0,29.92,1012.6,10.0,,FEW,,,,2200.0,,,,,,,,,,,71.96,KITH 191256Z 24006KT 10SM FEW022 22/18 A2992 RMK AO2 T02220183 SLP126,,3.086664,22.22222222222222,2
ITH,2015-05-19 09:56:00,-76.4584,42.491,335.0,76.0,65.0,68.78,260.0,6.0,0.0,29.91,1012.1,10.0,,SCT,,,,1900.0,,,,,,,,,,,75.92,KITH 191356Z 26006KT 10SM SCT019 24/18 A2991 RMK AO2 T02440183 SLP121,,3.086664,24.444444444444443,4
ITH,2015-05-19 10:26:00,-76.4584,42.491,335.0,75.2,64.4,69.14,280.0,8.0,0.0,29.9,,10.0,,BKN,,,,2100.0,,,,,,,,,,,75.2,KITH 191426Z 28008KT 10SM BKN021 24/18 A2990 RMK AO2,,4.115552,24.0,6
ITH,2015-05-19 10:56:00,-76.4584,42.491,335.0,74.84,63.86,68.67,280.0,7.0,0.0,29.9,1012.0,10.0,,BKN,,,,2700.0,,,,,,,,,,,74.84,KITH 191456Z 28007KT 10SM BKN027 24/18 A2990 RMK AO2 56009 T02380177 SLP120,,3.601108,23.8,6
ITH,2015-05-19 11:56:00,-76.4584,42.491,335.0,78.0,61.0,56.04,260.0,11.0,0.0,29.89,1011.4,10.0,,BKN,,,,4000.0,,,,,,,,,,,77.9,KITH 191556Z 26011KT 10SM BKN040 26/16 A2989 RMK AO2 T02550161 SLP114,,5.6588840000000005,25.555555555555557,6
ITH,2015-05-19 12:45:00,-76.4584,42.491,335.0,73.4,62.6,68.94,340.0,11.0,0.0,29.89,,10.0,,BKN,BKN,BKN,,4300.0,5000.0,6500.0,,,,,,,,,73.4,KITH 191645Z 34011KT 10SM BKN043 BKN050 BKN065 23/17 A2989 RMK AO2 WSHFT 1625,,5.6588840000000005,23.000000000000004,6
ITH,2015-05-19 12:56:00,-76.4584,42.491,335.0,74.0,63.0,68.57,320.0,11.0,0.0,29.88,1011.3,10.0,,SCT,,,,4300.0,,,,,,,,,,,73.94,KITH 191656Z 32011KT 10SM SCT043 23/17 A2988 RMK AO2 T02330172 WSHFT 1625 SLP113,,5.6588840000000005,23.333333333333332,4
ITH,2015-05-19 13:56:00,-76.4584,42.491,335.0,77.0,63.0,61.91,340.0,10.0,0.0,29.87,1010.8,10.0,,SCT,,,,2600.0,,,,,,,,,,,77.0,KITH 191756Z 34010KT 10SM SCT026 25/17 A2987 RMK AO2 56010 T02500172 10261 20205 SLP108,,5.14444,25.0,4
ITH,2015-05-19 14:56:00,-76.4584,42.491,335.0,76.0,61.88,61.78,340.0,14.0,0.0,29.85,1010.2,10.0,21.0,SCT,,,,4000.0,,,,,,,,,,,75.92,KITH 191856Z 34014G21KT 10SM SCT040 24/17 A2985 RMK AO2 T02440166 SLP102,,7.202216,24.444444444444443,4
ITH,2015-05-19 15:56:00,-76.4584,42.491,335.0,72.86,59.0,61.79,360.0,13.0,0.0,29.85,1010.4,10.0,20.0,FEW,,,,4500.0,,,,,,,,,,,72.86,KITH 191956Z 36013G20KT 10SM FEW045 23/15 A2985 RMK AO2 T02270150 SLP104,,6.687772,22.700000000000003,2
ITH,2015-05-19 16:56:00,-76.4584,42.491,335.0,69.0,54.0,58.92,330.0,17.0,0.0,29.87,1011.2,10.0,21.0,FEW,,,,4000.0,,,,,,,,,,,68.9,KITH 192056Z 33017G21KT 10SM FEW040 21/12 A2987 RMK AO2 53001 T02050122 SLP112,,8.745548,20.555555555555557,2
ITH,2015-05-19 17:56:00,-76.4584,42.491,335.0,67.0,49.0,52.35,350.0,17.0,0.0,29.9,1012.0,10.0,22.0,SCT,,,,4500.0,,,,,,,,,,,66.92,KITH 192156Z 35017G22KT 10SM SCT045 19/09 A2990 RMK AO2 T01940094 SLP120,,8.745548,19.444444444444443,4
ITH,2015-05-19 18:56:00,-76.4584,42.491,335.0,63.0,47.0,55.8,10.0,15.0,0.0,29.93,1013.3,10.0,20.0,SCT,,,,5000.0,,,,,,,,27.0,320.0,2015-05-19 18:39,62.96,KITH 192256Z 01015G20KT 10SM SCT050 17/08 A2993 RMK AO2 T01720083 PK WND 32027/2239 SLP133,,7.71666,17.22222222222222,4
ITH,2015-05-19 19:56:00,-76.4584,42.491,335.0,56.0,45.0,66.52,360.0,11.0,0.0,29.97,1014.6,10.0,17.0,FEW,,,,4500.0,,,,,,,,,,,55.94,KITH 192356Z 36011G17KT 10SM FEW045 13/07 A2997 RMK AO2 53033 T01330072 10255 20133 SLP146,,5.6588840000000005,13.333333333333334,2
ITH,2015-05-19 20:56:00,-76.4584,42.491,335.0,52.88,43.88,71.38,330.0,11.0,0.0,29.96,1014.4,10.0,,FEW,,,,5000.0,,,,,,,,,,,52.88,KITH 200056Z 33011KT 10SM FEW050 12/07 A2996 RMK AO2 T01160066 SLP144,,5.6588840000000005,11.600000000000001,2
ITH,2015-05-19 21:56:00,-76.4584,42.491,335.0,51.0,43.88,76.79,310.0,8.0,0.0,29.96,1014.2,10.0,,CLR,,,,,,,,,,,,,,,50.9,KITH 200156Z 31008KT 10SM CLR 11/07 A2996 RMK AO2 T01050066 SLP142,,4.115552,10.555555555555555,0
ITH,2015-05-19 22:56:00,-76.4584,42.491,335.0,49.0,43.88,82.66,310.0,7.0,0.0,29.97,1014.6,10.0,,BKN,,,,4100.0,,,,,,,,,,,45.4,KITH 200256Z AUTO 31007KT 10SM BKN041 09/07 A2997 RMK AO2 55002 T00940066 BKN V SCT SLP146,,3.601108,9.444444444444445,6
ITH,2015-05-19 23:56:00,-76.4584,42.491,335.0,52.88,43.0,68.96,290.0,9.0,0.0,29.97,1014.4,10.0,,FEW,OVC,,,3000.0,3700.0,,,,,,,,,,52.88,KITH 200356Z AUTO 29009KT 10SM FEW030 OVC037 12/06 A2997 RMK AO2 T01160061 402610094 SLP144,,4.629996,11.600000000000001,8
ITH,2015-05-20 00:17:00,-76.4584,42.491,335.0,51.8,44.6,76.34,310.0,10.0,0.0,29.97,,10.0,,BKN,OVC,,,2800.0,3500.0,,,,,,,,,,51.8,KITH 200417Z AUTO 31010KT 10SM BKN028 OVC035 11/07 A2997 RMK AO2,,5.14444,10.999999999999998,8
ITH,2015-05-20 00:56:00,-76.4584,42.491,335.0,51.0,45.0,80.01,320.0,18.0,0.0,29.97,1014.7,10.0,,FEW,OVC,,,1400.0,2200.0,,,,,,,,,,50.9,KITH 200456Z AUTO 32018KT 10SM FEW014 OVC022 11/07 A2997 RMK AO2 T01050072 SLP147,,9.259992,10.555555555555555,8
ITH,2015-05-20 01:06:00,-76.4584,42.491,335.0,51.8,46.4,81.74,340.0,12.0,0.0,29.98,,9.0,,FEW,BKN,OVC,,900.0,1400.0,2200.0,,,,,,,,,51.8,KITH 200506Z AUTO 34012KT 9SM FEW009 BKN014 OVC022 11/08 A2998 RMK AO2 BKN V SCT,,6.173328,10.999999999999998,8
ITH,2015-05-20 01:49:00,-76.4584,42.491,335.0,46.4,44.6,93.4,330.0,9.0,0.0001,29.99,,5.0,,SCT,BKN,OVC,,1000.0,1500.0,2000.0,,-RA BR,,,,,,,41.42,KITH 200549Z AUTO 33009KT 5SM -RA BR SCT010 BKN015 OVC020 08/07 A2999 RMK AO2 RAB10 P0000,,4.629996,8.0,8
ITH,2015-05-20 01:56:00,-76.4584,42.491,335.0,45.86,43.88,92.74,320.0,9.0,0.0001,29.99,1015.3,5.0,,BKN,BKN,OVC,,1000.0,1500.0,2000.0,,-RA BR,,,,,,,40.75,KITH 200556Z AUTO 32009KT 5SM -RA BR BKN010 BKN015 OVC020 08/07 A2999 RMK AO2 53006 60000 T00770066 10133 20077 CIG 007V013 RAB10 P0000 SLP153,,4.629996,7.699999999999999,8
ITH,2015-05-20 02:35:00,-76.4584,42.491,335.0,46.4,42.8,87.19,330.0,11.0,0.0001,29.98,,10.0,,BKN,OVC,,,1500.0,2200.0,,,,,,,,,,40.66,KITH 200635Z AUTO 33011KT 10SM BKN015 OVC022 08/06 A2998 RMK AO2 RAE14 P0000,,5.6588840000000005,8.0,8
ITH,2015-05-20 02:56:00,-76.4584,42.491,335.0,45.86,42.0,85.96,310.0,9.0,0.0001,29.98,1015.3,10.0,,BKN,OVC,,,1500.0,2200.0,,,,,,,,,,40.75,KITH 200656Z AUTO 31009KT 10SM BKN015 OVC022 08/06 A2998 RMK AO2 T00770055 RAE14 P0000 SLP153,,4.629996,7.699999999999999,8
ITH,2015-05-20 03:56:00,-76.4584,42.491,335.0,45.0,41.0,85.9,320.0,11.0,0.0,29.98,1015.1,10.0,17.0,BKN,OVC,,,1500.0,2200.0,,,,,,,,,,38.84,KITH 200756Z AUTO 32011G17KT 10SM BKN015 OVC022 07/05 A2998 RMK AO2 T00720050 SLP151,,5.6588840000000005,7.222222222222222,8
ITH,2015-05-20 04:56:00,-76.4584,42.491,335.0,43.88,36.0,73.49,320.0,14.0,0.0,29.98,1015.3,10.0,,OVC,,,,2500.0,,,,,,,,,,,36.48,KITH 200856Z AUTO 32014KT 10SM OVC025 07/02 A2998 RMK AO2 53000 60000 T00660022 SLP153,,7.202216,6.600000000000001,8
ITH,2015-05-20 05:35:00,-76.4584,42.491,335.0,42.8,33.8,70.28,320.0,10.0,0.0,29.98,,10.0,20.0,OVC,,,,3100.0,,,,,,,,,,,36.51,KITH 200935Z AUTO 32010G20KT 10SM OVC031 06/01 A2998 RMK AO2,,5.14444,5.999999999999998,8
ITH,2015-05-20 05:56:00,-76.4584,42.491,335.0,42.0,34.0,73.28,320.0,16.0,0.0,29.98,1015.3,10.0,21.0,OVC,,,,2900.0,,,,,,,,,,,33.32,KITH 200956Z AUTO 32016G21KT 10SM OVC029 06/01 A2998 RMK AO2 T00550011 SLP153,,8.231104,5.555555555555555,8
ITH,2015-05-20 06:22:00,-76.4584,42.491,335.0,42.8,33.8,70.28,310.0,15.0,0.0,29.99,,10.0,20.0,BKN,,,,2900.0,,,,,,,,,,,34.78,KITH 201022Z 31015G20KT 10SM BKN029 06/01 A2999 RMK AO2,,7.71666,5.999999999999998,6
ITH,2015-05-20 06:56:00,-76.4584,42.491,335.0,42.0,32.0,67.69,310.0,16.0,0.0,30.01,1016.3,10.0,,BKN,,,,2900.0,,,,,,,,,,,33.32,KITH 201056Z 31016KT 10SM BKN029 06/00 A3001 RMK AO2 T00550000 SLP163,,8.231104,5.555555555555555,6
ITH,2015-05-20 07:56:00,-76.4584,42.491,335.0,42.0,33.0,70.18,320.0,11.0,0.0,30.02,1016.8,10.0,,OVC,,,,2600.0,,,,,,,,,,,34.98,KITH 201156Z 32011KT 10SM OVC026 06/01 A3002 RMK AO2 53009 60000 T00550005 10077 20050 SLP168,,5.6588840000000005,5.555555555555555,8
ITH,2015-05-20 08:56:00,-76.4584,42.491,335.0,41.0,33.0,72.66,320.0,14.0,0.0,30.03,1017.4,10.0,,OVC,,,,2200.0,,,,,,,,,,,32.76,KITH 201256Z 32014KT 10SM OVC022 05/01 A3003 RMK AO2 T00500005 SLP174,,7.202216,5.0,8
ITH,2015-05-20 09:56:00,-76.4584,42.491,335.0,43.88,34.88,70.4,300.0,13.0,0.0,30.04,1017.6,10.0,18.0,BKN,OVC,,,2200.0,3000.0,,,,,,,,,,36.79,KITH 201356Z 30013G18KT 10SM BKN022 OVC030 07/02 A3004 RMK AO2 T00660016 SLP176,,6.687772,6.600000000000001,8
ITH,2015-05-20 10:56:00,-76.4584,42.491,335.0,43.88,33.0,65.04,320.0,16.0,0.0,30.05,1017.9,10.0,,OVC,,,,3000.0,,,,,,,,,,,35.9,KITH 201456Z 32016KT 10SM OVC030 07/01 A3005 RMK AO2 51008 T00660005 SLP179,,8.231104,6.600000000000001,8
ITH,2015-05-20 11:37:00,-76.4584,42.491,335.0,42.8,33.8,70.28,320.0,15.0,0.0,30.06,,10.0,20.0,OVC,,,,3000.0,,,,,,,,,,,34.78,KITH 201537Z 32015G20KT 10SM OVC030 06/01 A3006 RMK AO2,,7.71666,5.999999999999998,8
ITH,2015-05-20 11:38:00,-76.4584,42.491,335.0,42.8,33.8,70.28,320.0,16.0,0.0,30.06,,10.0,20.0,OVC,,,,3000.0,,,,,,,,,,,34.5,KITH 201538Z 32016G20KT 10SM OVC030 06/01 A3006 RMK AO2,,8.231104,5.999999999999998,8
ITH,2015-05-20 11:56:00,-76.4584,42.491,335.0,43.0,33.0,67.33,310.0,14.0,0.0,30.07,1018.6,10.0,,OVC,,,,2600.0,,,,,,,,,,,35.32,KITH 201556Z 31014KT 10SM OVC026 06/01 A3007 RMK AO2 T00610005 SLP186,,7.202216,6.111111111111111,8
ITH,2015-05-20 12:56:00,-76.4584,42.491,335.0,45.86,34.0,62.99,300.0,13.0,0.0,30.06,1018.3,10.0,18.0,OVC,,,,2800.0,,,,,,,,,,,39.32,KITH 201656Z 30013G18KT 10SM OVC028 08/01 A3006 RMK AO2 T00770011 SLP183,,6.687772,7.699999999999999,8
ITH,2015-05-20 13:56:00,-76.4584,42.491,335.0,47.0,34.0,60.47,310.0,10.0,0.0,30.05,1018.1,10.0,20.0,BKN,,,,3000.0,,,,,,,,,,,41.7,KITH 201756Z 31010G20KT 10SM BKN030 08/01 A3005 RMK AO2 50004 T00830011 10083 20050 SLP181,,5.14444,8.333333333333334,6
ITH,2015-05-20 14:56:00,-76.4584,42.491,335.0,50.0,34.0,53.92,340.0,11.0,0.0,30.05,1018.1,10.0,17.0,BKN,,,,3400.0,,,,,,,,,,,45.21,KITH 201856Z 34011G17KT 10SM BKN034 10/01 A3005 RMK AO2 T01000011 SLP181,,5.6588840000000005,10.0,6
ITH,2015-05-20 15:56:00,-76.4584,42.491,335.0,52.0,34.88,51.94,330.0,12.0,0.0,30.05,1018.1,10.0,18.0,SCT,,,,4000.0,,,,,,,,,,,51.98,KITH 201956Z 33012G18KT 10SM SCT040 11/02 A3005 RMK AO2 T01110016 SLP181,,6.173328,11.11111111111111,4
ITH,2015-05-20 16:56:00,-76.4584,42.491,335.0,52.88,34.88,50.25,360.0,14.0,0.0,30.05,1017.9,10.0,19.0,SCT,,,,4000.0,,,,,,,,,,,52.88,KITH 202056Z 36014G19KT 10SM SCT040 12/02 A3005 RMK AO2 55001 T01160016 SLP179,,7.202216,11.600000000000001,4
ITH,2015-05-20 17:56:00,-76.4584,42.491,335.0,52.88,32.0,44.78,340.0,10.0,0.0,30.05,1017.9,10.0,,CLR,,,,,,,,,,,,,,,52.88,KITH 202156Z 34010KT 10SM CLR 12/00 A3005 RMK AO2 T01160000 SLP179,,5.14444,11.600000000000001,0
ITH,2015-05-20 18:56:00,-76.4584,42.491,335.0,51.0,31.1,46.45,340.0,7.0,0.0,30.05,1017.9,10.0,,CLR,,,,,,,,,,,,,,,50.9,KITH 202256Z 34007KT 10SM CLR 11/M01 A3005 RMK AO2 T01051005 SLP179,,3.601108,10.555555555555555,0
ITH,2015-05-20 19:56:00,-76.4584,42.491,335.0,49.0,32.0,51.85,360.0,4.0,0.0,30.03,1017.6,10.0,,CLR,,,,,,,,,,,,,,,47.18,KITH 202356Z 36004KT 10SM CLR 09/00 A3003 RMK AO2 58004 T00940000 10116 20083 SLP176,,2.057776,9.444444444444445,0
ITH,2015-05-20 20:56:00,-76.4584,42.491,335.0,43.0,36.86,78.82,0.0,0.0,0.0,30.03,1017.6,10.0,,CLR,,,,,,,,,,,,,,,42.98,KITH 210056Z 00000KT 10SM CLR 06/03 A3003 RMK AO2 T00610027 SLP176,,0.0,6.111111111111111,0
ITH,2015-05-20 21:56:00,-76.4584,42.491,335.0,40.0,38.0,92.56,0.0,0.0,0.0,30.03,1017.8,10.0,,CLR,,,,,,,,,,,,,,,39.92,KITH 210156Z 00000KT 10SM CLR 04/03 A3003 RMK AO2 T00440033 SLP178,,0.0,4.444444444444445,0
ITH,2015-05-20 22:56:00,-76.4584,42.491,335.0,38.84,36.86,92.52,0.0,0.0,0.0,30.04,1018.0,10.0,,CLR,,,,,,,,,,,,,,,38.84,KITH 210256Z AUTO 00000KT 10SM CLR 04/03 A3004 RMK AO2 55000 T00380027 SLP180,,0.0,3.800000000000002,0
ITH,2015-05-20 23:56:00,-76.4584,42.491,335.0,38.0,36.86,95.84,0.0,0.0,0.0,30.03,1017.7,10.0,,CLR,,,,,,,,,,,,,,,37.94,KITH 210356Z AUTO 00000KT 10SM CLR 03/03 A3003 RMK AO2 T00330027 401160033 SLP177,,0.0,3.3333333333333335,0
ITH,2015-05-21 00:56:00,-76.4584,42.491,335.0,38.84,38.0,96.54,0.0,0.0,0.0,30.02,1017.3,10.0,,CLR,,,,,,,,,,,,,,,38.84,KITH 210456Z AUTO 00000KT 10SM CLR 04/03 A3002 RMK AO2 T00380033 SLP173,,0.0,3.800000000000002,0
ITH,2015-05-21 01:56:00,-76.4584,42.491,335.0,38.84,38.0,96.54,80.0,3.0,0.0,30.01,1016.8,10.0,,CLR,,,,,,,,,,,,,,,36.51,KITH 210556Z AUTO 08003KT 10SM CLR 04/03 A3001 RMK AO2 58008 T00380033 10094 20033 SLP168,,1.543332,3.800000000000002,0
ITH,2015-05-21 02:56:00,-76.4584,42.491,335.0,40.0,38.84,95.88,90.0,3.0,0.0,30.0,1016.6,10.0,,CLR,,,,,,,,,,,,,,,37.74,KITH 210656Z AUTO 09003KT 10SM CLR 04/04 A3000 RMK AO2 T00440038 SLP166,,1.543332,4.444444444444445,0
ITH,2015-05-21 03:56:00,-76.4584,42.491,335.0,41.0,38.84,91.94,0.0,0.0,0.0,30.01,1016.6,10.0,,CLR,,,,,,,,,,,,,,,41.0,KITH 210756Z AUTO 00000KT 10SM CLR 05/04 A3001 RMK AO2 T00500038 SLP166,,0.0,5.0,0
ITH,2015-05-21 04:56:00,-76.4584,42.491,335.0,41.0,40.0,95.9,0.0,0.0,0.0,30.02,1016.9,10.0,,CLR,,,,,,,,,,,,,,,41.0,KITH 210856Z AUTO 00000KT 10SM CLR 05/04 A3002 RMK AO2 53002 T00500044 SLP169,,0.0,5.0,0
ITH,2015-05-21 05:56:00,-76.4584,42.491,335.0,41.0,40.0,95.9,50.0,3.0,0.0,30.02,1016.9,10.0,,BKN,OVC,,,9000.0,11000.0,,,,,,,,,,38.98,KITH 210956Z AUTO 05003KT 10SM BKN090 OVC110 05/04 A3002 RMK AO2 T00500044 SLP169,,1.543332,5.0,8
ITH,2015-05-21 06:22:00,-76.4584,42.491,335.0,42.8,39.2,86.99,100.0,3.0,0.0,30.02,,10.0,,OVC,,,,7000.0,,,,,,,,,,,41.03,KITH 211022Z 10003KT 10SM OVC070 06/04 A3002 RMK AO2,,1.543332,5.999999999999998,8
ITH,2015-05-21 06:23:00,-76.4584,42.491,335.0,42.8,39.2,86.99,90.0,3.0,0.0,30.02,,10.0,,FEW,OVC,,,1500.0,7000.0,,,,,,,,,,41.03,KITH 211023Z 09003KT 10SM FEW015 OVC070 06/04 A3002 RMK AO2,,1.543332,5.999999999999998,8
ITH,2015-05-21 06:56:00,-76.4584,42.491,335.0,42.0,40.0,92.62,0.0,0.0,0.0,30.03,1017.3,10.0,,FEW,BKN,,,6000.0,9000.0,,,,,,,,,,41.9,KITH 211056Z 00000KT 10SM FEW060 BKN090 06/04 A3003 RMK AO2 T00550044 SLP173,,0.0,5.555555555555555,6
ITH,2015-05-21 07:56:00,-76.4584,42.491,335.0,45.0,40.0,82.38,0.0,0.0,0.0,30.02,1017.2,10.0,,BKN,OVC,,,6500.0,9000.0,,,,,,,,,,44.96,KITH 211156Z 00000KT 10SM BKN065 OVC090 07/04 A3002 RMK AO2 53000 T00720044 10072 20038 SLP172,,0.0,7.222222222222222,8
ITH,2015-05-21 08:56:00,-76.4584,42.491,335.0,49.0,36.0,60.74,0.0,0.0,0.0,30.01,1016.7,10.0,,SCT,BKN,,,6000.0,11000.0,,,,,,,,,,48.92,KITH 211256Z 00000KT 10SM SCT060 BKN110 09/02 A3001 RMK AO2 T00940022 SLP167,,0.0,9.444444444444445,6
ITH,2015-05-21 09:56:00,-76.4584,42.491,335.0,52.88,38.0,56.71,200.0,7.0,0.0,29.99,1015.9,10.0,,FEW,BKN,,,6000.0,12000.0,,,,,,,,,,52.88,KITH 211356Z 20007KT 10SM FEW060 BKN120 12/03 A2999 RMK AO2 T01160033 SLP159,,3.601108,11.600000000000001,6
ITH,2015-05-21 10:56:00,-76.4584,42.491,335.0,56.0,36.86,48.61,210.0,10.0,0.0,29.97,1015.3,10.0,,FEW,,,,7000.0,,,,,,,,,,,55.94,KITH 211456Z 21010KT 10SM FEW070 13/03 A2997 RMK AO2 58017 T01330027 SLP153,,5.14444,13.333333333333334,2
ITH,2015-05-21 11:56:00,-76.4584,42.491,335.0,60.0,36.86,42.16,250.0,8.0,0.0,29.96,1014.9,10.0,17.0,SCT,,,,7000.0,,,,,,,,,,,59.9,KITH 211556Z 25008G17KT 10SM SCT070 16/03 A2996 RMK AO2 T01550027 SLP149,,4.115552,15.555555555555555,4
ITH,2015-05-21 12:56:00,-76.4584,42.491,335.0,58.0,34.88,41.84,,3.0,0.0,29.95,1014.5,10.0,,BKN,,,,5500.0,,,,,,,,,,,57.92,KITH 211656Z VRB03KT 10SM BKN055 14/02 A2995 RMK AO2 T01440016 SLP145,,1.543332,14.444444444444445,6
ITH,2015-05-21 13:56:00,-76.4584,42.491,335.0,58.0,36.0,43.67,270.0,4.0,0.0,29.93,1013.7,10.0,,BKN,,,,5500.0,,,,,,,,,,,57.92,KITH 211756Z 27004KT 10SM BKN055 14/02 A2993 RMK AO2 58013 T01440022 10161 20072 SLP137,,2.057776,14.444444444444445,6
ITH,2015-05-21 14:56:00,-76.4584,42.491,335.0,59.0,34.88,40.25,0.0,0.0,0.0,29.91,1013.1,10.0,,BKN,,,,6000.0,,,,,,,,,,,59.0,KITH 211856Z 00000KT 10SM BKN060 15/02 A2991 RMK AO2 T01500016 SLP131,,0.0,15.0,6
ITH,2015-05-21 15:56:00,-76.4584,42.491,335.0,58.0,38.0,47.22,360.0,3.0,0.0,29.9,1012.9,10.0,,BKN,,,,5500.0,,,,,,,,,,,57.92,KITH 211956Z 36003KT 10SM BKN055 14/03 A2990 RMK AO2 T01440033 SLP129,,1.543332,14.444444444444445,6
ITH,2015-05-21 16:56:00,-76.4584,42.491,335.0,58.0,38.0,47.22,0.0,0.0,0.0,29.89,1012.6,10.0,,BKN,,,,6500.0,,,,,,,,,,,57.92,KITH 212056Z 00000KT 10SM BKN065 14/03 A2989 RMK AO2 56012 T01440033 SLP126,,0.0,14.444444444444445,6
ITH,2015-05-21 17:56:00,-76.4584,42.491,335.0,59.0,38.84,47.06,0.0,0.0,0.0,29.88,1012.3,10.0,,OVC,,,,6500.0,,,,,,,,,,,59.0,KITH 212156Z 00000KT 10SM OVC065 15/04 A2988 RMK AO2 T01500038 SLP123,,0.0,15.0,8
ITH,2015-05-21 18:56:00,-76.4584,42.491,335.0,56.84,42.0,57.27,180.0,4.0,0.0,29.88,1012.3,10.0,,BKN,,,,7500.0,,,,,,,,,,,56.84,KITH 212256Z 18004KT 10SM BKN075 14/06 A2988 RMK AO2 T01380055 SLP123,,2.057776,13.800000000000002,6
ITH,2015-05-21 19:56:00,-76.4584,42.491,335.0,54.86,41.0,59.43,190.0,5.0,0.0,29.89,1012.5,10.0,,OVC,,,,10000.0,,,,,,,,,,,54.86,KITH 212356Z 19005KT 10SM OVC100 13/05 A2989 RMK AO2 55001 T01270050 10155 20127 SLP125,,2.57222,12.7,8
ITH,2015-05-21 20:56:00,-76.4584,42.491,335.0,54.0,41.0,61.41,180.0,5.0,0.0,29.91,1013.0,10.0,,OVC,,,,10000.0,,,,,,,,,,,53.96,KITH 220056Z 18005KT 10SM OVC100 12/05 A2991 RMK AO2 T01220050 SLP130,,2.57222,12.222222222222221,8
ITH,2015-05-21 21:56:00,-76.4584,42.491,335.0,52.0,42.0,68.38,190.0,4.0,0.0,29.92,1013.2,10.0,,FEW,OVC,,,6500.0,11000.0,,,,,,,,,,51.98,KITH 220156Z 19004KT 10SM FEW065 OVC110 11/06 A2992 RMK AO2 T01110055 SLP132,,2.057776,11.11111111111111,8
ITH,2015-05-21 22:56:00,-76.4584,42.491,335.0,51.0,43.0,74.18,0.0,0.0,0.0,29.91,1013.1,10.0,,BKN,OVC,,,8500.0,11000.0,,,,,,,,,,50.9,KITH 220256Z AUTO 00000KT 10SM BKN085 OVC110 11/06 A2991 RMK AO2 50007 T01050061 BKN V OVC SLP131,,0.0,10.555555555555555,8
ITH,2015-05-21 23:56:00,-76.4584,42.491,335.0,52.0,42.0,68.38,240.0,4.0,0.0,29.91,1012.8,10.0,,BKN,,,,12000.0,,,,,,,,,,,51.98,KITH 220356Z AUTO 24004KT 10SM BKN120 11/06 A2991 RMK AO2 T01110055 401610033 SLP128,,2.057776,11.11111111111111,6
ITH,2015-05-22 00:56:00,-76.4584,42.491,335.0,47.84,42.0,79.77,0.0,0.0,0.0,29.91,1012.9,10.0,,CLR,,,,,,,,,,,,,,,47.84,KITH 220456Z AUTO 00000KT 10SM CLR 09/06 A2991 RMK AO2 T00880055 SLP129,,0.0,8.800000000000002,0
ITH,2015-05-22 01:56:00,-76.4584,42.491,335.0,49.0,36.86,62.94,280.0,6.0,0.0,29.9,1012.6,10.0,,CLR,,,,,,,,,,,,,,,45.91,KITH 220556Z AUTO 28006KT 10SM CLR 09/03 A2990 RMK AO2 58004 T00940027 10127 20083 SLP126,,3.086664,9.444444444444445,0
ITH,2015-05-22 02:56:00,-76.4584,42.491,335.0,47.0,34.88,62.68,300.0,5.0,0.0,29.89,1012.4,10.0,,CLR,,,,,,,,,,,,,,,44.14,KITH 220656Z AUTO 30005KT 10SM CLR 08/02 A2989 RMK AO2 T00830016 SLP124,,2.57222,8.333333333333334,0
ITH,2015-05-22 03:56:00,-76.4584,42.491,335.0,45.0,34.88,67.56,300.0,5.0,0.0,29.89,1012.4,10.0,,CLR,,,,,,,,,,,,,,,41.79,KITH 220756Z AUTO 30005KT 10SM CLR 07/02 A2989 RMK AO2 T00720016 SLP124,,2.57222,7.222222222222222,0
ITH,2015-05-22 04:56:00,-76.4584,42.491,335.0,42.0,36.86,82.16,0.0,0.0,0.0,29.89,1012.7,10.0,,FEW,,,,11000.0,,,,,,,,,,,41.9,KITH 220856Z AUTO 00000KT 10SM FEW110 06/03 A2989 RMK AO2 55002 T00550027 SLP127,,0.0,5.555555555555555,2
ITH,2015-05-22 05:56:00,-76.4584,42.491,335.0,49.0,36.86,62.94,300.0,6.0,0.0,29.91,1013.1,10.0,,BKN,,,,7500.0,,,,,,,,,,,45.91,KITH 220956Z AUTO 30006KT 10SM BKN075 09/03 A2991 RMK AO2 T00940027 SLP131,,3.086664,9.444444444444445,6
ITH,2015-05-22 06:27:00,-76.4584,42.491,335.0,48.2,37.4,66.05,290.0,9.0,0.0,29.93,,10.0,,SCT,,,,7500.0,,,,,,,,,,,43.66,KITH 221027Z 29009KT 10SM SCT075 09/03 A2993 RMK AO2,,4.629996,9.000000000000002,4
ITH,2015-05-22 06:56:00,-76.4584,42.491,335.0,50.0,38.0,63.08,280.0,7.0,0.0,29.94,1013.9,10.0,,SCT,BKN,,,7000.0,9000.0,,,,,,,,,,46.72,KITH 221056Z 28007KT 10SM SCT070 BKN090 10/03 A2994 RMK AO2 T01000033 SLP139,,3.601108,10.0,6
ITH,2015-05-22 07:56:00,-76.4584,42.491,335.0,54.0,38.84,56.46,280.0,7.0,0.0,29.96,1014.5,10.0,,SCT,SCT,,,7500.0,10000.0,,,,,,,,,,53.96,KITH 221156Z 28007KT 10SM SCT075 SCT100 12/04 A2996 RMK AO2 53021 T01220038 10122 20044 SLP145,,3.601108,12.222222222222221,4
ITH,2015-05-22 08:56:00,-76.4584,42.491,335.0,54.86,40.0,56.99,350.0,14.0,0.0,29.98,1015.2,10.0,19.0,SCT,,,,6500.0,,,,,,,,,,,54.86,KITH 221256Z 35014G19KT 10SM SCT065 13/04 A2998 RMK AO2 T01270044 SLP152,,7.202216,12.7,4
ITH,2015-05-22 09:56:00,-76.4584,42.491,335.0,56.0,38.84,52.54,320.0,10.0,0.0,29.99,1015.8,10.0,20.0,SCT,,,,6000.0,,,,,,,,,,,55.94,KITH 221356Z 32010G20KT 10SM SCT060 13/04 A2999 RMK AO2 T01330038 SLP158,,5.14444,13.333333333333334,4
ITH,2015-05-22 10:56:00,-76.4584,42.491,335.0,56.0,36.86,48.61,320.0,12.0,0.0,30.01,1016.5,10.0,,SCT,,,,6000.0,,,,,,,,,,,55.94,KITH 221456Z 32012KT 10SM SCT060 13/03 A3001 RMK AO2 53018 T01330027 SLP165,,6.173328,13.333333333333334,4
ITH,2015-05-22 11:56:00,-76.4584,42.491,335.0,58.0,38.84,48.91,330.0,12.0,0.0,30.02,1016.6,10.0,,SCT,,,,3900.0,,,,,,,,,,,57.92,KITH 221556Z 33012KT 10SM SCT039 14/04 A3002 RMK AO2 T01440038 SLP166,,6.173328,14.444444444444445,4
ITH,2015-05-22 12:56:00,-76.4584,42.491,335.0,60.0,38.0,43.99,300.0,11.0,0.0,30.02,1016.7,10.0,16.0,SCT,,,,4500.0,,,,,,,,,,,59.9,KITH 221656Z 30011G16KT 10SM SCT045 16/03 A3002 RMK AO2 T01550033 SLP167,,5.6588840000000005,15.555555555555555,4
ITH,2015-05-22 13:56:00,-76.4584,42.491,335.0,60.0,36.86,42.16,310.0,11.0,0.0,30.02,1016.8,10.0,14.0,SCT,,,,4900.0,,,,,,,,,,,59.9,KITH 221756Z 31011G14KT 10SM SCT049 16/03 A3002 RMK AO2 53004 T01550027 10155 20122 SLP168,,5.6588840000000005,15.555555555555555,4
ITH,2015-05-22 14:56:00,-76.4584,42.491,335.0,60.0,36.86,42.16,340.0,13.0,0.0,30.03,1017.2,10.0,17.0,BKN,,,,5000.0,,,,,,,,,,,59.9,KITH 221856Z 34013G17KT 10SM BKN050 16/03 A3003 RMK AO2 T01550027 SLP172,,6.687772,15.555555555555555,6
ITH,2015-05-22 15:56:00,-76.4584,42.491,335.0,59.0,36.86,43.54,330.0,14.0,0.0,30.05,1018.0,10.0,20.0,SCT,,,,5000.0,,,,,,,,,,,59.0,KITH 221956Z 33014G20KT 10SM SCT050 15/03 A3005 RMK AO2 T01500027 SLP180,,7.202216,15.0,4
ITH,2015-05-22 16:56:00,-76.4584,42.491,335.0,58.0,33.0,38.66,310.0,17.0,0.0,30.07,1018.6,10.0,,BKN,,,,6000.0,,,,,,,,,,,57.92,KITH 222056Z 31017KT 10SM BKN060 14/01 A3007 RMK AO2 53013 T01440005 SLP186,,8.745548,14.444444444444445,6
ITH,2015-05-22 17:56:00,-76.4584,42.491,335.0,56.84,33.0,40.19,310.0,14.0,0.0,30.08,1018.9,10.0,18.0,SCT,,,,7000.0,,,,,,,,,,,56.84,KITH 222156Z 31014G18KT 10SM SCT070 14/01 A3008 RMK AO2 T01380005 SLP189,,7.202216,13.800000000000002,4
ITH,2015-05-22 18:56:00,-76.4584,42.491,335.0,52.88,33.0,46.43,350.0,9.0,0.0,30.11,1020.0,10.0,,BKN,,,,8000.0,,,,,,,,,,,52.88,KITH 222256Z 35009KT 10SM BKN080 12/01 A3011 RMK AO2 T01160005 SLP200,,4.629996,11.600000000000001,6
ITH,2015-05-22 19:56:00,-76.4584,42.491,335.0,51.0,31.1,46.45,340.0,11.0,0.0,30.15,1021.2,10.0,,SCT,SCT,,,4700.0,9000.0,,,,,,,,,,50.9,KITH 222356Z 34011KT 10SM SCT047 SCT090 11/M01 A3015 RMK AO2 53026 T01051005 10161 20105 SLP212,,5.6588840000000005,10.555555555555555,4
ITH,2015-05-22 20:56:00,-76.4584,42.491,335.0,45.86,23.0,40.17,340.0,8.0,0.0,30.19,1022.7,10.0,,SCT,,,,4900.0,,,,,,,,,,,41.19,KITH 230056Z 34008KT 10SM SCT049 08/M05 A3019 RMK AO2 T00771050 SLP227,,4.115552,7.699999999999999,4
ITH,2015-05-22 21:56:00,-76.4584,42.491,335.0,43.88,25.16,47.41,330.0,9.0,0.0,30.23,1024.2,10.0,,CLR,,,,,,,,,,,,,,,38.29,KITH 230156Z 33009KT 10SM CLR 07/M04 A3023 RMK AO2 T00661038 SLP242,,4.629996,6.600000000000001,0
ITH,2015-05-22 22:56:00,-76.4584,42.491,335.0,42.0,26.0,53.1,320.0,10.0,0.0,30.26,1025.1,10.0,,CLR,,,,,,,,,,,,,,,35.38,KITH 230256Z AUTO 32010KT 10SM CLR 06/M03 A3026 RMK AO2 51037 T00551033 SLP251,,5.14444,5.555555555555555,0
ITH,2015-05-22 23:56:00,-76.4584,42.491,335.0,38.84,27.14,62.52,330.0,9.0,0.0,30.27,1025.5,10.0,,CLR,,,,,,,,,,,,,,,32.02,KITH 230356Z AUTO 33009KT 10SM CLR 04/M03 A3027 RMK AO2 T00381027 401610038 SLP255,,4.629996,3.800000000000002,0
ITH,2015-05-23 00:56:00,-76.4584,42.491,335.0,38.0,28.0,67.21,330.0,4.0,0.0,30.28,1025.7,10.0,,CLR,,,,,,,,,,,,,,,34.36,KITH 230456Z AUTO 33004KT 10SM CLR 03/M02 A3028 RMK AO2 T00331022 SLP257,,2.057776,3.3333333333333335,0
ITH,2015-05-23 01:56:00,-76.4584,42.491,335.0,36.0,29.12,75.95,350.0,3.0,0.0,30.29,1026.2,10.0,,CLR,,,,,,,,,,,,,,,33.22,KITH 230556Z AUTO 35003KT 10SM CLR 02/M02 A3029 RMK AO2 51009 T00221016 10105 20022 SLP262,,1.543332,2.2222222222222223,0
ITH,2015-05-23 02:56:00,-76.4584,42.491,335.0,32.0,30.0,92.29,0.0,0.0,0.0,30.3,1026.8,10.0,,CLR,,,,,,,,,,,,,,,32.0,KITH 230656Z AUTO 00000KT 10SM CLR 00/M01 A3030 RMK AO2 T00001011 SLP268,,0.0,0.0,0
ITH,2015-05-23 03:56:00,-76.4584,42.491,335.0,30.0,30.0,100.0,0.0,0.0,0.0,30.33,1027.9,10.0,,CLR,,,,,,,,,,,,,,,30.02,KITH 230756Z AUTO 00000KT 10SM CLR M01/M01 A3033 RMK AO2 T10111011 SLP279,,0.0,-1.1111111111111112,0
ITH,2015-05-23 04:56:00,-76.4584,42.491,335.0,31.1,29.12,92.26,0.0,0.0,0.0,30.36,1028.6,10.0,,CLR,,,,,,,,,,,,,,,31.1,KITH 230856Z AUTO 00000KT 10SM CLR M01/M02 A3036 RMK AO2 53022 T10051016 SLP286,,0.0,-0.4999999999999992,0
ITH,2015-05-23 05:56:00,-76.4584,42.491,335.0,29.12,28.0,95.67,0.0,0.0,0.0,30.38,1029.6,10.0,,CLR,,,,,,,,,,,,,,,29.12,KITH 230956Z AUTO 00000KT 10SM CLR M02/M02 A3038 RMK AO2 T10161022 SLP296,,0.0,-1.5999999999999994,0
ITH,2015-05-23 06:27:00,-76.4584,42.491,335.0,30.2,30.2,100.0,0.0,0.0,0.0,30.4,,10.0,,CLR,,,,,,,,,,,,,,,30.2,KITH 231027Z 00000KT 10SM CLR M01/M01 A3040 RMK AO2,,0.0,-1.0000000000000004,0
ITH,2015-05-23 06:56:00,-76.4584,42.491,335.0,34.88,31.1,85.92,0.0,0.0,0.0,30.41,1030.5,10.0,,CLR,,,,,,,,,,,,,,,34.88,KITH 231056Z 00000KT 10SM CLR 02/M01 A3041 RMK AO2 T00161005 SLP305,,0.0,1.6000000000000014,0
ITH,2015-05-23 07:56:00,-76.4584,42.491,335.0,41.0,29.12,62.35,260.0,4.0,0.0,30.42,1030.7,10.0,,CLR,,,,,,,,,,,,,,,37.93,KITH 231156Z 26004KT 10SM CLR 05/M02 A3042 RMK AO2 51021 T00501016 10050 21016 SLP307,,2.057776,5.0,0
ITH,2015-05-23 08:56:00,-76.4584,42.491,335.0,45.0,26.0,47.23,230.0,3.0,0.0,30.43,1031.1,10.0,,CLR,,,,,,,,,,,,,,,43.5,KITH 231256Z 23003KT 10SM CLR 07/M03 A3043 RMK AO2 T00721033 SLP311,,1.543332,7.222222222222222,0
ITH,2015-05-23 09:56:00,-76.4584,42.491,335.0,47.84,27.14,44.29,270.0,5.0,0.0,30.45,1031.8,10.0,,CLR,,,,,,,,,,,,,,,45.21,KITH 231356Z 27005KT 10SM CLR 09/M03 A3045 RMK AO2 T00881027 SLP318,,2.57222,8.800000000000002,0
ITH,2015-05-23 10:56:00,-76.4584,42.491,335.0,51.0,24.0,34.8,310.0,6.0,0.0,30.45,1031.7,10.0,,CLR,,,,,,,,,,,,,,,50.9,KITH 231456Z 31006KT 10SM CLR 11/M04 A3045 RMK AO2 50009 T01051044 SLP317,,3.086664,10.555555555555555,0
ITH,2015-05-23 11:56:00,-76.4584,42.491,335.0,52.88,25.16,33.84,320.0,9.0,0.0,30.45,1031.7,10.0,,CLR,,,,,,,,,,,,,,,52.88,KITH 231556Z 32009KT 10SM CLR 12/M04 A3045 RMK AO2 T01161038 SLP317,,4.629996,11.600000000000001,0
ITH,2015-05-23 12:56:00,-76.4584,42.491,335.0,54.86,27.14,34.16,0.0,0.0,0.0,30.43,1031.0,10.0,,CLR,,,,,,,,,,,,,,,54.86,KITH 231656Z 00000KT 10SM CLR 13/M03 A3043 RMK AO2 T01271027 SLP310,,0.0,12.7,0
ITH,2015-05-23 13:56:00,-76.4584,42.491,335.0,56.84,28.0,33.0,290.0,5.0,0.0,30.41,1030.3,10.0,,CLR,,,,,,,,,,,,,,,56.84,KITH 231756Z 29005KT 10SM CLR 14/M02 A3041 RMK AO2 58012 T01381022 10138 20055 SLP303,,2.57222,13.800000000000002,0
ITH,2015-05-23 14:56:00,-76.4584,42.491,335.0,60.0,31.1,33.49,,4.0,0.0,30.39,1029.9,10.0,,CLR,,,,,,,,,,,,,,,59.9,KITH 231856Z VRB04KT 10SM CLR 16/M01 A3039 RMK AO2 T01551005 SLP299,,2.057776,15.555555555555555,0
ITH,2015-05-23 15:56:00,-76.4584,42.491,335.0,61.88,30.0,29.88,310.0,6.0,0.0,30.37,1029.2,10.0,,CLR,,,,,,,,,,,,,,,61.88,KITH 231956Z 31006KT 10SM CLR 17/M01 A3037 RMK AO2 T01661011 SLP292,,3.086664,16.6,0
ITH,2015-05-23 16:56:00,-76.4584,42.491,335.0,63.86,29.12,26.87,300.0,4.0,0.0,30.36,1028.6,10.0,,CLR,,,,,,,,,,,,,,,63.86,KITH 232056Z 30004KT 10SM CLR 18/M02 A3036 RMK AO2 58017 T01771016 SLP286,,2.057776,17.700000000000003,0
ITH,2015-05-23 17:56:00,-76.4584,42.491,335.0,63.86,29.12,26.87,310.0,4.0,0.0,30.34,1028.0,10.0,,CLR,,,,,,,,,,,,,,,63.86,KITH 232156Z 31004KT 10SM CLR 18/M02 A3034 RMK AO2 T01771016 SLP280,,2.057776,17.700000000000003,0
ITH,2015-05-23 18:56:00,-76.4584,42.491,335.0,63.86,31.1,29.12,310.0,3.0,0.0,30.33,1027.7,10.0,,CLR,,,,,,,,,,,,,,,63.86,KITH 232256Z 31003KT 10SM CLR 18/M01 A3033 RMK AO2 T01771005 SLP277,,1.543332,17.700000000000003,0
ITH,2015-05-23 19:56:00,-76.4584,42.491,335.0,58.0,43.0,57.42,0.0,0.0,0.0,30.32,1027.3,10.0,,CLR,,,,,,,,,,,,,,,57.92,KITH 232356Z 00000KT 10SM CLR 14/06 A3032 RMK AO2 56012 T01440061 10183 20138 SLP273,,0.0,14.444444444444445,0
ITH,2015-05-23 20:56:00,-76.4584,42.491,335.0,45.86,42.0,85.96,0.0,0.0,0.0,30.32,1027.3,10.0,,CLR,,,,,,,,,,,,,,,45.86,KITH 240056Z 00000KT 10SM CLR 08/06 A3032 RMK AO2 T00770055 SLP273,,0.0,7.699999999999999,0
ITH,2015-05-23 21:56:00,-76.4584,42.491,335.0,43.88,41.0,89.51,0.0,0.0,0.0,30.32,1027.5,10.0,,CLR,,,,,,,,,,,,,,,43.88,KITH 240156Z 00000KT 10SM CLR 07/05 A3032 RMK AO2 T00660050 SLP275,,0.0,6.600000000000001,0
ITH,2015-05-23 22:56:00,-76.4584,42.491,335.0,42.0,41.0,96.58,80.0,3.0,0.0,30.32,1027.5,10.0,,CLR,,,,,,,,,,,,,,,40.01,KITH 240256Z AUTO 08003KT 10SM CLR 06/05 A3032 RMK AO2 53001 T00550050 SLP275,,1.543332,5.555555555555555,0
ITH,2015-05-23 23:56:00,-76.4584,42.491,335.0,40.0,38.84,95.88,0.0,0.0,0.0,30.33,1027.6,10.0,,CLR,,,,,,,,,,,,,,,39.92,KITH 240356Z AUTO 00000KT 10SM CLR 04/04 A3033 RMK AO2 T00440038 401831016 SLP276,,0.0,4.444444444444445,0
ITH,2015-05-24 00:56:00,-76.4584,42.491,335.0,40.0,38.0,92.56,120.0,3.0,0.0,30.32,1027.3,10.0,,CLR,,,,,,,,,,,,,,,37.74,KITH 240456Z AUTO 12003KT 10SM CLR 04/03 A3032 RMK AO2 T00440033 SLP273,,1.543332,4.444444444444445,0
ITH,2015-05-24 01:56:00,-76.4584,42.491,335.0,45.0,34.88,67.56,140.0,3.0,0.0,30.31,1026.9,10.0,,CLR,,,,,,,,,,,,,,,43.5,KITH 240556Z AUTO 14003KT 10SM CLR 07/02 A3031 RMK AO2 58003 T00720016 10144 20044 SLP269,,1.543332,7.222222222222222,0
ITH,2015-05-24 02:56:00,-76.4584,42.491,335.0,43.0,36.86,78.82,150.0,4.0,0.0,30.32,1027.0,10.0,,CLR,,,,,,,,,,,,,,,40.24,KITH 240656Z AUTO 15004KT 10SM CLR 06/03 A3032 RMK AO2 T00610027 SLP270,,2.057776,6.111111111111111,0
ITH,2015-05-24 03:56:00,-76.4584,42.491,335.0,38.84,36.86,92.52,100.0,4.0,0.0,30.31,1026.9,10.0,,CLR,,,,,,,,,,,,,,,35.41,KITH 240756Z AUTO 10004KT 10SM CLR 04/03 A3031 RMK AO2 T00380027 SLP269,,2.057776,3.800000000000002,0
ITH,2015-05-24 04:56:00,-76.4584,42.491,335.0,38.0,36.86,95.84,130.0,3.0,0.0,30.31,1026.7,10.0,,CLR,,,,,,,,,,,,,,,35.48,KITH 240856Z AUTO 13003KT 10SM CLR 03/03 A3031 RMK AO2 58002 T00330027 SLP267,,1.543332,3.3333333333333335,0
ITH,2015-05-24 05:56:00,-76.4584,42.491,335.0,38.0,36.86,95.84,0.0,0.0,0.0,30.32,1027.1,10.0,,CLR,,,,,,,,,,,,,,,37.94,KITH 240956Z AUTO 00000KT 10SM CLR 03/03 A3032 RMK AO2 T00330027 SLP271,,0.0,3.3333333333333335,0
ITH,2015-05-24 06:25:00,-76.4584,42.491,335.0,39.2,37.4,93.19,90.0,3.0,0.0,30.32,,10.0,,CLR,,,,,,,,,,,,,,,36.92,KITH 241025Z 09003KT 10SM CLR 04/03 A3032 RMK AO2,,1.543332,4.000000000000002,0
ITH,2015-05-24 06:56:00,-76.4584,42.491,335.0,43.88,38.84,82.3,90.0,4.0,0.0,30.33,1027.4,10.0,,CLR,,,,,,,,,,,,,,,41.29,KITH 241056Z 09004KT 10SM CLR 07/04 A3033 RMK AO2 T00660038 SLP274,,2.057776,6.600000000000001,0
ITH,2015-05-24 07:56:00,-76.4584,42.491,335.0,56.0,38.0,50.72,140.0,3.0,0.0,30.34,1027.6,10.0,,CLR,,,,,,,,,,,,,,,55.94,KITH 241156Z 14003KT 10SM CLR 13/03 A3034 RMK AO2 51010 T01330033 10133 20033 SLP276,,1.543332,13.333333333333334,0
ITH,2015-05-24 08:56:00,-76.4584,42.491,335.0,63.86,38.0,38.25,0.0,0.0,0.0,30.34,1027.7,10.0,,CLR,,,,,,,,,,,,,,,63.86,KITH 241256Z 00000KT 10SM CLR 18/03 A3034 RMK AO2 T01770033 SLP277,,0.0,17.700000000000003,0
ITH,2015-05-24 09:56:00,-76.4584,42.491,335.0,69.0,38.0,32.12,240.0,5.0,0.0,30.33,1027.0,10.0,,CLR,,,,,,,,,,,,,,,68.9,KITH 241356Z 24005KT 10SM CLR 21/03 A3033 RMK AO2 T02050033 SLP270,,2.57222,20.555555555555557,0
ITH,2015-05-24 10:56:00,-76.4584,42.491,335.0,70.88,38.84,31.09,,3.0,0.0,30.31,1026.6,10.0,,CLR,,,,,,,,,,,,,,,69.13,KITH 241456Z VRB03KT 10SM CLR 22/04 A3031 RMK AO2 58007 T02160038 SLP266,,1.543332,21.599999999999998,0
ITH,2015-05-24 11:56:00,-76.4584,42.491,335.0,74.0,38.0,27.07,250.0,5.0,0.0,30.31,1026.3,10.0,,CLR,,,,,,,,,,,,,,,72.31,KITH 241556Z 25005KT 10SM CLR 23/03 A3031 RMK AO2 T02330033 SLP263,,2.57222,23.333333333333332,0
ITH,2015-05-24 12:56:00,-76.4584,42.491,335.0,76.0,36.0,23.43,280.0,6.0,0.0,30.29,1025.8,10.0,,CLR,,,,,,,,,,,,,,,74.31,KITH 241656Z 28006KT 10SM CLR 24/02 A3029 RMK AO2 T02440022 SLP258,,3.086664,24.444444444444443,0
ITH,2015-05-24 13:56:00,-76.4584,42.491,335.0,76.0,34.0,21.66,290.0,8.0,0.0,30.28,1025.5,10.0,,CLR,,,,,,,,,,,,,,,74.23,KITH 241756Z 29008KT 10SM CLR 24/01 A3028 RMK AO2 56010 T02440011 10244 20133 SLP255,,4.115552,24.444444444444443,0
ITH,2015-05-24 14:56:00,-76.4584,42.491,335.0,77.0,34.0,20.89,270.0,9.0,0.0,30.27,1025.0,10.0,,CLR,,,,,,,,,,,,,,,75.38,KITH 241856Z 27009KT 10SM CLR 25/01 A3027 RMK AO2 T02500011 SLP250,,4.629996,25.0,0
ITH,2015-05-24 15:56:00,-76.4584,42.491,335.0,77.0,33.0,20.01,280.0,3.0,0.0,30.25,1024.4,10.0,,FEW,,,,7000.0,,,,,,,,,,,75.34,KITH 241956Z 28003KT 10SM FEW070 25/01 A3025 RMK AO2 T02500005 SLP244,,1.543332,25.0,2
ITH,2015-05-24 16:56:00,-76.4584,42.491,335.0,76.0,36.0,23.43,20.0,4.0,0.0,30.23,1023.7,10.0,,FEW,,,,7000.0,,,,,,,,,,,74.31,KITH 242056Z 02004KT 10SM FEW070 24/02 A3023 RMK AO2 58018 T02440022 SLP237,,2.057776,24.444444444444443,2
ITH,2015-05-24 17:56:00,-76.4584,42.491,335.0,74.84,40.0,28.37,0.0,0.0,0.0,30.22,1023.4,10.0,,FEW,,,,7000.0,,,,,,,,,,,73.36,KITH 242156Z 00000KT 10SM FEW070 24/04 A3022 RMK AO2 T02380044 SLP234,,0.0,23.8,2
ITH,2015-05-24 18:56:00,-76.4584,42.491,335.0,74.0,54.0,49.66,0.0,0.0,0.0,30.22,1023.3,10.0,,FEW,,,,7000.0,,,,,,,,,,,73.94,KITH 242256Z 00000KT 10SM FEW070 23/12 A3022 RMK AO2 T02330122 SLP233,,0.0,23.333333333333332,2
ITH,2015-05-24 19:56:00,-76.4584,42.491,335.0,65.84,54.0,65.48,0.0,0.0,0.0,30.22,1023.3,10.0,,FEW,,,,10000.0,,,,,,,,,,,65.84,KITH 242356Z 00000KT 10SM FEW100 19/12 A3022 RMK AO2 55005 T01880122 10255 20188 SLP233,,0.0,18.8,2
ITH,2015-05-24 20:56:00,-76.4584,42.491,335.0,61.0,52.88,74.65,0.0,0.0,0.0,30.23,1023.5,10.0,,FEW,,,,10000.0,,,,,,,,,,,60.98,KITH 250056Z 00000KT 10SM FEW100 16/12 A3023 RMK AO2 T01610116 SLP235,,0.0,16.11111111111111,2
ITH,2015-05-24 21:56:00,-76.4584,42.491,335.0,59.0,52.0,77.49,90.0,3.0,0.0,30.23,1023.5,10.0,,FEW,,,,9000.0,,,,,,,,,,,59.0,KITH 250156Z 09003KT 10SM FEW090 15/11 A3023 RMK AO2 T01500111 SLP235,,1.543332,15.0,2
ITH,2015-05-24 22:56:00,-76.4584,42.491,335.0,56.84,51.0,80.47,90.0,4.0,0.0,30.23,1023.3,10.0,,FEW,,,,9500.0,,,,,,,,,,,56.84,KITH 250256Z AUTO 09004KT 10SM FEW095 14/11 A3023 RMK AO2 50003 T01380105 SLP233,,2.057776,13.800000000000002,2
ITH,2015-05-24 23:56:00,-76.4584,42.491,335.0,58.0,50.0,74.86,,3.0,0.0,30.23,1023.3,10.0,,CLR,,,,,,,,,,,,,,,57.92,KITH 250356Z AUTO VRB03KT 10SM CLR 14/10 A3023 RMK AO2 T01440100 402550033 SLP233,,1.543332,14.444444444444445,0
ITH,2015-05-25 00:56:00,-76.4584,42.491,335.0,58.0,47.84,69.05,80.0,5.0,0.0,30.22,1022.9,10.0,,CLR,,,,,,,,,,,,,,,57.92,KITH 250456Z AUTO 08005KT 10SM CLR 14/09 A3022 RMK AO2 T01440088 SLP229,,2.57222,14.444444444444445,0
ITH,2015-05-25 01:56:00,-76.4584,42.491,335.0,58.0,47.0,66.75,100.0,5.0,0.0,30.21,1022.8,10.0,,CLR,,,,,,,,,,,,,,,57.92,KITH 250556Z AUTO 10005KT 10SM CLR 14/08 A3021 RMK AO2 58004 T01440083 10188 20138 SLP228,,2.57222,14.444444444444445,0
ITH,2015-05-25 02:56:00,-76.4584,42.491,335.0,58.0,47.84,69.05,120.0,4.0,0.0001,30.22,1022.9,10.0,,SCT,BKN,,,7500.0,9500.0,,,,,,,,,,57.92,KITH 250656Z AUTO 12004KT 10SM SCT075 BKN095 14/09 A3022 RMK AO2 T01440088 RAB50E53 P0000 SLP229,,2.057776,14.444444444444445,6
ITH,2015-05-25 03:56:00,-76.4584,42.491,335.0,59.0,49.0,69.17,140.0,4.0,0.0001,30.22,1023.0,10.0,,OVC,,,,9500.0,,,,,,,,,,,59.0,KITH 250756Z AUTO 14004KT 10SM OVC095 15/09 A3022 RMK AO2 T01500094 RAB03E08 P0000 SLP230,,2.057776,15.0,8
ITH,2015-05-25 04:56:00,-76.4584,42.491,335.0,59.0,52.0,77.49,110.0,3.0,0.0001,30.21,1022.7,10.0,,BKN,,,,9000.0,,,,,,,,,,,59.0,KITH 250856Z AUTO 11003KT 10SM BKN090 15/11 A3021 RMK AO2 50000 60000 T01500111 RAB17E31 P0000 SLP227,,1.543332,15.0,6
ITH,2015-05-25 05:56:00,-76.4584,42.491,335.0,56.84,50.0,77.83,120.0,4.0,0.0,30.21,1022.6,10.0,,BKN,,,,10000.0,,,,,,,,,,,56.84,KITH 250956Z AUTO 12004KT 10SM BKN100 14/10 A3021 RMK AO2 T01380100 SLP226,,2.057776,13.800000000000002,6
ITH,2015-05-25 06:30:00,-76.4584,42.491,335.0,60.8,48.2,63.15,100.0,4.0,0.0,30.21,,10.0,,FEW,BKN,,,9000.0,11000.0,,,,,,,,,,60.8,KITH 251030Z 10004KT 10SM FEW090 BKN110 16/09 A3021 RMK AO2,,2.057776,16.0,6
ITH,2015-05-25 06:56:00,-76.4584,42.491,335.0,60.0,50.0,69.74,90.0,4.0,0.0,30.22,1022.9,10.0,,BKN,,,,10000.0,,,,,,,,,,,59.9,KITH 251056Z 09004KT 10SM BKN100 16/10 A3022 RMK AO2 T01550100 SLP229,,2.057776,15.555555555555555,6
ITH,2015-05-25 07:56:00,-76.4584,42.491,335.0,61.88,51.0,67.21,100.0,3.0,0.0,30.22,1022.9,10.0,,BKN,,,,11000.0,,,,,,,,,,,61.88,KITH 251156Z 10003KT 10SM BKN110 17/11 A3022 RMK AO2 57001 60000 T01660105 10166 20138 SLP229,,1.543332,16.6,6
ITH,2015-05-25 08:56:00,-76.4584,42.491,335.0,67.0,50.0,54.51,170.0,7.0,0.0,30.22,1023.0,10.0,,SCT,,,,8500.0,,,,,,,,,,,66.92,KITH 251256Z 17007KT 10SM SCT085 19/10 A3022 RMK AO2 T01940100 SLP230,,3.601108,19.444444444444443,4
ITH,2015-05-25 09:56:00,-76.4584,42.491,335.0,70.88,52.88,52.93,200.0,4.0,0.0,30.21,1022.7,10.0,,SCT,,,,8000.0,,,,,,,,,,,70.88,KITH 251356Z 20004KT 10SM SCT080 22/12 A3021 RMK AO2 T02160116 SLP227,,2.057776,21.599999999999998,4
ITH,2015-05-25 10:56:00,-76.4584,42.491,335.0,76.0,54.0,46.47,210.0,11.0,0.0,30.19,1021.9,10.0,15.0,SCT,,,,7000.0,,,,,,,,,,,75.92,KITH 251456Z 21011G15KT 10SM SCT070 24/12 A3019 RMK AO2 58007 T02440122 SLP219,,5.6588840000000005,24.444444444444443,4
ITH,2015-05-25 11:56:00,-76.4584,42.491,335.0,79.88,54.86,42.14,,6.0,0.0,30.16,1020.9,10.0,,SCT,,,,8500.0,,,,,,,,,,,79.88,KITH 251556Z VRB06KT 10SM SCT085 27/13 A3016 RMK AO2 T02660127 SLP209,,3.086664,26.599999999999998,4
ITH,2015-05-25 12:56:00,-76.4584,42.491,335.0,83.84,54.0,35.85,260.0,13.0,0.0,30.14,1020.0,10.0,,SCT,,,,8500.0,,,,,,,,,,,82.55,KITH 251656Z 26013KT 10SM SCT085 29/12 A3014 RMK AO2 T02880122 SLP200,,6.687772,28.800000000000004,4
ITH,2015-05-25 13:56:00,-76.4584,42.491,335.0,85.0,54.0,34.63,230.0,10.0,0.0,30.11,1019.0,10.0,16.0,SCT,,,,6000.0,,,,,,,,,,,83.38,KITH 251756Z 23010G16KT 10SM SCT060 29/12 A3011 RMK AO2 58025 T02940122 10294 20166 SLP190,,5.14444,29.444444444444443,4
ITH,2015-05-25 14:56:00,-76.4584,42.491,335.0,85.0,51.0,30.94,240.0,16.0,0.0,30.1,1018.7,10.0,24.0,SCT,,,,6000.0,,,,,,,,,,,82.89,KITH 251856Z 24016G24KT 10SM SCT060 29/11 A3010 RMK AO2 T02940105 SLP187,,8.231104,29.444444444444443,4
ITH,2015-05-25 15:56:00,-76.4584,42.491,335.0,85.0,52.88,33.28,220.0,14.0,0.0,30.09,1018.5,10.0,,SCT,,,,7000.0,,,,,,,,,,,83.19,KITH 251956Z 22014KT 10SM SCT070 29/12 A3009 RMK AO2 T02940116 SLP185,,7.202216,29.444444444444443,4
ITH,2015-05-25 16:56:00,-76.4584,42.491,335.0,86.0,52.88,32.15,220.0,10.0,0.0,30.08,1017.9,10.0,,SCT,,,,8000.0,,,,,,,,,,,84.05,KITH 252056Z 22010KT 10SM SCT080 30/12 A3008 RMK AO2 57011 T03000116 SLP179,,5.14444,30.0,4
ITH,2015-05-25 17:56:00,-76.4584,42.491,335.0,83.0,52.0,34.32,220.0,10.0,0.0,30.08,1018.2,10.0,,BKN,,,,9000.0,,,,,,,,,,,81.6,KITH 252156Z 22010KT 10SM BKN090 28/11 A3008 RMK AO2 T02830111 SLP182,,5.14444,28.333333333333332,6
ITH,2015-05-25 18:56:00,-76.4584,42.491,335.0,81.0,58.0,45.44,200.0,12.0,0.0,30.08,1018.2,10.0,,BKN,,,,8000.0,,,,,,,,,,,81.18,KITH 252256Z 20012KT 10SM BKN080 27/14 A3008 RMK AO2 T02720144 SLP182,,6.173328,27.22222222222222,6
ITH,2015-05-25 19:56:00,-76.4584,42.491,335.0,78.0,56.84,48.32,190.0,9.0,0.0,30.07,1017.9,10.0,,BKN,,,,9000.0,,,,,,,,,,,77.9,KITH 252356Z 19009KT 10SM BKN090 26/14 A3007 RMK AO2 58001 T02550138 10300 20255 SLP179,,4.629996,25.555555555555557,6
ITH,2015-05-25 20:56:00,-76.4584,42.491,335.0,76.0,56.84,51.6,190.0,9.0,0.0,30.08,1018.0,10.0,,SCT,,,,10000.0,,,,,,,,,,,75.92,KITH 260056Z 19009KT 10SM SCT100 24/14 A3008 RMK AO2 T02440138 SLP180,,4.629996,24.444444444444443,4
ITH,2015-05-25 21:56:00,-76.4584,42.491,335.0,76.0,56.84,51.6,190.0,9.0,0.0,30.09,1018.3,10.0,,SCT,,,,11000.0,,,,,,,,,,,75.92,KITH 260156Z 19009KT 10SM SCT110 24/14 A3009 RMK AO2 T02440138 SLP183,,4.629996,24.444444444444443,4
ITH,2015-05-25 22:56:00,-76.4584,42.491,335.0,74.0,58.0,57.32,200.0,10.0,0.0,30.09,1018.3,10.0,,FEW,,,,12000.0,,,,,,,,,,,73.94,KITH 260256Z AUTO 20010KT 10SM FEW120 23/14 A3009 RMK AO2 53004 T02330144 SLP183,,5.14444,23.333333333333332,2
ITH,2015-05-25 23:56:00,-76.4584,42.491,335.0,74.0,58.0,57.32,190.0,10.0,0.0,30.09,1018.0,10.0,,CLR,,,,,,,,,,,,,,,73.94,KITH 260356Z AUTO 19010KT 10SM CLR 23/14 A3009 RMK AO2 T02330144 403000138 SLP180,,5.14444,23.333333333333332,0
ITH,2015-05-26 00:56:00,-76.4584,42.491,335.0,72.86,58.0,59.44,190.0,8.0,0.0,30.1,1018.5,10.0,,CLR,,,,,,,,,,,,,,,72.86,KITH 260456Z AUTO 19008KT 10SM CLR 23/14 A3010 RMK AO2 T02270144 SLP185,,4.115552,22.700000000000003,0
ITH,2015-05-26 01:56:00,-76.4584,42.491,335.0,72.0,58.0,61.28,180.0,7.0,0.0,30.11,1018.7,10.0,,SCT,OVC,,,8000.0,9500.0,,,,,,,,,,71.96,KITH 260556Z AUTO 18007KT 10SM SCT080 OVC095 22/14 A3011 RMK AO2 53007 T02220144 10255 20222 OVC V BKN SLP187,,3.601108,22.22222222222222,8
ITH,2015-05-26 02:56:00,-76.4584,42.491,335.0,70.88,59.0,66.07,180.0,6.0,0.0,30.11,1019.0,10.0,,SCT,BKN,OVC,,6500.0,8000.0,10000.0,,,,,,,,,70.88,KITH 260656Z AUTO 18006KT 10SM SCT065 BKN080 OVC100 22/15 A3011 RMK AO2 T02160150 SLP190,,3.086664,21.599999999999998,8
ITH,2015-05-26 03:56:00,-76.4584,42.491,335.0,70.88,59.0,66.07,190.0,7.0,0.0,30.12,1019.1,10.0,,BKN,OVC,,,6000.0,7000.0,,,,,,,,,,70.88,KITH 260756Z AUTO 19007KT 10SM BKN060 OVC070 22/15 A3012 RMK AO2 T02160150 SLP191,,3.601108,21.599999999999998,8
ITH,2015-05-26 04:56:00,-76.4584,42.491,335.0,70.0,59.0,68.13,200.0,7.0,0.0,30.13,1019.4,10.0,,BKN,,,,7500.0,,,,,,,,,,,69.98,KITH 260856Z AUTO 20007KT 10SM BKN075 21/15 A3013 RMK AO2 51005 T02110150 BKN V SCT SLP194,,3.601108,21.11111111111111,6
ITH,2015-05-26 05:56:00,-76.4584,42.491,335.0,69.0,59.0,70.7,210.0,8.0,0.0,30.15,1020.1,10.0,,CLR,,,,,,,,,,,,,,,68.9,KITH 260956Z AUTO 21008KT 10SM CLR 21/15 A3015 RMK AO2 T02050150 SLP201,,4.115552,20.555555555555557,0
ITH,2015-05-26 06:27:00,-76.4584,42.491,335.0,71.6,60.8,68.75,200.0,6.0,0.0,30.15,,10.0,,CLR,,,,,,,,,,,,,,,71.6,KITH 261027Z 20006KT 10SM CLR 22/16 A3015 RMK AO2,,3.086664,21.999999999999996,0
ITH,2015-05-26 06:56:00,-76.4584,42.491,335.0,70.88,61.0,70.9,180.0,7.0,0.0,30.16,1020.6,10.0,,CLR,,,,,,,,,,,,,,,70.88,KITH 261056Z 18007KT 10SM CLR 22/16 A3016 RMK AO2 T02160161 SLP206,,3.601108,21.599999999999998,0
ITH,2015-05-26 07:56:00,-76.4584,42.491,335.0,72.0,61.0,68.35,220.0,3.0,0.0,30.18,1021.4,10.0,,CLR,,,,,,,,,,,,,,,71.96,KITH 261156Z 22003KT 10SM CLR 22/16 A3018 RMK AO2 51018 T02220161 10222 20200 SLP214,,1.543332,22.22222222222222,0
ITH,2015-05-26 08:56:00,-76.4584,42.491,335.0,76.0,63.0,64.17,210.0,9.0,0.0,30.18,1021.3,10.0,,CLR,,,,,,,,,,,,,,,75.92,KITH 261256Z 21009KT 10SM CLR 24/17 A3018 RMK AO2 T02440172 SLP213,,4.629996,24.444444444444443,0
ITH,2015-05-26 09:56:00,-76.4584,42.491,335.0,77.0,61.88,59.6,260.0,8.0,0.0,30.18,1021.4,10.0,,SCT,,,,3300.0,,,,,,,,,,,77.0,KITH 261356Z 26008KT 10SM SCT033 25/17 A3018 RMK AO2 T02500166 SLP214,,4.115552,25.0,4
ITH,2015-05-26 10:56:00,-76.4584,42.491,335.0,77.0,63.0,61.91,250.0,6.0,0.0,30.18,1021.2,10.0,,SCT,BKN,,,3500.0,7000.0,,,,,,,,,,77.0,KITH 261456Z 25006KT 10SM SCT035 BKN070 25/17 A3018 RMK AO2 58000 T02500172 SLP212,,3.086664,25.0,6
ITH,2015-05-26 11:56:00,-76.4584,42.491,335.0,78.0,63.0,60.1,220.0,10.0,0.0001,30.18,1021.3,10.0,,FEW,BKN,,,3500.0,7500.0,,,,,,,,,,77.9,KITH 261556Z 22010KT 10SM FEW035 BKN075 26/17 A3018 RMK AO2 T02550172 P0000 SLP213,,5.14444,25.555555555555557,6
ITH,2015-05-26 12:56:00,-76.4584,42.491,335.0,74.84,63.86,68.67,230.0,6.0,0.0001,30.2,1021.9,9.0,,SCT,BKN,,,3000.0,5000.0,,,-SHRA,,,,,,,74.84,KITH 261656Z 23006KT 9SM -SHRA SCT030 BKN050 24/18 A3020 RMK AO2 T02380177 RAB41E49SHRAB49 P0000 SLP219,,3.086664,23.8,6
ITH,2015-05-26 13:56:00,-76.4584,42.491,335.0,74.84,63.0,66.53,0.0,0.0,0.0001,30.17,1021.2,10.0,,SCT,BKN,,,3000.0,5500.0,,,,,,,,,,74.84,KITH 261756Z 00000KT 10SM SCT030 BKN055 24/17 A3017 RMK AO2 58000 60000 T02380172 10255 20227 RAB11E23SHRAE11 P0000 SLP212,,0.0,23.8,6
ITH,2015-05-26 14:56:00,-76.4584,42.491,335.0,79.0,63.0,57.99,,3.0,0.0,30.16,1020.5,10.0,,SCT,BKN,,,4500.0,11000.0,,,,,,,,,,80.52,KITH 261856Z VRB03KT 10SM SCT045 BKN110 26/17 A3016 RMK AO2 T02610172 SLP205,,1.543332,26.11111111111111,6
ITH,2015-05-26 15:56:00,-76.4584,42.491,335.0,81.86,63.86,54.48,230.0,6.0,0.0,30.14,1019.9,10.0,,BKN,BKN,,,4800.0,12000.0,,,,,,,,,,83.3,KITH 261956Z 23006KT 10SM BKN048 BKN120 28/18 A3014 RMK AO2 T02770177 SLP199,,3.086664,27.700000000000003,6
ITH,2015-05-26 16:56:00,-76.4584,42.491,335.0,79.0,65.0,62.16,220.0,10.0,0.0,30.14,1019.9,10.0,,SCT,,,,4300.0,,,,,,,,,,,80.82,KITH 262056Z 22010KT 10SM SCT043 26/18 A3014 RMK AO2 56013 T02610183 SLP199,,5.14444,26.11111111111111,4
ITH,2015-05-26 17:56:00,-76.4584,42.491,335.0,79.0,65.0,62.16,210.0,9.0,0.0,30.12,1019.2,10.0,,FEW,,,,4500.0,,,,,,,,,,,80.82,KITH 262156Z 21009KT 10SM FEW045 26/18 A3012 RMK AO2 T02610183 SLP192,,4.629996,26.11111111111111,2
ITH,2015-05-26 18:56:00,-76.4584,42.491,335.0,78.0,65.0,64.41,180.0,10.0,0.0,30.1,1018.7,10.0,,CLR,,,,,,,,,,,,,,,77.9,KITH 262256Z 18010KT 10SM CLR 26/18 A3010 RMK AO2 T02550183 SLP187,,5.14444,25.555555555555557,0
ITH,2015-05-26 19:56:00,-76.4584,42.491,335.0,76.0,65.0,68.78,180.0,9.0,0.0,30.1,1018.5,10.0,,SCT,,,,10000.0,,,,,,,,,,,75.92,KITH 262356Z 18009KT 10SM SCT100 24/18 A3010 RMK AO2 56014 T02440183 10283 20238 SLP185,,4.629996,24.444444444444443,4
ITH,2015-05-26 20:56:00,-76.4584,42.491,335.0,72.86,65.0,76.21,170.0,8.0,0.0,30.1,1018.5,10.0,,SCT,,,,10000.0,,,,,,,,,,,72.86,KITH 270056Z 17008KT 10SM SCT100 23/18 A3010 RMK AO2 T02270183 SLP185,,4.115552,22.700000000000003,4
ITH,2015-05-26 21:56:00,-76.4584,42.491,335.0,72.86,65.0,76.21,190.0,7.0,0.0,30.1,1018.7,10.0,,SCT,,,,10000.0,,,,,,,,,,,72.86,KITH 270156Z 19007KT 10SM SCT100 23/18 A3010 RMK AO2 T02270183 SLP187,,3.601108,22.700000000000003,4
ITH,2015-05-26 22:56:00,-76.4584,42.491,335.0,70.88,65.0,81.5,160.0,6.0,0.0,30.11,1018.9,10.0,,CLR,,,,,,,,,,,,,,,70.88,KITH 270256Z AUTO 16006KT 10SM CLR 22/18 A3011 RMK AO2 53004 T02160183 SLP189,,3.086664,21.599999999999998,0
ITH,2015-05-26 23:56:00,-76.4584,42.491,335.0,70.0,65.0,84.04,140.0,5.0,0.0,30.11,1018.8,10.0,,CLR,,,,,,,,,,,,,,,69.98,KITH 270356Z AUTO 14005KT 10SM CLR 21/18 A3011 RMK AO2 T02110183 402830200 SLP188,,2.57222,21.11111111111111,0
ITH,2015-05-27 00:56:00,-76.4584,42.491,335.0,69.0,65.0,87.2,150.0,7.0,0.0,30.09,1018.5,10.0,,CLR,,,,,,,,,,,,,,,68.9,KITH 270456Z AUTO 15007KT 10SM CLR 21/18 A3009 RMK AO2 T02050183 SLP185,,3.601108,20.555555555555557,0
ITH,2015-05-27 01:56:00,-76.4584,42.491,335.0,69.0,63.86,83.97,160.0,7.0,0.0,30.08,1018.1,10.0,,CLR,,,,,,,,,,,,,,,68.9,KITH 270556Z AUTO 16007KT 10SM CLR 21/18 A3008 RMK AO2 58008 T02050177 10244 20205 SLP181,,3.601108,20.555555555555557,0
ITH,2015-05-27 02:56:00,-76.4584,42.491,335.0,69.0,63.86,83.97,170.0,8.0,0.0,30.07,1017.7,10.0,,CLR,,,,,,,,,,,,,,,68.9,KITH 270656Z AUTO 17008KT 10SM CLR 21/18 A3007 RMK AO2 T02050177 SLP177,,4.115552,20.555555555555557,0
ITH,2015-05-27 03:56:00,-76.4584,42.491,335.0,70.0,63.86,80.92,180.0,10.0,0.0,30.07,1017.4,10.0,,SCT,,,,11000.0,,,,,,,,,,,69.98,KITH 270756Z AUTO 18010KT 10SM SCT110 21/18 A3007 RMK AO2 T02110177 SLP174,,5.14444,21.11111111111111,4
ITH,2015-05-27 04:56:00,-76.4584,42.491,335.0,69.0,63.86,83.97,180.0,9.0,0.0,30.07,1017.7,10.0,,FEW,,,,12000.0,,,,,,,,,,,68.9,KITH 270856Z AUTO 18009KT 10SM FEW120 21/18 A3007 RMK AO2 55004 T02050177 SLP177,,4.629996,20.555555555555557,2
ITH,2015-05-27 05:56:00,-76.4584,42.491,335.0,69.0,63.86,83.97,180.0,5.0,0.0,30.08,1017.9,10.0,,CLR,,,,,,,,,,,,,,,68.9,KITH 270956Z AUTO 18005KT 10SM CLR 21/18 A3008 RMK AO2 T02050177 SLP179,,2.57222,20.555555555555557,0
ITH,2015-05-27 06:21:00,-76.4584,42.491,335.0,69.8,64.4,82.98,170.0,5.0,0.0,30.09,,10.0,,SCT,,,,12000.0,,,,,,,,,,,69.8,KITH 271021Z 17005KT 10SM SCT120 21/18 A3009 RMK AO2,,2.57222,21.0,4
ITH,2015-05-27 06:56:00,-76.4584,42.491,335.0,70.88,65.0,81.5,160.0,6.0,0.0,30.09,1018.3,10.0,,FEW,,,,12000.0,,,,,,,,,,,70.88,KITH 271056Z 16006KT 10SM FEW120 22/18 A3009 RMK AO2 T02160183 SLP183,,3.086664,21.599999999999998,2
ITH,2015-05-27 07:56:00,-76.4584,42.491,335.0,74.0,65.84,75.83,180.0,7.0,0.0,30.09,1018.3,10.0,,FEW,,,,2000.0,,,,,,,,,,,73.94,KITH 271156Z 18007KT 10SM FEW020 23/19 A3009 RMK AO2 51007 T02330188 10233 20205 SLP183,,3.601108,23.333333333333332,2
ITH,2015-05-27 08:56:00,-76.4584,42.491,335.0,78.0,65.0,64.41,190.0,7.0,0.0,30.1,1018.5,10.0,,SCT,,,,2500.0,,,,,,,,,,,77.9,KITH 271256Z 19007KT 10SM SCT025 26/18 A3010 RMK AO2 T02550183 SLP185,,3.601108,25.555555555555557,4
ITH,2015-05-27 09:56:00,-76.4584,42.491,335.0,79.0,63.86,59.86,230.0,10.0,0.0,30.1,1018.4,10.0,,BKN,,,,3400.0,,,,,,,,,,,80.65,KITH 271356Z 23010KT 10SM BKN034 26/18 A3010 RMK AO2 T02610177 SLP184,,5.14444,26.11111111111111,6
ITH,2015-05-27 10:56:00,-76.4584,42.491,335.0,78.0,63.0,60.1,230.0,8.0,0.0,30.1,1018.6,10.0,,BKN,,,,3800.0,,,,,,,,,,,77.9,KITH 271456Z 23008KT 10SM BKN038 26/17 A3010 RMK AO2 50001 T02550172 SLP186,,4.115552,25.555555555555557,6
ITH,2015-05-27 11:56:00,-76.4584,42.491,335.0,76.0,61.88,61.78,230.0,7.0,0.0,30.11,1019.0,10.0,,SCT,OVC,,,4400.0,10000.0,,,,,,,,,,75.92,KITH 271556Z 23007KT 10SM SCT044 OVC100 24/17 A3011 RMK AO2 T02440166 SLP190,,3.601108,24.444444444444443,8
ITH,2015-05-27 12:56:00,-76.4584,42.491,335.0,74.84,63.86,68.67,230.0,8.0,0.0001,30.12,1019.5,10.0,,FEW,SCT,BKN,,3000.0,4500.0,7500.0,,,,,,,,,74.84,KITH 271656Z 23008KT 10SM FEW030 SCT045 BKN075 24/18 A3012 RMK AO2 T02380177 RAB08E55 P0000 SLP195,,4.115552,23.8,6
ITH,2015-05-27 13:56:00,-76.4584,42.491,335.0,77.0,63.86,63.9,220.0,10.0,0.0,30.1,1018.5,10.0,,FEW,BKN,,,3500.0,9000.0,,,,,,,,,,77.0,KITH 271756Z 22010KT 10SM FEW035 BKN090 25/18 A3010 RMK AO2 50003 60000 T02500177 10272 20233 SLP185,,5.14444,25.0,6
ITH,2015-05-27 14:56:00,-76.4584,42.491,335.0,78.0,63.0,60.1,220.0,10.0,0.0,30.08,1017.8,10.0,15.0,CLR,,,,,,,,,,,,,,,77.9,KITH 271856Z 22010G15KT 10SM CLR 26/17 A3008 RMK AO2 T02550172 SLP178,,5.14444,25.555555555555557,0
ITH,2015-05-27 15:56:00,-76.4584,42.491,335.0,79.88,61.88,54.2,220.0,8.0,0.0,30.05,1016.9,10.0,15.0,SCT,,,,4700.0,,,,,,,,,,,81.09,KITH 271956Z 22008G15KT 10SM SCT047 27/17 A3005 RMK AO2 T02660166 SLP169,,4.115552,26.599999999999998,4
ITH,2015-05-27 16:56:00,-76.4584,42.491,335.0,79.88,61.88,54.2,240.0,9.0,0.0,30.05,1016.9,10.0,,SCT,,,,4500.0,,,,,,,,,,,81.09,KITH 272056Z 24009KT 10SM SCT045 27/17 A3005 RMK AO2 56018 T02660166 SLP169,,4.629996,26.599999999999998,4
ITH,2015-05-27 17:56:00,-76.4584,42.491,335.0,79.88,61.0,52.5,210.0,10.0,0.0,30.06,1017.1,10.0,,BKN,,,,4700.0,,,,,,,,,,,80.93,KITH 272156Z 21010KT 10SM BKN047 27/16 A3006 RMK AO2 T02660161 SLP171,,5.14444,26.599999999999998,6
ITH,2015-05-27 18:56:00,-76.4584,42.491,335.0,79.88,61.88,54.2,210.0,9.0,0.0,30.05,1016.8,10.0,,SCT,,,,4700.0,,,,,,,,,,,81.09,KITH 272256Z 21009KT 10SM SCT047 27/17 A3005 RMK AO2 T02660166 SLP168,,4.629996,26.599999999999998,4
ITH,2015-05-27 19:56:00,-76.4584,42.491,335.0,77.0,61.88,59.6,200.0,6.0,0.0,30.05,1016.9,10.0,,CLR,,,,,,,,,,,,,,,77.0,KITH 272356Z 20006KT 10SM CLR 25/17 A3005 RMK AO2 58000 T02500166 10272 20244 SLP169,,3.086664,25.0,0
ITH,2015-05-27 20:56:00,-76.4584,42.491,335.0,72.86,61.88,68.45,170.0,7.0,0.0,30.07,1017.5,10.0,,CLR,,,,,,,,,,,,,,,72.86,KITH 280056Z 17007KT 10SM CLR 23/17 A3007 RMK AO2 T02270166 SLP175,,3.601108,22.700000000000003,0
ITH,2015-05-27 21:56:00,-76.4584,42.491,335.0,70.88,61.88,73.2,180.0,7.0,0.0,30.09,1018.3,10.0,,CLR,,,,,,,,,,,,,,,70.88,KITH 280156Z 18007KT 10SM CLR 22/17 A3009 RMK AO2 T02160166 SLP183,,3.601108,21.599999999999998,0
ITH,2015-05-27 22:56:00,-76.4584,42.491,335.0,69.0,61.88,78.32,180.0,6.0,0.0,30.1,1018.4,10.0,,CLR,,,,,,,,,,,,,,,68.9,KITH 280256Z AUTO 18006KT 10SM CLR 21/17 A3010 RMK AO2 51015 T02050166 SLP184,,3.086664,20.555555555555557,0
ITH,2015-05-27 23:56:00,-76.4584,42.491,335.0,70.0,61.0,73.11,270.0,6.0,0.0,30.13,1019.5,10.0,,FEW,BKN,BKN,,2800.0,4100.0,5500.0,,,,,,,,,69.98,KITH 280356Z AUTO 27006KT 10SM FEW028 BKN041 BKN055 21/16 A3013 RMK AO2 T02110161 402720200 SLP195,,3.086664,21.11111111111111,6
ITH,2015-05-28 00:56:00,-76.4584,42.491,335.0,67.0,59.0,75.69,,,0.0,30.1,1018.8,10.0,,FEW,,,,11000.0,,,,,,,,,,,66.92,KITH 280456Z AUTO 10SM FEW110 19/15 A3010 RMK AO2 T01940150 SLP188 $,,,19.444444444444443,2
ITH,2015-05-28 01:56:00,-76.4584,42.491,335.0,65.0,59.0,81.07,,,0.0,30.09,1018.2,10.0,,CLR,,,,,,,,,,,,,,,64.94,KITH 280556Z AUTO 10SM CLR 18/15 A3009 RMK AO2 58002 T01830150 10250 20177 SLP182 $,,,18.333333333333332,0
ITH,2015-05-28 02:56:00,-76.4584,42.491,335.0,65.84,60.0,81.14,160.0,6.0,0.0,30.09,1018.3,10.0,,CLR,,,,,,,,,,,,,,,65.84,KITH 280656Z AUTO 16006KT 10SM CLR 19/16 A3009 RMK AO2 T01880155 SLP183,,3.086664,18.8,0
ITH,2015-05-28 03:56:00,-76.4584,42.491,335.0,65.84,60.0,81.14,0.0,0.0,0.0,30.1,1018.8,10.0,,BKN,OVC,,,8500.0,11000.0,,,,,,,,,,65.84,KITH 280756Z AUTO 00000KT 10SM BKN085 OVC110 19/16 A3010 RMK AO2 T01880155 SLP188,,0.0,18.8,8
ITH,2015-05-28 04:56:00,-76.4584,42.491,335.0,65.84,59.0,78.57,0.0,0.0,0.0,30.12,1019.2,10.0,,OVC,,,,8500.0,,,,,,,,,,,65.84,KITH 280856Z AUTO 00000KT 10SM OVC085 19/15 A3012 RMK AO2 53009 T01880150 SLP192,,0.0,18.8,8
ITH,2015-05-28 05:56:00,-76.4584,42.491,335.0,65.0,58.0,77.99,200.0,4.0,0.0001,30.12,1019.2,10.0,,OVC,,,,10000.0,,,,,,,,,,,64.94,KITH 280956Z AUTO 20004KT 10SM OVC100 18/14 A3012 RMK AO2 T01830144 RAB10E48 P0000 SLP192,,2.057776,18.333333333333332,8
ITH,2015-05-28 06:18:00,-76.4584,42.491,335.0,64.4,57.2,77.45,240.0,5.0,0.0,30.13,,10.0,,FEW,BKN,,,6000.0,10000.0,,,,,,,,,,64.4,KITH 281018Z 24005KT 10SM FEW060 BKN100 18/14 A3013 RMK AO2,,2.57222,18.000000000000004,6
ITH,2015-05-28 06:56:00,-76.4584,42.491,335.0,65.0,58.0,77.99,230.0,6.0,0.0,30.15,1020.2,10.0,,FEW,BKN,,,6000.0,11000.0,,,,,,,,,,64.94,KITH 281056Z 23006KT 10SM FEW060 BKN110 18/14 A3015 RMK AO2 T01830144 SLP202,,3.086664,18.333333333333332,6
ITH,2015-05-28 07:56:00,-76.4584,42.491,335.0,68.0,59.0,72.92,250.0,9.0,0.0,30.16,1020.7,10.0,,BKN,BKN,,,2300.0,9000.0,,,,,,,,,,68.0,KITH 281156Z 25009KT 10SM BKN023 BKN090 20/15 A3016 RMK AO2 53014 60000 T02000150 10200 20183 SLP207,,4.629996,20.0,6
ITH,2015-05-28 08:56:00,-76.4584,42.491,335.0,72.0,59.0,63.7,260.0,11.0,0.0,30.17,1021.0,10.0,,SCT,,,,2400.0,,,,,,,,,,,71.96,KITH 281256Z 26011KT 10SM SCT024 22/15 A3017 RMK AO2 T02220150 SLP210,,5.6588840000000005,22.22222222222222,4
ITH,2015-05-28 09:07:00,-76.4584,42.491,335.0,71.6,59.0,64.48,260.0,13.0,0.0,30.18,,10.0,,BKN,,,,2600.0,,,,,,,,,,,71.6,KITH 281307Z 26013KT 10SM BKN026 22/15 A3018 RMK AO2,,6.687772,21.999999999999996,6
ITH,2015-05-28 09:56:00,-76.4584,42.491,335.0,70.0,58.0,65.54,270.0,11.0,0.0,30.18,1021.4,10.0,18.0,BKN,,,,2900.0,,,,,,,,,,,69.98,KITH 281356Z 27011G18KT 10SM BKN029 21/14 A3018 RMK AO2 T02110144 SLP214,,5.6588840000000005,21.11111111111111,6
ITH,2015-05-28 10:56:00,-76.4584,42.491,335.0,69.0,54.86,60.88,310.0,18.0,0.0,30.21,1022.4,10.0,,BKN,,,,2900.0,,,,,,,,,,,68.9,KITH 281456Z 31018KT 10SM BKN029 21/13 A3021 RMK AO2 53014 T02050127 SLP224,,9.259992,20.555555555555557,6
ITH,2015-05-28 11:26:00,-76.4584,42.491,335.0,69.8,55.4,60.21,310.0,17.0,0.0,30.22,,10.0,23.0,BKN,,,,3800.0,,,,,,,,,,,69.8,KITH 281526Z 31017G23KT 10SM BKN038 21/13 A3022 RMK AO2,,8.745548,21.0,6
ITH,2015-05-28 11:56:00,-76.4584,42.491,335.0,69.0,54.0,58.92,320.0,13.0,0.0,30.23,1023.2,10.0,20.0,BKN,,,,3300.0,,,,,,,,,,,68.9,KITH 281556Z 32013G20KT 10SM BKN033 21/12 A3023 RMK AO2 T02050122 SLP232,,6.687772,20.555555555555557,6
ITH,2015-05-28 12:56:00,-76.4584,42.491,335.0,69.0,54.86,60.88,320.0,11.0,0.0,30.25,1024.0,10.0,17.0,BKN,,,,3300.0,,,,,,,,,,,68.9,KITH 281656Z 32011G17KT 10SM BKN033 21/13 A3025 RMK AO2 T02050127 SLP240,,5.6588840000000005,20.555555555555557,6
ITH,2015-05-28 13:56:00,-76.4584,42.491,335.0,72.0,54.86,54.86,310.0,13.0,0.0,30.26,1024.2,10.0,,BKN,,,,3300.0,,,,,,,,,,,71.96,KITH 281756Z 31013KT 10SM BKN033 22/13 A3026 RMK AO2 51018 T02220127 10222 20194 SLP242,,6.687772,22.22222222222222,6
ITH,2015-05-28 14:56:00,-76.4584,42.491,335.0,70.0,56.0,61.02,330.0,11.0,0.0,30.27,1024.6,10.0,19.0,BKN,,,,3300.0,,,,,,,,,,,69.98,KITH 281856Z 33011G19KT 10SM BKN033 21/13 A3027 RMK AO2 T02110133 SLP246,,5.6588840000000005,21.11111111111111,6
ITH,2015-05-28 15:56:00,-76.4584,42.491,335.0,70.0,54.86,58.68,350.0,7.0,0.0,30.28,1024.8,10.0,,SCT,,,,3300.0,,,,,,,,,,,69.98,KITH 281956Z 35007KT 10SM SCT033 21/13 A3028 RMK AO2 T02110127 SLP248,,3.601108,21.11111111111111,4
ITH,2015-05-28 16:56:00,-76.4584,42.491,335.0,70.88,54.0,55.07,310.0,8.0,0.0,30.27,1024.7,10.0,,SCT,,,,3700.0,,,,,,,,,,,70.88,KITH 282056Z 31008KT 10SM SCT037 22/12 A3027 RMK AO2 50006 T02160122 SLP247,,4.115552,21.599999999999998,4
ITH,2015-05-28 17:56:00,-76.4584,42.491,335.0,70.88,54.0,55.07,330.0,7.0,0.0,30.27,1024.7,10.0,,SCT,,,,3700.0,,,,,,,,,,,70.88,KITH 282156Z 33007KT 10SM SCT037 22/12 A3027 RMK AO2 T02160122 SLP247,,3.601108,21.599999999999998,4
ITH,2015-05-28 18:56:00,-76.4584,42.491,335.0,70.0,52.88,54.58,330.0,5.0,0.0,30.27,1024.6,10.0,,FEW,,,,3700.0,,,,,,,,,,,69.98,KITH 282256Z 33005KT 10SM FEW037 21/12 A3027 RMK AO2 T02110116 SLP246,,2.57222,21.11111111111111,2
ITH,2015-05-28 19:56:00,-76.4584,42.491,335.0,68.0,54.0,60.77,350.0,3.0,0.0,30.28,1024.8,10.0,,CLR,,,,,,,,,,,,,,,68.0,KITH 282356Z 35003KT 10SM CLR 20/12 A3028 RMK AO2 53001 T02000122 10222 20200 SLP248,,1.543332,20.0,0
ITH,2015-05-28 20:56:00,-76.4584,42.491,335.0,58.0,54.86,89.52,0.0,0.0,0.0,30.3,1025.6,10.0,,CLR,,,,,,,,,,,,,,,57.92,KITH 290056Z 00000KT 10SM CLR 14/13 A3030 RMK AO2 T01440127 SLP256,,0.0,14.444444444444445,0
ITH,2015-05-28 21:56:00,-76.4584,42.491,335.0,56.0,54.86,96.15,70.0,3.0,0.0,30.31,1026.3,10.0,,CLR,,,,,,,,,,,,,,,55.94,KITH 290156Z 07003KT 10SM CLR 13/13 A3031 RMK AO2 T01330127 SLP263,,1.543332,13.333333333333334,0
ITH,2015-05-28 22:56:00,-76.4584,42.491,335.0,56.0,54.86,96.15,70.0,5.0,0.0,30.32,1026.4,10.0,,CLR,,,,,,,,,,,,,,,55.94,KITH 290256Z AUTO 07005KT 10SM CLR 13/13 A3032 RMK AO2 51012 T01330127 SLP264,,2.57222,13.333333333333334,0
ITH,2015-05-28 23:56:00,-76.4584,42.491,335.0,56.0,54.0,93.05,70.0,5.0,0.0,30.32,1026.5,10.0,,CLR,,,,,,,,,,,,,,,55.94,KITH 290356Z AUTO 07005KT 10SM CLR 13/12 A3032 RMK AO2 T01330122 402220127 SLP265,,2.57222,13.333333333333334,0
ITH,2015-05-29 00:56:00,-76.4584,42.491,335.0,54.0,52.88,96.12,80.0,5.0,0.0,30.33,1026.8,10.0,,CLR,,,,,,,,,,,,,,,53.96,KITH 290456Z AUTO 08005KT 10SM CLR 12/12 A3033 RMK AO2 T01220116 SLP268,,2.57222,12.222222222222221,0
ITH,2015-05-29 01:56:00,-76.4584,42.491,335.0,54.0,52.0,92.99,70.0,5.0,0.0,30.31,1026.4,10.0,,CLR,,,,,,,,,,,,,,,53.96,KITH 290556Z AUTO 07005KT 10SM CLR 12/11 A3031 RMK AO2 50000 T01220111 10200 20122 SLP264,,2.57222,12.222222222222221,0
ITH,2015-05-29 02:56:00,-76.4584,42.491,335.0,52.88,52.0,96.74,70.0,4.0,0.0,30.31,1026.2,10.0,,CLR,,,,,,,,,,,,,,,52.88,KITH 290656Z AUTO 07004KT 10SM CLR 12/11 A3031 RMK AO2 T01160111 SLP262,,2.057776,11.600000000000001,0
ITH,2015-05-29 03:56:00,-76.4584,42.491,335.0,52.0,51.0,96.09,80.0,4.0,0.0,30.31,1026.2,10.0,,CLR,,,,,,,,,,,,,,,51.98,KITH 290756Z AUTO 08004KT 10SM CLR 11/11 A3031 RMK AO2 T01110105 SLP262,,2.057776,11.11111111111111,0
ITH,2015-05-29 04:56:00,-76.4584,42.491,335.0,51.0,50.0,96.71,90.0,3.0,0.0,30.31,1026.3,10.0,,CLR,,,,,,,,,,,,,,,50.9,KITH 290856Z AUTO 09003KT 10SM CLR 11/10 A3031 RMK AO2 55002 T01050100 SLP263,,1.543332,10.555555555555555,0
ITH,2015-05-29 05:56:00,-76.4584,42.491,335.0,51.0,50.0,96.71,0.0,0.0,0.0,30.32,1026.6,10.0,,CLR,,,,,,,,,,,,,,,50.9,KITH 290956Z AUTO 00000KT 10SM CLR 11/10 A3032 RMK AO2 T01050100 SLP266,,0.0,10.555555555555555,0
ITH,2015-05-29 06:56:00,-76.4584,42.491,335.0,54.0,51.0,89.35,90.0,3.0,0.0,30.33,1027.0,10.0,,CLR,,,,,,,,VCFG,,,,,,,53.96,KITH 291056Z 09003KT 10SM VCFG CLR 12/11 A3033 RMK AO2 T01220105 SLP270,,1.543332,12.222222222222221,0
ITH,2015-05-29 07:56:00,-76.4584,42.491,335.0,60.0,54.0,80.7,90.0,4.0,0.0,30.33,1026.8,10.0,,CLR,,,,,,,,VCFG,,,,,,,59.9,KITH 291156Z 09004KT 10SM VCFG CLR 16/12 A3033 RMK AO2 50007 T01550122 10150 20100 SLP268,,2.057776,15.555555555555555,0
ITH,2015-05-29 08:56:00,-76.4584,42.491,335.0,65.84,56.0,70.38,140.0,5.0,0.0,30.32,1026.6,10.0,,CLR,,,,,,,,,,,,,,,65.84,KITH 291256Z 14005KT 10SM CLR 19/13 A3032 RMK AO2 T01880133 SLP266,,2.57222,18.8,0
ITH,2015-05-29 09:56:00,-76.4584,42.491,335.0,70.0,52.88,54.58,160.0,9.0,0.0,30.31,1026.3,10.0,,CLR,,,,,,,,,,,,,,,69.98,KITH 291356Z 16009KT 10SM CLR 21/12 A3031 RMK AO2 T02110116 SLP263,,4.629996,21.11111111111111,0
ITH,2015-05-29 10:56:00,-76.4584,42.491,335.0,72.86,52.88,49.49,150.0,7.0,0.0,30.3,1025.8,10.0,,CLR,,,,,,,,,,,,,,,72.86,KITH 291456Z 15007KT 10SM CLR 23/12 A3030 RMK AO2 58010 T02270116 SLP258,,3.601108,22.700000000000003,0
ITH,2015-05-29 11:56:00,-76.4584,42.491,335.0,76.0,51.0,41.52,,5.0,0.0,30.29,1025.4,10.0,,CLR,,,,,,,,,,,,,,,75.92,KITH 291556Z VRB05KT 10SM CLR 24/11 A3029 RMK AO2 T02440105 SLP254,,2.57222,24.444444444444443,0
ITH,2015-05-29 12:56:00,-76.4584,42.491,335.0,77.0,54.0,44.84,210.0,8.0,0.0,30.28,1024.9,10.0,,CLR,,,,,,,,,,,,,,,77.0,KITH 291656Z 21008KT 10SM CLR 25/12 A3028 RMK AO2 T02500122 SLP249,,4.115552,25.0,0
ITH,2015-05-29 13:56:00,-76.4584,42.491,335.0,79.88,54.86,42.14,220.0,8.0,0.0,30.26,1024.3,10.0,,CLR,,,,,,,,,,,,,,,79.88,KITH 291756Z 22008KT 10SM CLR 27/13 A3026 RMK AO2 58012 T02660127 10266 20155 SLP243,,4.115552,26.599999999999998,0
ITH,2015-05-29 14:56:00,-76.4584,42.491,335.0,81.0,54.86,40.67,190.0,4.0,0.0,30.24,1023.7,10.0,,CLR,,,,,,,,,,,,,,,80.69,KITH 291856Z 19004KT 10SM CLR 27/13 A3024 RMK AO2 T02720127 SLP237,,2.057776,27.22222222222222,0
ITH,2015-05-29 15:56:00,-76.4584,42.491,335.0,81.86,54.0,38.22,,4.0,0.0,30.22,1023.1,10.0,,CLR,,,,,,,,,,,,,,,81.86,KITH 291956Z VRB04KT 10SM CLR 28/12 A3022 RMK AO2 T02770122 SLP231,,2.057776,27.700000000000003,0
ITH,2015-05-29 16:56:00,-76.4584,42.491,335.0,81.86,56.0,41.08,160.0,7.0,0.0,30.2,1022.4,10.0,,CLR,,,,,,,,,,,,,,,81.46,KITH 292056Z 16007KT 10SM CLR 28/13 A3020 RMK AO2 58019 T02770133 SLP224,,3.601108,27.700000000000003,0
ITH,2015-05-29 17:56:00,-76.4584,42.491,335.0,81.86,58.0,44.12,170.0,6.0,0.0,30.18,1021.7,10.0,,CLR,,,,,,,,,,,,,,,81.82,KITH 292156Z 17006KT 10SM CLR 28/14 A3018 RMK AO2 T02770144 SLP217,,3.086664,27.700000000000003,0
ITH,2015-05-29 18:56:00,-76.4584,42.491,335.0,79.88,56.84,45.27,160.0,11.0,0.0,30.15,1020.7,10.0,,CLR,,,,,,,,,,,,,,,79.88,KITH 292256Z 16011KT 10SM CLR 27/14 A3015 RMK AO2 T02660138 SLP207,,5.6588840000000005,26.599999999999998,0
ITH,2015-05-29 19:56:00,-76.4584,42.491,335.0,76.0,58.0,53.65,150.0,7.0,0.0,30.16,1020.8,10.0,,CLR,,,,,,,,,,,,,,,75.92,KITH 292356Z 15007KT 10SM CLR 24/14 A3016 RMK AO2 55015 T02440144 10277 20244 SLP208,,3.601108,24.444444444444443,0
ITH,2015-05-29 20:56:00,-76.4584,42.491,335.0,72.0,58.0,61.28,160.0,6.0,0.0,30.16,1020.8,10.0,,CLR,,,,,,,,,,,,,,,71.96,KITH 300056Z 16006KT 10SM CLR 22/14 A3016 RMK AO2 T02220144 SLP208,,3.086664,22.22222222222222,0
ITH,2015-05-29 21:56:00,-76.4584,42.491,335.0,72.86,59.0,61.79,170.0,7.0,0.0,30.17,1021.0,10.0,,CLR,,,,,,,,,,,,,,,72.86,KITH 300156Z 17007KT 10SM CLR 23/15 A3017 RMK AO2 T02270150 SLP210,,3.601108,22.700000000000003,0
ITH,2015-05-29 22:56:00,-76.4584,42.491,335.0,70.88,60.0,68.23,160.0,6.0,0.0,30.16,1020.8,10.0,,CLR,,,,,,,,,,,,,,,70.88,KITH 300256Z AUTO 16006KT 10SM CLR 22/16 A3016 RMK AO2 50001 T02160155 SLP208,,3.086664,21.599999999999998,0
ITH,2015-05-29 23:56:00,-76.4584,42.491,335.0,70.88,60.0,68.23,160.0,6.0,0.0,30.15,1020.4,10.0,,CLR,,,,,,,,,,,,,,,70.88,KITH 300356Z AUTO 16006KT 10SM CLR 22/16 A3015 RMK AO2 T02160155 402770100 SLP204,,3.086664,21.599999999999998,0
ITH,2015-05-30 00:56:00,-76.4584,42.491,335.0,72.0,60.0,65.78,160.0,10.0,0.0,30.13,1019.7,10.0,,CLR,,,,,,,,,,,,,,,71.96,KITH 300456Z AUTO 16010KT 10SM CLR 22/16 A3013 RMK AO2 T02220155 SLP197,,5.14444,22.22222222222222,0
ITH,2015-05-30 01:56:00,-76.4584,42.491,335.0,70.88,61.0,70.9,170.0,8.0,0.0,30.13,1019.5,10.0,,CLR,,,,,,,,,,,,,,,70.88,KITH 300556Z AUTO 17008KT 10SM CLR 22/16 A3013 RMK AO2 56010 T02160161 10244 20216 SLP195,,4.115552,21.599999999999998,0
ITH,2015-05-30 02:56:00,-76.4584,42.491,335.0,70.0,61.88,75.48,170.0,8.0,0.0,30.12,1019.2,10.0,,CLR,,,,,,,,,,,,,,,69.98,KITH 300656Z AUTO 17008KT 10SM CLR 21/17 A3012 RMK AO2 T02110166 SLP192,,4.115552,21.11111111111111,0
ITH,2015-05-30 03:56:00,-76.4584,42.491,335.0,70.0,63.0,78.41,170.0,7.0,0.0,30.11,1019.0,10.0,,OVC,,,,11000.0,,,,,,,,,,,69.98,KITH 300756Z AUTO 17007KT 10SM OVC110 21/17 A3011 RMK AO2 T02110172 SLP190,,3.601108,21.11111111111111,8
ITH,2015-05-30 04:56:00,-76.4584,42.491,335.0,70.0,63.86,80.92,170.0,9.0,0.0,30.11,1018.8,10.0,,OVC,,,,11000.0,,,,,,,,,,,69.98,KITH 300856Z AUTO 17009KT 10SM OVC110 21/18 A3011 RMK AO2 56007 T02110177 SLP188,,4.629996,21.11111111111111,8
ITH,2015-05-30 05:56:00,-76.4584,42.491,335.0,70.0,63.86,80.92,170.0,7.0,0.0,30.12,1019.2,10.0,,OVC,,,,10000.0,,,,,,,,,,,69.98,KITH 300956Z AUTO 17007KT 10SM OVC100 21/18 A3012 RMK AO2 T02110177 SLP192,,3.601108,21.11111111111111,8
ITH,2015-05-30 06:27:00,-76.4584,42.491,335.0,69.8,64.4,82.98,160.0,6.0,0.0,30.12,,10.0,,OVC,,,,11000.0,,,,,,,,,,,69.8,KITH 301027Z 16006KT 10SM OVC110 21/18 A3012 RMK AO2,,3.086664,21.0,8
ITH,2015-05-30 06:56:00,-76.4584,42.491,335.0,70.88,65.0,81.5,160.0,8.0,0.0,30.13,1019.4,10.0,,OVC,,,,11000.0,,,,,,,,,,,70.88,KITH 301056Z 16008KT 10SM OVC110 22/18 A3013 RMK AO2 T02160183 SLP194,,4.115552,21.599999999999998,8
ITH,2015-05-30 07:56:00,-76.4584,42.491,335.0,70.88,65.0,81.5,160.0,9.0,0.0,30.13,1019.5,10.0,,OVC,,,,11000.0,,,,,,,,,,,70.88,KITH 301156Z 16009KT 10SM OVC110 22/18 A3013 RMK AO2 51006 T02160183 10216 20211 SLP195,,4.629996,21.599999999999998,8
ITH,2015-05-30 08:56:00,-76.4584,42.491,335.0,74.0,65.84,75.83,190.0,8.0,0.0,30.12,1019.2,10.0,17.0,CLR,,,,,,,,,,,,,,,73.94,KITH 301256Z 19008G17KT 10SM CLR 23/19 A3012 RMK AO2 T02330188 SLP192,,4.115552,23.333333333333332,0
ITH,2015-05-30 09:56:00,-76.4584,42.491,335.0,77.0,65.84,68.47,200.0,9.0,0.0,30.11,1019.0,10.0,,SCT,,,,2000.0,,,,,,,,,,,77.0,KITH 301356Z 20009KT 10SM SCT020 25/19 A3011 RMK AO2 T02500188 SLP190,,4.629996,25.0,4
ITH,2015-05-30 10:56:00,-76.4584,42.491,335.0,78.0,65.84,66.46,180.0,12.0,0.0,30.11,1018.9,10.0,,SCT,,,,2500.0,,,,,,,,,,,77.9,KITH 301456Z 18012KT 10SM SCT025 26/19 A3011 RMK AO2 56007 T02550188 SLP189,,6.173328,25.555555555555557,4
ITH,2015-05-30 11:56:00,-76.4584,42.491,335.0,79.0,67.0,66.58,180.0,9.0,0.0,30.1,1018.7,10.0,,SCT,,,,2700.0,,,,,,,,,,,81.14,KITH 301556Z 18009KT 10SM SCT027 26/19 A3010 RMK AO2 T02610194 SLP187,,4.629996,26.11111111111111,4
ITH,2015-05-30 12:56:00,-76.4584,42.491,335.0,81.0,68.0,64.77,160.0,9.0,0.0,30.08,1017.9,10.0,,SCT,,,,4000.0,,,,,,,,,,,83.72,KITH 301656Z 16009KT 10SM SCT040 27/20 A3008 RMK AO2 T02720200 SLP179,,4.629996,27.22222222222222,4
ITH,2015-05-30 13:56:00,-76.4584,42.491,335.0,81.86,68.0,62.9,200.0,7.0,0.0,30.05,1016.9,10.0,,FEW,,,,4500.0,,,,,,,,,,,84.76,KITH 301756Z 20007KT 10SM FEW045 28/20 A3005 RMK AO2 58018 T02770200 10277 20216 SLP169,,3.601108,27.700000000000003,2
ITH,2015-05-30 14:34:00,-76.4584,42.491,335.0,80.6,68.0,65.54,180.0,9.0,0.0001,30.05,,10.0,,FEW,BKN,,,4700.0,6500.0,,,-TSRA,,,,,,,83.29,KITH 301834Z 18009KT 10SM -TSRA FEW047 BKN065 27/20 A3005 RMK AO2 TS W MOV SW TSB33RAB31 P0000,,4.629996,26.999999999999996,6
ITH,2015-05-30 14:36:00,-76.4584,42.491,335.0,80.6,69.8,69.71,170.0,10.0,0.01,30.05,,8.0,,FEW,BKN,,,4700.0,6500.0,,,-TSRA,,,,,,,83.9,KITH 301836Z 17010KT 8SM R32/5500VP6000FT -TSRA FEW047 BKN065 27/21 A3005 RMK AO2 TS W MOV SE TSB33RAB31 P0001,,5.14444,26.999999999999996,6
ITH,2015-05-30 14:56:00,-76.4584,42.491,335.0,76.0,70.0,81.85,0.0,0.0,0.24,30.03,1016.1,10.0,,FEW,SCT,BKN,,1800.0,3500.0,4700.0,,-TSRA,,,,,,,77.06,KITH 301856Z 00000KT 10SM -TSRA FEW018 SCT035 BKN047 24/21 A3003 RMK AO2 TS EW MOV ESE T02440211 TSB33RAB31 P0024 PRESFR SLP161,,0.0,24.444444444444443,6
ITH,2015-05-30 15:56:00,-76.4584,42.491,335.0,78.0,69.0,73.86,160.0,10.0,0.0001,30.02,1015.8,10.0,,SCT,,,,4200.0,,,,,,,,,,,77.9,KITH 301956Z 16010KT 10SM SCT042 26/21 A3002 RMK AO2 T02550205 TSE53RAE07 P0000 SLP158,,5.14444,25.555555555555557,4
ITH,2015-05-30 16:56:00,-76.4584,42.491,335.0,78.0,69.0,73.86,170.0,10.0,0.0,30.01,1015.6,10.0,,SCT,,,,11000.0,,,,,,,,,,,77.9,KITH 302056Z 17010KT 10SM SCT110 26/21 A3001 RMK AO2 56014 60024 T02550205 SLP156,,5.14444,25.555555555555557,4
ITH,2015-05-30 17:56:00,-76.4584,42.491,335.0,78.0,67.0,69.0,180.0,8.0,0.0,30.0,1015.2,10.0,,BKN,,,,11000.0,,,,,,,,,,,77.9,KITH 302156Z 18008KT 10SM BKN110 26/19 A3000 RMK AO2 T02550194 SLP152,,4.115552,25.555555555555557,6
ITH,2015-05-30 18:56:00,-76.4584,42.491,335.0,77.0,65.84,68.47,190.0,10.0,0.0,29.99,1014.8,10.0,,SCT,,,,11000.0,,,,,,,,,,,77.0,KITH 302256Z 19010KT 10SM SCT110 25/19 A2999 RMK AO2 T02500188 SLP148,,5.14444,25.0,4
ITH,2015-05-30 19:56:00,-76.4584,42.491,335.0,76.0,63.0,64.17,260.0,13.0,0.0001,30.04,1016.5,10.0,23.0,BKN,BKN,,,3500.0,6000.0,,,-TSRA,,,,,,,75.92,KITH 302356Z 26013G23KT 10SM -TSRA BKN035 BKN060 24/17 A3004 RMK AO2 FRQ LTGCGIC NW TSOHD MOV NE 53006 60024 T02440172 10288 20233 TSB52RAB53 P0000 PRESRR SLP165,,6.687772,24.444444444444443,6
ITH,2015-05-30 20:56:00,-76.4584,42.491,335.0,68.0,63.86,86.61,180.0,6.0,0.03,30.04,1016.5,5.0,,BKN,,,,7000.0,,,,-TSRA BR,,,,,,,68.0,KITH 310056Z 18006KT 5SM -TSRA BR BKN070 20/18 A3004 RMK AO2 OCNL LTGCGIC E TS E MOV NE T02000177 P0003 SLP165,,3.086664,20.0,6
ITH,2015-05-30 21:56:00,-76.4584,42.491,335.0,67.0,65.0,93.35,180.0,7.0,0.03,30.04,1016.7,10.0,,BKN,,,,7000.0,,,,,,,,,,,66.92,KITH 310156Z 18007KT 10SM BKN070 19/18 A3004 RMK AO2 T01940183 TSE52RAE56 P0003 SLP167,,3.601108,19.444444444444443,6
ITH,2015-05-30 22:56:00,-76.4584,42.491,335.0,67.0,65.0,93.35,160.0,3.0,0.01,30.03,1016.3,10.0,,SCT,BKN,,,4100.0,10000.0,,,,,,,,,,66.92,KITH 310256Z AUTO 16003KT 10SM SCT041 BKN100 19/18 A3003 RMK AO2 50001 60007 T01940183 LTG DSNT W RAB0158E00 P0001 SLP163,,1.543332,19.444444444444443,6
ITH,2015-05-30 23:56:00,-76.4584,42.491,335.0,67.0,65.0,93.35,0.0,0.0,0.0,30.03,1016.3,10.0,,SCT,SCT,BKN,,3700.0,7000.0,11000.0,,TS,,,,,,,66.92,KITH 310356Z AUTO 00000KT 10SM TS SCT037 SCT070 BKN110 19/18 A3003 RMK AO2 T01940183 402880194 TSB47 SLP163,,0.0,19.444444444444443,6
ITH,2015-05-31 00:17:00,-76.4584,42.491,335.0,66.2,64.4,93.92,0.0,0.0,0.0,30.03,,10.0,,FEW,BKN,OVC,,3600.0,4200.0,12000.0,,,,,,,,,66.2,KITH 310417Z AUTO 00000KT 10SM FEW036 BKN042 OVC120 19/18 A3003 RMK AO2 BKN V SCT TSE11,,0.0,19.0,8
ITH,2015-05-31 00:56:00,-76.4584,42.491,335.0,67.0,65.0,93.35,140.0,3.0,0.0,30.03,1016.0,10.0,,FEW,BKN,OVC,,2400.0,3400.0,8000.0,,,,,,,,,66.92,KITH 310456Z AUTO 14003KT 10SM FEW024 BKN034 OVC080 19/18 A3003 RMK AO2 T01940183 BKN V OVC TSE11 SLP160,,1.543332,19.444444444444443,8
ITH,2015-05-31 01:56:00,-76.4584,42.491,335.0,67.0,65.0,93.35,150.0,4.0,0.0001,30.01,1015.6,10.0,,SCT,BKN,OVC,,3400.0,4500.0,9000.0,,-RA,,,,,,,66.92,KITH 310556Z AUTO 15004KT 10SM -RA SCT034 BKN045 OVC090 19/18 A3001 RMK AO2 58006 60007 T01940183 10238 20194 LTG DSNT N AND NW RAB51 P0000 SLP156,,2.057776,19.444444444444443,8
ITH,2015-05-31 02:56:00,-76.4584,42.491,335.0,65.84,65.0,96.92,0.0,0.0,0.0001,30.0,1015.2,10.0,,SCT,SCT,,,4900.0,8500.0,,,,,,,,,,65.84,KITH 310656Z AUTO 00000KT 10SM SCT049 SCT085 19/18 A3000 RMK AO2 T01880183 RAE09 P0000 SLP152,,0.0,18.8,4
ITH,2015-05-31 03:30:00,-76.4584,42.491,335.0,66.2,64.4,93.92,320.0,3.0,0.0,30.01,,10.0,,FEW,BKN,BKN,,1700.0,2500.0,8500.0,,,,,,,,,66.2,KITH 310730Z AUTO 32003KT 10SM FEW017 BKN025 BKN085 19/18 A3001 RMK AO2,,1.543332,19.0,6
ITH,2015-05-31 03:56:00,-76.4584,42.491,335.0,67.0,65.0,93.35,250.0,3.0,0.0,30.01,1015.6,10.0,,BKN,OVC,,,1500.0,2300.0,,,,,,,,,,66.92,KITH 310756Z AUTO 25003KT 10SM BKN015 OVC023 19/18 A3001 RMK AO2 T01940183 BKN V SCT SLP156,,1.543332,19.444444444444443,8
ITH,2015-05-31 04:11:00,-76.4584,42.491,335.0,66.2,64.4,93.92,290.0,11.0,0.0,30.02,,2.5,15.0,FEW,BKN,OVC,,900.0,1500.0,2100.0,,BR,,,,,,,66.2,KITH 310811Z AUTO 29011G15KT 2 1/2SM BR FEW009 BKN015 OVC021 19/18 A3002 RMK AO2,,5.6588840000000005,19.0,8
ITH,2015-05-31 04:15:00,-76.4584,42.491,335.0,66.2,64.4,93.92,300.0,15.0,0.0,30.02,,1.25,18.0,FEW,SCT,BKN,,100.0,900.0,1500.0,,BR,,,,,,,66.2,KITH 310815Z AUTO 30015G18KT 1 1/4SM R32/1400VP6000FT BR FEW001 SCT009 BKN015 19/18 A3002 RMK AO2,,7.71666,19.0,6
ITH,2015-05-31 04:18:00,-76.4584,42.491,335.0,64.4,60.8,88.09,310.0,13.0,0.0,30.02,,0.75,18.0,SCT,BKN,OVC,,100.0,900.0,2100.0,,BR,,,,,,,64.4,KITH 310818Z AUTO 31013G18KT 3/4SM R32/1000VP6000FT BR SCT001 BKN009 OVC021 18/16 A3002 RMK AO2 BKN V SCT,,6.687772,18.000000000000004,8
ITH,2015-05-31 04:23:00,-76.4584,42.491,335.0,60.8,59.0,93.79,290.0,11.0,0.0,30.02,,0.5,,BKN,BKN,OVC,,100.0,900.0,2100.0,,FG,,,,,,,60.8,KITH 310823Z AUTO 29011KT 1/2SM R32/0800V2800FT FG BKN001 BKN009 OVC021 16/15 A3002 RMK AO2 VIS 1/4V3,,5.6588840000000005,16.0,8
ITH,2015-05-31 04:29:00,-76.4584,42.491,335.0,59.0,57.2,93.74,300.0,11.0,0.0,30.02,,0.25,,BKN,BKN,OVC,,100.0,900.0,1500.0,,FG,,,,,,,59.0,KITH 310829Z AUTO 30011KT 1/4SM R32/0800V1200FT FG BKN001 BKN009 OVC015 15/14 A3002 RMK AO2 VIS 1/4V5,,5.6588840000000005,15.0,8
ITH,2015-05-31 04:40:00,-76.4584,42.491,335.0,57.2,55.4,93.69,300.0,14.0,0.0,30.03,,0.75,,OVC,,,,100.0,,,,BR,,,,,,,57.2,KITH 310840Z AUTO 30014KT 3/4SM R32/0800V1200FT BR OVC001 14/13 A3003 RMK AO2 VIS 1/4V5,,7.202216,14.000000000000002,8
ITH,2015-05-31 04:56:00,-76.4584,42.491,335.0,56.0,56.0,100.0,300.0,16.0,0.0,30.04,1016.7,,,OVC,,,,100.0,,,,,,,,,,,55.94,KITH 310856Z AUTO 30016KT R32/1000V1200FT OVC001 13/13 A3004 RMK AO2 53007 60000 T01330133 SLP167,,8.231104,13.333333333333334,8
ITH,2015-05-31 05:17:00,-76.4584,42.491,335.0,55.4,55.4,100.0,320.0,11.0,0.0001,30.06,,0.25,,OVC,,,,100.0,,,,-RA FG,,,,,,,55.4,KITH 310917Z AUTO 32011KT 1/4SM R32/1400V2200FT -RA FG OVC001 13/13 A3006 RMK AO2 RAB16 P0000 $,,5.6588840000000005,13.0,8
ITH,2015-05-31 05:21:00,-76.4584,42.491,335.0,55.4,55.4,100.0,310.0,14.0,0.0001,30.06,,0.5,,OVC,,,,100.0,,,,-RA FG,,,,,,,55.4,KITH 310921Z AUTO 31014KT 1/2SM R32/1400V2800FT -RA FG OVC001 13/13 A3006 RMK AO2 RAB16 P0000 $,,7.202216,13.0,8
ITH,2015-05-31 05:30:00,-76.4584,42.491,335.0,55.4,53.6,93.65,310.0,14.0,0.0001,30.06,,1.0,,OVC,,,,100.0,,,,-RA BR,,,,,,,55.4,KITH 310930Z AUTO 31014KT 1SM R32/2800VP6000FT -RA BR OVC001 13/12 A3006 RMK AO2 RAB16 P0000,,7.202216,13.0,8
ITH,2015-05-31 05:37:00,-76.4584,42.491,335.0,53.6,53.6,100.0,310.0,12.0,0.0001,30.07,,1.5,,OVC,,,,100.0,,,,-RA BR,,,,,,,53.6,KITH 310937Z AUTO 31012KT 1 1/2SM -RA BR OVC001 12/12 A3007 RMK AO2 RAB16 P0000,,6.173328,12.0,8
ITH,2015-05-31 05:49:00,-76.4584,42.491,335.0,53.6,53.6,100.0,300.0,14.0,0.0001,30.08,,1.0,,OVC,,,,100.0,,,,-RA BR,,,,,,,53.6,KITH 310949Z AUTO 30014KT 1SM R32/P6000FT -RA BR OVC001 12/12 A3008 RMK AO2 RAB16 P0000,,7.202216,12.0,8
ITH,2015-05-31 05:56:00,-76.4584,42.491,335.0,52.88,52.88,100.0,300.0,13.0,0.0001,30.08,1018.2,0.5,17.0,OVC,,,,100.0,,,,-RA FG,,,,,,,52.88,KITH 310956Z AUTO 30013G17KT 1/2SM R32/1600VP6000FT -RA FG OVC001 12/12 A3008 RMK AO2 T01160116 RAB16 P0000 SLP182,,6.687772,11.600000000000001,8
ITH,2015-05-31 06:04:00,-76.4584,42.491,335.0,53.6,51.8,93.6,300.0,12.0,0.0001,30.09,,0.25,,OVC,,,,100.0,,,,-RA FG,,,,,,,53.6,KITH 311004Z AUTO 30012KT 1/4SM R32/1400V2400FT -RA FG OVC001 12/11 A3009 RMK AO2 P0000,,6.173328,12.0,8
ITH,2015-05-31 06:27:00,-76.4584,42.491,335.0,51.8,51.8,100.0,300.0,13.0,0.0001,30.09,,0.12,,VV ,,,,100.0,,,,-RA FG,,,,,,,51.8,KITH 311027Z 30013KT 1/8SM R32/1600V2800FT -RA FG VV001 11/11 A3009 RMK AO2 P0000,,6.687772,10.999999999999998,-1
ITH,2015-05-31 06:56:00,-76.4584,42.491,335.0,51.0,50.0,96.71,300.0,9.0,0.01,30.1,1019.0,0.12,,VV ,,,,100.0,,,,-RA FG,,,,,,,50.9,KITH 311056Z 30009KT 1/8SM R32/1800V4500FT -RA FG VV001 11/10 A3010 RMK AO2 T01050100 P0001 SLP190,,4.629996,10.555555555555555,-1
ITH,2015-05-31 07:12:00,-76.4584,42.491,335.0,50.0,50.0,100.0,290.0,12.0,0.0001,30.11,,0.12,,VV ,,,,100.0,,,,-RA FG,,,,,,,44.91,KITH 311112Z 29012KT 1/8SM R32/0800V1000FT -RA FG VV001 10/10 A3011 RMK AO2 P0000,,6.173328,10.0,-1
ITH,2015-05-31 07:56:00,-76.4584,42.491,335.0,50.0,50.0,100.0,310.0,9.0,0.0001,30.12,1019.6,0.12,,VV ,,,,100.0,,,,-RA FG,,,,,,,45.9,KITH 311156Z 31009KT 1/8SM R32/1000FT -RA FG VV001 10/10 A3012 RMK AO2 51026 60001 70032 T01000100 10194 20100 P0000 SLP196,,4.629996,10.0,-1
ITH,2015-05-31 08:56:00,-76.4584,42.491,335.0,50.0,50.0,100.0,300.0,9.0,0.0001,30.14,1020.7,0.12,,VV ,,,,100.0,,,,-RA FG,,,,,,,45.9,KITH 311256Z 30009KT 1/8SM R32/0700V0800FT -RA FG VV001 10/10 A3014 RMK AO2 T01000100 P0000 SLP207,,4.629996,10.0,-1
ITH,2015-05-31 09:56:00,-76.4584,42.491,335.0,49.0,49.0,100.0,300.0,11.0,0.0001,30.16,1021.2,0.12,,VV ,,,,100.0,,,,-RA FG,,,,,,,43.85,KITH 311356Z 30011KT 1/8SM R32/1200V2400FT -RA FG VV001 09/09 A3016 RMK AO2 T00940094 P0000 SLP212,,5.6588840000000005,9.444444444444445,-1
ITH,2015-05-31 09:59:00,-76.4584,42.491,335.0,48.2,48.2,100.0,300.0,9.0,0.0001,30.16,,0.25,,OVC,,,,200.0,,,,-RA FG,,,,,,,43.66,KITH 311359Z 30009KT M1/4SM R32/1200V1400FT -RA FG OVC002 09/09 A3016 RMK AO2 P0000,,4.629996,9.000000000000002,8
ITH,2015-05-31 10:07:00,-76.4584,42.491,335.0,48.2,48.2,100.0,290.0,10.0,0.0001,30.16,,0.12,,VV ,,,,100.0,,,,-RA FG,,,,,,,43.28,KITH 311407Z 29010KT 1/8SM R32/1000V1400FT -RA FG VV001 09/09 A3016 RMK AO2 P0000,,5.14444,9.000000000000002,-1
ITH,2015-05-31 10:56:00,-76.4584,42.491,335.0,49.0,49.0,100.0,300.0,9.0,0.0001,30.16,1021.5,0.12,,VV ,,,,100.0,,,,-RA FG,,,,,,,44.55,KITH 311456Z 30009KT 1/8SM R32/1200V2000FT -RA FG VV001 09/09 A3016 RMK AO2 51016 60000 T00940094 P0000 SLP215,,4.629996,9.444444444444445,-1
ITH,2015-05-31 11:18:00,-76.4584,42.491,335.0,48.2,48.2,100.0,300.0,11.0,0.0001,30.17,,0.25,,VV ,,,,100.0,,,,FG,,,,,,,42.94,KITH 311518Z 30011KT 1/4SM R32/1400V4000FT FG VV001 09/09 A3017 RMK AO2 RAE14 P0000,,5.6588840000000005,9.000000000000002,-1
ITH,2015-05-31 11:33:00,-76.4584,42.491,335.0,48.2,48.2,100.0,290.0,11.0,0.0001,30.18,,0.25,,VV ,,,,100.0,,,,FG,,,,,,,42.94,KITH 311533Z 29011KT 1/4SM R32/1400V2200FT FG VV001 09/09 A3018 RMK AO2 RAE14 P0000,,5.6588840000000005,9.000000000000002,-1
ITH,2015-05-31 11:40:00,-76.4584,42.491,335.0,48.2,48.2,100.0,290.0,9.0,0.0001,30.18,,0.25,,VV ,,,,100.0,,,,FG,,,,,,,43.66,KITH 311540Z 29009KT 1/4SM R32/1800V4000FT FG VV001 09/09 A3018 RMK AO2 RAE14 P0000,,4.629996,9.000000000000002,-1
ITH,2015-05-31 11:56:00,-76.4584,42.491,335.0,49.0,49.0,100.0,300.0,10.0,0.0001,30.18,1022.1,0.12,,VV ,,,,100.0,,,,FG,,,,,,,44.19,KITH 311556Z 30010KT 1/8SM R32/1200V2400FT FG VV001 09/09 A3018 RMK AO2 T00940094 RAE14 P0000 SLP221,,5.14444,9.444444444444445,-1
ITH,2015-05-31 12:03:00,-76.4584,42.491,335.0,48.2,48.2,100.0,300.0,10.0,0.0,30.18,,0.12,,VV ,,,,100.0,,,,FG,,,,,,,43.28,KITH 311603Z 30010KT 1/8SM R32/1200V1600FT FG VV001 09/09 A3018 RMK AO2,,5.14444,9.000000000000002,-1
ITH,2015-05-31 12:24:00,-76.4584,42.491,335.0,48.2,48.2,100.0,300.0,9.0,0.0,30.18,,0.12,,VV ,,,,100.0,,,,FG,,,,,,,43.66,KITH 311624Z 30009KT 1/8SM R32/1400V2400FT FG VV001 09/09 A3018 RMK AO2,,4.629996,9.000000000000002,-1
ITH,2015-05-31 12:35:00,-76.4584,42.491,335.0,48.2,48.2,100.0,300.0,10.0,0.0,30.18,,0.12,,VV ,,,,100.0,,,,FG,,,,,,,43.28,KITH 311635Z 30010KT 1/8SM R32/1200V1800FT FG VV001 09/09 A3018 RMK AO2,,5.14444,9.000000000000002,-1
ITH,2015-05-31 12:48:00,-76.4584,42.491,335.0,48.2,48.2,100.0,300.0,9.0,0.0001,30.18,,0.12,,VV ,,,,100.0,,,,-RA FG,,,,,,,43.66,KITH 311648Z 30009KT 1/8SM R32/1200V2600FT -RA FG VV001 09/09 A3018 RMK AO2 RAB39 P0000,,4.629996,9.000000000000002,-1
ITH,2015-05-31 12:56:00,-76.4584,42.491,335.0,49.0,49.0,100.0,300.0,10.0,0.0001,30.18,1022.1,0.12,,VV ,,,,100.0,,,,-RA FG,,,,,,,44.19,KITH 311656Z 30010KT 1/8SM R32/1400V2800FT -RA FG VV001 09/09 A3018 RMK AO2 T00940094 RAB39 P0000 SLP221,,5.14444,9.444444444444445,-1
ITH,2015-05-31 13:05:00,-76.4584,42.491,335.0,48.2,48.2,100.0,290.0,10.0,0.0001,30.18,,0.12,,VV ,,,,100.0,,,,-RA FG,,,,,,,43.28,KITH 311705Z 29010KT 1/8SM R32/1200V2000FT -RA FG VV001 09/09 A3018 RMK AO2 P0000,,5.14444,9.000000000000002,-1
ITH,2015-05-31 13:19:00,-76.4584,42.491,335.0,48.2,48.2,100.0,330.0,5.0,0.01,30.16,,0.12,,VV ,,,,100.0,,,,-RA FG,,,,,,,45.63,KITH 311719Z 33005KT 1/8SM R32/1800V4500FT -RA FG VV001 09/09 A3016 RMK AO2 P0001,,2.57222,9.000000000000002,-1
ITH,2015-05-31 13:56:00,-76.4584,42.491,335.0,50.0,50.0,100.0,300.0,9.0,0.04,30.16,1021.4,0.12,,VV ,,,,100.0,,,,-RA FG,,,,,,,45.9,KITH 311756Z 30009KT 1/8SM R32/1600V2400FT -RA FG VV001 10/10 A3016 RMK AO2 50000 60004 T01000100 10105 20094 P0004 SLP214,,4.629996,10.0,-1
ITH,2015-05-31 14:19:00,-76.4584,42.491,335.0,50.0,50.0,100.0,290.0,8.0,0.0001,30.17,,0.25,,VV ,,,,200.0,,,,FG,,,,,,,46.29,KITH 311819Z 29008KT 1/4SM R32/2000VP6000FT FG VV002 10/10 A3017 RMK AO2 RAE10 P0000,,4.115552,10.0,-1
ITH,2015-05-31 14:56:00,-76.4584,42.491,335.0,51.0,51.0,100.0,290.0,6.0,0.0001,30.16,1021.5,0.25,,VV ,,,,200.0,,,,FG,,,,,,,50.9,KITH 311856Z 29006KT 1/4SM R32/3500VP6000FT FG VV002 11/11 A3016 RMK AO2 T01050105 RAE10 P0000 SLP215,,3.086664,10.555555555555555,-1
ITH,2015-05-31 15:05:00,-76.4584,42.491,335.0,51.8,51.8,100.0,300.0,11.0,0.0,30.17,,0.12,,VV ,,,,200.0,,,,FG,,,,,,,51.8,KITH 311905Z 30011KT 1/8SM R32/1400VP6000FT FG VV002 11/11 A3017 RMK AO2,,5.6588840000000005,10.999999999999998,-1
ITH,2015-05-31 15:13:00,-76.4584,42.491,335.0,50.0,48.2,93.5,310.0,9.0,0.0,30.16,,0.12,,VV ,,,,100.0,,,,FG,,,,,,,45.9,KITH 311913Z 31009KT 1/8SM R32/0800V1600FT FG VV001 10/09 A3016 RMK AO2,,4.629996,10.0,-1
ITH,2015-05-31 15:44:00,-76.4584,42.491,335.0,50.0,48.2,93.5,300.0,5.0,0.0,30.15,,0.12,,VV ,,,,100.0,,,,FG,,,,,,,47.77,KITH 311944Z 30005KT 1/8SM R32/1200V4500FT FG VV001 10/09 A3015 RMK AO2,,2.57222,10.0,-1
ITH,2015-05-31 15:56:00,-76.4584,42.491,335.0,50.0,50.0,100.0,280.0,5.0,0.0,30.15,1020.9,0.25,,VV ,,,,200.0,,,,FG,,,,,,,47.77,KITH 311956Z 28005KT 1/4SM R32/1400VP6000FT FG VV002 10/10 A3015 RMK AO2 T01000100 SLP209,,2.57222,10.0,-1
ITH,2015-05-31 16:14:00,-76.4584,42.491,335.0,50.0,50.0,100.0,300.0,8.0,0.0,30.14,,0.12,,VV ,,,,200.0,,,,FG,,,,,,,46.29,KITH 312014Z 30008KT 1/8SM R32/1200V1800FT FG VV002 10/10 A3014 RMK AO2,,4.115552,10.0,-1
ITH,2015-05-31 16:26:00,-76.4584,42.491,335.0,50.0,48.2,93.5,300.0,4.0,0.0,30.14,,0.25,,VV ,,,,200.0,,,,FG,,,,,,,48.44,KITH 312026Z 30004KT 1/4SM R32/1800V3500FT FG VV002 10/09 A3014 RMK AO2,,2.057776,10.0,-1
ITH,2015-05-31 16:38:00,-76.4584,42.491,335.0,50.0,50.0,100.0,270.0,5.0,0.0,30.14,,0.75,,VV ,,,,200.0,,,,BR,,,,,,,47.77,KITH 312038Z 27005KT 3/4SM R32/5500VP6000FT BR VV002 10/10 A3014 RMK AO2,,2.57222,10.0,-1
ITH,2015-05-31 16:56:00,-76.4584,42.491,335.0,51.0,51.0,100.0,270.0,3.0,0.0,30.14,1020.9,1.5,,VV ,,,,300.0,,,,BR,,,,,,,50.9,KITH 312056Z 27003KT 1 1/2SM BR VV003 11/11 A3014 RMK AO2 58007 60000 T01050105 SLP209,,1.543332,10.555555555555555,-1
ITH,2015-05-31 17:56:00,-76.4584,42.491,335.0,51.0,51.0,100.0,310.0,5.0,0.0,30.12,1020.3,2.0,,OVC,,,,300.0,,,,BR,,,,,,,50.9,KITH 312156Z 31005KT 2SM BR OVC003 11/11 A3012 RMK AO2 T01050105 SLP203,,2.57222,10.555555555555555,8
ITH,2015-05-31 18:56:00,-76.4584,42.491,335.0,51.0,50.0,96.71,300.0,6.0,0.0,30.12,1020.2,2.0,,OVC,,,,300.0,,,,BR,,,,,,,50.9,KITH 312256Z 30006KT 2SM BR OVC003 11/10 A3012 RMK AO2 T01050100 SLP202,,3.086664,10.555555555555555,8
ITH,2015-05-31 19:47:00,-76.4584,42.491,335.0,51.8,51.8,100.0,280.0,4.0,0.0001,30.11,,0.25,,VV ,,,,100.0,,,,-RA FG,,,,,,,51.8,KITH 312347Z 28004KT 1/4SM R32/2800VP6000FT -RA FG VV001 11/11 A3011 RMK AO2 RAB01 P0000,,2.057776,10.999999999999998,-1
ITH,2015-05-31 19:56:00,-76.4584,42.491,335.0,51.0,51.0,100.0,310.0,4.0,0.0001,30.11,1019.8,0.12,,VV ,,,,100.0,,,,-RA FG,,,,,,,50.9,KITH 312356Z 31004KT 1/8SM R32/1400V5000FT -RA FG VV001 11/11 A3011 RMK AO2 56010 60000 T01050105 10111 20094 RAB01 P0000 SLP198,,2.057776,10.555555555555555,-1
ITH,2015-05-31 20:08:00,-76.4584,42.491,335.0,51.8,50.0,93.55,300.0,6.0,0.0001,30.11,,0.12,,VV ,,,,100.0,,,,FG,,,,,,,51.8,KITH 010008Z 30006KT 1/8SM R32/1000V1400FT FG VV001 11/10 A3011 RMK AO2 RAE07 P0000,,3.086664,10.999999999999998,-1
ITH,2015-05-31 20:56:00,-76.4584,42.491,335.0,51.0,51.0,100.0,240.0,4.0,0.01,30.1,1019.5,0.12,,VV ,,,,100.0,,,,-SHRA FG,,,,,,,50.9,KITH 010056Z 24004KT 1/8SM R32/1200V2200FT -SHRA FG VV001 11/11 A3010 RMK AO2 T01050105 RAE12B48E49SHRAB49 P0001 SLP195,,2.057776,10.555555555555555,-1
ITH,2015-05-31 21:04:00,-76.4584,42.491,335.0,51.8,51.8,100.0,280.0,3.0,0.0001,30.1,,0.25,,VV ,,,,200.0,,,,-RA FG,,,,,,,51.8,KITH 010104Z 28003KT 1/4SM R32/1600V2400FT -RA FG VV002 11/11 A3010 RMK AO2 RAB0058SHRAE0058 P0000,,1.543332,10.999999999999998,-1
ITH,2015-05-31 21:17:00,-76.4584,42.491,335.0,51.8,51.8,100.0,0.0,0.0,0.0001,30.09,,0.25,,VV ,,,,200.0,,,,-RA FG,,,,,,,51.8,KITH 010117Z 00000KT 1/4SM R32/1600V2000FT -RA FG VV002 11/11 A3009 RMK AO2 RAB0058SHRAE0058 P0000,,0.0,10.999999999999998,-1
ITH,2015-05-31 21:26:00,-76.4584,42.491,335.0,51.8,51.8,100.0,280.0,3.0,0.01,30.1,,0.25,,VV ,,,,200.0,,,,-RA FG,,,,,,,51.8,KITH 010126Z 28003KT 1/4SM R32/2000V3000FT -RA FG VV002 11/11 A3010 RMK AO2 RAB0058SHRAE0058 P0001,,1.543332,10.999999999999998,-1
ITH,2015-05-31 21:37:00,-76.4584,42.491,335.0,51.8,51.8,100.0,310.0,7.0,0.01,30.1,,0.12,,VV ,,,,100.0,,,,-RA FG,,,,,,,51.8,KITH 010137Z 31007KT 1/8SM R32/1000V2000FT -RA FG VV001 11/11 A3010 RMK AO2 RAB0058SHRAE0058 P0001 $,,3.601108,10.999999999999998,-1
ITH,2015-05-31 21:56:00,-76.4584,42.491,335.0,50.0,50.0,100.0,320.0,6.0,0.01,30.1,1019.8,0.12,,VV ,,,,100.0,,,,-RA FG,,,,,,,47.21,KITH 010156Z 32006KT 1/8SM R32/1000V1200FT -RA FG VV001 10/10 A3010 RMK AO2 T01000100 RAB0058SHRAE0058 P0001 SLP198 $,,3.086664,10.0,-1
ITH,2015-05-31 22:19:00,-76.4584,42.491,335.0,51.8,50.0,93.55,310.0,5.0,0.03,30.09,,0.5,,OVC,,,,100.0,,,,-RA FG,,,,,,,51.8,KITH 010219Z AUTO 31005KT 1/2SM R32/1200V2800FT -RA FG OVC001 11/10 A3009 RMK AO2 P0003,,2.57222,10.999999999999998,8
ITH,2015-05-31 22:31:00,-76.4584,42.491,335.0,50.0,50.0,100.0,320.0,5.0,0.04,30.09,,0.25,,OVC,,,,100.0,,,,-RA FG,,,,,,,47.77,KITH 010231Z AUTO 32005KT 1/4SM R32/1600V2200FT -RA FG OVC001 10/10 A3009 RMK AO2 LTG DSNT S P0004,,2.57222,10.0,8
ITH,2015-05-31 22:56:00,-76.4584,42.491,335.0,51.0,50.0,96.71,0.0,0.0,0.08,30.08,1019.1,1.0,,OVC,,,,100.0,,,,-RA BR,,,,,,,50.9,KITH 010256Z AUTO 00000KT 1SM R32/2400VP6000FT -RA BR OVC001 11/10 A3008 RMK AO2 58008 60010 T01050100 P0008 SLP191,,0.0,10.555555555555555,8
ITH,2015-05-31 23:07:00,-76.4584,42.491,335.0,51.8,50.0,93.55,0.0,0.0,0.03,30.08,,0.75,,SCT,BKN,OVC,,100.0,700.0,1000.0,,RA BR,,,,,,,51.8,KITH 010307Z AUTO 00000KT 3/4SM R32/P6000FT RA BR SCT001 BKN007 OVC010 11/10 A3008 RMK AO2 P0003,,0.0,10.999999999999998,8
ITH,2015-05-31 23:13:00,-76.4584,42.491,335.0,51.8,51.8,100.0,0.0,0.0,0.03,30.07,,1.25,,SCT,OVC,,,100.0,700.0,,,-RA BR,,,,,,,51.8,KITH 010313Z AUTO 00000KT 1 1/4SM -RA BR SCT001 OVC007 11/11 A3007 RMK AO2 CIG 006V011 P0003,,0.0,10.999999999999998,8
ITH,2015-05-31 23:17:00,-76.4584,42.491,335.0,51.8,50.0,93.55,0.0,0.0,0.04,30.07,,2.0,,FEW,OVC,,,100.0,700.0,,,-RA BR,,,,,,,51.8,KITH 010317Z AUTO 00000KT 2SM -RA BR FEW001 OVC007 11/10 A3007 RMK AO2 CIG 006V013 P0004,,0.0,10.999999999999998,8
ITH,2015-05-31 23:22:00,-76.4584,42.491,335.0,51.8,50.0,93.55,0.0,0.0,0.06,30.06,,3.0,,SCT,BKN,OVC,,700.0,1000.0,1300.0,,RA BR,,,,,,,51.8,KITH 010322Z AUTO 00000KT 3SM RA BR SCT007 BKN010 OVC013 11/10 A3006 RMK AO2 P0006,,0.0,10.999999999999998,8
ITH,2015-05-31 23:43:00,-76.4584,42.491,335.0,51.8,51.8,100.0,300.0,3.0,0.11,30.05,,6.0,,BKN,OVC,,,400.0,1300.0,,,-RA BR,,,,,,,51.8,KITH 010343Z AUTO 30003KT 6SM -RA BR BKN004 OVC013 11/11 A3005 RMK AO2 CIG 002V008 P0011,,1.543332,10.999999999999998,8
ITH,2015-05-31 23:56:00,-76.4584,42.491,335.0,51.0,51.0,100.0,0.0,0.0,0.12,30.04,1017.5,9.0,,BKN,OVC,,,200.0,1300.0,,,-RA,,,,,,,50.9,KITH 010356Z AUTO 00000KT 9SM -RA BKN002 OVC013 11/11 A3004 RMK AO2 T01050105 401940094 CIG 002V005 P0012 SLP175,,0.0,10.555555555555555,8
ITH,2015-06-01 00:22:00,-76.4584,42.491,335.0,53.6,51.8,93.6,100.0,3.0,0.0001,30.02,,10.0,,SCT,OVC,,,400.0,1000.0,,,-RA,,,,,,,53.6,KITH 010422Z AUTO 10003KT 10SM -RA SCT004 OVC010 12/11 A3002 RMK AO2 CIG 008V013 P0000,,1.543332,12.0,8
ITH,2015-06-01 00:42:00,-76.4584,42.491,335.0,51.8,51.8,100.0,280.0,6.0,0.0001,30.05,,1.0,20.0,SCT,OVC,,,200.0,1000.0,,,BR,,,,,,,51.8,KITH 010442Z AUTO 28006G20KT 1SM R32/1000VP6000FT BR SCT002 OVC010 11/11 A3005 RMK AO2 RAE36 P0000,,3.086664,10.999999999999998,8
ITH,2015-06-01 00:49:00,-76.4584,42.491,335.0,51.8,51.8,100.0,240.0,4.0,0.0001,30.06,,,,BKN,OVC,,,200.0,1000.0,,,,,,,,,,51.8,KITH 010449Z AUTO 24004KT R32/1000V1600FT BKN002 OVC010 11/11 A3006 RMK AO2 CIG 001V006 RAE36 P0000,,2.057776,10.999999999999998,8
ITH,2015-06-01 00:56:00,-76.4584,42.491,335.0,51.0,51.0,100.0,270.0,3.0,0.0001,30.06,1018.3,0.5,,BKN,OVC,,,200.0,1000.0,,,FG,,,,,,,50.9,KITH 010456Z AUTO 27003KT 1/2SM R32/1400V2400FT FG BKN002 OVC010 11/11 A3006 RMK AO2 T01050105 BKN V OVC RAE36 P0000 SLP183,,1.543332,10.555555555555555,8
ITH,2015-06-01 01:01:00,-76.4584,42.491,335.0,51.8,51.8,100.0,280.0,3.0,0.0,30.06,,1.0,,OVC,,,,200.0,,,,BR,,,,,,,51.8,KITH 010501Z AUTO 28003KT 1SM R32/1800VP6000FT BR OVC002 11/11 A3006 RMK AO2,,1.543332,10.999999999999998,8
ITH,2015-06-01 01:05:00,-76.4584,42.491,335.0,51.8,51.8,100.0,290.0,3.0,0.0,30.06,,1.5,,OVC,,,,200.0,,,,BR,,,,,,,51.8,KITH 010505Z AUTO 29003KT 1 1/2SM BR OVC002 11/11 A3006 RMK AO2,,1.543332,10.999999999999998,8
ITH,2015-06-01 01:08:00,-76.4584,42.491,335.0,51.8,51.8,100.0,0.0,0.0,0.0,30.06,,3.0,,OVC,,,,200.0,,,,BR,,,,,,,51.8,KITH 010508Z AUTO 00000KT 3SM BR OVC002 11/11 A3006 RMK AO2 CIG 001V006,,0.0,10.999999999999998,8
ITH,2015-06-01 01:56:00,-76.4584,42.491,335.0,50.0,50.0,100.0,310.0,7.0,0.0001,30.06,1018.4,4.0,,OVC,,,,200.0,,,,-RA BR,,,,,,,46.72,KITH 010556Z AUTO 31007KT 4SM -RA BR OVC002 10/10 A3006 RMK AO2 55007 60022 T01000100 10116 20100 RAB46 P0000 SLP184,,3.601108,10.0,8
ITH,2015-06-01 02:29:00,-76.4584,42.491,335.0,48.2,48.2,100.0,0.0,0.0,0.0001,30.06,,1.75,,OVC,,,,200.0,,,,BR,,,,,,,48.2,KITH 010629Z AUTO 00000KT 1 3/4SM BR OVC002 09/09 A3006 RMK AO2 VIS 1V3 RAE16 P0000,,0.0,9.000000000000002,8
ITH,2015-06-01 02:39:00,-76.4584,42.491,335.0,48.2,48.2,100.0,0.0,0.0,0.0001,30.06,,1.25,,OVC,,,,200.0,,,,BR,,,,,,,48.2,KITH 010639Z AUTO 00000KT 1 1/4SM BR OVC002 09/09 A3006 RMK AO2 RAE16 P0000,,0.0,9.000000000000002,8
ITH,2015-06-01 02:44:00,-76.4584,42.491,335.0,48.2,48.2,100.0,300.0,4.0,0.0001,30.06,,0.75,,OVC,,,,200.0,,,,BR,,,,,,,46.34,KITH 010644Z AUTO 30004KT 3/4SM R32/4500VP6000FT BR OVC002 09/09 A3006 RMK AO2 RAE16 P0000,,2.057776,9.000000000000002,8
ITH,2015-06-01 02:56:00,-76.4584,42.491,335.0,49.0,49.0,100.0,300.0,3.0,0.0001,30.06,1018.3,0.5,,OVC,,,,200.0,,,,FG,,,,,,,48.03,KITH 010656Z AUTO 30003KT 1/2SM R32/3500V5500FT FG OVC002 09/09 A3006 RMK AO2 T00940094 RAE16 P0000 SLP183,,1.543332,9.444444444444445,8
ITH,2015-06-01 03:56:00,-76.4584,42.491,335.0,50.0,50.0,100.0,300.0,6.0,0.0,30.06,1018.3,0.5,,OVC,,,,200.0,,,,FG,,,,,,,47.21,KITH 010756Z AUTO 30006KT 1/2SM R32/2400V2800FT FG OVC002 10/10 A3006 RMK AO2 T01000100 SLP183,,3.086664,10.0,8
ITH,2015-06-01 04:08:00,-76.4584,42.491,335.0,50.0,48.2,93.5,300.0,6.0,0.0,30.06,,0.25,,OVC,,,,200.0,,,,FG,,,,,,,47.21,KITH 010808Z AUTO 30006KT 1/4SM R32/2000V2600FT FG OVC002 10/09 A3006 RMK AO2,,3.086664,10.0,8
ITH,2015-06-01 04:19:00,-76.4584,42.491,335.0,48.2,48.2,100.0,310.0,7.0,0.0,30.06,,0.5,,OVC,,,,200.0,,,,FG,,,,,,,44.53,KITH 010819Z AUTO 31007KT 1/2SM R32/2200V3500FT FG OVC002 09/09 A3006 RMK AO2,,3.601108,9.000000000000002,8
ITH,2015-06-01 04:56:00,-76.4584,42.491,335.0,49.0,49.0,100.0,300.0,7.0,0.0001,30.05,1018.1,0.25,,OVC,,,,200.0,,,,FG,,,,,,,45.4,KITH 010856Z AUTO 30007KT 1/4SM R32/2000V3500FT FG OVC002 09/09 A3005 RMK AO2 58003 60000 T00940094 RAB25E46 P0000 SLP181,,3.601108,9.444444444444445,8
ITH,2015-06-01 05:19:00,-76.4584,42.491,335.0,48.2,48.2,100.0,270.0,5.0,0.03,30.07,,0.75,,OVC,,,,200.0,,,,RA BR,,,,,,,45.63,KITH 010919Z AUTO 27005KT 3/4SM R32/2200VP6000FT RA BR OVC002 09/09 A3007 RMK AO2 RAB10 P0003,,2.57222,9.000000000000002,8
ITH,2015-06-01 05:21:00,-76.4584,42.491,335.0,48.2,48.2,100.0,290.0,5.0,0.04,30.07,,1.25,,OVC,,,,200.0,,,,RA BR,,,,,,,45.63,KITH 010921Z AUTO 29005KT 1 1/4SM RA BR OVC002 09/09 A3007 RMK AO2 RAB10 P0004,,2.57222,9.000000000000002,8
ITH,2015-06-01 05:24:00,-76.4584,42.491,335.0,48.2,48.2,100.0,300.0,5.0,0.05,30.07,,2.5,,OVC,,,,200.0,,,,RA BR,,,,,,,45.63,KITH 010924Z AUTO 30005KT 2 1/2SM RA BR OVC002 09/09 A3007 RMK AO2 RAB10 P0005,,2.57222,9.000000000000002,8
ITH,2015-06-01 05:31:00,-76.4584,42.491,335.0,48.2,48.2,100.0,310.0,4.0,0.08,30.07,,4.0,,OVC,,,,200.0,,,,-RA BR,,,,,,,46.34,KITH 010931Z AUTO 31004KT 4SM -RA BR OVC002 09/09 A3007 RMK AO2 CIG 002V007 RAB10 P0008,,2.057776,9.000000000000002,8
ITH,2015-06-01 05:45:00,-76.4584,42.491,335.0,48.2,48.2,100.0,310.0,5.0,0.08,30.07,,1.5,,OVC,,,,200.0,,,,-RA BR,,,,,,,45.63,KITH 010945Z AUTO 31005KT 1 1/2SM -RA BR OVC002 09/09 A3007 RMK AO2 CIG 002V007 RAB10 P0008,,2.57222,9.000000000000002,8
ITH,2015-06-01 05:47:00,-76.4584,42.491,335.0,48.2,48.2,100.0,310.0,5.0,0.08,30.07,,0.75,,BKN,OVC,,,200.0,600.0,,,-RA BR,,,,,,,45.63,KITH 010947Z AUTO 31005KT 3/4SM R32/P6000FT -RA BR BKN002 OVC006 09/09 A3007 RMK AO2 BKN V OVC RAB10 P0008,,2.57222,9.000000000000002,8
ITH,2015-06-01 05:56:00,-76.4584,42.491,335.0,49.0,49.0,100.0,310.0,5.0,0.08,30.07,1018.7,0.25,,OVC,,,,200.0,,,,FG,,,,,,,46.49,KITH 010956Z AUTO 31005KT M1/4SM R32/2600VP6000FT FG OVC002 09/09 A3007 RMK AO2 T00940094 RAB10E50 P0008 SLP187,,2.57222,9.444444444444445,8
ITH,2015-06-01 06:18:00,-76.4584,42.491,335.0,48.2,48.2,100.0,300.0,3.0,0.0,30.08,,0.12,,VV ,,,,100.0,,,,FG,,,,,,,47.21,KITH 011018Z 30003KT 1/8SM R32/1200V1600FT FG VV001 09/09 A3008 RMK AO2,,1.543332,9.000000000000002,-1
ITH,2015-06-01 06:56:00,-76.4584,42.491,335.0,49.0,49.0,100.0,310.0,6.0,0.0,30.09,1019.3,0.12,,VV ,,,,100.0,,,,FG,,,,,,,45.91,KITH 011056Z 31006KT 1/8SM R32/1000V1600FT FG VV001 09/09 A3009 RMK AO2 T00940094 SLP193,,3.086664,9.444444444444445,-1
ITH,2015-06-01 07:07:00,-76.4584,42.491,335.0,48.2,48.2,100.0,310.0,7.0,0.0,30.09,,0.12,,VV ,,,,100.0,,,,FG,,,,,,,44.53,KITH 011107Z 31007KT 1/8SM R32/1800V2400FT FG VV001 09/09 A3009 RMK AO2,,3.601108,9.000000000000002,-1
ITH,2015-06-01 07:17:00,-76.4584,42.491,335.0,48.2,48.2,100.0,310.0,7.0,0.0001,30.09,,0.12,,VV ,,,,100.0,,,,-RA FG,,,,,,,44.53,KITH 011117Z 31007KT 1/8SM R32/1400V1600FT -RA FG VV001 09/09 A3009 RMK AO2 RAB10 P0000,,3.601108,9.000000000000002,-1
ITH,2015-06-01 07:56:00,-76.4584,42.491,335.0,50.0,49.0,96.05,310.0,4.0,0.0001,30.1,1019.5,0.25,,VV ,,,,200.0,,,,-RA FG,,,,,,,48.44,KITH 011156Z 31004KT 1/4SM R32/2400V6000FT -RA FG VV002 10/09 A3010 RMK AO2 51015 60008 70034 T01000094 10100 20094 RAB10 P0000 SLP195,,2.057776,10.0,-1
ITH,2015-06-01 08:31:00,-76.4584,42.491,335.0,48.2,48.2,100.0,290.0,8.0,0.02,30.1,,0.12,,VV ,,,,200.0,,,,-RA FG,,,,,,,44.07,KITH 011231Z 29008KT 1/8SM R32/1000FT -RA FG VV002 09/09 A3010 RMK AO2 P0002,,4.115552,9.000000000000002,-1
ITH,2015-06-01 08:56:00,-76.4584,42.491,335.0,47.84,47.84,100.0,300.0,7.0,0.03,30.11,1020.1,0.12,,VV ,,,,200.0,,,,-RA FG,,,,,,,44.09,KITH 011256Z 30007KT 1/8SM R32/1400V2000FT -RA FG VV002 09/09 A3011 RMK AO2 T00880088 P0003 SLP201,,3.601108,8.800000000000002,-1
ITH,2015-06-01 09:06:00,-76.4584,42.491,335.0,48.2,48.2,100.0,300.0,6.0,0.0001,30.11,,0.12,,VV ,,,,200.0,,,,-RA FG,,,,,,,45.04,KITH 011306Z 30006KT 1/8SM R32/1400V3000FT -RA FG VV002 09/09 A3011 RMK AO2 P0000,,3.086664,9.000000000000002,-1
ITH,2015-06-01 09:56:00,-76.4584,42.491,335.0,49.0,49.0,100.0,290.0,6.0,0.0001,30.12,1020.2,0.12,,VV ,,,,200.0,,,,FG,,,,,,,45.91,KITH 011356Z 29006KT 1/8SM R32/1400V3000FT FG VV002 09/09 A3012 RMK AO2 T00940094 RAE51 P0000 SLP202,,3.086664,9.444444444444445,-1
ITH,2015-06-01 10:56:00,-76.4584,42.491,335.0,50.0,50.0,100.0,300.0,6.0,0.0,30.12,1020.3,0.25,,VV ,,,,200.0,,,,FG,,,,,,,47.21,KITH 011456Z 30006KT 1/4SM R32/2200V6000FT FG VV002 10/10 A3012 RMK AO2 51007 60003 T01000100 SLP203,,3.086664,10.0,-1
ITH,2015-06-01 11:27:00,-76.4584,42.491,335.0,50.0,50.0,100.0,300.0,5.0,0.0,30.13,,1.25,,VV ,,,,200.0,,,,BR,,,,,,,47.77,KITH 011527Z 30005KT 1 1/4SM BR VV002 10/10 A3013 RMK AO2,,2.57222,10.0,-1
ITH,2015-06-01 11:56:00,-76.4584,42.491,335.0,51.0,51.0,100.0,300.0,5.0,0.0,30.13,1020.5,2.0,,OVC,,,,200.0,,,,BR,,,,,,,50.9,KITH 011556Z 30005KT 2SM BR OVC002 11/11 A3013 RMK AO2 T01050105 SLP205,,2.57222,10.555555555555555,8
ITH,2015-06-01 12:56:00,-76.4584,42.491,335.0,52.0,52.0,100.0,300.0,6.0,0.0001,30.14,1020.8,6.0,,OVC,,,,500.0,,,,BR,,,,,,,51.98,KITH 011656Z 30006KT 6SM BR OVC005 11/11 A3014 RMK AO2 T01110111 RAB02E28 P0000 SLP208,,3.086664,11.11111111111111,8
ITH,2015-06-01 13:24:00,-76.4584,42.491,335.0,51.8,51.8,100.0,300.0,7.0,0.0001,30.13,,2.0,,OVC,,,,500.0,,,,-RA BR,,,,,,,51.8,KITH 011724Z 30007KT 2SM -RA BR OVC005 11/11 A3013 RMK AO2 RAB19 P0000,,3.601108,10.999999999999998,8
ITH,2015-06-01 13:56:00,-76.4584,42.491,335.0,52.88,52.88,100.0,290.0,7.0,0.0001,30.13,1020.6,1.5,,OVC,,,,200.0,,,,BR,,,,,,,52.88,KITH 011756Z 29007KT 1 1/2SM BR OVC002 12/12 A3013 RMK AO2 50003 60003 T01160116 10116 20088 RAB19E54 P0000 SLP206,,3.601108,11.600000000000001,8
ITH,2015-06-01 14:56:00,-76.4584,42.491,335.0,52.88,52.88,100.0,290.0,9.0,0.0001,30.13,1020.5,1.5,,OVC,,,,200.0,,,,BR,,,,,,,52.88,KITH 011856Z 29009KT 1 1/2SM BR OVC002 12/12 A3013 RMK AO2 T01160116 RAB13E52 P0000 SLP205,,4.629996,11.600000000000001,8
ITH,2015-06-01 15:56:00,-76.4584,42.491,335.0,52.88,52.88,100.0,290.0,9.0,0.01,30.12,1020.4,1.0,,OVC,,,,200.0,,,,BR,,,,,,,52.88,KITH 011956Z 29009KT 1SM R32/5000VP6000FT BR OVC002 12/12 A3012 RMK AO2 T01160116 P0001 SLP204,,4.629996,11.600000000000001,8
ITH,2015-06-01 16:56:00,-76.4584,42.491,335.0,52.88,52.88,100.0,300.0,7.0,0.0001,30.12,1020.4,1.0,,OVC,,,,200.0,,,,BR,,,,,,,52.88,KITH 012056Z 30007KT 1SM R32/5500VP6000FT BR OVC002 12/12 A3012 RMK AO2 55002 60001 T01160116 RAB04E52 P0000 SLP204,,3.601108,11.600000000000001,8
ITH,2015-06-01 17:56:00,-76.4584,42.491,335.0,54.0,54.0,100.0,300.0,6.0,0.01,30.13,1020.5,1.0,,BKN,OVC,,,200.0,2000.0,,,BR,,,,,,,53.96,KITH 012156Z 30006KT 1SM R32/P6000FT BR BKN002 OVC020 12/12 A3013 RMK AO2 T01220122 RAB33E54 P0001 SLP205,,3.086664,12.222222222222221,8
ITH,2015-06-01 18:27:00,-76.4584,42.491,335.0,53.6,53.6,100.0,300.0,8.0,0.0,30.13,,0.25,,VV ,,,,200.0,,,,FG,,,,,,,53.6,KITH 012227Z 30008KT 1/4SM R32/5500VP6000FT FG VV002 12/12 A3013 RMK AO2,,4.115552,12.0,-1
ITH,2015-06-01 18:56:00,-76.4584,42.491,335.0,52.88,52.88,100.0,310.0,6.0,0.0,30.13,1020.7,1.0,,OVC,,,,200.0,,,,BR,,,,,,,52.88,KITH 012256Z 31006KT 1SM R32/4500VP6000FT BR OVC002 12/12 A3013 RMK AO2 T01160116 SLP207,,3.086664,11.600000000000001,8
ITH,2015-06-01 19:17:00,-76.4584,42.491,335.0,53.6,53.6,100.0,290.0,7.0,0.0,30.14,,0.25,,VV ,,,,200.0,,,,FG,,,,,,,53.6,KITH 012317Z 29007KT 1/4SM R32/2000VP6000FT FG VV002 12/12 A3014 RMK AO2,,3.601108,12.0,-1
ITH,2015-06-01 19:34:00,-76.4584,42.491,335.0,53.6,51.8,93.6,300.0,7.0,0.0,30.14,,0.12,,VV ,,,,100.0,,,,FG,,,,,,,53.6,KITH 012334Z 30007KT 1/8SM R32/1400V2000FT FG VV001 12/11 A3014 RMK AO2,,3.601108,12.0,-1
ITH,2015-06-01 19:56:00,-76.4584,42.491,335.0,52.0,52.0,100.0,300.0,6.0,0.0,30.15,1021.2,0.12,,VV ,,,,100.0,,,,FG,,,,,,,51.98,KITH 012356Z 30006KT 1/8SM R32/1200V1800FT FG VV001 11/11 A3015 RMK AO2 53007 60002 T01110111 10122 20111 SLP212,,3.086664,11.11111111111111,-1
ITH,2015-06-01 20:39:00,-76.4584,42.491,335.0,51.8,51.8,100.0,310.0,5.0,0.0,30.14,,0.12,,VV ,,,,100.0,,,,FG,,,,,,,51.8,KITH 020039Z 31005KT 1/8SM R32/1800V5000FT FG VV001 11/11 A3014 RMK AO2,,2.57222,10.999999999999998,-1
ITH,2015-06-01 20:56:00,-76.4584,42.491,335.0,52.0,52.0,100.0,300.0,5.0,0.0,30.15,1021.3,0.75,,VV ,,,,200.0,,,,BR,,,,,,,51.98,KITH 020056Z 30005KT 3/4SM R32/5000VP6000FT BR VV002 11/11 A3015 RMK AO2 T01110111 SLP213,,2.57222,11.11111111111111,-1
ITH,2015-06-01 21:40:00,-76.4584,42.491,335.0,51.8,51.8,100.0,290.0,6.0,0.0,30.16,,0.5,,VV ,,,,200.0,,,,FG,,,,,,,51.8,KITH 020140Z 29006KT 1/2SM R32/3000VP6000FT FG VV002 11/11 A3016 RMK AO2,,3.086664,10.999999999999998,-1
ITH,2015-06-01 21:56:00,-76.4584,42.491,335.0,52.0,52.0,100.0,300.0,6.0,0.0,30.16,1021.6,0.25,,VV ,,,,200.0,,,,FG,,,,,,,51.98,KITH 020156Z 30006KT 1/4SM R32/1800VP6000FT FG VV002 11/11 A3016 RMK AO2 T01110111 SLP216,,3.086664,11.11111111111111,-1
ITH,2015-06-01 22:24:00,-76.4584,42.491,335.0,51.8,51.8,100.0,300.0,6.0,0.0,30.17,,0.25,,OVC,,,,200.0,,,,FG,,,,,,,51.8,KITH 020224Z AUTO 30006KT 1/4SM R32/1400V2200FT FG OVC002 11/11 A3017 RMK AO2,,3.086664,10.999999999999998,8
ITH,2015-06-01 22:46:00,-76.4584,42.491,335.0,51.8,51.8,100.0,310.0,5.0,0.0,30.16,,0.25,,OVC,,,,200.0,,,,FG,,,,,,,51.8,KITH 020246Z AUTO 31005KT M1/4SM R32/1200V1600FT FG OVC002 11/11 A3016 RMK AO2,,2.57222,10.999999999999998,8
ITH,2015-06-01 22:56:00,-76.4584,42.491,335.0,52.0,51.0,96.09,310.0,5.0,0.0,30.15,1021.3,0.25,,OVC,,,,200.0,,,,FG,,,,,,,51.98,KITH 020256Z AUTO 31005KT 1/4SM R32/1200V2000FT FG OVC002 11/11 A3015 RMK AO2 50003 T01110105 SLP213,,2.57222,11.11111111111111,8
ITH,2015-06-01 23:00:00,-76.4584,42.491,335.0,51.8,51.8,100.0,320.0,4.0,0.0,30.15,,0.5,,OVC,,,,200.0,,,,FG,,,,,,,51.8,KITH 020300Z AUTO 32004KT 1/2SM R32/1200V4000FT FG OVC002 11/11 A3015 RMK AO2,,2.057776,10.999999999999998,8
ITH,2015-06-01 23:08:00,-76.4584,42.491,335.0,51.8,51.8,100.0,310.0,4.0,0.0,30.15,,1.0,,OVC,,,,200.0,,,,BR,,,,,,,51.8,KITH 020308Z AUTO 31004KT 1SM R32/2400VP6000FT BR OVC002 11/11 A3015 RMK AO2 CIG 001V005 VIS 1/2V5,,2.057776,10.999999999999998,8
ITH,2015-06-01 23:12:00,-76.4584,42.491,335.0,51.8,51.8,100.0,310.0,3.0,0.0,30.15,,2.5,,OVC,,,,200.0,,,,BR,,,,,,,51.8,KITH 020312Z AUTO 31003KT 2 1/2SM BR OVC002 11/11 A3015 RMK AO2 CIG 001V005 VIS 3/4V5,,1.543332,10.999999999999998,8
ITH,2015-06-01 23:20:00,-76.4584,42.491,335.0,51.8,51.8,100.0,0.0,0.0,0.0,30.15,,9.0,,OVC,,,,200.0,,,,,,,,,,,51.8,KITH 020320Z AUTO 00000KT 9SM OVC002 11/11 A3015 RMK AO2 CIG 001V005,,0.0,10.999999999999998,8
ITH,2015-06-01 23:28:00,-76.4584,42.491,335.0,51.8,51.8,100.0,0.0,0.0,0.0,30.15,,10.0,,OVC,,,,400.0,,,,,,,,,,,51.8,KITH 020328Z AUTO 00000KT 10SM OVC004 11/11 A3015 RMK AO2 CIG 002V007,,0.0,10.999999999999998,8
ITH,2015-06-01 23:56:00,-76.4584,42.491,335.0,51.0,51.0,100.0,0.0,0.0,0.0,30.15,1021.2,10.0,,OVC,,,,400.0,,,,,,,,,,,50.9,KITH 020356Z AUTO 00000KT 10SM OVC004 11/11 A3015 RMK AO2 T01050105 401220088 CIG 004V009 SLP212,,0.0,10.555555555555555,8
ITH,2015-06-02 00:07:00,-76.4584,42.491,335.0,51.8,51.8,100.0,0.0,0.0,0.0,30.15,,10.0,,OVC,,,,600.0,,,,,,,,,,,51.8,KITH 020407Z AUTO 00000KT 10SM OVC006 11/11 A3015 RMK AO2 CIG 004V008,,0.0,10.999999999999998,8
ITH,2015-06-02 00:39:00,-76.4584,42.491,335.0,51.8,51.8,100.0,290.0,4.0,0.0,30.15,,9.0,,SCT,OVC,,,400.0,1100.0,,,,,,,,,,51.8,KITH 020439Z AUTO 29004KT 9SM SCT004 OVC011 11/11 A3015 RMK AO2 OVC V BKN,,2.057776,10.999999999999998,8
ITH,2015-06-02 00:56:00,-76.4584,42.491,335.0,51.0,51.0,100.0,300.0,3.0,0.0,30.14,1021.0,4.0,,BKN,OVC,,,200.0,1100.0,,,BR,,,,,,,50.9,KITH 020456Z AUTO 30003KT 4SM BR BKN002 OVC011 11/11 A3014 RMK AO2 T01050105 CIG 001V007 SLP210,,1.543332,10.555555555555555,8
ITH,2015-06-02 01:19:00,-76.4584,42.491,335.0,51.8,51.8,100.0,300.0,6.0,0.0,30.14,,1.75,,OVC,,,,200.0,,,,BR,,,,,,,51.8,KITH 020519Z AUTO 30006KT 1 3/4SM BR OVC002 11/11 A3014 RMK AO2 VIS 1V5,,3.086664,10.999999999999998,8
ITH,2015-06-02 01:22:00,-76.4584,42.491,335.0,51.8,51.8,100.0,310.0,6.0,0.0,30.14,,1.0,,OVC,,,,200.0,,,,BR,,,,,,,51.8,KITH 020522Z AUTO 31006KT 1SM R32/P6000FT BR OVC002 11/11 A3014 RMK AO2,,3.086664,10.999999999999998,8
ITH,2015-06-02 01:25:00,-76.4584,42.491,335.0,51.8,51.8,100.0,300.0,6.0,0.0,30.14,,0.5,,OVC,,,,200.0,,,,FG,,,,,,,51.8,KITH 020525Z AUTO 30006KT 1/2SM R32/4500VP6000FT FG OVC002 11/11 A3014 RMK AO2,,3.086664,10.999999999999998,8
ITH,2015-06-02 01:44:00,-76.4584,42.491,335.0,51.8,51.8,100.0,310.0,5.0,0.0,30.14,,1.0,,OVC,,,,200.0,,,,BR,,,,,,,51.8,KITH 020544Z AUTO 31005KT 1SM R32/2400VP6000FT BR OVC002 11/11 A3014 RMK AO2 VIS 1/4V5,,2.57222,10.999999999999998,8
ITH,2015-06-02 01:47:00,-76.4584,42.491,335.0,51.8,51.8,100.0,310.0,5.0,0.0,30.14,,3.0,,OVC,,,,200.0,,,,BR,,,,,,,51.8,KITH 020547Z AUTO 31005KT 3SM BR OVC002 11/11 A3014 RMK AO2,,2.57222,10.999999999999998,8
ITH,2015-06-02 01:56:00,-76.4584,42.491,335.0,51.0,51.0,100.0,300.0,4.0,0.0,30.14,1021.0,5.0,,OVC,,,,200.0,,,,BR,,,,,,,50.9,KITH 020556Z AUTO 30004KT 5SM BR OVC002 11/11 A3014 RMK AO2 56004 T01050105 10111 20105 SLP210,,2.057776,10.555555555555555,8
ITH,2015-06-02 02:04:00,-76.4584,42.491,335.0,51.8,51.8,100.0,310.0,4.0,0.0,30.14,,1.5,,OVC,,,,200.0,,,,BR,,,,,,,51.8,KITH 020604Z AUTO 31004KT 1 1/2SM BR OVC002 11/11 A3014 RMK AO2 VIS 1/2V5,,2.057776,10.999999999999998,8
ITH,2015-06-02 02:06:00,-76.4584,42.491,335.0,51.8,51.8,100.0,300.0,5.0,0.0,30.14,,0.75,,OVC,,,,200.0,,,,BR,,,,,,,51.8,KITH 020606Z AUTO 30005KT 3/4SM R32/P6000FT BR OVC002 11/11 A3014 RMK AO2,,2.57222,10.999999999999998,8
ITH,2015-06-02 02:16:00,-76.4584,42.491,335.0,51.8,51.8,100.0,,3.0,0.0001,30.14,,1.25,,OVC,,,,200.0,,,,-RA BR,,,,,,,51.8,KITH 020616Z AUTO VRB03KT 1 1/4SM R32/3000VP6000FT -RA BR OVC002 11/11 A3014 RMK AO2 CIG 002V005 VIS 1/2V3 RAB11 P0000,,1.543332,10.999999999999998,8
ITH,2015-06-02 02:20:00,-76.4584,42.491,335.0,51.8,51.8,100.0,350.0,4.0,0.0001,30.14,,2.0,,OVC,,,,200.0,,,,-RA BR,,,,,,,51.8,KITH 020620Z AUTO 35004KT 2SM -RA BR OVC002 11/11 A3014 RMK AO2 CIG 002V006 RAB11 P0000,,2.057776,10.999999999999998,8
ITH,2015-06-02 02:24:00,-76.4584,42.491,335.0,51.8,51.8,100.0,350.0,4.0,0.0001,30.14,,3.0,,OVC,,,,400.0,,,,-RA BR,,,,,,,51.8,KITH 020624Z AUTO 35004KT 3SM -RA BR OVC004 11/11 A3014 RMK AO2 CIG 002V007 RAB11 P0000,,2.057776,10.999999999999998,8
ITH,2015-06-02 02:56:00,-76.4584,42.491,335.0,51.0,51.0,100.0,300.0,3.0,0.0001,30.13,1020.7,1.5,,OVC,,,,400.0,,,,BR,,,,,,,50.9,KITH 020656Z AUTO 30003KT 1 1/2SM BR OVC004 11/11 A3013 RMK AO2 T01050105 RAB11E32 P0000 SLP207,,1.543332,10.555555555555555,8
ITH,2015-06-02 03:05:00,-76.4584,42.491,335.0,51.8,51.8,100.0,310.0,5.0,0.0,30.14,,3.0,,OVC,,,,400.0,,,,BR,,,,,,,51.8,KITH 020705Z AUTO 31005KT 3SM BR OVC004 11/11 A3014 RMK AO2 CIG 002V006,,2.57222,10.999999999999998,8
ITH,2015-06-02 03:16:00,-76.4584,42.491,335.0,51.8,51.8,100.0,310.0,5.0,0.0,30.15,,9.0,,BKN,OVC,,,200.0,700.0,,,,,,,,,,51.8,KITH 020716Z AUTO 31005KT 9SM BKN002 OVC007 11/11 A3015 RMK AO2 BKN V SCT,,2.57222,10.999999999999998,8
ITH,2015-06-02 03:33:00,-76.4584,42.491,335.0,51.8,51.8,100.0,290.0,3.0,0.0,30.14,,7.0,,BKN,OVC,,,400.0,700.0,,,,,,,,,,51.8,KITH 020733Z AUTO 29003KT 7SM BKN004 OVC007 11/11 A3014 RMK AO2,,1.543332,10.999999999999998,8
ITH,2015-06-02 03:43:00,-76.4584,42.491,335.0,51.8,51.8,100.0,310.0,3.0,0.0001,30.14,,3.0,,BKN,OVC,,,200.0,700.0,,,-RA BR,,,,,,,51.8,KITH 020743Z AUTO 31003KT 3SM -RA BR BKN002 OVC007 11/11 A3014 RMK AO2 RAB43 P0000,,1.543332,10.999999999999998,8
ITH,2015-06-02 03:56:00,-76.4584,42.491,335.0,51.0,51.0,100.0,310.0,3.0,0.0001,30.14,1020.9,2.5,,OVC,,,,200.0,,,,-RA BR,,,,,,,50.9,KITH 020756Z AUTO 31003KT 2 1/2SM -RA BR OVC002 11/11 A3014 RMK AO2 T01050105 VIS 1 1/2V3 RAB43 P0000 SLP209,,1.543332,10.555555555555555,8
ITH,2015-06-02 04:44:00,-76.4584,42.491,335.0,51.8,51.8,100.0,320.0,5.0,0.0001,30.13,,4.0,,OVC,,,,200.0,,,,-RA BR,,,,,,,51.8,KITH 020844Z AUTO 32005KT 4SM -RA BR OVC002 11/11 A3013 RMK AO2 P0000,,2.57222,10.999999999999998,8
ITH,2015-06-02 04:56:00,-76.4584,42.491,335.0,51.0,51.0,100.0,320.0,6.0,0.0001,30.13,1020.7,2.0,,OVC,,,,200.0,,,,-RA BR,,,,,,,50.9,KITH 020856Z AUTO 32006KT 2SM -RA BR OVC002 11/11 A3013 RMK AO2 58003 60000 T01050105 P0000 SLP207,,3.086664,10.555555555555555,8
ITH,2015-06-02 05:35:00,-76.4584,42.491,335.0,51.8,50.0,93.55,310.0,6.0,0.0001,30.13,,1.25,,OVC,,,,200.0,,,,-RA BR,,,,,,,51.8,KITH 020935Z AUTO 31006KT 1 1/4SM -RA BR OVC002 11/10 A3013 RMK AO2 P0000,,3.086664,10.999999999999998,8
ITH,2015-06-02 05:42:00,-76.4584,42.491,335.0,50.0,50.0,100.0,320.0,5.0,0.0001,30.13,,0.75,,OVC,,,,200.0,,,,-RA BR,,,,,,,47.77,KITH 020942Z AUTO 32005KT 3/4SM R32/6000VP6000FT -RA BR OVC002 10/10 A3013 RMK AO2 P0000,,2.57222,10.0,8
ITH,2015-06-02 05:56:00,-76.4584,42.491,335.0,50.0,50.0,100.0,330.0,6.0,0.0001,30.13,1020.7,1.0,,OVC,,,,200.0,,,,-RA BR,,,,,,,47.21,KITH 020956Z AUTO 33006KT 1SM R32/5500VP6000FT -RA BR OVC002 10/10 A3013 RMK AO2 T01000100 P0000 SLP207,,3.086664,10.0,8
ITH,2015-06-02 06:14:00,-76.4584,42.491,335.0,50.0,50.0,100.0,320.0,7.0,0.0001,30.14,,1.5,,OVC,,,,200.0,,,,-RA BR,,,,,,,46.72,KITH 021014Z AUTO 32007KT 1 1/2SM -RA BR OVC002 10/10 A3014 RMK AO2 P0000,,3.601108,10.0,8
ITH,2015-06-02 06:29:00,-76.4584,42.491,335.0,50.0,50.0,100.0,320.0,6.0,0.0001,30.14,,1.5,,OVC,,,,200.0,,,,-RA BR,,,,,,,47.21,KITH 021029Z 32006KT 1 1/2SM -RA BR OVC002 10/10 A3014 RMK AO2 P0000,,3.086664,10.0,8
ITH,2015-06-02 06:56:00,-76.4584,42.491,335.0,50.0,50.0,100.0,330.0,6.0,0.0001,30.15,1021.1,2.0,,OVC,,,,200.0,,,,BR,,,,,,,47.21,KITH 021056Z 33006KT 2SM BR OVC002 10/10 A3015 RMK AO2 T01000100 RAE55 P0000 SLP211,,3.086664,10.0,8
ITH,2015-06-02 07:23:00,-76.4584,42.491,335.0,51.8,50.0,93.55,320.0,4.0,0.0,30.15,,3.0,,OVC,,,,500.0,,,,BR,,,,,,,51.8,KITH 021123Z 32004KT 3SM BR OVC005 11/10 A3015 RMK AO2,,2.057776,10.999999999999998,8
ITH,2015-06-02 07:56:00,-76.4584,42.491,335.0,51.0,51.0,100.0,320.0,6.0,0.0,30.16,1021.7,2.0,,OVC,,,,500.0,,,,BR,,,,,,,50.9,KITH 021156Z 32006KT 2SM BR OVC005 11/11 A3016 RMK AO2 53010 60000 70005 T01050105 10105 20100 SLP217,,3.086664,10.555555555555555,8
ITH,2015-06-02 08:16:00,-76.4584,42.491,335.0,51.8,51.8,100.0,300.0,7.0,0.0001,30.17,,0.12,,VV ,,,,300.0,,,,-RA FG,,,,,,,51.8,KITH 021216Z 30007KT 1/8SM R32/1400VP6000FT -RA FG VV003 11/11 A3017 RMK AO2 RAB13 P0000,,3.601108,10.999999999999998,-1
ITH,2015-06-02 08:56:00,-76.4584,42.491,335.0,51.0,51.0,100.0,330.0,6.0,0.0001,30.18,1022.4,2.0,,OVC,,,,300.0,,,,BR,,,,,,,50.9,KITH 021256Z 33006KT 2SM BR OVC003 11/11 A3018 RMK AO2 T01050105 RAB13E50 P0000 SLP224,,3.086664,10.555555555555555,8
ITH,2015-06-02 09:56:00,-76.4584,42.491,335.0,52.0,51.0,96.09,340.0,7.0,0.0001,30.19,1022.6,3.0,,BKN,OVC,,,500.0,1600.0,,,BR,,,,,,,51.98,KITH 021356Z 34007KT 3SM BR BKN005 OVC016 11/11 A3019 RMK AO2 T01110105 RAB29E55 P0000 SLP226,,3.601108,11.11111111111111,8
ITH,2015-06-02 10:56:00,-76.4584,42.491,335.0,54.0,51.0,89.35,,4.0,0.0001,30.2,1022.8,4.0,,OVC,,,,900.0,,,,-RA BR,,,,,,,53.96,KITH 021456Z VRB04KT 4SM -RA BR OVC009 12/11 A3020 RMK AO2 51012 60000 T01220105 RAB1359 P0000 SLP228,,2.057776,12.222222222222221,8
ITH,2015-06-02 11:56:00,-76.4584,42.491,335.0,54.0,51.0,89.35,330.0,7.0,0.0001,30.2,1022.8,6.0,,BKN,OVC,,,1100.0,2200.0,,,BR,,,,,,,53.96,KITH 021556Z 33007KT 6SM BR BKN011 OVC022 12/11 A3020 RMK AO2 T01220105 RAE17 P0000 SLP228,,3.601108,12.222222222222221,8
ITH,2015-06-02 12:56:00,-76.4584,42.491,335.0,56.0,52.88,89.44,290.0,7.0,0.0,30.19,1022.4,10.0,,SCT,OVC,,,500.0,1700.0,,,,,,,,,,55.94,KITH 021656Z 29007KT 10SM SCT005 OVC017 13/12 A3019 RMK AO2 T01330116 SLP224,,3.601108,13.333333333333334,8
ITH,2015-06-02 13:56:00,-76.4584,42.491,335.0,54.86,51.0,86.46,300.0,8.0,0.0,30.2,1022.8,10.0,,OVC,,,,1700.0,,,,,,,,,,,54.86,KITH 021756Z 30008KT 10SM OVC017 13/11 A3020 RMK AO2 55000 60000 T01270105 10133 20105 SLP228,,4.115552,12.7,8
ITH,2015-06-02 14:56:00,-76.4584,42.491,335.0,54.86,51.0,86.46,290.0,8.0,0.0,30.19,1022.7,10.0,,BKN,OVC,,,1600.0,2700.0,,,,,,,,,,54.86,KITH 021856Z 29008KT 10SM BKN016 OVC027 13/11 A3019 RMK AO2 T01270105 SLP227,,4.115552,12.7,8
ITH,2015-06-02 15:56:00,-76.4584,42.491,335.0,56.84,51.0,80.47,300.0,10.0,0.0,30.18,1022.1,10.0,,BKN,,,,2500.0,,,,,,,,,,,56.84,KITH 021956Z 30010KT 10SM BKN025 14/11 A3018 RMK AO2 T01380105 SLP221,,5.14444,13.800000000000002,6
ITH,2015-06-02 16:56:00,-76.4584,42.491,335.0,58.0,52.0,80.55,290.0,12.0,0.0,30.17,1021.7,10.0,,BKN,BKN,,,1700.0,2900.0,,,,,,,,,,57.92,KITH 022056Z 29012KT 10SM BKN017 BKN029 14/11 A3017 RMK AO2 58009 T01440111 SLP217,,6.173328,14.444444444444445,6
ITH,2015-06-02 17:56:00,-76.4584,42.491,335.0,59.0,51.0,74.46,310.0,4.0,0.0,30.16,1021.5,10.0,,BKN,,,,1900.0,,,,,,,,,,,59.0,KITH 022156Z 31004KT 10SM BKN019 15/11 A3016 RMK AO2 T01500105 SLP215,,2.057776,15.0,6
ITH,2015-06-02 18:56:00,-76.4584,42.491,335.0,58.0,50.0,74.86,300.0,8.0,0.0,30.17,1021.8,10.0,,BKN,,,,2400.0,,,,,,,,,,,57.92,KITH 022256Z 30008KT 10SM BKN024 14/10 A3017 RMK AO2 T01440100 SLP218,,4.115552,14.444444444444445,6
ITH,2015-06-02 19:30:00,-76.4584,42.491,335.0,57.2,51.8,82.12,310.0,5.0,0.0,30.17,,10.0,,SCT,,,,2400.0,,,,,,,,,,,57.2,KITH 022330Z 31005KT 10SM SCT024 14/11 A3017 RMK AO2,,2.57222,14.000000000000002,4
ITH,2015-06-02 19:56:00,-76.4584,42.491,335.0,54.86,50.0,83.62,300.0,5.0,0.0,30.18,1022.1,10.0,,FEW,,,,2400.0,,,,,,,,,,,54.86,KITH 022356Z 30005KT 10SM FEW024 13/10 A3018 RMK AO2 53003 T01270100 10150 20127 SLP221,,2.57222,12.7,2
ITH,2015-06-02 20:56:00,-76.4584,42.491,335.0,52.0,49.0,89.26,350.0,3.0,0.0,30.19,1022.6,10.0,,CLR,,,,,,,,,,,,,,,51.98,KITH 030056Z 35003KT 10SM CLR 11/09 A3019 RMK AO2 T01110094 SLP226,,1.543332,11.11111111111111,0
ITH,2015-06-02 21:56:00,-76.4584,42.491,335.0,49.0,47.0,92.84,0.0,0.0,0.0,30.21,1023.5,10.0,,CLR,,,,,,,,,,,,,,,48.92,KITH 030156Z 00000KT 10SM CLR 09/08 A3021 RMK AO2 T00940083 SLP235,,0.0,9.444444444444445,0
ITH,2015-06-02 22:56:00,-76.4584,42.491,335.0,45.86,45.86,100.0,0.0,0.0,0.0,30.22,1023.6,10.0,,CLR,,,,,,,,,,,,,,,45.86,KITH 030256Z AUTO 00000KT 10SM CLR 08/08 A3022 RMK AO2 51013 T00770077 SLP236,,0.0,7.699999999999999,0
ITH,2015-06-02 23:56:00,-76.4584,42.491,335.0,43.88,43.88,100.0,0.0,0.0,0.0,30.22,1023.7,10.0,,CLR,,,,,,,,,,,,,,,43.88,KITH 030356Z AUTO 00000KT 10SM CLR 07/07 A3022 RMK AO2 T00660066 401500066 SLP237,,0.0,6.600000000000001,0
ITH,2015-06-03 00:56:00,-76.4584,42.491,335.0,43.88,43.0,96.61,0.0,0.0,0.0,30.22,1023.7,8.0,,CLR,,,,,,,,,,,,,,,43.88,KITH 030456Z AUTO 00000KT 8SM CLR 07/06 A3022 RMK AO2 T00660061 SLP237,,0.0,6.600000000000001,0
ITH,2015-06-03 01:48:00,-76.4584,42.491,335.0,41.0,41.0,100.0,0.0,0.0,0.0,30.22,,1.75,,CLR,,,,,,,,BR,,,,,,,41.0,KITH 030548Z AUTO 00000KT 1 3/4SM BR CLR 05/05 A3022 RMK AO2 VIS 3/4V5,,0.0,5.0,0
ITH,2015-06-03 01:56:00,-76.4584,42.491,335.0,42.0,41.0,96.58,0.0,0.0,0.0,30.22,1023.6,1.75,,BKN,,,,100.0,,,,BR,,,,,,,41.9,KITH 030556Z AUTO 00000KT 1 3/4SM BR BKN001 06/05 A3022 RMK AO2 58001 T00550050 10127 20050 VIS 1 1/4V5 SLP236,,0.0,5.555555555555555,6
ITH,2015-06-03 02:03:00,-76.4584,42.491,335.0,41.0,41.0,100.0,0.0,0.0,0.0,30.22,,3.0,,SCT,,,,100.0,,,,BR,,,,,,,41.0,KITH 030603Z AUTO 00000KT 3SM BR SCT001 05/05 A3022 RMK AO2,,0.0,5.0,4
ITH,2015-06-03 02:07:00,-76.4584,42.491,335.0,41.0,41.0,100.0,0.0,0.0,0.0,30.22,,2.5,,BKN,,,,100.0,,,,BR,,,,,,,41.0,KITH 030607Z AUTO 00000KT 2 1/2SM R32/1800VP6000FT BR BKN001 05/05 A3022 RMK AO2,,0.0,5.0,6
ITH,2015-06-03 02:09:00,-76.4584,42.491,335.0,41.0,41.0,100.0,0.0,0.0,0.0,30.22,,1.25,,BKN,,,,100.0,,,,BR,,,,,,,41.0,KITH 030609Z AUTO 00000KT 1 1/4SM R32/1800VP6000FT BR BKN001 05/05 A3022 RMK AO2,,0.0,5.0,6
ITH,2015-06-03 02:12:00,-76.4584,42.491,335.0,42.8,41.0,93.3,0.0,0.0,0.0,30.22,,0.5,,BKN,,,,100.0,,,,FG,,,,,,,42.8,KITH 030612Z AUTO 00000KT 1/2SM R32/1800VP6000FT FG BKN001 06/05 A3022 RMK AO2,,0.0,5.999999999999998,6
ITH,2015-06-03 02:18:00,-76.4584,42.491,335.0,42.8,42.8,100.0,0.0,0.0,0.0,30.21,,,,BKN,,,,100.0,,,,,,,,,,,42.8,KITH 030618Z AUTO 00000KT R32/1200V2000FT BKN001 06/06 A3021 RMK AO2 BKN V OVC,,0.0,5.999999999999998,6
ITH,2015-06-03 02:33:00,-76.4584,42.491,335.0,42.8,42.8,100.0,0.0,0.0,0.0,30.21,,0.25,,OVC,,,,100.0,,,,FG,,,,,,,42.8,KITH 030633Z AUTO 00000KT 1/4SM R32/0700V2000FT FG OVC001 06/06 A3021 RMK AO2 $,,0.0,5.999999999999998,8
ITH,2015-06-03 02:35:00,-76.4584,42.491,335.0,42.8,42.8,100.0,0.0,0.0,0.0,30.21,,0.5,,OVC,,,,100.0,,,,FG,,,,,,,42.8,KITH 030635Z AUTO 00000KT 1/2SM R32/0700V3000FT FG OVC001 06/06 A3021 RMK AO2 $,,0.0,5.999999999999998,8
ITH,2015-06-03 02:43:00,-76.4584,42.491,335.0,42.8,42.8,100.0,0.0,0.0,0.0,30.21,,1.0,,BKN,,,,100.0,,,,BR,,,,,,,42.8,KITH 030643Z AUTO 00000KT 1SM R32/2000V3000FT BR BKN001 06/06 A3021 RMK AO2 BKN V SCT,,0.0,5.999999999999998,6
ITH,2015-06-03 02:46:00,-76.4584,42.491,335.0,42.8,42.8,100.0,0.0,0.0,0.0,30.21,,1.25,,BKN,,,,100.0,,,,BR,,,,,,,42.8,KITH 030646Z AUTO 00000KT 1 1/4SM R32/1200V2200FT BR BKN001 06/06 A3021 RMK AO2 BKN V SCT,,0.0,5.999999999999998,6
ITH,2015-06-03 02:48:00,-76.4584,42.491,335.0,42.8,42.8,100.0,0.0,0.0,0.0,30.21,,1.75,,BKN,,,,100.0,,,,BR,,,,,,,42.8,KITH 030648Z AUTO 00000KT 1 3/4SM R32/1200V3500FT BR BKN001 06/06 A3021 RMK AO2,,0.0,5.999999999999998,6
ITH,2015-06-03 02:56:00,-76.4584,42.491,335.0,42.0,42.0,100.0,0.0,0.0,0.0,30.21,1023.5,2.0,,FEW,,,,100.0,,,,BR,,,,,,,41.9,KITH 030656Z AUTO 00000KT 2SM BR FEW001 06/06 A3021 RMK AO2 T00550055 SLP235,,0.0,5.555555555555555,2
ITH,2015-06-03 03:10:00,-76.4584,42.491,335.0,41.0,41.0,100.0,130.0,3.0,0.0,30.21,,1.25,,CLR,,,,,,,,BR,,,,,,,38.98,KITH 030710Z AUTO 13003KT 1 1/4SM R32/3000V4500FT BR CLR 05/05 A3021 RMK AO2 VIS 3/4V4,,1.543332,5.0,0
ITH,2015-06-03 03:13:00,-76.4584,42.491,335.0,41.0,39.2,93.24,0.0,0.0,0.0,30.22,,0.75,,CLR,,,,,,,,BR,,,,,,,41.0,KITH 030713Z AUTO 00000KT 3/4SM R32/2400V4500FT BR CLR 05/04 A3022 RMK AO2,,0.0,5.0,0
ITH,2015-06-03 03:21:00,-76.4584,42.491,335.0,39.2,39.2,100.0,0.0,0.0,0.0,30.22,,1.25,,CLR,,,,,,,,BR,,,,,,,39.2,KITH 030721Z AUTO 00000KT 1 1/4SM R32/1800VP6000FT BR CLR 04/04 A3022 RMK AO2,,0.0,4.000000000000002,0
ITH,2015-06-03 03:23:00,-76.4584,42.491,335.0,39.2,39.2,100.0,80.0,3.0,0.0,30.22,,2.0,,CLR,,,,,,,,BR,,,,,,,36.92,KITH 030723Z AUTO 08003KT 2SM R32/1800VP6000FT BR CLR 04/04 A3022 RMK AO2,,1.543332,4.000000000000002,0
ITH,2015-06-03 03:30:00,-76.4584,42.491,335.0,39.2,39.2,100.0,0.0,0.0,0.0,30.22,,10.0,,CLR,,,,,,,,,,,,,,,39.2,KITH 030730Z AUTO 00000KT 10SM R32/4000V5500FT CLR 04/04 A3022 RMK AO2,,0.0,4.000000000000002,0
ITH,2015-06-03 03:56:00,-76.4584,42.491,335.0,40.0,40.0,100.0,0.0,0.0,0.0,30.22,1023.7,1.5,,BKN,,,,100.0,,,,BR,,,,,,,39.92,KITH 030756Z AUTO 00000KT 1 1/2SM R32/3000VP6000FT BR BKN001 04/04 A3022 RMK AO2 T00440044 SLP237,,0.0,4.444444444444445,6
ITH,2015-06-03 04:01:00,-76.4584,42.491,335.0,39.2,39.2,100.0,0.0,0.0,0.0,30.22,,3.0,,SCT,,,,100.0,,,,BR,,,,,,,39.2,KITH 030801Z AUTO 00000KT 3SM R32/1800VP6000FT BR SCT001 04/04 A3022 RMK AO2,,0.0,4.000000000000002,4
ITH,2015-06-03 04:04:00,-76.4584,42.491,335.0,39.2,39.2,100.0,0.0,0.0,0.0,30.22,,2.0,,BKN,,,,100.0,,,,BR,,,,,,,39.2,KITH 030804Z AUTO 00000KT 2SM R32/1000V3500FT BR BKN001 04/04 A3022 RMK AO2 BKN V SCT,,0.0,4.000000000000002,6
ITH,2015-06-03 04:06:00,-76.4584,42.491,335.0,39.2,39.2,100.0,0.0,0.0,0.0,30.22,,1.25,,BKN,,,,100.0,,,,BR,,,,,,,39.2,KITH 030806Z AUTO 00000KT 1 1/4SM R32/1000V2600FT BR BKN001 04/04 A3022 RMK AO2,,0.0,4.000000000000002,6
ITH,2015-06-03 04:09:00,-76.4584,42.491,335.0,39.2,39.2,100.0,0.0,0.0,0.0,30.22,,0.75,,BKN,,,,100.0,,,,BR,,,,,,,39.2,KITH 030809Z AUTO 00000KT 3/4SM R32/0800V2000FT BR BKN001 04/04 A3022 RMK AO2,,0.0,4.000000000000002,6
ITH,2015-06-03 04:15:00,-76.4584,42.491,335.0,41.0,39.2,93.24,0.0,0.0,0.0,30.22,,0.25,,BKN,,,,100.0,,,,FG,,,,,,,41.0,KITH 030815Z AUTO 00000KT 1/4SM R32/0800V1800FT FG BKN001 05/04 A3022 RMK AO2,,0.0,5.0,6
ITH,2015-06-03 04:29:00,-76.4584,42.491,335.0,41.0,41.0,100.0,60.0,4.0,0.0,30.22,,0.25,,OVC,,,,300.0,,,,FG,,,,,,,37.93,KITH 030829Z AUTO 06004KT 1/4SM R32/1800V2400FT FG OVC003 05/05 A3022 RMK AO2,,2.057776,5.0,8
ITH,2015-06-03 04:40:00,-76.4584,42.491,335.0,42.8,41.0,93.3,60.0,3.0,0.0,30.22,,0.5,,OVC,,,,300.0,,,,FG,,,,,,,41.03,KITH 030840Z AUTO 06003KT 1/2SM R32/2200V6000FT FG OVC003 06/05 A3022 RMK AO2,,1.543332,5.999999999999998,8
ITH,2015-06-03 04:56:00,-76.4584,42.491,335.0,41.0,41.0,100.0,0.0,0.0,0.0,30.23,1024.0,0.5,,OVC,,,,100.0,,,,FG,,,,,,,41.0,KITH 030856Z AUTO 00000KT 1/2SM R32/4000VP6000FT FG OVC001 05/05 A3023 RMK AO2 53002 T00500050 SLP240,,0.0,5.0,8
ITH,2015-06-03 05:22:00,-76.4584,42.491,335.0,41.0,41.0,100.0,0.0,0.0,0.0,30.23,,0.25,,OVC,,,,100.0,,,,FG,,,,,,,41.0,KITH 030922Z AUTO 00000KT 1/4SM R32/1400V2800FT FG OVC001 05/05 A3023 RMK AO2,,0.0,5.0,8
ITH,2015-06-03 05:26:00,-76.4584,42.491,335.0,41.0,41.0,100.0,0.0,0.0,0.0,30.23,,0.25,,OVC,,,,100.0,,,,FG,,,,,,,41.0,KITH 030926Z AUTO 00000KT M1/4SM R32/1400V2000FT FG OVC001 05/05 A3023 RMK AO2,,0.0,5.0,8
ITH,2015-06-03 05:56:00,-76.4584,42.491,335.0,43.0,43.0,100.0,0.0,0.0,0.0,30.23,1024.1,0.25,,OVC,,,,100.0,,,,FG,,,,,,,42.98,KITH 030956Z AUTO 00000KT M1/4SM R32/1000V1200FT FG OVC001 06/06 A3023 RMK AO2 T00610061 SLP241,,0.0,6.111111111111111,8
ITH,2015-06-03 06:21:00,-76.4584,42.491,335.0,44.6,44.6,100.0,100.0,3.0,0.0,30.23,,0.12,,VV ,,,,100.0,,,,FG,,,,,,,43.09,KITH 031021Z 10003KT 1/8SM R32/1000V1200FT FG VV001 07/07 A3023 RMK AO2,,1.543332,7.000000000000001,-1
ITH,2015-06-03 06:56:00,-76.4584,42.491,335.0,45.0,45.0,100.0,0.0,0.0,0.0,30.25,1024.6,0.12,,VV ,,,,100.0,,,,FG,,,,,,,44.96,KITH 031056Z 00000KT 1/8SM R32/1000FT FG VV001 07/07 A3025 RMK AO2 T00720072 SLP246,,0.0,7.222222222222222,-1
ITH,2015-06-03 07:56:00,-76.4584,42.491,335.0,45.86,45.86,100.0,130.0,4.0,0.0,30.25,1024.8,0.25,,VV ,,,,200.0,,,,FG,,,,,,,43.61,KITH 031156Z 13004KT 1/4SM R32/1400V2000FT FG VV002 08/08 A3025 RMK AO2 51011 T00770077 10077 20044 SLP248,,2.057776,7.699999999999999,-1
ITH,2015-06-03 08:13:00,-76.4584,42.491,335.0,46.4,46.4,100.0,130.0,3.0,0.0,30.26,,0.25,,VV ,,,,200.0,,,,FG,,,,,,,45.15,KITH 031213Z 13003KT 1/4SM R32/1600V2400FT FG VV002 08/08 A3026 RMK AO2,,1.543332,8.0,-1
ITH,2015-06-03 08:29:00,-76.4584,42.491,335.0,46.4,46.4,100.0,0.0,0.0,0.0,30.26,,0.75,,BKN,,,,200.0,,,,BR,,,,,,,46.4,KITH 031229Z 00000KT 3/4SM R32/3500VP6000FT BR BKN002 08/08 A3026 RMK AO2,,0.0,8.0,6
ITH,2015-06-03 08:43:00,-76.4584,42.491,335.0,48.2,48.2,100.0,120.0,3.0,0.0,30.26,,2.0,,BKN,,,,200.0,,,,BR,,,,,,,47.21,KITH 031243Z 12003KT 2SM BR BKN002 09/09 A3026 RMK AO2,,1.543332,9.000000000000002,6
ITH,2015-06-03 08:56:00,-76.4584,42.491,335.0,51.0,51.0,100.0,0.0,0.0,0.0,30.26,1025.1,3.0,,BKN,,,,200.0,,,,BR,,,,,,,50.9,KITH 031256Z 00000KT 3SM BR BKN002 11/11 A3026 RMK AO2 T01050105 SLP251,,0.0,10.555555555555555,6
ITH,2015-06-03 09:18:00,-76.4584,42.491,335.0,51.8,51.8,100.0,0.0,0.0,0.0,30.27,,10.0,,BKN,,,,500.0,,,,,,,,,,,51.8,KITH 031318Z 00000KT 10SM BKN005 11/11 A3027 RMK AO2,,0.0,10.999999999999998,6
ITH,2015-06-03 09:38:00,-76.4584,42.491,335.0,53.6,48.2,81.87,0.0,0.0,0.0,30.26,,10.0,,BKN,,,,700.0,,,,,,,,,,,53.6,KITH 031338Z 00000KT 10SM BKN007 12/09 A3026 RMK AO2,,0.0,12.0,6
ITH,2015-06-03 09:56:00,-76.4584,42.491,335.0,56.84,50.0,77.83,0.0,0.0,0.0,30.25,1024.6,10.0,,SCT,,,,700.0,,,,,,,,,,,56.84,KITH 031356Z 00000KT 10SM SCT007 14/10 A3025 RMK AO2 T01380100 SLP246,,0.0,13.800000000000002,4
ITH,2015-06-03 10:56:00,-76.4584,42.491,335.0,61.88,51.0,67.21,200.0,3.0,0.0,30.24,1024.4,10.0,,FEW,,,,1000.0,,,,,,,,,,,61.88,KITH 031456Z 20003KT 10SM FEW010 17/11 A3024 RMK AO2 58004 T01660105 SLP244,,1.543332,16.6,2
ITH,2015-06-03 11:56:00,-76.4584,42.491,335.0,65.0,47.84,53.86,,4.0,0.0,30.24,1024.1,10.0,,FEW,,,,3700.0,,,,,,,,,,,64.94,KITH 031556Z VRB04KT 10SM FEW037 18/09 A3024 RMK AO2 T01830088 SLP241,,2.057776,18.333333333333332,2
ITH,2015-06-03 12:56:00,-76.4584,42.491,335.0,67.0,45.0,45.09,70.0,5.0,0.0,30.23,1023.7,10.0,,FEW,,,,4000.0,,,,,,,,,,,66.92,KITH 031656Z 07005KT 10SM FEW040 19/07 A3023 RMK AO2 T01940072 SLP237,,2.57222,19.444444444444443,2
ITH,2015-06-03 13:56:00,-76.4584,42.491,335.0,68.0,45.86,44.95,90.0,6.0,0.0,30.21,1023.1,10.0,,FEW,,,,5000.0,,,,,,,,,,,68.0,KITH 031756Z 09006KT 10SM FEW050 20/08 A3021 RMK AO2 58010 T02000077 10200 20077 SLP231,,3.086664,20.0,2
ITH,2015-06-03 14:56:00,-76.4584,42.491,335.0,69.0,47.84,46.96,0.0,0.0,0.0,30.19,1022.4,10.0,,FEW,,,,6000.0,,,,,,,,,,,68.9,KITH 031856Z 00000KT 10SM FEW060 21/09 A3019 RMK AO2 T02050088 SLP224,,0.0,20.555555555555557,2
ITH,2015-06-03 15:56:00,-76.4584,42.491,335.0,72.0,50.0,45.87,,4.0,0.0,30.17,1021.9,10.0,,CLR,,,,,,,,,,,,,,,71.96,KITH 031956Z VRB04KT 10SM CLR 22/10 A3017 RMK AO2 T02220100 SLP219,,2.057776,22.22222222222222,0
ITH,2015-06-03 16:56:00,-76.4584,42.491,335.0,70.88,47.0,42.43,,3.0,0.0,30.16,1021.5,10.0,,FEW,,,,6000.0,,,,,,,,,,,69.66,KITH 032056Z VRB03KT 10SM FEW060 22/08 A3016 RMK AO2 56017 T02160083 SLP215,,1.543332,21.599999999999998,2
ITH,2015-06-03 17:56:00,-76.4584,42.491,335.0,72.86,45.0,36.81,0.0,0.0,0.0,30.15,1021.1,10.0,,CLR,,,,,,,,,,,,,,,71.58,KITH 032156Z 00000KT 10SM CLR 23/07 A3015 RMK AO2 T02270072 SLP211,,0.0,22.700000000000003,0
ITH,2015-06-03 18:56:00,-76.4584,42.491,335.0,72.0,47.0,40.9,0.0,0.0,0.0,30.15,1021.1,10.0,,CLR,,,,,,,,,,,,,,,70.78,KITH 032256Z 00000KT 10SM CLR 22/08 A3015 RMK AO2 T02220083 SLP211,,0.0,22.22222222222222,0
ITH,2015-06-03 19:56:00,-76.4584,42.491,335.0,68.0,52.88,58.41,170.0,3.0,0.0,30.16,1021.4,10.0,,CLR,,,,,,,,,,,,,,,68.0,KITH 032356Z 17003KT 10SM CLR 20/12 A3016 RMK AO2 53000 T02000116 10227 20200 SLP214,,1.543332,20.0,0
ITH,2015-06-03 20:56:00,-76.4584,42.491,335.0,56.0,54.0,93.05,0.0,0.0,0.0,30.16,1021.6,10.0,,CLR,,,,,,,,,,,,,,,55.94,KITH 040056Z 00000KT 10SM CLR 13/12 A3016 RMK AO2 T01330122 SLP216,,0.0,13.333333333333334,0
ITH,2015-06-03 21:56:00,-76.4584,42.491,335.0,54.86,51.0,86.46,150.0,4.0,0.0,30.18,1022.1,10.0,,CLR,,,,,,,,,,,,,,,54.86,KITH 040156Z 15004KT 10SM CLR 13/11 A3018 RMK AO2 T01270105 SLP221,,2.057776,12.7,0
ITH,2015-06-03 22:56:00,-76.4584,42.491,335.0,52.0,50.0,92.93,0.0,0.0,0.0,30.19,1022.3,10.0,,CLR,,,,,,,,,,,,,,,51.98,KITH 040256Z AUTO 00000KT 10SM CLR 11/10 A3019 RMK AO2 53009 T01110100 SLP223,,0.0,11.11111111111111,0
ITH,2015-06-03 23:56:00,-76.4584,42.491,335.0,52.88,51.0,92.96,80.0,5.0,0.0,30.19,1022.5,10.0,,CLR,,,,,,,,,,,,,,,52.88,KITH 040356Z AUTO 08005KT 10SM CLR 12/11 A3019 RMK AO2 T01160105 402270044 SLP225,,2.57222,11.600000000000001,0
ITH,2015-06-04 00:56:00,-76.4584,42.491,335.0,52.88,50.0,89.9,70.0,5.0,0.0,30.19,1022.3,10.0,,CLR,,,,,,,,,,,,,,,52.88,KITH 040456Z AUTO 07005KT 10SM CLR 12/10 A3019 RMK AO2 T01160100 SLP223,,2.57222,11.600000000000001,0
ITH,2015-06-04 01:56:00,-76.4584,42.491,335.0,52.0,49.0,89.26,80.0,4.0,0.0,30.2,1022.5,10.0,,CLR,,,,,,,,,,,,,,,51.98,KITH 040556Z AUTO 08004KT 10SM CLR 11/09 A3020 RMK AO2 53002 T01110094 10200 20105 SLP225,,2.057776,11.11111111111111,0
ITH,2015-06-04 02:56:00,-76.4584,42.491,335.0,51.0,49.0,92.9,90.0,4.0,0.0,30.2,1022.5,10.0,,CLR,,,,,,,,,,,,,,,50.9,KITH 040656Z AUTO 09004KT 10SM CLR 11/09 A3020 RMK AO2 T01050094 SLP225,,2.057776,10.555555555555555,0
ITH,2015-06-04 03:56:00,-76.4584,42.491,335.0,49.0,47.84,96.03,120.0,4.0,0.0,30.19,1022.3,10.0,,CLR,,,,,,,,,,,,,,,47.18,KITH 040756Z AUTO 12004KT 10SM CLR 09/09 A3019 RMK AO2 T00940088 SLP223,,2.057776,9.444444444444445,0
ITH,2015-06-04 04:56:00,-76.4584,42.491,335.0,51.0,50.0,96.71,100.0,3.0,0.0,30.19,1022.0,10.0,,CLR,,,,,,,,,,,,,,,50.9,KITH 040856Z AUTO 10003KT 10SM CLR 11/10 A3019 RMK AO2 58003 T01050100 SLP220,,1.543332,10.555555555555555,0
ITH,2015-06-04 05:56:00,-76.4584,42.491,335.0,51.0,50.0,96.71,120.0,3.0,0.0,30.2,1022.5,10.0,,CLR,,,,,,,,,,,,,,,50.9,KITH 040956Z AUTO 12003KT 10SM CLR 11/10 A3020 RMK AO2 T01050100 SLP225,,1.543332,10.555555555555555,0
ITH,2015-06-04 06:21:00,-76.4584,42.491,335.0,51.8,50.0,93.55,120.0,4.0,0.0,30.21,,10.0,,FEW,,,,8000.0,,,,,,,,,,,51.8,KITH 041021Z 12004KT 10SM FEW080 11/10 A3021 RMK AO2,,2.057776,10.999999999999998,2
ITH,2015-06-04 06:56:00,-76.4584,42.491,335.0,54.86,52.0,89.98,0.0,0.0,0.0,30.22,1023.0,10.0,,FEW,,,,4000.0,,,,,,,,,,,54.86,KITH 041056Z 00000KT 10SM FEW040 13/11 A3022 RMK AO2 T01270111 SLP230,,0.0,12.7,2
ITH,2015-06-04 07:56:00,-76.4584,42.491,335.0,56.0,52.88,89.44,90.0,4.0,0.0,30.22,1023.3,10.0,,BKN,,,,4200.0,,,,,,,,,,,55.94,KITH 041156Z 09004KT 10SM BKN042 13/12 A3022 RMK AO2 52013 T01330116 10133 20094 SLP233,,2.057776,13.333333333333334,6
ITH,2015-06-04 08:56:00,-76.4584,42.491,335.0,61.88,54.86,77.74,180.0,10.0,0.0,30.23,1023.7,10.0,,SCT,,,,1500.0,,,,,,,,,,,61.88,KITH 041256Z 18010KT 10SM SCT015 17/13 A3023 RMK AO2 T01660127 SLP237,,5.14444,16.6,4
ITH,2015-06-04 09:56:00,-76.4584,42.491,335.0,65.0,54.86,69.82,140.0,10.0,0.0,30.23,1023.5,10.0,,SCT,,,,1800.0,,,,,,,,,,,64.94,KITH 041356Z 14010KT 10SM SCT018 18/13 A3023 RMK AO2 T01830127 SLP235,,5.14444,18.333333333333332,4
ITH,2015-06-04 10:56:00,-76.4584,42.491,335.0,68.0,54.86,62.8,160.0,10.0,0.0,30.22,1023.4,10.0,,SCT,,,,2500.0,,,,,,,,,,,68.0,KITH 041456Z 16010KT 10SM SCT025 20/13 A3022 RMK AO2 58001 T02000127 SLP234,,5.14444,20.0,4
ITH,2015-06-04 11:56:00,-76.4584,42.491,335.0,69.0,54.86,60.88,160.0,7.0,0.0,30.21,1022.9,10.0,,BKN,,,,4000.0,,,,,,,,,,,68.9,KITH 041556Z 16007KT 10SM BKN040 21/13 A3021 RMK AO2 T02050127 SLP229,,3.601108,20.555555555555557,6
ITH,2015-06-04 12:56:00,-76.4584,42.491,335.0,70.0,52.88,54.58,150.0,9.0,0.0,30.21,1022.8,10.0,,FEW,BKN,,,3300.0,4300.0,,,,,,,,,,69.98,KITH 041656Z 15009KT 10SM FEW033 BKN043 21/12 A3021 RMK AO2 T02110116 SLP228,,4.629996,21.11111111111111,6
ITH,2015-06-04 13:56:00,-76.4584,42.491,335.0,70.0,54.86,58.68,160.0,8.0,0.0,30.19,1022.4,10.0,,FEW,BKN,,,3500.0,4700.0,,,,,,,,,,69.98,KITH 041756Z 16008KT 10SM FEW035 BKN047 21/13 A3019 RMK AO2 56009 T02110127 10216 20133 SLP224,,4.115552,21.11111111111111,6
ITH,2015-06-04 14:56:00,-76.4584,42.491,335.0,72.0,56.0,57.05,180.0,8.0,0.0,30.18,1021.7,10.0,,FEW,SCT,,,3500.0,5000.0,,,,,,,,,,71.96,KITH 041856Z 18008KT 10SM FEW035 SCT050 22/13 A3018 RMK AO2 T02220133 SLP217,,4.115552,22.22222222222222,4
ITH,2015-06-04 15:56:00,-76.4584,42.491,335.0,74.0,56.84,55.13,180.0,9.0,0.0,30.16,1021.1,10.0,,BKN,,,,3700.0,,,,,,,,,,,73.94,KITH 041956Z 18009KT 10SM BKN037 23/14 A3016 RMK AO2 T02330138 SLP211,,4.629996,23.333333333333332,6
ITH,2015-06-04 16:56:00,-76.4584,42.491,335.0,72.0,56.84,58.94,160.0,9.0,0.0,30.15,1020.9,10.0,,BKN,,,,3700.0,,,,,,,,,,,71.96,KITH 042056Z 16009KT 10SM BKN037 22/14 A3015 RMK AO2 56014 T02220138 SLP209,,4.629996,22.22222222222222,6
ITH,2015-06-04 17:56:00,-76.4584,42.491,335.0,70.88,56.0,59.18,160.0,8.0,0.0,30.15,1020.8,10.0,,FEW,,,,3900.0,,,,,,,,,,,70.88,KITH 042156Z 16008KT 10SM FEW039 22/13 A3015 RMK AO2 T02160133 SLP208,,4.115552,21.599999999999998,2
ITH,2015-06-04 18:56:00,-76.4584,42.491,335.0,70.0,56.0,61.02,130.0,5.0,0.0,30.15,1020.8,10.0,,SCT,,,,3900.0,,,,,,,,,,,69.98,KITH 042256Z 13005KT 10SM SCT039 21/13 A3015 RMK AO2 T02110133 SLP208,,2.57222,21.11111111111111,4
ITH,2015-06-04 19:56:00,-76.4584,42.491,335.0,68.0,56.0,65.31,170.0,10.0,0.0,30.14,1020.5,10.0,,SCT,,,,4200.0,,,,,,,,,,,68.0,KITH 042356Z 17010KT 10SM SCT042 20/13 A3014 RMK AO2 56004 T02000133 10238 20200 SLP205,,5.14444,20.0,4
ITH,2015-06-04 20:56:00,-76.4584,42.491,335.0,65.84,54.86,67.67,160.0,7.0,0.0,30.14,1020.2,10.0,,SCT,,,,3700.0,,,,,,,,,,,65.84,KITH 050056Z 16007KT 10SM SCT037 19/13 A3014 RMK AO2 T01880127 SLP202,,3.601108,18.8,4
ITH,2015-06-04 21:56:00,-76.4584,42.491,335.0,65.0,56.0,72.62,180.0,5.0,0.0,30.15,1020.7,10.0,,BKN,,,,9000.0,,,,,,,,,,,64.94,KITH 050156Z 18005KT 10SM BKN090 18/13 A3015 RMK AO2 T01830133 SLP207,,2.57222,18.333333333333332,6
ITH,2015-06-04 22:56:00,-76.4584,42.491,335.0,63.86,56.0,75.41,190.0,6.0,0.0,30.15,1020.6,10.0,,CLR,,,,,,,,,,,,,,,63.86,KITH 050256Z AUTO 19006KT 10SM CLR 18/13 A3015 RMK AO2 53002 T01770133 SLP206,,3.086664,17.700000000000003,0
ITH,2015-06-04 23:56:00,-76.4584,42.491,335.0,63.0,54.86,74.83,190.0,8.0,0.0,30.15,1020.6,10.0,,FEW,SCT,BKN,,2600.0,6000.0,7500.0,,,,,,,,,62.96,KITH 050356Z AUTO 19008KT 10SM FEW026 SCT060 BKN075 17/13 A3015 RMK AO2 T01720127 402380094 BKN V SCT SLP206,,4.115552,17.22222222222222,6
ITH,2015-06-05 00:56:00,-76.4584,42.491,335.0,61.88,54.86,77.74,180.0,9.0,0.0,30.15,1020.5,10.0,,SCT,BKN,OVC,,2000.0,6000.0,7500.0,,,,,,,,,61.88,KITH 050456Z AUTO 18009KT 10SM SCT020 BKN060 OVC075 17/13 A3015 RMK AO2 T01660127 SLP205,,4.629996,16.6,8
ITH,2015-06-05 01:04:00,-76.4584,42.491,335.0,62.6,55.4,77.29,180.0,7.0,0.0001,30.14,,10.0,,BKN,BKN,OVC,,1800.0,5500.0,7500.0,,-RA,,,,,,,62.6,KITH 050504Z AUTO 18007KT 10SM -RA BKN018 BKN055 OVC075 17/13 A3014 RMK AO2 RAB02 P0000,,3.601108,17.0,8
ITH,2015-06-05 01:42:00,-76.4584,42.491,335.0,60.8,55.4,82.37,170.0,7.0,0.0001,30.12,,10.0,,BKN,BKN,OVC,,1300.0,5500.0,7500.0,,,,,,,,,60.8,KITH 050542Z AUTO 17007KT 10SM BKN013 BKN055 OVC075 16/13 A3012 RMK AO2 BKN V SCT RAB02E42 P0000,,3.601108,16.0,8
ITH,2015-06-05 01:56:00,-76.4584,42.491,335.0,59.0,56.0,89.57,170.0,10.0,0.0001,30.11,1019.4,10.0,,BKN,BKN,,,1300.0,7500.0,,,,,,,,,,59.0,KITH 050556Z AUTO 17010KT 10SM BKN013 BKN075 15/13 A3011 RMK AO2 58010 60000 T01500133 10200 20150 BKN V SCT RAB02E49 P0000 SLP194,,5.14444,15.0,6
ITH,2015-06-05 02:56:00,-76.4584,42.491,335.0,59.0,56.0,89.57,180.0,10.0,0.0,30.11,1019.2,10.0,,OVC,,,,900.0,,,,,,,,,,,59.0,KITH 050656Z AUTO 18010KT 10SM OVC009 15/13 A3011 RMK AO2 T01500133 SLP192,,5.14444,15.0,8
ITH,2015-06-05 03:56:00,-76.4584,42.491,335.0,59.0,54.86,86.12,180.0,6.0,0.0,30.11,1019.4,10.0,,OVC,,,,900.0,,,,,,,,,,,59.0,KITH 050756Z AUTO 18006KT 10SM OVC009 15/13 A3011 RMK AO2 T01500127 SLP194,,3.086664,15.0,8
ITH,2015-06-05 04:06:00,-76.4584,42.491,335.0,59.0,55.4,87.83,180.0,7.0,0.0,30.11,,10.0,,OVC,,,,1100.0,,,,,,,,,,,59.0,KITH 050806Z AUTO 18007KT 10SM OVC011 15/13 A3011 RMK AO2,,3.601108,15.0,8
ITH,2015-06-05 04:56:00,-76.4584,42.491,335.0,58.0,54.0,86.63,180.0,7.0,0.0,30.11,1019.3,10.0,,OVC,,,,1100.0,,,,,,,,,,,57.92,KITH 050856Z AUTO 18007KT 10SM OVC011 14/12 A3011 RMK AO2 56003 T01440122 SLP193,,3.601108,14.444444444444445,8
ITH,2015-06-05 05:56:00,-76.4584,42.491,335.0,58.0,54.0,86.63,180.0,8.0,0.0,30.1,1019.0,10.0,,BKN,BKN,OVC,,1300.0,8500.0,11000.0,,,,,,,,,57.92,KITH 050956Z AUTO 18008KT 10SM BKN013 BKN085 OVC110 14/12 A3010 RMK AO2 T01440122 SLP190,,4.115552,14.444444444444445,8
ITH,2015-06-05 06:27:00,-76.4584,42.491,335.0,57.2,53.6,87.74,150.0,3.0,0.0,30.1,,10.0,,OVC,,,,1300.0,,,,,,,,,,,57.2,KITH 051027Z 15003KT 10SM OVC013 14/12 A3010 RMK AO2,,1.543332,14.000000000000002,8
ITH,2015-06-05 06:56:00,-76.4584,42.491,335.0,58.0,54.0,86.63,180.0,5.0,0.0,30.11,1019.2,10.0,,OVC,,,,1300.0,,,,,,,,,,,57.92,KITH 051056Z 18005KT 10SM OVC013 14/12 A3011 RMK AO2 T01440122 SLP192,,2.57222,14.444444444444445,8
ITH,2015-06-05 07:56:00,-76.4584,42.491,335.0,60.0,54.86,83.4,170.0,7.0,0.0,30.1,1018.9,10.0,,OVC,,,,1200.0,,,,,,,,,,,59.9,KITH 051156Z 17007KT 10SM OVC012 16/13 A3010 RMK AO2 56003 T01550127 10150 20144 SLP189,,3.601108,15.555555555555555,8
ITH,2015-06-05 08:56:00,-76.4584,42.491,335.0,61.0,54.86,80.26,170.0,6.0,0.0,30.1,1018.8,10.0,,OVC,,,,1200.0,,,,,,,,,,,60.98,KITH 051256Z 17006KT 10SM OVC012 16/13 A3010 RMK AO2 T01610127 SLP188,,3.086664,16.11111111111111,8
ITH,2015-06-05 09:56:00,-76.4584,42.491,335.0,63.0,54.86,74.83,160.0,7.0,0.0,30.09,1018.5,10.0,,FEW,BKN,,,1400.0,9500.0,,,,,,,,,,62.96,KITH 051356Z 16007KT 10SM FEW014 BKN095 17/13 A3009 RMK AO2 T01720127 SLP185,,3.601108,17.22222222222222,6
ITH,2015-06-05 10:56:00,-76.4584,42.491,335.0,67.0,56.84,70.03,190.0,5.0,0.0,30.07,1018.0,10.0,,BKN,,,,10000.0,,,,,,,,,,,66.92,KITH 051456Z 19005KT 10SM BKN100 19/14 A3007 RMK AO2 58008 T01940138 BKN V SCT SLP180,,2.57222,19.444444444444443,6
ITH,2015-06-05 11:56:00,-76.4584,42.491,335.0,72.0,58.0,61.28,210.0,4.0,0.0,30.06,1017.6,10.0,,FEW,,,,4400.0,,,,,,,,,,,71.96,KITH 051556Z 21004KT 10SM FEW044 22/14 A3006 RMK AO2 T02220144 SLP176,,2.057776,22.22222222222222,2
ITH,2015-06-05 12:56:00,-76.4584,42.491,335.0,74.84,59.0,57.81,0.0,0.0,0.0,30.04,1016.7,10.0,,BKN,,,,7500.0,,,,,,,,,,,74.84,KITH 051656Z 00000KT 10SM BKN075 24/15 A3004 RMK AO2 T02380150 SLP167,,0.0,23.8,6
ITH,2015-06-05 13:56:00,-76.4584,42.491,335.0,74.84,60.0,59.7,130.0,3.0,0.0,30.01,1016.0,10.0,,BKN,,,,3500.0,,,,,,,,,,,74.84,KITH 051756Z 13003KT 10SM BKN035 24/16 A3001 RMK AO2 58019 T02380155 10244 20150 SLP160,,1.543332,23.8,6
ITH,2015-06-05 14:56:00,-76.4584,42.491,335.0,78.0,60.0,53.93,0.0,0.0,0.0,29.99,1015.1,10.0,,BKN,,,,3900.0,,,,,,,,,,,77.9,KITH 051856Z 00000KT 10SM BKN039 26/16 A2999 RMK AO2 T02550155 SLP151,,0.0,25.555555555555557,6
ITH,2015-06-05 15:56:00,-76.4584,42.491,335.0,78.0,61.0,56.04,0.0,0.0,0.0,29.96,1014.2,10.0,,SCT,,,,4700.0,,,,,,,,,,,77.9,KITH 051956Z 00000KT 10SM SCT047 26/16 A2996 RMK AO2 T02550161 SLP142,,0.0,25.555555555555557,4
ITH,2015-06-05 16:56:00,-76.4584,42.491,335.0,79.0,60.0,52.04,0.0,0.0,0.0,29.95,1013.6,10.0,,BKN,,,,6000.0,,,,,,,,,,,80.1,KITH 052056Z 00000KT 10SM BKN060 26/16 A2995 RMK AO2 56022 T02610155 SLP136,,0.0,26.11111111111111,6
ITH,2015-06-05 17:56:00,-76.4584,42.491,335.0,76.0,61.0,59.84,0.0,0.0,0.0001,29.93,1013.1,10.0,,BKN,BKN,,,4600.0,8000.0,,,-RA,,,,,,,75.92,KITH 052156Z 00000KT 10SM -RA BKN046 BKN080 24/16 A2993 RMK AO2 T02440161 RAB55 P0000 SLP131,,0.0,24.444444444444443,6
ITH,2015-06-05 18:56:00,-76.4584,42.491,335.0,72.86,63.86,73.39,180.0,3.0,0.0001,29.94,1013.4,10.0,,SCT,BKN,,,2900.0,5500.0,,,-SHRA,,,,,,,72.86,KITH 052256Z 18003KT 10SM -SHRA SCT029 BKN055 23/18 A2994 RMK AO2 T02270177 RAE16B33E54SHRAB16E33B54 P0000 SLP134,,1.543332,22.700000000000003,6
ITH,2015-06-05 19:56:00,-76.4584,42.491,335.0,69.0,61.88,78.32,320.0,5.0,0.0001,29.94,1013.5,10.0,,BKN,,,,6500.0,,,,,,,,,,,68.9,KITH 052356Z 32005KT 10SM BKN065 21/17 A2994 RMK AO2 55003 60000 T02050166 10272 20205 SHRAE23 P0000 SLP135,,2.57222,20.555555555555557,6
ITH,2015-06-05 20:56:00,-76.4584,42.491,335.0,65.0,63.0,93.3,0.0,0.0,0.03,29.94,1013.7,10.0,,FEW,BKN,,,3000.0,10000.0,,,,,,,,,,64.94,KITH 060056Z 00000KT 10SM FEW030 BKN100 18/17 A2994 RMK AO2 T01830172 RAB00E33 P0003 SLP137,,0.0,18.333333333333332,6
ITH,2015-06-05 21:56:00,-76.4584,42.491,335.0,65.0,63.86,96.3,0.0,0.0,0.0,29.95,1013.7,10.0,,BKN,,,,6000.0,,,,,,,,,,,64.94,KITH 060156Z 00000KT 10SM BKN060 18/18 A2995 RMK AO2 T01830177 LTG DSNT N AND NE SLP137,,0.0,18.333333333333332,6
ITH,2015-06-05 22:08:00,-76.4584,42.491,335.0,64.4,64.4,100.0,0.0,0.0,0.0,29.95,,10.0,,BKN,OVC,,,4800.0,6000.0,,,VCTS,,,,,,,64.4,KITH 060208Z AUTO 00000KT 10SM VCTS BKN048 OVC060 18/18 A2995 RMK AO2 BKN V OVC LTG DSNT N AND NE TSB02,,0.0,18.000000000000004,8
ITH,2015-06-05 22:56:00,-76.4584,42.491,335.0,63.86,61.0,90.35,300.0,10.0,0.0,29.97,1014.4,10.0,,SCT,BKN,OVC,,1700.0,2500.0,4300.0,,VCTS,,,,,,,63.86,KITH 060256Z AUTO 30010KT 10SM VCTS SCT017 BKN025 OVC043 18/16 A2997 RMK AO2 53007 60003 T01770161 BKN V SCT LTG DSNT NE AND E AND SW TSB02 SLP144,,5.14444,17.700000000000003,8
ITH,2015-06-05 23:02:00,-76.4584,42.491,335.0,62.6,60.8,93.83,310.0,16.0,0.04,29.97,,8.0,,FEW,BKN,OVC,,800.0,1400.0,3600.0,,VCTSRA,,,,,,,62.6,KITH 060302Z AUTO 31016KT 8SM VCTSRA FEW008 BKN014 OVC036 17/16 A2997 RMK AO2 LTG DSNT ALQDS RAB0259 P0004,,8.231104,17.0,8
ITH,2015-06-05 23:14:00,-76.4584,42.491,335.0,62.6,60.8,93.83,330.0,7.0,0.09,29.97,,7.0,,FEW,SCT,BKN,,800.0,1400.0,3900.0,,RA,,,,,,,62.6,KITH 060314Z AUTO 33007KT 7SM RA FEW008 SCT014 BKN039 17/16 A2997 RMK AO2 LTG DSNT E-SW TSE08RAB0259 P0009,,3.601108,17.0,6
ITH,2015-06-05 23:56:00,-76.4584,42.491,335.0,63.0,61.88,96.26,0.0,0.0,0.13,29.97,1014.3,8.0,,SCT,BKN,OVC,,900.0,5500.0,10000.0,,-RA,,,,,,,62.96,KITH 060356Z AUTO 00000KT 8SM -RA SCT009 BKN055 OVC100 17/17 A2997 RMK AO2 T01720166 402720144 LTG DSNT E-S TSE08RAB0259 P0013 SLP143,,0.0,17.22222222222222,8
ITH,2015-06-06 00:04:00,-76.4584,42.491,335.0,62.6,62.6,100.0,280.0,6.0,0.0001,29.97,,2.5,,SCT,BKN,OVC,,300.0,900.0,10000.0,,-RA BR,,,,,,,62.6,KITH 060404Z AUTO 28006KT 2 1/2SM -RA BR SCT003 BKN009 OVC100 17/17 A2997 RMK AO2 LTG DSNT E-S P0000,,3.086664,17.0,8
ITH,2015-06-06 00:06:00,-76.4584,42.491,335.0,62.6,62.6,100.0,290.0,5.0,0.0001,29.97,,1.25,,SCT,BKN,OVC,,300.0,900.0,10000.0,,-RA BR,,,,,,,62.6,KITH 060406Z AUTO 29005KT 1 1/4SM -RA BR SCT003 BKN009 OVC100 17/17 A2997 RMK AO2 LTG DSNT E-S P0000,,2.57222,17.0,8
ITH,2015-06-06 00:08:00,-76.4584,42.491,335.0,62.6,62.6,100.0,290.0,5.0,0.0001,29.97,,0.75,,SCT,BKN,OVC,,300.0,900.0,10000.0,,BR,,,,,,,62.6,KITH 060408Z AUTO 29005KT 3/4SM R32/3000VP6000FT BR SCT003 BKN009 OVC100 17/17 A2997 RMK AO2 LTG DSNT E-S RAE07 P0000,,2.57222,17.0,8
ITH,2015-06-06 00:11:00,-76.4584,42.491,335.0,62.6,62.6,100.0,300.0,3.0,0.0001,29.97,,0.5,,BKN,BKN,OVC,,300.0,900.0,10000.0,,-RA FG,,,,,,,62.6,KITH 060411Z AUTO 30003KT 1/2SM R32/2800VP6000FT -RA FG BKN003 BKN009 OVC100 17/17 A2997 RMK AO2 BKN V SCT LTG DSNT E P0000,,1.543332,17.0,8
ITH,2015-06-06 00:20:00,-76.4584,42.491,335.0,62.6,62.6,100.0,0.0,0.0,0.0001,29.97,,0.25,,BKN,OVC,,,300.0,900.0,,,-RA FG,,,,,,,62.6,KITH 060420Z AUTO 00000KT 1/4SM R32/2000VP6000FT -RA FG BKN003 OVC009 17/17 A2997 RMK AO2 CIG 001V007 P0000,,0.0,17.0,8
ITH,2015-06-06 00:34:00,-76.4584,42.491,335.0,62.6,62.6,100.0,320.0,3.0,0.0001,29.97,,0.25,,OVC,,,,300.0,,,,FG,,,,,,,62.6,KITH 060434Z AUTO 32003KT 1/4SM R32/1400V1600FT FG OVC003 17/17 A2997 RMK AO2 RAE28 P0000,,1.543332,17.0,8
ITH,2015-06-06 00:45:00,-76.4584,42.491,335.0,62.6,62.6,100.0,320.0,4.0,0.0001,29.97,,0.5,,OVC,,,,300.0,,,,-RA FG,,,,,,,62.6,KITH 060445Z AUTO 32004KT 1/2SM R32/1600V3000FT -RA FG OVC003 17/17 A2997 RMK AO2 P0000,,2.057776,17.0,8
ITH,2015-06-06 00:56:00,-76.4584,42.491,335.0,61.88,61.88,100.0,310.0,4.0,0.0001,29.97,1014.3,0.75,,OVC,,,,300.0,,,,-RA BR,,,,,,,61.88,KITH 060456Z AUTO 31004KT 3/4SM R32/3500VP6000FT -RA BR OVC003 17/17 A2997 RMK AO2 T01660166 P0000 SLP143,,2.057776,16.6,8
ITH,2015-06-06 01:04:00,-76.4584,42.491,335.0,62.6,62.6,100.0,300.0,6.0,0.0001,29.97,,0.25,,OVC,,,,300.0,,,,-RA FG,,,,,,,62.6,KITH 060504Z AUTO 30006KT 1/4SM R32/1000VP6000FT -RA FG OVC003 17/17 A2997 RMK AO2 P0000,,3.086664,17.0,8
ITH,2015-06-06 01:08:00,-76.4584,42.491,335.0,62.6,60.8,93.83,310.0,5.0,0.0001,29.97,,,,OVC,,,,100.0,,,,-RA,,,,,,,62.6,KITH 060508Z AUTO 31005KT R32/1000VP6000FT -RA OVC001 17/16 A2997 RMK AO2 P0000,,2.57222,17.0,8
ITH,2015-06-06 01:17:00,-76.4584,42.491,335.0,60.8,60.8,100.0,310.0,5.0,0.0001,29.97,,,,OVC,,,,100.0,,,,,,,,,,,60.8,KITH 060517Z AUTO 31005KT R32/1200V2000FT OVC001 16/16 A2997 RMK AO2 RAE11 P0000 $,,2.57222,16.0,8
ITH,2015-06-06 01:20:00,-76.4584,42.491,335.0,60.8,60.8,100.0,290.0,5.0,0.0001,29.96,,0.25,,OVC,,,,100.0,,,,FG,,,,,,,60.8,KITH 060520Z AUTO 29005KT 1/4SM R32/1400V3500FT FG OVC001 16/16 A2996 RMK AO2 RAE11 P0000 $,,2.57222,16.0,8
ITH,2015-06-06 01:39:00,-76.4584,42.491,335.0,60.8,60.8,100.0,300.0,9.0,0.0001,29.97,,0.25,,OVC,,,,100.0,,,,FG,,,,,,,60.8,KITH 060539Z AUTO 30009KT 1/4SM R32/0800V1000FT FG OVC001 16/16 A2997 RMK AO2 RAE11 P0000,,4.629996,16.0,8
ITH,2015-06-06 01:56:00,-76.4584,42.491,335.0,60.0,60.0,100.0,320.0,3.0,0.01,29.97,1014.4,,,OVC,,,,100.0,,,,-RA,,,,,,,59.9,KITH 060556Z AUTO 32003KT R32/1000V1400FT -RA OVC001 16/16 A2997 RMK AO2 51003 60017 T01550155 10205 20155 RAE11B42 P0001 SLP144,,1.543332,15.555555555555555,8
ITH,2015-06-06 02:05:00,-76.4584,42.491,335.0,60.8,60.8,100.0,300.0,6.0,0.0001,29.97,,0.25,,OVC,,,,100.0,,,,-RA FG,,,,,,,60.8,KITH 060605Z AUTO 30006KT 1/4SM R32/1000V1600FT -RA FG OVC001 16/16 A2997 RMK AO2 P0000 $,,3.086664,16.0,8
ITH,2015-06-06 02:12:00,-76.4584,42.491,335.0,60.8,60.8,100.0,310.0,5.0,0.0001,29.97,,,,OVC,,,,100.0,,,,-RA,,,,,,,60.8,KITH 060612Z AUTO 31005KT R32/1000V1600FT -RA OVC001 16/16 A2997 RMK AO2 P0000 $,,2.57222,16.0,8
ITH,2015-06-06 02:56:00,-76.4584,42.491,335.0,60.0,59.0,96.84,310.0,7.0,0.0001,29.97,1014.3,0.25,,OVC,,,,100.0,,,,FG,,,,,,,59.9,KITH 060656Z AUTO 31007KT 1/4SM R32/1000V1400FT FG OVC001 16/15 A2997 RMK AO2 T01550150 RAE26 P0000 SLP143 $,,3.601108,15.555555555555555,8
ITH,2015-06-06 03:16:00,-76.4584,42.491,335.0,59.0,59.0,100.0,310.0,8.0,0.0,29.97,,0.25,,OVC,,,,100.0,,,,FG,,,,,,,59.0,KITH 060716Z AUTO 31008KT M1/4SM R32/1000FT FG OVC001 15/15 A2997 RMK AO2,,4.115552,15.0,8
ITH,2015-06-06 03:25:00,-76.4584,42.491,335.0,59.0,59.0,100.0,320.0,7.0,0.0001,29.97,,0.25,,OVC,,,,100.0,,,,-RA FG,,,,,,,59.0,KITH 060725Z AUTO 32007KT 1/4SM R32/1000V1400FT -RA FG OVC001 15/15 A2997 RMK AO2 RAB25 P0000,,3.601108,15.0,8
ITH,2015-06-06 03:47:00,-76.4584,42.491,335.0,59.0,59.0,100.0,330.0,4.0,0.0001,29.97,,0.75,,OVC,,,,100.0,,,,-RA BR,,,,,,,59.0,KITH 060747Z AUTO 33004KT 3/4SM R32/1600VP6000FT -RA BR OVC001 15/15 A2997 RMK AO2 RAB25 P0000,,2.057776,15.0,8
ITH,2015-06-06 03:56:00,-76.4584,42.491,335.0,60.0,59.0,96.84,320.0,5.0,0.0001,29.97,1014.4,1.0,,OVC,,,,100.0,,,,-RA BR,,,,,,,59.9,KITH 060756Z AUTO 32005KT 1SM R32/3000VP6000FT -RA BR OVC001 16/15 A2997 RMK AO2 T01550150 RAB25 P0000 SLP144,,2.57222,15.555555555555555,8
ITH,2015-06-06 04:03:00,-76.4584,42.491,335.0,60.8,59.0,93.79,320.0,6.0,0.0001,29.97,,0.75,,OVC,,,,100.0,,,,-RA BR,,,,,,,60.8,KITH 060803Z AUTO 32006KT 3/4SM R32/1600V5000FT -RA BR OVC001 16/15 A2997 RMK AO2 P0000,,3.086664,16.0,8
ITH,2015-06-06 04:09:00,-76.4584,42.491,335.0,60.8,60.8,100.0,350.0,6.0,0.0001,29.97,,1.25,,OVC,,,,100.0,,,,-RA BR,,,,,,,60.8,KITH 060809Z AUTO 35006KT 1 1/4SM -RA BR OVC001 16/16 A2997 RMK AO2 P0000,,3.086664,16.0,8
ITH,2015-06-06 04:13:00,-76.4584,42.491,335.0,60.8,60.8,100.0,350.0,8.0,0.0001,29.97,,2.0,,OVC,,,,100.0,,,,-RA BR,,,,,,,60.8,KITH 060813Z AUTO 35008KT 2SM -RA BR OVC001 16/16 A2997 RMK AO2 P0000,,4.115552,16.0,8
ITH,2015-06-06 04:23:00,-76.4584,42.491,335.0,60.8,60.8,100.0,360.0,5.0,0.0001,29.98,,5.0,,OVC,,,,100.0,,,,-RA BR,,,,,,,60.8,KITH 060823Z AUTO 36005KT 5SM -RA BR OVC001 16/16 A2998 RMK AO2 P0000,,2.57222,16.0,8
ITH,2015-06-06 04:37:00,-76.4584,42.491,335.0,60.8,59.0,93.79,340.0,6.0,0.0001,29.98,,5.0,,BKN,OVC,,,300.0,600.0,,,-RA BR,,,,,,,60.8,KITH 060837Z AUTO 34006KT 5SM -RA BR BKN003 OVC006 16/15 A2998 RMK AO2 CIG 001V006 P0000,,3.086664,16.0,8
ITH,2015-06-06 04:49:00,-76.4584,42.491,335.0,60.8,59.0,93.79,340.0,7.0,0.0001,29.99,,9.0,,OVC,,,,600.0,,,,-RA,,,,,,,60.8,KITH 060849Z AUTO 34007KT 9SM -RA OVC006 16/15 A2999 RMK AO2 CIG 002V008 P0000,,3.601108,16.0,8
ITH,2015-06-06 04:56:00,-76.4584,42.491,335.0,59.0,59.0,100.0,350.0,6.0,0.0001,29.99,1015.0,8.0,,OVC,,,,600.0,,,,,,,,,,,59.0,KITH 060856Z AUTO 35006KT 8SM OVC006 15/15 A2999 RMK AO2 53005 60000 T01500150 CIG 003V008 RAE51 P0000 SLP150,,3.086664,15.0,8
ITH,2015-06-06 05:37:00,-76.4584,42.491,335.0,57.2,57.2,100.0,340.0,7.0,0.0,30.0,,10.0,,BKN,OVC,,,1000.0,2900.0,,,,,,,,,,57.2,KITH 060937Z AUTO 34007KT 10SM BKN010 OVC029 14/14 A3000 RMK AO2 CIG 006V013,,3.601108,14.000000000000002,8
ITH,2015-06-06 05:56:00,-76.4584,42.491,335.0,58.0,58.0,100.0,330.0,5.0,0.0,30.01,1015.9,10.0,,SCT,BKN,OVC,,1000.0,2400.0,3500.0,,,,,,,,,57.92,KITH 060956Z AUTO 33005KT 10SM SCT010 BKN024 OVC035 14/14 A3001 RMK AO2 T01440144 SLP159,,2.57222,14.444444444444445,8
ITH,2015-06-06 06:18:00,-76.4584,42.491,335.0,57.2,57.2,100.0,300.0,5.0,0.0,30.02,,0.5,,FEW,OVC,,,100.0,2800.0,,,FG,,,,,,,57.2,KITH 061018Z 30005KT 1/2SM R32/1200VP6000FT FG FEW001 OVC028 14/14 A3002 RMK AO2,,2.57222,14.000000000000002,8
ITH,2015-06-06 06:25:00,-76.4584,42.491,335.0,57.2,57.2,100.0,300.0,7.0,0.0,30.02,,0.25,,SCT,OVC,,,100.0,2800.0,,,FG,,,,,,,57.2,KITH 061025Z 30007KT M1/4SM R32/1200VP6000FT FG SCT001 OVC028 14/14 A3002 RMK AO2,,3.601108,14.000000000000002,8
ITH,2015-06-06 06:27:00,-76.4584,42.491,335.0,57.2,57.2,100.0,300.0,7.0,0.0,30.02,,0.25,,VV ,,,,100.0,,,,FG,,,,,,,57.2,KITH 061027Z 30007KT 1/4SM R32/1200V6000FT FG VV001 14/14 A3002 RMK AO2,,3.601108,14.000000000000002,-1
ITH,2015-06-06 06:56:00,-76.4584,42.491,335.0,58.0,56.84,96.18,340.0,7.0,0.0001,30.03,1016.5,4.0,,OVC,,,,400.0,,,,BR,,,,,,,57.92,KITH 061056Z 34007KT 4SM BR OVC004 14/14 A3003 RMK AO2 T01440138 RAB35E56 P0000 SLP165,,3.601108,14.444444444444445,8
ITH,2015-06-06 07:56:00,-76.4584,42.491,335.0,52.88,52.88,100.0,300.0,9.0,0.0001,30.05,1017.6,5.0,,OVC,,,,300.0,,,,BR,,,,,,,52.88,KITH 061156Z 30009KT 5SM BR OVC003 12/12 A3005 RMK AO2 51022 60000 70017 T01160116 10155 20116 RAB1058E00 P0000 SLP176,,4.629996,11.600000000000001,8
ITH,2015-06-06 08:39:00,-76.4584,42.491,335.0,53.6,53.6,100.0,310.0,7.0,0.0,30.08,,8.0,,OVC,,,,500.0,,,,,,,,,,,53.6,KITH 061239Z 31007KT 8SM OVC005 12/12 A3008 RMK AO2,,3.601108,12.0,8
ITH,2015-06-06 08:56:00,-76.4584,42.491,335.0,52.88,52.88,100.0,320.0,7.0,0.0,30.09,1018.9,10.0,,OVC,,,,500.0,,,,,,,,,,,52.88,KITH 061256Z 32007KT 10SM OVC005 12/12 A3009 RMK AO2 T01160116 SLP189,,3.601108,11.600000000000001,8
ITH,2015-06-06 09:56:00,-76.4584,42.491,335.0,54.0,52.0,92.99,310.0,7.0,0.0,30.11,1019.5,10.0,,OVC,,,,700.0,,,,,,,,,,,53.96,KITH 061356Z 31007KT 10SM OVC007 12/11 A3011 RMK AO2 T01220111 SLP195,,3.601108,12.222222222222221,8
ITH,2015-06-06 10:56:00,-76.4584,42.491,335.0,54.86,51.0,86.46,300.0,10.0,0.0,30.13,1020.3,10.0,,OVC,,,,700.0,,,,,,,,,,,54.86,KITH 061456Z 30010KT 10SM OVC007 13/11 A3013 RMK AO2 51026 T01270105 SLP203,,5.14444,12.7,8
ITH,2015-06-06 11:03:00,-76.4584,42.491,335.0,55.4,50.0,81.99,300.0,12.0,0.0,30.13,,10.0,,OVC,,,,1300.0,,,,,,,,,,,55.4,KITH 061503Z 30012KT 10SM OVC013 13/10 A3013 RMK AO2,,6.173328,13.0,8
ITH,2015-06-06 11:56:00,-76.4584,42.491,335.0,58.0,50.0,74.86,290.0,12.0,0.0,30.14,1020.4,10.0,,OVC,,,,1300.0,,,,,,,,,,,57.92,KITH 061556Z 29012KT 10SM OVC013 14/10 A3014 RMK AO2 T01440100 SLP204,,6.173328,14.444444444444445,8
ITH,2015-06-06 12:37:00,-76.4584,42.491,335.0,60.8,51.8,72.2,300.0,15.0,0.0,30.13,,10.0,,BKN,,,,1900.0,,,,,,,,,,,60.8,KITH 061637Z 30015KT 10SM BKN019 16/11 A3013 RMK AO2,,7.71666,16.0,6
ITH,2015-06-06 12:56:00,-76.4584,42.491,335.0,60.0,51.0,72.11,290.0,14.0,0.0,30.13,1020.1,10.0,,BKN,,,,2400.0,,,,,,,,,,,59.9,KITH 061656Z 29014KT 10SM BKN024 16/11 A3013 RMK AO2 T01550105 SLP201,,7.202216,15.555555555555555,6
ITH,2015-06-06 13:56:00,-76.4584,42.491,335.0,61.88,50.0,65.01,300.0,15.0,0.0,30.13,1020.1,10.0,,SCT,BKN,,,2700.0,3400.0,,,,,,,,,,61.88,KITH 061756Z 30015KT 10SM SCT027 BKN034 17/10 A3013 RMK AO2 58001 T01660100 10166 20116 SLP201,,7.71666,16.6,6
ITH,2015-06-06 14:56:00,-76.4584,42.491,335.0,61.0,47.84,61.91,300.0,15.0,0.0,30.12,1019.9,10.0,,SCT,,,,2900.0,,,,,,,,,,,60.98,KITH 061856Z 30015KT 10SM SCT029 16/09 A3012 RMK AO2 T01610088 SLP199,,7.71666,16.11111111111111,4
ITH,2015-06-06 15:56:00,-76.4584,42.491,335.0,61.88,47.0,57.97,300.0,16.0,0.0,30.12,1020.0,10.0,,FEW,,,,4000.0,,,,,,,,,,,61.88,KITH 061956Z 30016KT 10SM FEW040 17/08 A3012 RMK AO2 T01660083 SLP200,,8.231104,16.6,2
ITH,2015-06-06 16:56:00,-76.4584,42.491,335.0,61.0,45.0,55.52,300.0,18.0,0.0,30.13,1020.2,10.0,,FEW,,,,4000.0,,,,,,,,,,,60.98,KITH 062056Z 30018KT 10SM FEW040 16/07 A3013 RMK AO2 53002 T01610072 SLP202,,9.259992,16.11111111111111,2
ITH,2015-06-06 17:56:00,-76.4584,42.491,335.0,61.0,45.0,55.52,290.0,11.0,0.0,30.12,1019.8,10.0,,CLR,,,,,,,,,,,,,,,60.98,KITH 062156Z 29011KT 10SM CLR 16/07 A3012 RMK AO2 T01610072 SLP198,,5.6588840000000005,16.11111111111111,0
ITH,2015-06-06 18:56:00,-76.4584,42.491,335.0,60.0,43.88,55.37,300.0,10.0,0.0,30.13,1020.5,10.0,,CLR,,,,,,,,,,,,,,,59.9,KITH 062256Z 30010KT 10SM CLR 16/07 A3013 RMK AO2 T01550066 SLP205,,5.14444,15.555555555555555,0
ITH,2015-06-06 19:56:00,-76.4584,42.491,335.0,56.84,43.88,61.79,300.0,6.0,0.0,30.15,1021.0,10.0,,CLR,,,,,,,,,,,,,,,56.84,KITH 062356Z 30006KT 10SM CLR 14/07 A3015 RMK AO2 53004 T01380066 10166 20138 SLP210,,3.086664,13.800000000000002,0
ITH,2015-06-06 20:56:00,-76.4584,42.491,335.0,52.0,42.0,68.38,330.0,5.0,0.0,30.16,1021.4,10.0,,CLR,,,,,,,,,,,,,,,51.98,KITH 070056Z 33005KT 10SM CLR 11/06 A3016 RMK AO2 T01110055 SLP214,,2.57222,11.11111111111111,0
ITH,2015-06-06 21:56:00,-76.4584,42.491,335.0,45.86,43.88,92.74,0.0,0.0,0.0,30.17,1022.0,10.0,,CLR,,,,,,,,,,,,,,,45.86,KITH 070156Z 00000KT 10SM CLR 08/07 A3017 RMK AO2 T00770066 SLP220,,0.0,7.699999999999999,0
ITH,2015-06-06 22:56:00,-76.4584,42.491,335.0,43.88,43.0,96.61,20.0,3.0,0.0,30.16,1021.8,10.0,,CLR,,,,,,,,,,,,,,,42.27,KITH 070256Z AUTO 02003KT 10SM CLR 07/06 A3016 RMK AO2 50005 T00660061 SLP218,,1.543332,6.600000000000001,0
ITH,2015-06-06 23:56:00,-76.4584,42.491,335.0,43.0,42.0,95.93,0.0,0.0,0.0,30.16,1021.7,10.0,,CLR,,,,,,,,,,,,,,,42.98,KITH 070356Z AUTO 00000KT 10SM CLR 06/06 A3016 RMK AO2 T00610055 401720061 SLP217,,0.0,6.111111111111111,0
ITH,2015-06-07 00:56:00,-76.4584,42.491,335.0,43.0,42.0,95.93,0.0,0.0,0.0,30.15,1021.3,10.0,,CLR,,,,,,,,,,,,,,,42.98,KITH 070456Z AUTO 00000KT 10SM CLR 06/06 A3015 RMK AO2 T00610055 SLP213,,0.0,6.111111111111111,0
ITH,2015-06-07 01:56:00,-76.4584,42.491,335.0,41.0,41.0,100.0,0.0,0.0,0.0,30.15,1021.3,10.0,,CLR,,,,,,,,,,,,,,,41.0,KITH 070556Z AUTO 00000KT 10SM CLR 05/05 A3015 RMK AO2 56004 T00500050 10138 20044 SLP213,,0.0,5.0,0
ITH,2015-06-07 02:56:00,-76.4584,42.491,335.0,41.0,40.0,95.9,0.0,0.0,0.0,30.15,1021.4,10.0,,CLR,,,,,,,,,,,,,,,41.0,KITH 070656Z AUTO 00000KT 10SM CLR 05/04 A3015 RMK AO2 T00500044 SLP214,,0.0,5.0,0
ITH,2015-06-07 03:56:00,-76.4584,42.491,335.0,42.0,41.0,96.58,80.0,3.0,0.0,30.17,1021.8,10.0,,CLR,,,,,,,,,,,,,,,40.01,KITH 070756Z AUTO 08003KT 10SM CLR 06/05 A3017 RMK AO2 T00550050 SLP218,,1.543332,5.555555555555555,0
ITH,2015-06-07 04:56:00,-76.4584,42.491,335.0,41.0,40.0,95.9,90.0,4.0,0.0,30.14,1021.0,10.0,,CLR,,,,,,,,,,,,,,,37.93,KITH 070856Z AUTO 09004KT 10SM CLR 05/04 A3014 RMK AO2 58002 T00500044 SLP210,,2.057776,5.0,0
ITH,2015-06-07 05:56:00,-76.4584,42.491,335.0,41.0,40.0,95.9,70.0,3.0,0.0,30.16,1021.7,10.0,,CLR,,,,,,,,,,,,,,,38.98,KITH 070956Z AUTO 07003KT 10SM CLR 05/04 A3016 RMK AO2 T00500044 SLP217,,1.543332,5.0,0
ITH,2015-06-07 06:27:00,-76.4584,42.491,335.0,42.8,42.8,100.0,0.0,0.0,0.0,30.16,,10.0,,CLR,,,,,,,,,,,,,,,42.8,KITH 071027Z 00000KT 10SM CLR 06/06 A3016 RMK AO2,,0.0,5.999999999999998,0
ITH,2015-06-07 06:56:00,-76.4584,42.491,335.0,45.86,43.0,89.6,90.0,3.0,0.0,30.17,1021.7,10.0,,CLR,,,,,,,,,,,,,,,44.53,KITH 071056Z 09003KT 10SM CLR 08/06 A3017 RMK AO2 T00770061 SLP217,,1.543332,7.699999999999999,0
ITH,2015-06-07 07:56:00,-76.4584,42.491,335.0,52.88,45.0,74.38,140.0,3.0,0.0,30.16,1021.5,10.0,,CLR,,,,,,,,,,,,,,,52.88,KITH 071156Z 14003KT 10SM CLR 12/07 A3016 RMK AO2 50006 T01160072 10116 20044 SLP215,,1.543332,11.600000000000001,0
ITH,2015-06-07 08:56:00,-76.4584,42.491,335.0,60.0,45.86,59.7,170.0,9.0,0.0,30.15,1021.2,10.0,,CLR,,,,,,,,,,,,,,,59.9,KITH 071256Z 17009KT 10SM CLR 16/08 A3015 RMK AO2 T01550077 SLP212,,4.629996,15.555555555555555,0
ITH,2015-06-07 09:56:00,-76.4584,42.491,335.0,63.86,43.88,48.14,160.0,13.0,0.0,30.14,1020.8,10.0,,CLR,,,,,,,,,,,,,,,63.86,KITH 071356Z 16013KT 10SM CLR 18/07 A3014 RMK AO2 T01770066 SLP208,,6.687772,17.700000000000003,0
ITH,2015-06-07 10:56:00,-76.4584,42.491,335.0,67.0,49.0,52.35,180.0,12.0,0.0,30.11,1019.8,10.0,,CLR,,,,,,,,,,,,,,,66.92,KITH 071456Z 18012KT 10SM CLR 19/09 A3011 RMK AO2 58017 T01940094 SLP198,,6.173328,19.444444444444443,0
ITH,2015-06-07 11:56:00,-76.4584,42.491,335.0,70.88,52.0,51.2,200.0,11.0,0.0,30.09,1019.1,10.0,,CLR,,,,,,,,,,,,,,,70.88,KITH 071556Z 20011KT 10SM CLR 22/11 A3009 RMK AO2 T02160111 SLP191,,5.6588840000000005,21.599999999999998,0
ITH,2015-06-07 12:56:00,-76.4584,42.491,335.0,70.88,54.0,55.07,210.0,16.0,0.0,30.08,1018.5,10.0,19.0,FEW,,,,2200.0,,,,,,,,,,,70.88,KITH 071656Z 21016G19KT 170V240 10SM FEW022 22/12 A3008 RMK AO2 T02160122 SLP185,,8.231104,21.599999999999998,2
ITH,2015-06-07 13:56:00,-76.4584,42.491,335.0,74.84,54.0,48.18,180.0,13.0,0.0,30.04,1017.4,10.0,22.0,SCT,,,,5000.0,,,,,,,,,,,74.84,KITH 071756Z 18013G22KT 10SM SCT050 24/12 A3004 RMK AO2 58021 T02380122 10238 20116 SLP174,,6.687772,23.8,4
ITH,2015-06-07 14:56:00,-76.4584,42.491,335.0,76.0,54.0,46.47,200.0,15.0,0.0,30.03,1016.8,10.0,,FEW,,,,6000.0,,,,,,,,,,,75.92,KITH 071856Z 20015KT 10SM FEW060 24/12 A3003 RMK AO2 T02440122 SLP168,,7.71666,24.444444444444443,2
ITH,2015-06-07 15:56:00,-76.4584,42.491,335.0,76.0,54.86,48.03,200.0,17.0,0.0,30.01,1016.4,10.0,20.0,SCT,,,,6000.0,,,,,,,,,,,75.92,KITH 071956Z 20017G20KT 10SM SCT060 24/13 A3001 RMK AO2 T02440127 SLP164,,8.745548,24.444444444444443,4
ITH,2015-06-07 16:56:00,-76.4584,42.491,335.0,74.84,56.84,53.49,170.0,13.0,0.0,29.99,1015.6,10.0,,SCT,,,,4900.0,,,,,,,,,,,74.84,KITH 072056Z 17013KT 10SM SCT049 24/14 A2999 RMK AO2 58020 T02380138 SLP156,,6.687772,23.8,4
ITH,2015-06-07 17:56:00,-76.4584,42.491,335.0,74.0,58.0,57.32,180.0,12.0,0.0,29.97,1015.0,10.0,,BKN,,,,4500.0,,,,,,,,,,,73.94,KITH 072156Z 18012KT 10SM BKN045 23/14 A2997 RMK AO2 T02330144 SLP150,,6.173328,23.333333333333332,6
ITH,2015-06-07 18:56:00,-76.4584,42.491,335.0,70.88,58.0,63.56,190.0,17.0,0.0,29.97,1014.7,10.0,23.0,SCT,,,,3500.0,,,,,,,,,,,70.88,KITH 072256Z 19017G23KT 10SM SCT035 22/14 A2997 RMK AO2 T02160144 SLP147,,8.745548,21.599999999999998,4
ITH,2015-06-07 19:56:00,-76.4584,42.491,335.0,69.0,56.84,65.42,190.0,13.0,0.0,29.96,1014.4,10.0,,FEW,,,,3800.0,,,,,,,,27.0,190.0,2015-06-07 19:23,68.9,KITH 072356Z 19013KT 10SM FEW038 21/14 A2996 RMK AO2 58011 T02050138 10250 20205 PK WND 19027/2323 SLP144,,6.687772,20.555555555555557,2
ITH,2015-06-07 20:56:00,-76.4584,42.491,335.0,67.0,56.84,70.03,180.0,13.0,0.0,29.95,1013.7,10.0,17.0,FEW,,,,3000.0,,,,,,,,,,,66.92,KITH 080056Z 18013G17KT 10SM FEW030 19/14 A2995 RMK AO2 T01940138 SLP137,,6.687772,19.444444444444443,2
ITH,2015-06-07 21:56:00,-76.4584,42.491,335.0,67.0,56.84,70.03,160.0,15.0,0.0,29.95,1013.7,10.0,,SCT,,,,3500.0,,,,,,,,,,,66.92,KITH 080156Z 16015KT 10SM SCT035 19/14 A2995 RMK AO2 T01940138 SLP137,,7.71666,19.444444444444443,4
ITH,2015-06-07 22:56:00,-76.4584,42.491,335.0,67.0,56.84,70.03,180.0,11.0,0.0,29.94,1013.6,10.0,,CLR,,,,,,,,,,,,,,,66.92,KITH 080256Z AUTO 18011KT 10SM CLR 19/14 A2994 RMK AO2 56004 T01940138 SLP136,,5.6588840000000005,19.444444444444443,0
ITH,2015-06-07 23:56:00,-76.4584,42.491,335.0,65.84,56.84,72.7,180.0,14.0,0.0,29.92,1012.8,10.0,19.0,CLR,,,,,,,,,,,,,,,65.84,KITH 080356Z AUTO 18014G19KT 10SM CLR 19/14 A2992 RMK AO2 T01880138 402500044 SLP128,,7.202216,18.8,0
ITH,2015-06-08 00:56:00,-76.4584,42.491,335.0,67.0,56.84,70.03,180.0,15.0,0.0,29.9,1011.8,10.0,22.0,CLR,,,,,,,,,,,,,,,66.92,KITH 080456Z AUTO 18015G22KT 10SM CLR 19/14 A2990 RMK AO2 T01940138 SLP118,,7.71666,19.444444444444443,0
ITH,2015-06-08 01:56:00,-76.4584,42.491,335.0,67.0,58.0,72.81,190.0,15.0,0.0,29.89,1011.5,10.0,,SCT,BKN,OVC,,8000.0,9500.0,12000.0,,,,,,,,,66.92,KITH 080556Z AUTO 19015KT 10SM SCT080 BKN095 OVC120 19/14 A2989 RMK AO2 56017 T01940144 10205 20188 SLP115,,7.71666,19.444444444444443,8
ITH,2015-06-08 02:56:00,-76.4584,42.491,335.0,67.0,58.0,72.81,180.0,16.0,0.0,29.87,1010.7,10.0,21.0,FEW,BKN,OVC,,2600.0,7000.0,8000.0,,,,,,,,,66.92,KITH 080656Z AUTO 18016G21KT 10SM FEW026 BKN070 OVC080 19/14 A2987 RMK AO2 T01940144 SLP107,,8.231104,19.444444444444443,8
ITH,2015-06-08 03:29:00,-76.4584,42.491,335.0,66.2,57.2,72.74,170.0,15.0,0.0,29.86,,10.0,21.0,BKN,OVC,,,2600.0,8500.0,,,,,,,,,,66.2,KITH 080729Z AUTO 17015G21KT 10SM BKN026 OVC085 19/14 A2986 RMK AO2,,7.71666,19.0,8
ITH,2015-06-08 03:56:00,-76.4584,42.491,335.0,65.84,58.0,75.59,180.0,16.0,0.0,29.85,1010.2,10.0,23.0,BKN,OVC,,,2400.0,9000.0,,,,,,,,,,65.84,KITH 080756Z AUTO 18016G23KT 10SM BKN024 OVC090 19/14 A2985 RMK AO2 T01880144 SLP102,,8.231104,18.8,8
ITH,2015-06-08 04:14:00,-76.4584,42.491,335.0,66.2,59.0,77.6,170.0,14.0,0.0,29.85,,10.0,21.0,FEW,OVC,,,2400.0,9000.0,,,,,,,,,,66.2,KITH 080814Z AUTO 17014G21KT 10SM FEW024 OVC090 19/15 A2985 RMK AO2,,7.202216,19.0,8
ITH,2015-06-08 04:56:00,-76.4584,42.491,335.0,65.0,60.0,83.72,180.0,15.0,0.01,29.84,1010.1,10.0,20.0,FEW,BKN,OVC,,2000.0,2800.0,8500.0,,-RA,,,,,,,64.94,KITH 080856Z AUTO 18015G20KT 10SM -RA FEW020 BKN028 OVC085 18/16 A2984 RMK AO2 56016 60001 T01830155 RAB42 P0001 SLP101,,7.71666,18.333333333333332,8
ITH,2015-06-08 05:45:00,-76.4584,42.491,335.0,62.6,60.8,93.83,170.0,12.0,0.02,29.83,,10.0,17.0,OVC,,,,1400.0,,,,,,,,,,,62.6,KITH 080945Z AUTO 17012G17KT 10SM OVC014 17/16 A2983 RMK AO2 RAE30 P0002,,6.173328,17.0,8
ITH,2015-06-08 05:56:00,-76.4584,42.491,335.0,63.0,60.0,89.73,180.0,13.0,0.02,29.84,1009.8,10.0,,OVC,,,,1400.0,,,,-RA,,,,,,,62.96,KITH 080956Z AUTO 18013KT 10SM -RA OVC014 17/16 A2984 RMK AO2 T01720155 RAE30B51 P0002 SLP098,,6.687772,17.22222222222222,8
ITH,2015-06-08 06:27:00,-76.4584,42.491,335.0,62.6,60.8,93.83,180.0,10.0,0.0001,29.84,,10.0,16.0,OVC,,,,1400.0,,,,,,,,,,,62.6,KITH 081027Z 18010G16KT 10SM OVC014 17/16 A2984 RMK AO2 RAE14 P0000,,5.14444,17.0,8
ITH,2015-06-08 06:56:00,-76.4584,42.491,335.0,63.0,59.0,86.9,180.0,13.0,0.0001,29.84,1010.0,10.0,20.0,BKN,,,,1400.0,,,,,,,,,,,62.96,KITH 081056Z 18013G20KT 10SM BKN014 17/15 A2984 RMK AO2 T01720150 RAE14 P0000 SLP100,,6.687772,17.22222222222222,6
ITH,2015-06-08 07:56:00,-76.4584,42.491,335.0,63.0,59.0,86.9,180.0,11.0,0.0,29.84,1010.0,10.0,,OVC,,,,1400.0,,,,,,,,,,,62.96,KITH 081156Z 18011KT 10SM OVC014 17/15 A2984 RMK AO2 58002 60003 70003 T01720150 10194 20172 SLP100,,5.6588840000000005,17.22222222222222,8
ITH,2015-06-08 08:56:00,-76.4584,42.491,335.0,65.0,59.0,81.07,170.0,14.0,0.0,29.83,1009.5,10.0,18.0,BKN,,,,1400.0,,,,,,,,,,,64.94,KITH 081256Z 17014G18KT 10SM BKN014 18/15 A2983 RMK AO2 T01830150 SLP095,,7.202216,18.333333333333332,6
ITH,2015-06-08 09:56:00,-76.4584,42.491,335.0,65.84,60.0,81.14,160.0,10.0,0.0,29.81,1009.0,10.0,,BKN,OVC,,,1600.0,6000.0,,,,,,,,,,65.84,KITH 081356Z 16010KT 10SM BKN016 OVC060 19/16 A2981 RMK AO2 T01880155 SLP090,,5.14444,18.8,8
ITH,2015-06-08 10:56:00,-76.4584,42.491,335.0,67.0,61.0,81.22,160.0,9.0,0.0001,29.8,1008.6,10.0,,BKN,OVC,,,1900.0,6500.0,,,VCSH,,,,,,,66.92,KITH 081456Z 16009KT 10SM VCSH BKN019 OVC065 19/16 A2980 RMK AO2 58012 60000 T01940161 P0000 SLP086,,4.629996,19.444444444444443,8
ITH,2015-06-08 11:56:00,-76.4584,42.491,335.0,69.0,61.88,78.32,170.0,8.0,0.0001,29.77,1007.6,10.0,,SCT,,,,2600.0,,,,,,,,,,,68.9,KITH 081556Z 17008KT 10SM SCT026 21/17 A2977 RMK AO2 T02050166 RAB13E30 P0000 SLP076,,4.115552,20.555555555555557,4
ITH,2015-06-08 12:56:00,-76.4584,42.491,335.0,70.88,61.88,73.2,190.0,15.0,0.0,29.75,1006.8,10.0,,SCT,,,,2700.0,,,,,,,,,,,70.88,KITH 081656Z 19015KT 10SM SCT027 22/17 A2975 RMK AO2 T02160166 SLP068,,7.71666,21.599999999999998,4
ITH,2015-06-08 13:56:00,-76.4584,42.491,335.0,72.86,63.0,71.11,300.0,17.0,0.0,29.78,1007.8,10.0,26.0,BKN,,,,2700.0,,,,TS,,,,26.0,310.0,2015-06-08 13:56,72.86,KITH 081756Z 30017G26KT 10SM TS BKN027 23/17 A2978 RMK AO2 OCNL LTGIC W-NW TS NW MOV SE 56020 60000 T02270172 10227 20172 TSB53 PK WND 31026/1756 PRESRR SLP078,,8.745548,22.700000000000003,6
ITH,2015-06-08 13:58:00,-76.4584,42.491,335.0,73.4,62.6,68.94,310.0,24.0,0.0,29.79,,10.0,33.0,BKN,,,,2700.0,,,,TS,,,,33.0,310.0,2015-06-08 13:58,73.4,KITH 081758Z 31024G33KT 10SM TS BKN027 23/17 A2979 RMK AO2 WSHFT 1744 PK WND 31033/1758 PRESRR,,12.346656,23.000000000000004,6
ITH,2015-06-08 14:06:00,-76.4584,42.491,335.0,69.8,64.4,82.98,260.0,19.0,0.1,29.8,,4.0,36.0,FEW,BKN,BKN,,1300.0,2300.0,4600.0,,TSRA,,,,36.0,270.0,2015-06-08 14:01,69.8,KITH 081806Z 26019G36KT 4SM TSRA FEW013 BKN023 BKN046 21/18 A2980 RMK AO2 OCNL LTGIC W-NW TS NW MOV SE RAB02 P0010 WSHFT 1744 PK WND 27036/1801 PRESRR,,9.774436,21.0,6
ITH,2015-06-08 14:36:00,-76.4584,42.491,335.0,64.4,64.4,100.0,,3.0,0.85,29.78,,3.0,,SCT,BKN,BKN,,900.0,3400.0,7000.0,,TSRA BR,,,,36.0,270.0,2015-06-08 14:01,64.4,KITH 081836Z VRB03KT 3SM R32/4500VP6000FT TSRA BR SCT009 BKN034 BKN070 18/18 A2978 RMK AO2 TS SE MOV SE RAB02 P0085 WSHFT 1744 PK WND 27036/1801,,1.543332,18.000000000000004,6
ITH,2015-06-08 14:56:00,-76.4584,42.491,335.0,65.0,63.86,96.3,160.0,8.0,0.91,29.77,1007.8,4.0,,BKN,BKN,BKN,,700.0,5000.0,12000.0,,-TSRA BR,,,,36.0,270.0,2015-06-08 14:01,64.94,KITH 081856Z 16008KT 4SM -TSRA BR BKN007 BKN050 BKN120 18/18 A2977 RMK AO2 TS SE MOV SE T01830177 RAB02 P0091 WSHFT 1744 PK WND 27036/1801 SLP078,,4.115552,18.333333333333332,6
ITH,2015-06-08 15:03:00,-76.4584,42.491,335.0,64.4,64.4,100.0,190.0,9.0,0.02,29.78,,5.0,,BKN,BKN,OVC,,500.0,5000.0,12000.0,,-TSRA BR,,,,,,,64.4,KITH 081903Z 19009KT 5SM -TSRA BR BKN005 BKN050 OVC120 18/18 A2978 RMK AO2 P0002,,4.629996,18.000000000000004,8
ITH,2015-06-08 15:56:00,-76.4584,42.491,335.0,67.0,65.84,96.33,140.0,4.0,0.1,29.75,1007.0,10.0,,SCT,BKN,BKN,,3000.0,7000.0,11000.0,,,,,,,,,66.92,KITH 081956Z 14004KT 10SM SCT030 BKN070 BKN110 19/19 A2975 RMK AO2 T01940188 TSE50RAE53 P0010 SLP070,,2.057776,19.444444444444443,6
ITH,2015-06-08 16:56:00,-76.4584,42.491,335.0,69.0,65.0,87.2,150.0,3.0,0.0001,29.74,1006.5,10.0,,SCT,BKN,,,3000.0,7500.0,,,,,,,,,,68.9,KITH 082056Z 15003KT 10SM SCT030 BKN075 21/18 A2974 RMK AO2 50001 60101 T02050183 RAB00E09 P0000 SLP065,,1.543332,20.555555555555557,6
ITH,2015-06-08 17:56:00,-76.4584,42.491,335.0,68.0,65.84,92.8,0.0,0.0,0.05,29.74,1006.7,6.0,,FEW,BKN,OVC,,1800.0,5000.0,11000.0,,-RA BR,,,,,,,68.0,KITH 082156Z 00000KT 6SM -RA BR FEW018 BKN050 OVC110 20/19 A2974 RMK AO2 T02000188 RAB00 P0005 SLP067,,0.0,20.0,8
ITH,2015-06-08 18:15:00,-76.4584,42.491,335.0,66.2,66.2,100.0,130.0,3.0,0.03,29.74,,5.0,,BKN,OVC,,,1300.0,5500.0,,,-RA BR,,,,,,,66.2,KITH 082215Z 13003KT 5SM -RA BR BKN013 OVC055 19/19 A2974 RMK AO2 P0003,,1.543332,19.0,8
ITH,2015-06-08 18:38:00,-76.4584,42.491,335.0,66.2,66.2,100.0,0.0,0.0,0.04,29.74,,7.0,,SCT,BKN,OVC,,1100.0,5500.0,10000.0,,,,,,,,,66.2,KITH 082238Z 00000KT 7SM SCT011 BKN055 OVC100 19/19 A2974 RMK AO2 RAE30 P0004,,0.0,19.0,8
ITH,2015-06-08 18:56:00,-76.4584,42.491,335.0,67.0,65.84,96.33,130.0,3.0,0.04,29.74,1006.7,10.0,,SCT,BKN,OVC,,1100.0,3500.0,7500.0,,-SHRA,,,,,,,66.92,KITH 082256Z 13003KT 10SM -SHRA SCT011 BKN035 OVC075 19/19 A2974 RMK AO2 T01940188 RAE30B51E53SHRAB53 P0004 SLP067,,1.543332,19.444444444444443,8
ITH,2015-06-08 19:56:00,-76.4584,42.491,335.0,67.0,65.84,96.33,0.0,0.0,0.0001,29.73,1006.2,10.0,,SCT,BKN,OVC,,3000.0,5500.0,11000.0,,-SHRA,,,,,,,66.92,KITH 082356Z 00000KT 10SM -SHRA SCT030 BKN055 OVC110 19/19 A2973 RMK AO2 58004 60110 T01940188 10227 20183 RAB04E53SHRAE04B53 P0000 SLP062,,0.0,19.444444444444443,8
ITH,2015-06-08 20:56:00,-76.4584,42.491,335.0,65.84,65.0,96.92,0.0,0.0,0.01,29.72,1006.0,10.0,,SCT,BKN,OVC,,3000.0,5000.0,10000.0,,-SHRA,,,,,,,65.84,KITH 090056Z 00000KT 10SM -SHRA SCT030 BKN050 OVC100 19/18 A2972 RMK AO2 T01880183 RAB02E48SHRAE02B48 P0001 SLP060,,0.0,18.8,8
ITH,2015-06-08 21:56:00,-76.4584,42.491,335.0,67.0,65.84,96.33,160.0,6.0,0.01,29.71,1005.7,10.0,,SCT,BKN,OVC,,2100.0,4800.0,9000.0,,-RA,,,,,,,66.92,KITH 090156Z 16006KT 10SM -RA SCT021 BKN048 OVC090 19/19 A2971 RMK AO2 T01940188 RAB0058E07B23SHRAE0058 P0001 SLP057,,3.086664,19.444444444444443,8
ITH,2015-06-08 22:56:00,-76.4584,42.491,335.0,65.84,65.0,96.92,190.0,4.0,0.0001,29.71,1005.7,10.0,,FEW,SCT,,,5000.0,12000.0,,,,,,,,,,65.84,KITH 090256Z AUTO 19004KT 10SM FEW050 SCT120 19/18 A2971 RMK AO2 56006 60002 T01880183 RAE22 P0000 SLP057,,2.057776,18.8,4
ITH,2015-06-08 23:56:00,-76.4584,42.491,335.0,65.84,65.0,96.92,170.0,6.0,0.01,29.71,1005.6,9.0,,SCT,BKN,OVC,,1400.0,5500.0,9000.0,,-RA,,,,,,,65.84,KITH 090356Z AUTO 17006KT 9SM -RA SCT014 BKN055 OVC090 19/18 A2971 RMK AO2 T01880183 402270172 RAB07 P0001 SLP056,,3.086664,18.8,8
ITH,2015-06-09 00:56:00,-76.4584,42.491,335.0,65.84,65.0,96.92,160.0,6.0,0.07,29.7,1005.0,6.0,,FEW,SCT,BKN,,1400.0,3500.0,4800.0,,-RA BR,,,,,,,65.84,KITH 090456Z AUTO 16006KT 6SM -RA BR FEW014 SCT035 BKN048 19/18 A2970 RMK AO2 T01880183 BKN V SCT P0007 SLP050,,3.086664,18.8,6
ITH,2015-06-09 01:20:00,-76.4584,42.491,335.0,64.4,64.4,100.0,160.0,4.0,0.07,29.69,,5.0,,SCT,BKN,OVC,,1000.0,1600.0,7000.0,,RA BR,,,,,,,64.4,KITH 090520Z AUTO 16004KT 5SM RA BR SCT010 BKN016 OVC070 18/18 A2969 RMK AO2 P0007,,2.057776,18.000000000000004,8
ITH,2015-06-09 01:27:00,-76.4584,42.491,335.0,64.4,64.4,100.0,160.0,7.0,0.08,29.69,,5.0,,SCT,BKN,OVC,,1000.0,1400.0,6000.0,,RA BR,,,,,,,64.4,KITH 090527Z AUTO 16007KT 5SM RA BR SCT010 BKN014 OVC060 18/18 A2969 RMK AO2 P0008,,3.601108,18.000000000000004,8
ITH,2015-06-09 01:56:00,-76.4584,42.491,335.0,65.84,65.0,96.92,180.0,6.0,0.15,29.68,1004.4,7.0,,BKN,BKN,OVC,,1000.0,6000.0,9500.0,,RA,,,,,,,65.84,KITH 090556Z AUTO 18006KT 7SM RA BKN010 BKN060 OVC095 19/18 A2968 RMK AO2 58009 60025 T01880183 10194 20183 CIG 007V017 P0015 SLP044,,3.086664,18.8,8
ITH,2015-06-09 02:19:00,-76.4584,42.491,335.0,64.4,64.4,100.0,210.0,8.0,0.05,29.69,,5.0,,SCT,BKN,OVC,,1000.0,4900.0,8000.0,,RA BR,,,,,,,64.4,KITH 090619Z AUTO 21008KT 5SM RA BR SCT010 BKN049 OVC080 18/18 A2969 RMK AO2 P0005,,4.115552,18.000000000000004,8
ITH,2015-06-09 02:27:00,-76.4584,42.491,335.0,64.4,64.4,100.0,220.0,9.0,0.12,29.69,,5.0,,SCT,BKN,OVC,,600.0,2900.0,8000.0,,RA BR,,,,,,,64.4,KITH 090627Z AUTO 22009KT 5SM RA BR SCT006 BKN029 OVC080 18/18 A2969 RMK AO2 P0012,,4.629996,18.000000000000004,8
ITH,2015-06-09 02:37:00,-76.4584,42.491,335.0,64.4,62.6,93.88,180.0,5.0,0.16,29.68,,6.0,,FEW,SCT,BKN,,600.0,2100.0,4900.0,,RA BR,,,,,,,64.4,KITH 090637Z AUTO 18005KT 6SM RA BR FEW006 SCT021 BKN049 18/17 A2968 RMK AO2 P0016,,2.57222,18.000000000000004,6
ITH,2015-06-09 02:56:00,-76.4584,42.491,335.0,65.0,63.86,96.3,160.0,8.0,0.2,29.67,1004.3,4.0,,FEW,SCT,OVC,,2200.0,3800.0,5000.0,,RA BR,,,,,,,64.94,KITH 090656Z AUTO 16008KT 4SM RA BR FEW022 SCT038 OVC050 18/18 A2967 RMK AO2 T01830177 OVC V BKN P0020 SLP043,,4.115552,18.333333333333332,8
ITH,2015-06-09 03:29:00,-76.4584,42.491,335.0,66.2,64.4,93.92,150.0,5.0,0.12,29.66,,5.0,,BKN,BKN,OVC,,1400.0,5500.0,9000.0,,RA BR,,,,,,,66.2,KITH 090729Z AUTO 15005KT 5SM RA BR BKN014 BKN055 OVC090 19/18 A2966 RMK AO2 P0012,,2.57222,19.0,8
ITH,2015-06-09 03:56:00,-76.4584,42.491,335.0,65.0,65.0,100.0,170.0,7.0,0.16,29.65,1003.4,10.0,,SCT,BKN,OVC,,1000.0,6500.0,9000.0,,-RA,,,,,,,64.94,KITH 090756Z AUTO 17007KT 10SM -RA SCT010 BKN065 OVC090 18/18 A2965 RMK AO2 TSNO T01830183 P0016 SLP034,,3.601108,18.333333333333332,8
ITH,2015-06-09 04:56:00,-76.4584,42.491,335.0,65.0,63.86,96.3,160.0,4.0,0.07,29.66,1003.9,8.0,,FEW,BKN,OVC,,3100.0,4300.0,9000.0,,-RA,,,,,,,64.94,KITH 090856Z AUTO 16004KT 8SM -RA FEW031 BKN043 OVC090 18/18 A2966 RMK AO2 55006 60043 T01830177 BKN V SCT P0007 SLP039,,2.057776,18.333333333333332,8
ITH,2015-06-09 05:25:00,-76.4584,42.491,335.0,64.4,62.6,93.88,0.0,0.0,0.03,29.66,,9.0,,BKN,OVC,,,2500.0,3200.0,,,-RA,,,,,,,64.4,KITH 090925Z AUTO 00000KT 9SM -RA BKN025 OVC032 18/17 A2966 RMK AO2 P0003,,0.0,18.000000000000004,8
ITH,2015-06-09 05:56:00,-76.4584,42.491,335.0,63.86,63.0,96.89,150.0,4.0,0.12,29.66,1003.9,6.0,,SCT,BKN,OVC,,2500.0,3000.0,4800.0,,-RA BR,,,,,,,63.86,KITH 090956Z AUTO 15004KT 6SM -RA BR SCT025 BKN030 OVC048 18/17 A2966 RMK AO2 T01770172 P0012 SLP039,,2.057776,17.700000000000003,8
ITH,2015-06-09 06:09:00,-76.4584,42.491,335.0,62.6,62.6,100.0,0.0,0.0,0.0001,29.66,,10.0,,BKN,BKN,OVC,,2700.0,3200.0,5000.0,,-RA,,,,,,,62.6,KITH 091009Z AUTO 00000KT 10SM -RA BKN027 BKN032 OVC050 17/17 A2966 RMK AO2 P0000,,0.0,17.0,8
ITH,2015-06-09 06:29:00,-76.4584,42.491,335.0,62.6,62.6,100.0,0.0,0.0,0.0001,29.66,,10.0,,OVC,,,,2700.0,,,,,,,,,,,62.6,KITH 091029Z 00000KT 10SM OVC027 17/17 A2966 RMK AO2 RAE24 P0000,,0.0,17.0,8
ITH,2015-06-09 06:56:00,-76.4584,42.491,335.0,63.86,63.0,96.89,160.0,4.0,0.0001,29.67,1004.1,10.0,,SCT,OVC,,,1300.0,2500.0,,,,,,,,,,63.86,KITH 091056Z 16004KT 10SM SCT013 OVC025 18/17 A2967 RMK AO2 T01770172 RAE24 P0000 SLP041,,2.057776,17.700000000000003,8
ITH,2015-06-09 07:56:00,-76.4584,42.491,335.0,65.84,63.86,93.33,180.0,4.0,0.0001,29.66,1004.0,10.0,,SCT,OVC,,,1600.0,2800.0,,,,,,,,,,65.84,KITH 091156Z 18004KT 10SM SCT016 OVC028 19/18 A2966 RMK AO2 50000 60055 70190 T01880177 10188 20172 RAB1057E20 P0000 SLP040,,2.057776,18.8,8
ITH,2015-06-09 08:56:00,-76.4584,42.491,335.0,67.0,63.86,89.9,190.0,5.0,0.0,29.66,1003.7,10.0,,FEW,BKN,BKN,,2200.0,3800.0,9500.0,,,,,,,,,66.92,KITH 091256Z 19005KT 10SM FEW022 BKN038 BKN095 19/18 A2966 RMK AO2 T01940177 SLP037,,2.57222,19.444444444444443,6
ITH,2015-06-09 09:41:00,-76.4584,42.491,335.0,69.8,64.4,82.98,210.0,7.0,0.0,29.65,,10.0,,BKN,BKN,,,1300.0,4200.0,,,,,,,,,,69.8,KITH 091341Z 21007KT 10SM BKN013 BKN042 21/18 A2965 RMK AO2,,3.601108,21.0,6
ITH,2015-06-09 09:56:00,-76.4584,42.491,335.0,70.88,63.86,78.48,190.0,4.0,0.0,29.64,1003.3,10.0,,BKN,BKN,,,1300.0,5000.0,,,,,,,,,,70.88,KITH 091356Z 19004KT 10SM BKN013 BKN050 22/18 A2964 RMK AO2 T02160177 SLP033,,2.057776,21.599999999999998,6
ITH,2015-06-09 10:56:00,-76.4584,42.491,335.0,68.0,65.0,89.94,220.0,7.0,0.01,29.64,1003.2,10.0,,BKN,BKN,,,2100.0,4400.0,,,-SHRA,,,,,,,68.0,KITH 091456Z 22007KT 10SM -SHRA BKN021 BKN044 20/18 A2964 RMK AO2 58009 60001 T02000183 RAB23E50SHRAB50 P0001 SLP032,,3.601108,20.0,6
ITH,2015-06-09 11:56:00,-76.4584,42.491,335.0,65.0,61.88,89.82,310.0,7.0,0.04,29.66,1003.7,10.0,,SCT,BKN,BKN,,600.0,1900.0,4200.0,,-SHRA,,,,,,,64.94,KITH 091556Z 31007KT 10SM -SHRA SCT006 BKN019 BKN042 18/17 A2966 RMK AO2 T01830166 RAB04E52SHRAE02B52 P0004 SLP037,,3.601108,18.333333333333332,6
ITH,2015-06-09 12:56:00,-76.4584,42.491,335.0,61.88,61.0,96.86,310.0,14.0,0.08,29.68,1004.5,3.0,18.0,BKN,OVC,,,500.0,2200.0,,,RA BR,,,,,,,61.88,KITH 091656Z 31014G18KT 3SM RA BR BKN005 OVC022 17/16 A2968 RMK AO2 T01660161 RAB07SHRAE07 P0008 SLP045,,7.202216,16.6,8
ITH,2015-06-09 13:56:00,-76.4584,42.491,335.0,61.88,59.0,90.27,320.0,6.0,0.08,29.7,1005.5,10.0,,SCT,BKN,OVC,,700.0,1700.0,3500.0,,-SHRA,,,,,,,61.88,KITH 091756Z 32006KT 10SM -SHRA SCT007 BKN017 OVC035 17/15 A2970 RMK AO2 53022 60021 T01660150 10216 20161 RAE54SHRAB54 P0008 SLP055,,3.086664,16.6,8
ITH,2015-06-09 14:56:00,-76.4584,42.491,335.0,61.88,60.0,93.22,310.0,5.0,0.01,29.72,1006.1,10.0,,FEW,SCT,OVC,,800.0,3000.0,4900.0,,-SHRA,,,,,,,61.88,KITH 091856Z 31005KT 10SM -SHRA FEW008 SCT030 OVC049 17/16 A2972 RMK AO2 T01660155 RAB10E53SHRAE10B55 P0001 SLP061,,2.57222,16.6,8
ITH,2015-06-09 15:56:00,-76.4584,42.491,335.0,65.0,61.0,87.0,310.0,8.0,0.0001,29.73,1006.2,10.0,,FEW,BKN,,,800.0,2600.0,,,,,,,,,,64.94,KITH 091956Z 31008KT 10SM FEW008 BKN026 18/16 A2973 RMK AO2 T01830161 RAB19E41SHRAE16 P0000 SLP062,,4.115552,18.333333333333332,6
ITH,2015-06-09 16:56:00,-76.4584,42.491,335.0,63.86,60.0,86.94,260.0,4.0,0.0001,29.74,1006.6,10.0,,OVC,,,,2200.0,,,,-SHRA,,,,,,,63.86,KITH 092056Z 26004KT 10SM -SHRA OVC022 18/16 A2974 RMK AO2 51011 60001 T01770155 RAB33E52SHRAB52 P0000 SLP066,,2.057776,17.700000000000003,8
ITH,2015-06-09 17:41:00,-76.4584,42.491,335.0,60.8,59.0,93.79,320.0,14.0,0.12,29.77,,8.0,17.0,SCT,OVC,,,700.0,1300.0,,,-RA,,,,,,,60.8,KITH 092141Z 32014G17KT 8SM -RA SCT007 OVC013 16/15 A2977 RMK AO2 RAB02SHRAE02 P0012 WSHFT 2125,,7.202216,16.0,8
ITH,2015-06-09 17:56:00,-76.4584,42.491,335.0,60.0,58.0,93.16,320.0,9.0,0.12,29.77,1008.0,6.0,,SCT,OVC,,,700.0,1300.0,,,-RA BR,,,,,,,59.9,KITH 092156Z 32009KT 6SM -RA BR SCT007 OVC013 16/14 A2977 RMK AO2 T01550144 RAB02SHRAE02 P0012 WSHFT 2125 SLP080,,4.629996,15.555555555555555,8
ITH,2015-06-09 18:03:00,-76.4584,42.491,335.0,60.8,59.0,93.79,320.0,10.0,0.0001,29.78,,6.0,,OVC,,,,700.0,,,,-RA BR,,,,,,,60.8,KITH 092203Z 32010KT 6SM -RA BR OVC007 16/15 A2978 RMK AO2 CIG 005V011 P0000,,5.14444,16.0,8
ITH,2015-06-09 18:24:00,-76.4584,42.491,335.0,60.8,59.0,93.79,310.0,7.0,0.01,29.78,,6.0,,SCT,BKN,OVC,,500.0,1100.0,7000.0,,-RA,,,,,,,60.8,KITH 092224Z 31007KT 6SM -RA SCT005 BKN011 OVC070 16/15 A2978 RMK AO2 P0001,,3.601108,16.0,8
ITH,2015-06-09 18:56:00,-76.4584,42.491,335.0,60.0,60.0,100.0,300.0,4.0,0.01,29.78,1008.2,10.0,,FEW,SCT,BKN,,500.0,4400.0,7000.0,,-RA,,,,,,,59.9,KITH 092256Z 30004KT 10SM -RA FEW005 SCT044 BKN070 16/16 A2978 RMK AO2 T01550155 P0001 SLP082,,2.057776,15.555555555555555,6
ITH,2015-06-09 19:56:00,-76.4584,42.491,335.0,60.0,59.0,96.84,0.0,0.0,0.0001,29.79,1008.4,10.0,,CLR,,,,,,,,,,,,,,,59.9,KITH 092356Z 00000KT 10SM CLR 16/15 A2979 RMK AO2 51017 60014 T01550150 10188 20155 RAE51 P0000 SLP084,,0.0,15.555555555555555,0
ITH,2015-06-09 20:56:00,-76.4584,42.491,335.0,59.0,59.0,100.0,0.0,0.0,0.0,29.8,1008.7,10.0,,BKN,,,,7000.0,,,,,,,,,,,59.0,KITH 100056Z 00000KT 10SM BKN070 15/15 A2980 RMK AO2 T01500150 SLP087,,0.0,15.0,6
ITH,2015-06-09 21:56:00,-76.4584,42.491,335.0,58.0,56.84,96.18,0.0,0.0,0.0,29.82,1009.3,10.0,,BKN,,,,6500.0,,,,,,,,,,,57.92,KITH 100156Z AUTO 00000KT 10SM BKN065 14/14 A2982 RMK AO2 T01440138 SLP093,,0.0,14.444444444444445,6
ITH,2015-06-09 22:56:00,-76.4584,42.491,335.0,56.84,56.0,96.8,0.0,0.0,0.0,29.83,1009.8,10.0,,BKN,,,,8000.0,,,,,,,,,,,56.84,KITH 100256Z AUTO 00000KT 10SM BKN080 14/13 A2983 RMK AO2 53014 T01380133 BKN V SCT SLP098,,0.0,13.800000000000002,6
ITH,2015-06-09 23:56:00,-76.4584,42.491,335.0,54.86,54.86,100.0,0.0,0.0,0.0,29.84,1010.2,10.0,,CLR,,,,,,,,,,,,,,,54.86,KITH 100356Z AUTO 00000KT 10SM CLR 13/13 A2984 RMK AO2 T01270127 402160127 SLP102,,0.0,12.7,0
ITH,2015-06-10 00:56:00,-76.4584,42.491,335.0,54.0,54.0,100.0,0.0,0.0,0.0,29.84,1010.5,9.0,,BKN,BKN,,,4000.0,6500.0,,,,,,,,,,53.96,KITH 100456Z AUTO 00000KT 9SM BKN040 BKN065 12/12 A2984 RMK AO2 T01220122 SLP105,,0.0,12.222222222222221,6
ITH,2015-06-10 01:56:00,-76.4584,42.491,335.0,52.88,52.88,100.0,0.0,0.0,0.0,29.84,1010.5,8.0,,CLR,,,,,,,,,,,,,,,52.88,KITH 100556Z AUTO 00000KT 8SM CLR 12/12 A2984 RMK AO2 51005 T01160116 10155 20116 SLP105,,0.0,11.600000000000001,0
ITH,2015-06-10 02:56:00,-76.4584,42.491,335.0,52.0,52.0,100.0,0.0,0.0,0.0,29.85,1010.7,6.0,,CLR,,,,,,,,BR,,,,,,,51.98,KITH 100656Z AUTO 00000KT 6SM BR CLR 11/11 A2985 RMK AO2 T01110111 SLP107,,0.0,11.11111111111111,0
ITH,2015-06-10 03:56:00,-76.4584,42.491,335.0,51.0,51.0,100.0,0.0,0.0,0.0,29.86,1011.0,4.0,,CLR,,,,,,,,BR,,,,,,,50.9,KITH 100756Z AUTO 00000KT 4SM BR CLR 11/11 A2986 RMK AO2 T01050105 SLP110,,0.0,10.555555555555555,0
ITH,2015-06-10 04:56:00,-76.4584,42.491,335.0,51.0,51.0,100.0,0.0,0.0,0.0,29.87,1011.3,6.0,,CLR,,,,,,,,BR,,,,,,,50.9,KITH 100856Z AUTO 00000KT 6SM BR CLR 11/11 A2987 RMK AO2 53008 T01050105 SLP113,,0.0,10.555555555555555,0
ITH,2015-06-10 05:56:00,-76.4584,42.491,335.0,52.0,52.0,100.0,0.0,0.0,0.0,29.88,1011.8,7.0,,BKN,,,,3700.0,,,,,,,,,,,51.98,KITH 100956Z AUTO 00000KT 7SM BKN037 11/11 A2988 RMK AO2 T01110111 SLP118,,0.0,11.11111111111111,6
ITH,2015-06-10 06:23:00,-76.4584,42.491,335.0,53.6,53.6,100.0,90.0,3.0,0.0,29.88,,10.0,,FEW,,,,3500.0,,,,,,,,,,,53.6,KITH 101023Z 09003KT 10SM FEW035 12/12 A2988 RMK AO2,,1.543332,12.0,2
ITH,2015-06-10 06:56:00,-76.4584,42.491,335.0,56.0,54.86,96.15,0.0,0.0,0.0,29.88,1011.8,10.0,,FEW,,,,3500.0,,,,,,,,,,,55.94,KITH 101056Z 00000KT 10SM FEW035 13/13 A2988 RMK AO2 T01330127 SLP118,,0.0,13.333333333333334,2
ITH,2015-06-10 07:56:00,-76.4584,42.491,335.0,61.88,56.84,83.53,160.0,5.0,0.0,29.89,1012.1,10.0,,FEW,,,,4000.0,,,,,,,,,,,61.88,KITH 101156Z 16005KT 10SM FEW040 17/14 A2989 RMK AO2 52008 70035 T01660138 10166 20105 SLP121,,2.57222,16.6,2
ITH,2015-06-10 08:56:00,-76.4584,42.491,335.0,65.0,58.0,77.99,150.0,6.0,0.0,29.88,1011.8,10.0,,SCT,,,,3700.0,,,,,,,,,,,64.94,KITH 101256Z 15006KT 10SM SCT037 18/14 A2988 RMK AO2 T01830144 SLP118,,3.086664,18.333333333333332,4
ITH,2015-06-10 09:56:00,-76.4584,42.491,335.0,69.0,59.0,70.7,160.0,5.0,0.0,29.88,1011.6,10.0,,FEW,,,,3500.0,,,,,,,,,,,68.9,KITH 101356Z 16005KT 10SM FEW035 21/15 A2988 RMK AO2 T02050150 SLP116,,2.57222,20.555555555555557,2
ITH,2015-06-10 10:56:00,-76.4584,42.491,335.0,72.0,61.0,68.35,190.0,7.0,0.0,29.87,1011.2,10.0,,FEW,,,,3000.0,,,,,,,,,,,71.96,KITH 101456Z 19007KT 10SM FEW030 22/16 A2987 RMK AO2 58006 T02220161 SLP112,,3.601108,22.22222222222222,2
ITH,2015-06-10 11:56:00,-76.4584,42.491,335.0,76.0,61.0,59.84,180.0,11.0,0.0,29.85,1010.5,10.0,14.0,FEW,,,,4000.0,,,,,,,,,,,75.92,KITH 101556Z 18011G14KT 140V210 10SM FEW040 24/16 A2985 RMK AO2 T02440161 SLP105,,5.6588840000000005,24.444444444444443,2
ITH,2015-06-10 12:56:00,-76.4584,42.491,335.0,78.8,60.8,54.05,220.0,9.0,0.0,29.85,,10.0,14.0,SCT,,,,4300.0,,,,,,,,,,,78.8,KITH 101656Z 22009G14KT 10SM SCT043 26/16 A2985,,4.629996,26.0,4
ITH,2015-06-10 13:56:00,-76.4584,42.491,335.0,78.8,59.0,50.69,190.0,10.0,0.0,29.82,,10.0,16.0,SCT,,,,4500.0,,,,,,,,,,,78.8,KITH 101756Z 19010G16KT 10SM SCT045 26/15 A2982,,5.14444,26.0,4
ITH,2015-06-10 14:56:00,-76.4584,42.491,335.0,79.88,59.0,48.93,190.0,14.0,0.0,29.82,1009.3,10.0,,CLR,,,,,,,,,,,,,,,79.88,KITH 101856Z 19014KT 10SM CLR 27/15 A2982 RMK AO2 T02660150 SLP093,,7.202216,26.599999999999998,0
ITH,2015-06-10 15:56:00,-76.4584,42.491,335.0,79.88,56.84,45.27,210.0,12.0,0.0,29.81,1008.9,10.0,20.0,FEW,,,,9500.0,,,,,,,,,,,79.88,KITH 101956Z 21012G20KT 10SM FEW095 27/14 A2981 RMK AO2 T02660138 SLP089,,6.173328,26.599999999999998,2
ITH,2015-06-10 16:56:00,-76.4584,42.491,335.0,77.0,59.0,53.8,180.0,4.0,0.0,29.8,1008.7,10.0,,OVC,,,,7000.0,,,,,,,,,,,77.0,KITH 102056Z 18004KT 10SM OVC070 25/15 A2980 RMK AO2 58007 T02500150 SLP087,,2.057776,25.0,8
ITH,2015-06-10 17:56:00,-76.4584,42.491,335.0,79.0,63.0,57.99,190.0,7.0,0.0,29.77,1007.7,10.0,,FEW,,,,6500.0,,,,,,,,,,,80.52,KITH 102156Z 19007KT 10SM FEW065 26/17 A2977 RMK AO2 T02610172 SLP077,,3.601108,26.11111111111111,2
ITH,2015-06-10 18:56:00,-76.4584,42.491,335.0,78.0,61.0,56.04,170.0,11.0,0.0,29.76,1007.2,10.0,,FEW,,,,6000.0,,,,,,,,,,,77.9,KITH 102256Z 17011KT 10SM FEW060 26/16 A2976 RMK AO2 T02550161 SLP072,,5.6588840000000005,25.555555555555557,2
ITH,2015-06-10 19:56:00,-76.4584,42.491,335.0,76.0,61.0,59.84,190.0,9.0,0.0,29.78,1007.8,8.0,,BKN,,,,7500.0,,,,,,,,,,,75.92,KITH 102356Z 19009KT 8SM BKN075 24/16 A2978 RMK AO2 55007 T02440161 10272 20244 SLP078,,4.629996,24.444444444444443,6
ITH,2015-06-10 20:56:00,-76.4584,42.491,335.0,74.0,60.0,61.53,170.0,8.0,0.0,29.77,1007.5,8.0,,BKN,,,,7000.0,,,,,,,,,,,73.94,KITH 110056Z 17008KT 8SM BKN070 23/16 A2977 RMK AO2 T02330155 SLP075,,4.115552,23.333333333333332,6
ITH,2015-06-10 21:56:00,-76.4584,42.491,335.0,70.88,61.0,70.9,160.0,7.0,0.0,29.76,1007.3,10.0,,CLR,,,,,,,,,,,,,,,70.88,KITH 110156Z 16007KT 10SM CLR 22/16 A2976 RMK AO2 T02160161 SLP073,,3.601108,21.599999999999998,0
ITH,2015-06-10 22:56:00,-76.4584,42.491,335.0,72.0,61.0,68.35,180.0,9.0,0.0,29.76,1007.0,10.0,,CLR,,,,,,,,,,,,,,,71.96,KITH 110256Z AUTO 18009KT 10SM CLR 22/16 A2976 RMK AO2 58006 T02220161 LTG DSNT NW-NE SLP070,,4.629996,22.22222222222222,0
ITH,2015-06-10 23:56:00,-76.4584,42.491,335.0,72.0,61.0,68.35,170.0,8.0,0.0001,29.76,1007.2,10.0,16.0,SCT,BKN,OVC,,3200.0,5500.0,7000.0,,-RA,,,,32.0,300.0,2015-06-10 23:34,71.96,KITH 110356Z AUTO 17008G16KT 090V210 10SM -RA SCT032 BKN055 OVC070 22/16 A2976 RMK AO2 T02220161 402720105 OVC V BKN LTG DSNT NE AND E RAB37 P0000 PK WND 30032/0334 PRESFR SLP072,,4.115552,22.22222222222222,8
ITH,2015-06-11 00:56:00,-76.4584,42.491,335.0,67.0,65.0,93.35,330.0,5.0,0.12,29.81,1008.8,9.0,,FEW,BKN,OVC,,2700.0,4200.0,4900.0,,-RA,,,,,,,66.92,KITH 110456Z AUTO 33005KT 9SM -RA FEW027 BKN042 OVC049 19/18 A2981 RMK AO2 T01940183 RAE04B30 P0012 SLP088,,2.57222,19.444444444444443,8
ITH,2015-06-11 01:56:00,-76.4584,42.491,335.0,65.84,65.0,96.92,320.0,7.0,0.0001,29.84,1009.6,9.0,,OVC,,,,4200.0,,,,,,,,,,,65.84,KITH 110556Z AUTO 32007KT 9SM OVC042 19/18 A2984 RMK AO2 53026 60012 T01880183 10244 20188 OVC V BKN RAE29 P0000 SLP096,,3.601108,18.8,8
ITH,2015-06-11 02:56:00,-76.4584,42.491,335.0,63.0,61.88,96.26,0.0,0.0,0.01,29.86,1010.5,9.0,,FEW,SCT,BKN,,3600.0,4400.0,8000.0,,,,,,,,,62.96,KITH 110656Z AUTO 00000KT 9SM FEW036 SCT044 BKN080 17/17 A2986 RMK AO2 TSNO T01720166 BKN V SCT P0001 SLP105,,0.0,17.22222222222222,6
ITH,2015-06-11 03:56:00,-76.4584,42.491,335.0,61.88,60.0,93.22,0.0,0.0,0.0,29.85,1010.3,10.0,,OVC,,,,3200.0,,,,,,,,,,,61.88,KITH 110756Z AUTO 00000KT 10SM OVC032 17/16 A2985 RMK AO2 TSNO T01660155 SLP103,,0.0,16.6,8
ITH,2015-06-11 04:56:00,-76.4584,42.491,335.0,61.0,59.0,93.19,0.0,0.0,0.0,29.86,1010.8,10.0,,OVC,,,,3800.0,,,,,,,,,,,60.98,KITH 110856Z AUTO 00000KT 10SM OVC038 16/15 A2986 RMK AO2 53010 60001 T01610150 SLP108,,0.0,16.11111111111111,8
ITH,2015-06-11 05:56:00,-76.4584,42.491,335.0,61.0,58.0,89.65,0.0,0.0,0.0,29.88,1011.4,10.0,,OVC,,,,3800.0,,,,,,,,,,,60.98,KITH 110956Z AUTO 00000KT 10SM OVC038 16/14 A2988 RMK AO2 T01610144 SLP114,,0.0,16.11111111111111,8
ITH,2015-06-11 06:23:00,-76.4584,42.491,335.0,60.8,59.0,93.79,0.0,0.0,0.0,29.9,,10.0,,OVC,,,,3800.0,,,,,,,,,,,60.8,KITH 111023Z 00000KT 10SM OVC038 16/15 A2990 RMK AO2,,0.0,16.0,8
ITH,2015-06-11 06:56:00,-76.4584,42.491,335.0,61.88,59.0,90.27,0.0,0.0,0.0,29.91,1012.2,10.0,,BKN,OVC,,,3800.0,7000.0,,,,,,,,,,61.88,KITH 111056Z 00000KT 10SM BKN038 OVC070 17/15 A2991 RMK AO2 T01660150 SLP122,,0.0,16.6,8
ITH,2015-06-11 07:56:00,-76.4584,42.491,335.0,65.84,56.84,72.7,0.0,0.0,0.0,29.93,1012.8,10.0,,SCT,BKN,,,4000.0,6000.0,,,,,,,,,,65.84,KITH 111156Z 00000KT 10SM SCT040 BKN060 19/14 A2993 RMK AO2 53018 60001 70013 T01880138 10188 20161 SLP128,,0.0,18.8,6
ITH,2015-06-11 08:56:00,-76.4584,42.491,335.0,68.0,56.84,67.47,320.0,5.0,0.0,29.93,1013.1,10.0,,FEW,,,,4000.0,,,,,,,,,,,68.0,KITH 111256Z 32005KT 10SM FEW040 20/14 A2993 RMK AO2 T02000138 SLP131,,2.57222,20.0,2
ITH,2015-06-11 09:56:00,-76.4584,42.491,335.0,70.0,59.0,68.13,310.0,6.0,0.0,29.94,1013.4,10.0,,CLR,,,,,,,,,,,,,,,69.98,KITH 111356Z 31006KT 10SM CLR 21/15 A2994 RMK AO2 T02110150 SLP134,,3.086664,21.11111111111111,0
ITH,2015-06-11 10:56:00,-76.4584,42.491,335.0,72.0,59.0,63.7,320.0,6.0,0.0,29.95,1013.6,10.0,,CLR,,,,,,,,,,,,,,,71.96,KITH 111456Z 32006KT 10SM CLR 22/15 A2995 RMK AO2 51008 T02220150 SLP136,,3.086664,22.22222222222222,0
ITH,2015-06-11 11:56:00,-76.4584,42.491,335.0,74.0,59.0,59.58,320.0,6.0,0.0,29.95,1013.6,10.0,,CLR,,,,,,,,,,,,,,,73.94,KITH 111556Z 32006KT 10SM CLR 23/15 A2995 RMK AO2 T02330150 SLP136,,3.086664,23.333333333333332,0
ITH,2015-06-11 12:56:00,-76.4584,42.491,335.0,76.0,59.0,55.77,290.0,10.0,0.0,29.95,1013.8,10.0,,CLR,,,,,,,,,,,,,,,75.92,KITH 111656Z 29010KT 10SM CLR 24/15 A2995 RMK AO2 T02440150 SLP138,,5.14444,24.444444444444443,0
ITH,2015-06-11 13:56:00,-76.4584,42.491,335.0,77.0,58.0,51.76,330.0,8.0,0.0,29.95,1013.6,10.0,,FEW,,,,5000.0,,,,,,,,,,,77.0,KITH 111756Z 33008KT 10SM FEW050 25/14 A2995 RMK AO2 50000 T02500144 10250 20188 SLP136,,4.115552,25.0,2
ITH,2015-06-11 14:56:00,-76.4584,42.491,335.0,77.0,56.0,48.19,340.0,10.0,0.0,29.96,1013.9,10.0,,CLR,,,,,,,,,,,,,,,77.0,KITH 111856Z 34010KT 10SM CLR 25/13 A2996 RMK AO2 T02500133 SLP139,,5.14444,25.0,0
ITH,2015-06-11 15:56:00,-76.4584,42.491,335.0,77.0,54.86,46.33,10.0,6.0,0.0,29.96,1013.9,10.0,,CLR,,,,,,,,,,,,,,,77.0,KITH 111956Z 01006KT 10SM CLR 25/13 A2996 RMK AO2 T02500127 SLP139,,3.086664,25.0,0
ITH,2015-06-11 16:56:00,-76.4584,42.491,335.0,76.0,56.0,49.95,340.0,9.0,0.0,29.96,1014.1,10.0,,CLR,,,,,,,,,,,,,,,75.92,KITH 112056Z 34009KT 10SM CLR 24/13 A2996 RMK AO2 51003 T02440133 SLP141,,4.629996,24.444444444444443,0
ITH,2015-06-11 17:56:00,-76.4584,42.491,335.0,74.84,54.86,49.79,350.0,6.0,0.0,29.97,1014.3,10.0,,CLR,,,,,,,,,,,,,,,74.84,KITH 112156Z 35006KT 10SM CLR 24/13 A2997 RMK AO2 T02380127 SLP143,,3.086664,23.8,0
ITH,2015-06-11 18:56:00,-76.4584,42.491,335.0,72.86,58.0,59.44,10.0,3.0,0.0,29.98,1014.7,10.0,,CLR,,,,,,,,,,,,,,,72.86,KITH 112256Z 01003KT 10SM CLR 23/14 A2998 RMK AO2 T02270144 SLP147,,1.543332,22.700000000000003,0
ITH,2015-06-11 19:56:00,-76.4584,42.491,335.0,69.0,60.0,73.01,310.0,4.0,0.0,29.99,1015.1,10.0,,CLR,,,,,,,,,,,,,,,68.9,KITH 112356Z 31004KT 10SM CLR 21/16 A2999 RMK AO2 53010 T02050155 10250 20205 SLP151,,2.057776,20.555555555555557,0
ITH,2015-06-11 20:56:00,-76.4584,42.491,335.0,65.84,60.0,81.14,330.0,3.0,0.0,30.0,1015.6,10.0,,CLR,,,,,,,,,,,,,,,65.84,KITH 120056Z 33003KT 10SM CLR 19/16 A3000 RMK AO2 T01880155 SLP156,,1.543332,18.8,0
ITH,2015-06-11 21:56:00,-76.4584,42.491,335.0,65.0,58.0,77.99,360.0,5.0,0.0,30.01,1015.9,10.0,,CLR,,,,,,,,,,,,,,,64.94,KITH 120156Z 36005KT 10SM CLR 18/14 A3001 RMK AO2 T01830144 SLP159,,2.57222,18.333333333333332,0
ITH,2015-06-11 22:56:00,-76.4584,42.491,335.0,60.0,56.84,89.6,0.0,0.0,0.0,30.02,1016.0,10.0,,CLR,,,,,,,,,,,,,,,59.9,KITH 120256Z AUTO 00000KT 10SM CLR 16/14 A3002 RMK AO2 51007 T01550138 SLP160,,0.0,15.555555555555555,0
ITH,2015-06-11 23:56:00,-76.4584,42.491,335.0,58.0,56.0,93.1,0.0,0.0,0.0,30.02,1016.1,10.0,,CLR,,,,,,,,,,,,,,,57.92,KITH 120356Z AUTO 00000KT 10SM CLR 14/13 A3002 RMK AO2 T01440133 402500144 SLP161,,0.0,14.444444444444445,0
ITH,2015-06-12 00:56:00,-76.4584,42.491,335.0,58.0,56.84,96.18,0.0,0.0,0.0,30.01,1015.9,10.0,,CLR,,,,,,,,,,,,,,,57.92,KITH 120456Z AUTO 00000KT 10SM CLR 14/14 A3001 RMK AO2 T01440138 SLP159,,0.0,14.444444444444445,0
ITH,2015-06-12 01:56:00,-76.4584,42.491,335.0,58.0,56.84,96.18,90.0,4.0,0.0,30.0,1015.5,10.0,,CLR,,,,,,,,,,,,,,,57.92,KITH 120556Z AUTO 09004KT 10SM CLR 14/14 A3000 RMK AO2 TSNO 58004 T01440138 10205 20144 SLP155,,2.057776,14.444444444444445,0
ITH,2015-06-12 02:56:00,-76.4584,42.491,335.0,58.0,58.0,100.0,70.0,4.0,0.0,30.0,1015.3,10.0,,CLR,,,,,,,,,,,,,,,57.92,KITH 120656Z AUTO 07004KT 10SM CLR 14/14 A3000 RMK AO2 T01440144 SLP153,,2.057776,14.444444444444445,0
ITH,2015-06-12 03:56:00,-76.4584,42.491,335.0,58.0,56.84,96.18,70.0,4.0,0.0,29.99,1015.2,10.0,,CLR,,,,,,,,,,,,,,,57.92,KITH 120756Z AUTO 07004KT 10SM CLR 14/14 A2999 RMK AO2 T01440138 SLP152,,2.057776,14.444444444444445,0
ITH,2015-06-12 04:56:00,-76.4584,42.491,335.0,58.0,56.0,93.1,0.0,0.0,0.0,29.99,1015.2,10.0,,CLR,,,,,,,,,,,,,,,57.92,KITH 120856Z AUTO 00000KT 10SM CLR 14/13 A2999 RMK AO2 56004 T01440133 SLP152,,0.0,14.444444444444445,0
ITH,2015-06-12 05:56:00,-76.4584,42.491,335.0,56.84,56.0,96.8,60.0,4.0,0.0,29.99,1015.3,10.0,,CLR,,,,,,,,,,,,,,,56.84,KITH 120956Z AUTO 06004KT 10SM CLR 14/13 A2999 RMK AO2 T01380133 SLP153,,2.057776,13.800000000000002,0
ITH,2015-06-12 06:28:00,-76.4584,42.491,335.0,59.0,55.4,87.83,50.0,5.0,0.0,30.01,,10.0,,CLR,,,,,,,,,,,,,,,59.0,KITH 121028Z 05005KT 10SM CLR 15/13 A3001 RMK AO2,,2.57222,15.0,0
ITH,2015-06-12 06:56:00,-76.4584,42.491,335.0,61.0,56.0,83.47,90.0,4.0,0.0,30.01,1015.7,10.0,,CLR,,,,,,,,,,,,,,,60.98,KITH 121056Z 09004KT 10SM CLR 16/13 A3001 RMK AO2 T01610133 SLP157,,2.057776,16.11111111111111,0
ITH,2015-06-12 07:56:00,-76.4584,42.491,335.0,61.88,56.0,80.85,80.0,5.0,0.0,30.01,1015.7,10.0,,FEW,,,,5500.0,,,,,,,,,,,61.88,KITH 121156Z 08005KT 10SM FEW055 17/13 A3001 RMK AO2 50005 T01660133 10166 20144 SLP157,,2.57222,16.6,2
ITH,2015-06-12 08:56:00,-76.4584,42.491,335.0,65.0,58.0,77.99,90.0,4.0,0.0,30.0,1015.3,10.0,,SCT,,,,5000.0,,,,,,,,,,,64.94,KITH 121256Z 09004KT 10SM SCT050 18/14 A3000 RMK AO2 T01830144 SLP153,,2.057776,18.333333333333332,4
ITH,2015-06-12 09:56:00,-76.4584,42.491,335.0,72.86,59.0,61.79,150.0,5.0,0.0,29.97,1014.5,10.0,,CLR,,,,,,,,,,,,,,,72.86,KITH 121356Z 15005KT 10SM CLR 23/15 A2997 RMK AO2 T02270150 SLP145,,2.57222,22.700000000000003,0
ITH,2015-06-12 10:56:00,-76.4584,42.491,335.0,77.0,61.0,57.73,160.0,7.0,0.0,29.94,1013.5,10.0,,CLR,,,,,,,,,,,,,,,77.0,KITH 121456Z 16007KT 10SM CLR 25/16 A2994 RMK AO2 58019 T02500161 SLP135,,3.601108,25.0,0
ITH,2015-06-12 11:56:00,-76.4584,42.491,335.0,81.0,63.86,56.1,180.0,8.0,0.0,29.93,1013.1,10.0,14.0,CLR,,,,,,,,,,,,,,,82.47,KITH 121556Z 18008G14KT 10SM CLR 27/18 A2993 RMK AO2 T02720177 SLP131,,4.115552,27.22222222222222,0
ITH,2015-06-12 12:56:00,-76.4584,42.491,335.0,85.0,66.0,53.04,200.0,8.0,0.0,29.9,1012.0,10.0,,CLR,,,,,,,,,,,,,,,87.24,KITH 121656Z 20008KT 10SM CLR 29/19 A2990 RMK AO2 T02940188 SLP120 IEM_GHCNH,,4.115552,29.444444444444443,0
ITH,2015-06-12 13:56:00,-76.4584,42.491,335.0,87.0,68.0,53.49,200.0,7.0,0.0,29.87,1010.9,10.0,15.0,FEW,,,,6000.0,,,,,,,,,,,90.42,KITH 121756Z 20007G15KT 10SM FEW060 31/20 A2987 RMK AO2 58024 T03050200 10305 20166 SLP109,,3.601108,30.555555555555557,2
ITH,2015-06-12 14:56:00,-76.4584,42.491,335.0,88.0,67.0,49.79,210.0,14.0,0.0,29.84,1009.6,10.0,17.0,SCT,,,,5000.0,,,,,,,,,,,90.94,KITH 121856Z 21014G17KT 10SM SCT050 31/19 A2984 RMK AO2 T03110194 SLP096,,7.202216,31.11111111111111,4
ITH,2015-06-12 15:56:00,-76.4584,42.491,335.0,88.0,67.0,49.79,200.0,9.0,0.0,29.82,1009.0,10.0,15.0,SCT,,,,5000.0,,,,,,,,,,,90.94,KITH 121956Z 20009G15KT 10SM SCT050 31/19 A2982 RMK AO2 T03110194 SLP090,,4.629996,31.11111111111111,4
ITH,2015-06-12 16:56:00,-76.4584,42.491,335.0,88.0,67.0,49.79,230.0,12.0,0.0,29.8,1008.4,10.0,19.0,SCT,,,,5000.0,,,,,,,,,,,90.94,KITH 122056Z 23012G19KT 10SM SCT050 31/19 A2980 RMK AO2 56024 T03110194 SLP084,,6.173328,31.11111111111111,4
ITH,2015-06-12 17:56:00,-76.4584,42.491,335.0,85.0,67.0,54.9,220.0,10.0,0.0,29.79,1008.1,10.0,,BKN,,,,5500.0,,,,,,,,,,,87.62,KITH 122156Z 22010KT 10SM BKN055 29/19 A2979 RMK AO2 T02940194 SLP081,,5.14444,29.444444444444443,6
ITH,2015-06-12 18:56:00,-76.4584,42.491,335.0,77.0,65.84,68.47,340.0,21.0,0.0,29.85,1010.3,10.0,31.0,BKN,BKN,,,4200.0,11000.0,,,TS,,,,31.0,330.0,2015-06-12 18:53,77.0,KITH 122256Z 34021G31KT 10SM TS BKN042 BKN110 25/19 A2985 RMK AO2 FRQ LTGCGIC NW TS NW MOV SE T02500188 TSB53 WSHFT 2242 PK WND 33031/2253 PRESRR SLP103,,10.803324,25.0,6
ITH,2015-06-12 19:06:00,-76.4584,42.491,335.0,71.6,66.2,83.09,280.0,18.0,0.28,29.88,,2.5,33.0,BKN,BKN,OVC,,1900.0,3800.0,12000.0,,-TSRA,,,,33.0,320.0,2015-06-12 19:01,71.6,KITH 122306Z 28018G33KT 2 1/2SM -TSRA BKN019 BKN038 OVC120 22/19 A2988 RMK AO2 RVRNO CIG 010V026 VIS 1 1/4V5 RAB2257 P0028 WSHFT 2243 PK WND 32033/2301 PRESRR,,9.259992,21.999999999999996,8
ITH,2015-06-12 19:10:00,-76.4584,42.491,335.0,69.8,66.2,88.34,290.0,11.0,0.4,29.89,,3.0,33.0,SCT,BKN,OVC,,1500.0,2300.0,6000.0,,+TSRA BR,,,,33.0,320.0,2015-06-12 19:01,69.8,KITH 122310Z 29011G33KT 3SM +TSRA BR SCT015 BKN023 OVC060 21/19 A2989 RMK AO2 RVRNO CIG 019V033 RAB2257 P0040 WSHFT 2256 PK WND 32033/2301,,5.6588840000000005,21.0,8
ITH,2015-06-12 19:56:00,-76.4584,42.491,335.0,68.0,65.84,92.8,,5.0,0.48,29.82,1009.6,10.0,,SCT,BKN,,,6000.0,9500.0,,,,,,,33.0,320.0,2015-06-12 19:01,68.0,KITH 122356Z VRB05KT 10SM SCT060 BKN095 20/19 A2982 RMK AO2 53009 60048 T02000188 10316 20200 TSE51RAB2257E51 P0048 WSHFT 2256 PK WND 32033/2301 SLP096,,2.57222,20.0,6
ITH,2015-06-12 20:56:00,-76.4584,42.491,335.0,69.0,67.0,93.41,0.0,0.0,0.0,29.86,1010.8,10.0,,BKN,,,,11000.0,,,,,,,,,,,68.9,KITH 130056Z 00000KT 10SM BKN110 21/19 A2986 RMK AO2 T02050194 SLP108,,0.0,20.555555555555557,6
ITH,2015-06-12 21:56:00,-76.4584,42.491,335.0,69.0,65.84,89.98,190.0,4.0,0.0001,29.87,1011.0,10.0,,BKN,OVC,,,6000.0,9000.0,,,,,,,,,,68.9,KITH 130156Z 19004KT 10SM BKN060 OVC090 21/19 A2987 RMK AO2 T02050188 RAB12E38 P0000 SLP110,,2.057776,20.555555555555557,8
ITH,2015-06-12 22:35:00,-76.4584,42.491,335.0,69.8,66.2,88.34,0.0,0.0,0.0,29.88,,10.0,,BKN,OVC,,,2700.0,3700.0,,,,,,,,,,69.8,KITH 130235Z AUTO 00000KT 10SM BKN027 OVC037 21/19 A2988 RMK AO2 BKN V SCT,,0.0,21.0,8
ITH,2015-06-12 22:56:00,-76.4584,42.491,335.0,69.0,65.84,89.98,210.0,3.0,0.0,29.87,1010.9,10.0,,BKN,BKN,OVC,,2700.0,4100.0,4900.0,,,,,,,,,68.9,KITH 130256Z AUTO 21003KT 10SM BKN027 BKN041 OVC049 21/19 A2987 RMK AO2 50014 60000 T02050188 SLP109,,1.543332,20.555555555555557,8
ITH,2015-06-12 23:56:00,-76.4584,42.491,335.0,68.0,65.84,92.8,320.0,13.0,0.04,29.89,1011.6,4.0,17.0,BKN,BKN,OVC,,500.0,1200.0,2200.0,,-RA BR,,,,,,,68.0,KITH 130356Z AUTO 32013G17KT 4SM -RA BR BKN005 BKN012 OVC022 20/19 A2989 RMK AO2 T02000188 403160144 CIG 002V008 RAB08 P0004 SLP116,,6.687772,20.0,8
ITH,2015-06-13 00:56:00,-76.4584,42.491,335.0,61.88,61.0,96.86,320.0,9.0,0.02,29.93,1012.8,5.0,,OVC,,,,300.0,,,,BR,,,,,,,61.88,KITH 130456Z AUTO 32009KT 5SM BR OVC003 17/16 A2993 RMK AO2 T01660161 RAE42 P0002 SLP128,,4.629996,16.6,8
ITH,2015-06-13 01:12:00,-76.4584,42.491,335.0,60.8,60.8,100.0,310.0,9.0,0.0,29.93,,1.25,,OVC,,,,300.0,,,,BR,,,,,,,60.8,KITH 130512Z AUTO 31009KT 1 1/4SM BR OVC003 16/16 A2993 RMK AO2 VIS 1/4V5,,4.629996,16.0,8
ITH,2015-06-13 01:15:00,-76.4584,42.491,335.0,60.8,60.8,100.0,310.0,9.0,0.0,29.93,,0.5,,OVC,,,,300.0,,,,FG,,,,,,,60.8,KITH 130515Z AUTO 31009KT 1/2SM R32/1600VP6000FT FG OVC003 16/16 A2993 RMK AO2,,4.629996,16.0,8
ITH,2015-06-13 01:19:00,-76.4584,42.491,335.0,60.8,60.8,100.0,310.0,7.0,0.0,29.93,,0.25,,OVC,,,,100.0,,,,FG,,,,,,,60.8,KITH 130519Z AUTO 31007KT 1/4SM R32/1400VP6000FT FG OVC001 16/16 A2993 RMK AO2,,3.601108,16.0,8
ITH,2015-06-13 01:31:00,-76.4584,42.491,335.0,60.8,60.8,100.0,310.0,7.0,0.0,29.93,,0.25,,OVC,,,,100.0,,,,FG,,,,,,,60.8,KITH 130531Z AUTO 31007KT 1/4SM R32/1400FT FG OVC001 16/16 A2993 RMK AO2,,3.601108,16.0,8
ITH,2015-06-13 01:56:00,-76.4584,42.491,335.0,60.0,59.0,96.84,290.0,5.0,0.0,29.92,1012.6,0.5,,OVC,,,,100.0,,,,FG,,,,,,,59.9,KITH 130556Z AUTO 29005KT 1/2SM R32/2000VP6000FT FG OVC001 16/15 A2992 RMK AO2 50017 60006 T01550150 10211 20155 SLP126,,2.57222,15.555555555555555,8
ITH,2015-06-13 02:01:00,-76.4584,42.491,335.0,60.8,59.0,93.79,290.0,7.0,0.0,29.92,,1.0,,OVC,,,,100.0,,,,BR,,,,,,,60.8,KITH 130601Z AUTO 29007KT 1SM R32/2800VP6000FT BR OVC001 16/15 A2992 RMK AO2,,3.601108,16.0,8
ITH,2015-06-13 02:03:00,-76.4584,42.491,335.0,60.8,59.0,93.79,300.0,9.0,0.0,29.93,,1.5,,OVC,,,,100.0,,,,BR,,,,,,,60.8,KITH 130603Z AUTO 30009KT 1 1/2SM BR OVC001 16/15 A2993 RMK AO2,,4.629996,16.0,8
ITH,2015-06-13 02:09:00,-76.4584,42.491,335.0,60.8,59.0,93.79,310.0,10.0,0.0,29.93,,3.0,,OVC,,,,100.0,,,,BR,,,,,,,60.8,KITH 130609Z AUTO 31010KT 3SM BR OVC001 16/15 A2993 RMK AO2,,5.14444,16.0,8
ITH,2015-06-13 02:16:00,-76.4584,42.491,335.0,60.8,59.0,93.79,320.0,10.0,0.0,29.93,,1.75,,OVC,,,,100.0,,,,BR,,,,,,,60.8,KITH 130616Z AUTO 32010KT 1 3/4SM BR OVC001 16/15 A2993 RMK AO2,,5.14444,16.0,8
ITH,2015-06-13 02:29:00,-76.4584,42.491,335.0,60.8,59.0,93.79,340.0,9.0,0.0,29.93,,3.0,,OVC,,,,100.0,,,,BR,,,,,,,60.8,KITH 130629Z AUTO 34009KT 3SM BR OVC001 16/15 A2993 RMK AO2,,4.629996,16.0,8
ITH,2015-06-13 02:56:00,-76.4584,42.491,335.0,59.0,59.0,100.0,330.0,12.0,0.0,29.95,1013.4,2.5,,OVC,,,,100.0,,,,BR,,,,,,,59.0,KITH 130656Z AUTO 33012KT 2 1/2SM BR OVC001 15/15 A2995 RMK AO2 T01500150 SLP134,,6.173328,15.0,8
ITH,2015-06-13 03:01:00,-76.4584,42.491,335.0,59.0,59.0,100.0,330.0,11.0,0.0,29.95,,1.25,,OVC,,,,100.0,,,,BR,,,,,,,59.0,KITH 130701Z AUTO 33011KT 1 1/4SM BR OVC001 15/15 A2995 RMK AO2,,5.6588840000000005,15.0,8
ITH,2015-06-13 03:07:00,-76.4584,42.491,335.0,59.0,57.2,93.74,330.0,13.0,0.0,29.95,,0.75,,OVC,,,,100.0,,,,BR,,,,,,,59.0,KITH 130707Z AUTO 33013KT 3/4SM R32/2800VP6000FT BR OVC001 15/14 A2995 RMK AO2,,6.687772,15.0,8
ITH,2015-06-13 03:16:00,-76.4584,42.491,335.0,57.2,57.2,100.0,320.0,10.0,0.0,29.95,,0.25,17.0,OVC,,,,100.0,,,,FG,,,,,,,57.2,KITH 130716Z AUTO 32010G17KT 1/4SM R32/1400V2800FT FG OVC001 14/14 A2995 RMK AO2,,5.14444,14.000000000000002,8
ITH,2015-06-13 03:49:00,-76.4584,42.491,335.0,57.2,57.2,100.0,330.0,11.0,0.0,29.96,,0.5,,OVC,,,,100.0,,,,FG,,,,,,,57.2,KITH 130749Z AUTO 33011KT 1/2SM R32/2800VP6000FT FG OVC001 14/14 A2996 RMK AO2,,5.6588840000000005,14.000000000000002,8
ITH,2015-06-13 03:56:00,-76.4584,42.491,335.0,58.0,58.0,100.0,330.0,9.0,0.0,29.97,1014.0,0.5,,OVC,,,,100.0,,,,FG,,,,,,,57.92,KITH 130756Z AUTO 33009KT 1/2SM R32/2600V5500FT FG OVC001 14/14 A2997 RMK AO2 T01440144 SLP140,,4.629996,14.444444444444445,8
ITH,2015-06-13 04:42:00,-76.4584,42.491,335.0,57.2,57.2,100.0,330.0,5.0,0.0001,29.99,,1.0,,OVC,,,,100.0,,,,-RA BR,,,,,,,57.2,KITH 130842Z AUTO 33005KT 1SM R32/3000VP6000FT -RA BR OVC001 14/14 A2999 RMK AO2 RAB27 P0000,,2.57222,14.000000000000002,8
ITH,2015-06-13 04:48:00,-76.4584,42.491,335.0,57.2,57.2,100.0,320.0,6.0,0.0001,29.99,,1.5,,OVC,,,,100.0,,,,-RA BR,,,,,,,57.2,KITH 130848Z AUTO 32006KT 1 1/2SM -RA BR OVC001 14/14 A2999 RMK AO2 RAB27 P0000,,3.086664,14.000000000000002,8
ITH,2015-06-13 04:56:00,-76.4584,42.491,335.0,56.84,56.84,100.0,330.0,7.0,0.0001,29.99,1015.0,2.5,,OVC,,,,100.0,,,,-RA BR,,,,,,,56.84,KITH 130856Z AUTO 33007KT 2 1/2SM -RA BR OVC001 14/14 A2999 RMK AO2 53022 60000 T01380138 RAB27 P0000 SLP150,,3.601108,13.800000000000002,8
ITH,2015-06-13 05:24:00,-76.4584,42.491,335.0,57.2,57.2,100.0,330.0,6.0,0.0001,30.01,,1.75,,OVC,,,,300.0,,,,-RA BR,,,,,,,57.2,KITH 130924Z AUTO 33006KT 1 3/4SM -RA BR OVC003 14/14 A3001 RMK AO2 P0000,,3.086664,14.000000000000002,8
ITH,2015-06-13 05:35:00,-76.4584,42.491,335.0,57.2,57.2,100.0,340.0,7.0,0.0001,30.01,,2.0,,OVC,,,,300.0,,,,-RA BR,,,,,,,57.2,KITH 130935Z AUTO 34007KT 2SM -RA BR OVC003 14/14 A3001 RMK AO2 VIS 1 1/2V2 1/2 P0000,,3.601108,14.000000000000002,8
ITH,2015-06-13 05:56:00,-76.4584,42.491,335.0,58.0,58.0,100.0,330.0,6.0,0.0001,30.03,1016.2,2.5,,OVC,,,,300.0,,,,-RA BR,,,,,,,57.92,KITH 130956Z AUTO 33006KT 2 1/2SM -RA BR OVC003 14/14 A3003 RMK AO2 T01440144 VIS 1 3/4V4 P0000 SLP162,,3.086664,14.444444444444445,8
ITH,2015-06-13 06:27:00,-76.4584,42.491,335.0,57.2,57.2,100.0,330.0,7.0,0.0001,30.04,,2.0,,OVC,,,,300.0,,,,-RA BR,,,,,,,57.2,KITH 131027Z 33007KT 2SM -RA BR OVC003 14/14 A3004 RMK AO2 P0000,,3.601108,14.000000000000002,8
ITH,2015-06-13 06:56:00,-76.4584,42.491,335.0,58.0,58.0,100.0,330.0,6.0,0.0001,30.05,1017.1,2.0,,OVC,,,,300.0,,,,-RA BR,,,,,,,57.92,KITH 131056Z 33006KT 2SM -RA BR OVC003 14/14 A3005 RMK AO2 T01440144 P0000 SLP171,,3.086664,14.444444444444445,8
ITH,2015-06-13 07:56:00,-76.4584,42.491,335.0,59.0,58.0,96.2,340.0,5.0,0.0001,30.07,1018.1,4.0,,BKN,OVC,,,500.0,1000.0,,,BR,,,,,,,59.0,KITH 131156Z 34005KT 4SM BR BKN005 OVC010 15/14 A3007 RMK AO2 51026 60000 70054 T01500144 10155 20138 RAE54 P0000 SLP181,,2.57222,15.0,8
ITH,2015-06-13 08:56:00,-76.4584,42.491,335.0,60.0,58.0,93.16,350.0,5.0,0.0,30.08,1018.2,3.0,,SCT,OVC,,,500.0,1500.0,,,BR,,,,,,,59.9,KITH 131256Z 35005KT 3SM BR SCT005 OVC015 16/14 A3008 RMK AO2 T01550144 SLP182,,2.57222,15.555555555555555,8
ITH,2015-06-13 09:56:00,-76.4584,42.491,335.0,61.0,59.0,93.19,300.0,6.0,0.0,30.08,1018.3,10.0,,SCT,BKN,,,500.0,2000.0,,,,,,,,,,60.98,KITH 131356Z 30006KT 10SM SCT005 BKN020 16/15 A3008 RMK AO2 T01610150 SLP183,,3.086664,16.11111111111111,6
ITH,2015-06-13 10:56:00,-76.4584,42.491,335.0,63.86,59.0,84.19,290.0,7.0,0.0,30.1,1018.9,10.0,,FEW,BKN,,,800.0,2000.0,,,,,,,,,,63.86,KITH 131456Z 29007KT 10SM FEW008 BKN020 18/15 A3010 RMK AO2 53009 T01770150 SLP189,,3.601108,17.700000000000003,6
ITH,2015-06-13 11:56:00,-76.4584,42.491,335.0,67.0,59.0,75.69,310.0,6.0,0.0,30.1,1018.7,10.0,,FEW,SCT,,,1400.0,2400.0,,,,,,,,,,66.92,KITH 131556Z 31006KT 10SM FEW014 SCT024 19/15 A3010 RMK AO2 T01940150 SLP187,,3.086664,19.444444444444443,4
ITH,2015-06-13 12:56:00,-76.4584,42.491,335.0,68.0,60.0,75.3,300.0,6.0,0.0,30.1,1018.9,10.0,,BKN,,,,2600.0,,,,,,,,,,,68.0,KITH 131656Z 30006KT 10SM BKN026 20/16 A3010 RMK AO2 T02000155 SLP189,,3.086664,20.0,6
ITH,2015-06-13 13:56:00,-76.4584,42.491,335.0,70.88,61.0,70.9,320.0,7.0,0.0,30.09,1018.6,10.0,,SCT,,,,2600.0,,,,,,,,,,,70.88,KITH 131756Z 32007KT 10SM SCT026 22/16 A3009 RMK AO2 58002 T02160161 10216 20150 SLP186,,3.601108,21.599999999999998,4
ITH,2015-06-13 14:56:00,-76.4584,42.491,335.0,72.0,61.0,68.35,310.0,10.0,0.0,30.09,1018.4,10.0,,SCT,,,,2700.0,,,,,,,,,,,71.96,KITH 131856Z 31010KT 10SM SCT027 22/16 A3009 RMK AO2 T02220161 SLP184,,5.14444,22.22222222222222,4
ITH,2015-06-13 15:56:00,-76.4584,42.491,335.0,72.86,61.88,68.45,310.0,7.0,0.0,30.08,1018.2,10.0,,SCT,,,,3000.0,,,,,,,,,,,72.86,KITH 131956Z 31007KT 10SM SCT030 23/17 A3008 RMK AO2 T02270166 SLP182,,3.601108,22.700000000000003,4
ITH,2015-06-13 16:56:00,-76.4584,42.491,335.0,72.86,61.0,66.3,310.0,7.0,0.0,30.06,1017.6,10.0,,FEW,,,,3700.0,,,,,,,,,,,72.86,KITH 132056Z 31007KT 10SM FEW037 23/16 A3006 RMK AO2 58010 T02270161 SLP176,,3.601108,22.700000000000003,2
ITH,2015-06-13 17:56:00,-76.4584,42.491,335.0,72.86,61.0,66.3,310.0,7.0,0.0,30.05,1017.3,10.0,,FEW,,,,3500.0,,,,,,,,,,,72.86,KITH 132156Z 31007KT 10SM FEW035 23/16 A3005 RMK AO2 T02270161 SLP173,,3.601108,22.700000000000003,2
ITH,2015-06-13 18:56:00,-76.4584,42.491,335.0,70.0,60.0,70.36,320.0,8.0,0.0,30.07,1017.8,10.0,,FEW,,,,4000.0,,,,,,,,,,,69.98,KITH 132256Z 32008KT 10SM FEW040 21/16 A3007 RMK AO2 T02110155 SLP178,,4.115552,21.11111111111111,2
ITH,2015-06-13 19:56:00,-76.4584,42.491,335.0,68.0,60.0,75.3,320.0,4.0,0.0,30.07,1017.9,10.0,,CLR,,,,,,,,,,,,,,,68.0,KITH 132356Z 32004KT 10SM CLR 20/16 A3007 RMK AO2 53001 T02000155 10227 20205 SLP179,,2.057776,20.0,0
ITH,2015-06-13 20:56:00,-76.4584,42.491,335.0,61.88,60.0,93.22,0.0,0.0,0.0,30.08,1018.4,10.0,,CLR,,,,,,,,,,,,,,,61.88,KITH 140056Z 00000KT 10SM CLR 17/16 A3008 RMK AO2 T01660155 SLP184,,0.0,16.6,0
ITH,2015-06-13 21:56:00,-76.4584,42.491,335.0,59.0,58.0,96.2,0.0,0.0,0.0,30.09,1018.8,9.0,,CLR,,,,,,,,,,,,,,,59.0,KITH 140156Z 00000KT 9SM CLR 15/14 A3009 RMK AO2 T01500144 SLP188,,0.0,15.0,0
ITH,2015-06-13 22:56:00,-76.4584,42.491,335.0,58.0,58.0,100.0,0.0,0.0,0.0,30.1,1019.1,6.0,,CLR,,,,,,,,BR,,,,,,,57.92,KITH 140256Z AUTO 00000KT 6SM BR CLR 14/14 A3010 RMK AO2 51010 T01440144 SLP191,,0.0,14.444444444444445,0
ITH,2015-06-13 23:56:00,-76.4584,42.491,335.0,56.84,56.84,100.0,90.0,4.0,0.0,30.1,1019.0,5.0,,CLR,,,,,,,,BR,,,,,,,56.84,KITH 140356Z AUTO 09004KT 5SM BR CLR 14/14 A3010 RMK AO2 T01380138 402270138 SLP190,,2.057776,13.800000000000002,0
ITH,2015-06-14 00:56:00,-76.4584,42.491,335.0,58.0,58.0,100.0,80.0,4.0,0.0,30.09,1018.8,7.0,,CLR,,,,,,,,,,,,,,,57.92,KITH 140456Z AUTO 08004KT 7SM CLR 14/14 A3009 RMK AO2 T01440144 SLP188,,2.057776,14.444444444444445,0
ITH,2015-06-14 01:56:00,-76.4584,42.491,335.0,58.0,58.0,100.0,80.0,4.0,0.0,30.09,1018.6,8.0,,CLR,,,,,,,,,,,,,,,57.92,KITH 140556Z AUTO 08004KT 8SM CLR 14/14 A3009 RMK AO2 58003 T01440144 10200 20133 SLP186,,2.057776,14.444444444444445,0
ITH,2015-06-14 02:56:00,-76.4584,42.491,335.0,56.0,54.86,96.15,110.0,3.0,0.0,30.09,1018.6,5.0,,CLR,,,,,,,,BR,,,,,,,55.94,KITH 140656Z AUTO 11003KT 5SM BR CLR 13/13 A3009 RMK AO2 T01330127 SLP186,,1.543332,13.333333333333334,0
ITH,2015-06-14 03:56:00,-76.4584,42.491,335.0,56.84,56.0,96.8,80.0,4.0,0.0,30.09,1018.6,6.0,,CLR,,,,,,,,BR,,,,,,,56.84,KITH 140756Z AUTO 08004KT 6SM BR CLR 14/13 A3009 RMK AO2 T01380133 SLP186,,2.057776,13.800000000000002,0
ITH,2015-06-14 04:56:00,-76.4584,42.491,335.0,56.84,56.0,96.8,100.0,3.0,0.0,30.1,1019.0,8.0,,BKN,,,,10000.0,,,,,,,,,,,56.84,KITH 140856Z AUTO 10003KT 8SM BKN100 14/13 A3010 RMK AO2 53004 T01380133 BKN V SCT SLP190,,1.543332,13.800000000000002,6
ITH,2015-06-14 05:56:00,-76.4584,42.491,335.0,56.84,56.84,100.0,80.0,5.0,0.0,30.1,1019.2,9.0,,BKN,,,,8000.0,,,,,,,,,,,56.84,KITH 140956Z AUTO 08005KT 9SM BKN080 14/14 A3010 RMK AO2 T01380138 SLP192,,2.57222,13.800000000000002,6
ITH,2015-06-14 06:26:00,-76.4584,42.491,335.0,57.2,57.2,100.0,80.0,4.0,0.0,30.11,,10.0,,OVC,,,,8000.0,,,,,,,,,,,57.2,KITH 141026Z 08004KT 10SM OVC080 14/14 A3011 RMK AO2,,2.057776,14.000000000000002,8
ITH,2015-06-14 06:56:00,-76.4584,42.491,335.0,58.0,56.84,96.18,80.0,5.0,0.0,30.11,1019.3,10.0,,OVC,,,,8000.0,,,,,,,,,,,57.92,KITH 141056Z 08005KT 10SM OVC080 14/14 A3011 RMK AO2 T01440138 SLP193,,2.57222,14.444444444444445,8
ITH,2015-06-14 07:56:00,-76.4584,42.491,335.0,61.88,58.0,86.84,100.0,3.0,0.0,30.12,1019.7,10.0,,BKN,,,,7500.0,,,,,,,,,,,61.88,KITH 141156Z 10003KT 10SM BKN075 17/14 A3012 RMK AO2 53007 T01660144 10166 20127 SLP197,,1.543332,16.6,6
ITH,2015-06-14 08:56:00,-76.4584,42.491,335.0,65.0,59.0,81.07,0.0,0.0,0.0,30.12,1019.7,10.0,,SCT,,,,7500.0,,,,,,,,,,,64.94,KITH 141256Z 00000KT 10SM SCT075 18/15 A3012 RMK AO2 T01830150 SLP197,,0.0,18.333333333333332,4
ITH,2015-06-14 09:56:00,-76.4584,42.491,335.0,72.86,59.0,61.79,150.0,8.0,0.0,30.1,1019.0,10.0,,FEW,,,,7500.0,,,,,,,,,,,72.86,KITH 141356Z 15008KT 10SM FEW075 23/15 A3010 RMK AO2 T02270150 SLP190,,4.115552,22.700000000000003,2
ITH,2015-06-14 10:56:00,-76.4584,42.491,335.0,74.0,60.0,61.53,170.0,5.0,0.0,30.1,1018.9,10.0,,FEW,,,,3500.0,,,,,,,,,,,73.94,KITH 141456Z 17005KT 10SM FEW035 23/16 A3010 RMK AO2 58006 T02330155 SLP189,,2.57222,23.333333333333332,2
ITH,2015-06-14 11:56:00,-76.4584,42.491,335.0,74.84,61.0,62.04,140.0,6.0,0.0,30.09,1018.5,10.0,,CLR,,,,,,,,,,,,,,,74.84,KITH 141556Z 14006KT 10SM CLR 24/16 A3009 RMK AO2 T02380161 SLP185,,3.086664,23.8,0
ITH,2015-06-14 12:56:00,-76.4584,42.491,335.0,78.0,61.88,57.85,150.0,6.0,0.0,30.07,1017.9,10.0,,CLR,,,,,,,,,,,,,,,77.9,KITH 141656Z 15006KT 10SM CLR 26/17 A3007 RMK AO2 T02550166 SLP179,,3.086664,25.555555555555557,0
ITH,2015-06-14 13:56:00,-76.4584,42.491,335.0,79.0,63.0,57.99,140.0,9.0,0.0,30.06,1017.3,10.0,,FEW,,,,4000.0,,,,,,,,,,,80.52,KITH 141756Z 14009KT 10SM FEW040 26/17 A3006 RMK AO2 58014 T02610172 10261 20166 SLP173,,4.629996,26.11111111111111,2
ITH,2015-06-14 14:56:00,-76.4584,42.491,335.0,81.0,65.0,58.25,,6.0,0.0,30.04,1016.6,10.0,,BKN,,,,3800.0,,,,,,,,,,,82.76,KITH 141856Z VRB06KT 10SM BKN038 27/18 A3004 RMK AO2 T02720183 SLP166,,3.086664,27.22222222222222,6
ITH,2015-06-14 15:56:00,-76.4584,42.491,335.0,78.0,67.0,69.0,130.0,4.0,0.0,30.02,1016.2,10.0,,BKN,,,,4000.0,,,,,,,,,,,77.9,KITH 141956Z 13004KT 10SM BKN040 26/19 A3002 RMK AO2 T02550194 SLP162,,2.057776,25.555555555555557,6
ITH,2015-06-14 16:56:00,-76.4584,42.491,335.0,72.0,70.0,93.49,140.0,3.0,0.08,30.02,1016.4,4.0,,BKN,OVC,,,4200.0,7000.0,,,TSRA BR,,,,,,,73.25,KITH 142056Z 14003KT 4SM TSRA BR BKN042CB OVC070 22/21 A3002 RMK AO2 OCNL LTGCG W TS W MOV E 56011 60008 T02220211 TSB50RAB17 P0008 SLP164,,1.543332,22.22222222222222,8
ITH,2015-06-14 17:34:00,-76.4584,42.491,335.0,71.6,69.8,94.06,0.0,0.0,0.09,30.02,,3.0,,BKN,OVC,,,2400.0,3700.0,,,-TSRA BR,,,,,,,72.88,KITH 142134Z 00000KT 3SM -TSRA BR BKN024CB OVC037 22/21 A3002 RMK AO2 OCNL LTGCG WSW TS WSW MOV E P0009,,0.0,21.999999999999996,8
ITH,2015-06-14 17:56:00,-76.4584,42.491,335.0,70.88,70.0,96.98,230.0,4.0,0.16,30.02,1016.3,3.0,,SCT,BKN,OVC,,400.0,2400.0,6000.0,,-TSRA BR,,,,,,,72.23,KITH 142156Z 23004KT 3SM -TSRA BR SCT004 BKN024CB OVC060 22/21 A3002 RMK AO2 OCNL LTGCG SSW TS SSW MOV E T02160211 P0016 SLP163,,2.057776,21.599999999999998,8
ITH,2015-06-14 18:10:00,-76.4584,42.491,335.0,71.6,69.8,94.06,220.0,6.0,0.07,30.02,,2.0,,BKN,OVC,,,200.0,2400.0,,,RA BR,,,,,,,72.88,KITH 142210Z 22006KT 2SM RA BR BKN002 OVC024 22/21 A3002 RMK AO2 TSE08 P0007,,3.086664,21.999999999999996,8
ITH,2015-06-14 18:32:00,-76.4584,42.491,335.0,69.8,68.0,94.01,160.0,7.0,0.18,30.01,,4.0,,SCT,BKN,OVC,,200.0,1100.0,5500.0,,RA BR,,,,,,,69.8,KITH 142232Z 16007KT 4SM RA BR SCT002 BKN011 OVC055 21/20 A3001 RMK AO2 TSE08 P0018,,3.601108,21.0,8
ITH,2015-06-14 18:46:00,-76.4584,42.491,335.0,69.8,66.2,88.34,180.0,5.0,0.2,30.01,,5.0,,SCT,BKN,OVC,,700.0,2900.0,5000.0,,RA BR,,,,,,,69.8,KITH 142246Z 18005KT 5SM RA BR SCT007 BKN029 OVC050 21/19 A3001 RMK AO2 TSE08 P0020,,2.57222,21.0,8
ITH,2015-06-14 18:56:00,-76.4584,42.491,335.0,69.0,67.0,93.41,170.0,4.0,0.22,30.01,1015.8,5.0,,FEW,BKN,OVC,,1000.0,4000.0,8000.0,,-RA BR,,,,,,,68.9,KITH 142256Z 17004KT 5SM -RA BR FEW010 BKN040 OVC080 21/19 A3001 RMK AO2 T02050194 TSE08 P0022 SLP158,,2.057776,20.555555555555557,8
ITH,2015-06-14 19:56:00,-76.4584,42.491,335.0,68.0,65.84,92.8,170.0,4.0,0.02,30.0,1015.7,10.0,,BKN,OVC,,,5000.0,8000.0,,,,,,,,,,68.0,KITH 142356Z 17004KT 10SM BKN050 OVC080 20/19 A3000 RMK AO2 58008 60048 T02000188 10272 20200 RAE40 P0002 SLP157,,2.057776,20.0,8
ITH,2015-06-14 20:56:00,-76.4584,42.491,335.0,67.0,65.84,96.33,130.0,3.0,0.0,29.99,1015.0,10.0,,BKN,OVC,,,3700.0,8000.0,,,,,,,,,,66.92,KITH 150056Z 13003KT 10SM BKN037 OVC080 19/19 A2999 RMK AO2 T01940188 SLP150,,1.543332,19.444444444444443,8
ITH,2015-06-14 21:56:00,-76.4584,42.491,335.0,68.0,67.0,96.34,130.0,5.0,0.05,29.99,1014.8,10.0,,SCT,OVC,,,1800.0,6500.0,,,-SHRA,,,,,,,68.0,KITH 150156Z 13005KT 10SM -SHRA SCT018 OVC065 20/19 A2999 RMK AO2 T02000194 RAB21E50SHRAB50 P0005 SLP148,,2.57222,20.0,8
ITH,2015-06-14 22:56:00,-76.4584,42.491,335.0,69.0,68.0,96.95,140.0,3.0,0.0001,29.97,1014.2,10.0,,FEW,BKN,OVC,,1600.0,4700.0,6500.0,,,,,,,,,68.9,KITH 150256Z AUTO 14003KT 10SM FEW016 BKN047 OVC065 21/20 A2997 RMK AO2 57009 60005 T02050200 RAB0159E07SHRAE0157 P0000 SLP142,,1.543332,20.555555555555557,8
ITH,2015-06-14 23:56:00,-76.4584,42.491,335.0,69.0,68.0,96.95,180.0,7.0,0.0001,29.97,1014.2,10.0,,FEW,BKN,BKN,,2600.0,3700.0,6000.0,,-RA,,,,,,,68.9,KITH 150356Z AUTO 18007KT 10SM -RA FEW026 BKN037 BKN060 21/20 A2997 RMK AO2 T02050200 402720127 RAB40 P0000 SLP142,,3.601108,20.555555555555557,6
ITH,2015-06-15 00:56:00,-76.4584,42.491,335.0,69.0,69.0,100.0,170.0,4.0,0.0001,29.95,1013.6,8.0,,SCT,BKN,,,2700.0,6500.0,,,,,,,,,,68.9,KITH 150456Z AUTO 17004KT 8SM SCT027 BKN065 21/21 A2995 RMK AO2 T02050205 RAE26 P0000 SLP136,,2.057776,20.555555555555557,6
ITH,2015-06-15 01:56:00,-76.4584,42.491,335.0,70.88,69.0,93.46,190.0,3.0,0.0,29.94,1013.2,10.0,,SCT,BKN,OVC,,3300.0,4800.0,5500.0,,,,,,,,,72.06,KITH 150556Z AUTO 19003KT 10SM SCT033 BKN048 OVC055 22/21 A2994 RMK AO2 58009 60005 T02160205 10216 20194 SLP132,,1.543332,21.599999999999998,8
ITH,2015-06-15 02:22:00,-76.4584,42.491,335.0,71.6,69.8,94.06,190.0,4.0,0.02,29.93,,6.0,,FEW,BKN,OVC,,1100.0,1900.0,3300.0,,-RA BR,,,,,,,72.88,KITH 150622Z AUTO 19004KT 6SM -RA BR FEW011 BKN019 OVC033 22/21 A2993 RMK AO2 RAB10 P0002,,2.057776,21.999999999999996,8
ITH,2015-06-15 02:35:00,-76.4584,42.491,335.0,71.6,69.8,94.06,200.0,5.0,0.08,29.93,,6.0,,BKN,BKN,OVC,,1400.0,1900.0,2400.0,,-RA BR,,,,,,,72.88,KITH 150635Z AUTO 20005KT 6SM -RA BR BKN014 BKN019 OVC024 22/21 A2993 RMK AO2 RAB10 P0008,,2.57222,21.999999999999996,8
ITH,2015-06-15 02:56:00,-76.4584,42.491,335.0,70.0,69.0,96.37,270.0,8.0,0.1,29.93,1012.8,9.0,,FEW,BKN,OVC,,600.0,1200.0,1900.0,,-RA,,,,,,,69.98,KITH 150656Z AUTO 27008KT 9SM -RA FEW006 BKN012 OVC019 21/21 A2993 RMK AO2 T02110205 RAB10 P0010 SLP128,,4.115552,21.11111111111111,8
ITH,2015-06-15 03:30:00,-76.4584,42.491,335.0,69.8,69.8,100.0,0.0,0.0,0.0001,29.94,,10.0,,SCT,OVC,,,1400.0,2500.0,,,,,,,,,,69.8,KITH 150730Z AUTO 00000KT 10SM SCT014 OVC025 21/21 A2994 RMK AO2 RAE11 P0000,,0.0,21.0,8
ITH,2015-06-15 03:56:00,-76.4584,42.491,335.0,70.0,69.0,96.37,240.0,3.0,0.0001,29.94,1013.0,10.0,,BKN,OVC,,,2500.0,3100.0,,,,,,,,,,69.98,KITH 150756Z AUTO 24003KT 10SM BKN025 OVC031 21/21 A2994 RMK AO2 T02110205 RAE11 P0000 SLP130,,1.543332,21.11111111111111,8
ITH,2015-06-15 04:56:00,-76.4584,42.491,335.0,70.0,69.0,96.37,260.0,4.0,0.0,29.95,1013.4,10.0,,BKN,OVC,,,2900.0,3800.0,,,,,,,,,,69.98,KITH 150856Z AUTO 26004KT 10SM BKN029 OVC038 21/21 A2995 RMK AO2 53000 60010 T02110205 SLP134,,2.057776,21.11111111111111,8
ITH,2015-06-15 05:56:00,-76.4584,42.491,335.0,70.0,69.0,96.37,0.0,0.0,0.0,29.95,1013.7,10.0,,BKN,BKN,OVC,,1900.0,2900.0,3500.0,,,,,,,,,69.98,KITH 150956Z AUTO 00000KT 10SM BKN019 BKN029 OVC035 21/21 A2995 RMK AO2 T02110205 BKN V SCT SLP137,,0.0,21.11111111111111,8
ITH,2015-06-15 06:28:00,-76.4584,42.491,335.0,69.8,69.8,100.0,0.0,0.0,0.0,29.95,,10.0,,SCT,BKN,,,1200.0,2700.0,,,,,,,,,,69.8,KITH 151028Z 00000KT 10SM SCT012 BKN027 21/21 A2995 RMK AO2,,0.0,21.0,6
ITH,2015-06-15 06:56:00,-76.4584,42.491,335.0,70.88,69.0,93.46,250.0,3.0,0.0,29.96,1014.0,10.0,,BKN,OVC,,,1600.0,3500.0,,,,,,,,,,72.06,KITH 151056Z 25003KT 10SM BKN016 OVC035 22/21 A2996 RMK AO2 T02160205 SLP140,,1.543332,21.599999999999998,8
ITH,2015-06-15 07:56:00,-76.4584,42.491,335.0,72.86,69.0,87.4,310.0,5.0,0.0,29.96,1014.0,10.0,,BKN,BKN,,,800.0,4100.0,,,,,,,,,,73.95,KITH 151156Z 31005KT 10SM BKN008 BKN041 23/21 A2996 RMK AO2 51005 60010 70063 T02270205 10227 20211 SLP140,,2.57222,22.700000000000003,6
ITH,2015-06-15 08:56:00,-76.4584,42.491,335.0,72.0,69.0,90.1,340.0,3.0,0.0001,29.97,1014.2,10.0,,SCT,OVC,,,800.0,1600.0,,,-RA,,,,,,,73.09,KITH 151256Z 34003KT 10SM -RA SCT008 OVC016 22/21 A2997 RMK AO2 T02220205 RAB54 P0000 SLP142,,1.543332,22.22222222222222,8
ITH,2015-06-15 09:56:00,-76.4584,42.491,335.0,72.86,69.0,87.4,340.0,3.0,0.0001,29.97,1014.1,10.0,,SCT,BKN,,,700.0,1800.0,,,,,,,,,,73.95,KITH 151356Z 34003KT 10SM SCT007 BKN018 23/21 A2997 RMK AO2 T02270205 RAE46 P0000 SLP141,,1.543332,22.700000000000003,6
ITH,2015-06-15 10:16:00,-76.4584,42.491,335.0,75.2,69.8,83.32,330.0,7.0,0.0,29.96,,10.0,,BKN,,,,900.0,,,,,,,,,,,76.34,KITH 151416Z 33007KT 10SM BKN009 24/21 A2996 RMK AO2,,3.601108,24.0,6
ITH,2015-06-15 10:56:00,-76.4584,42.491,335.0,76.0,70.0,81.85,310.0,7.0,0.0,29.97,1014.1,10.0,,BKN,BKN,,,900.0,3800.0,,,,,,,,,,77.06,KITH 151456Z 31007KT 10SM BKN009 BKN038 24/21 A2997 RMK AO2 51003 60000 T02440211 SLP141,,3.601108,24.444444444444443,6
ITH,2015-06-15 11:14:00,-76.4584,42.491,335.0,75.2,69.8,83.32,310.0,7.0,0.0,29.97,,10.0,,SCT,BKN,,,1100.0,2800.0,,,,,,,,,,76.34,KITH 151514Z 31007KT 10SM SCT011 BKN028 24/21 A2997 RMK AO2,,3.601108,24.0,6
ITH,2015-06-15 11:56:00,-76.4584,42.491,335.0,78.0,70.0,76.65,310.0,7.0,0.0,29.97,1014.2,10.0,,FEW,BKN,,,1100.0,2800.0,,,,,,,,,,78.99,KITH 151556Z 31007KT 10SM FEW011 BKN028 26/21 A2997 RMK AO2 T02550211 SLP142,,3.601108,25.555555555555557,6
ITH,2015-06-15 12:56:00,-76.4584,42.491,335.0,77.0,68.0,73.78,340.0,8.0,0.0,29.97,1014.2,10.0,,BKN,BKN,,,1500.0,4200.0,,,,,,,,,,77.0,KITH 151656Z 34008KT 10SM BKN015 BKN042 25/20 A2997 RMK AO2 T02500200 SLP142,,4.115552,25.0,6
ITH,2015-06-15 13:56:00,-76.4584,42.491,335.0,79.0,70.0,73.97,320.0,8.0,0.0,29.97,1014.0,10.0,,SCT,BKN,,,1500.0,2500.0,,,,,,,,,,81.69,KITH 151756Z 32008KT 10SM SCT015 BKN025 26/21 A2997 RMK AO2 58001 60000 T02610211 10261 20216 SLP140,,4.115552,26.11111111111111,6
ITH,2015-06-15 14:56:00,-76.4584,42.491,335.0,79.88,70.0,71.81,340.0,10.0,0.0,29.96,1013.8,10.0,,BKN,BKN,,,2500.0,7500.0,,,,,,,,,,82.97,KITH 151856Z 34010KT 310V010 10SM BKN025 BKN075 27/21 A2996 RMK AO2 T02660211 SLP138,,5.14444,26.599999999999998,6
ITH,2015-06-15 15:56:00,-76.4584,42.491,335.0,79.88,70.88,74.05,310.0,8.0,0.0,29.95,1013.6,10.0,,BKN,,,,2100.0,,,,,,,,,,,83.24,KITH 151956Z 31008KT 10SM BKN021 27/22 A2995 RMK AO2 T02660216 SLP136,,4.115552,26.599999999999998,6
ITH,2015-06-15 16:56:00,-76.4584,42.491,335.0,79.88,70.88,74.05,310.0,6.0,0.0,29.95,1013.5,10.0,,SCT,BKN,,,2100.0,7000.0,,,,,,,,,,83.24,KITH 152056Z 31006KT 10SM SCT021 BKN070 27/22 A2995 RMK AO2 56005 T02660216 SLP135,,3.086664,26.599999999999998,6
ITH,2015-06-15 17:56:00,-76.4584,42.491,335.0,79.0,70.0,73.97,340.0,6.0,0.0,29.95,1013.3,10.0,,BKN,,,,2500.0,,,,,,,,,,,81.69,KITH 152156Z 34006KT 10SM BKN025 26/21 A2995 RMK AO2 T02610211 SLP133,,3.086664,26.11111111111111,6
ITH,2015-06-15 18:56:00,-76.4584,42.491,335.0,78.0,69.0,73.86,340.0,5.0,0.0,29.94,1013.1,10.0,,SCT,,,,2500.0,,,,,,,,,,,77.9,KITH 152256Z 34005KT 10SM SCT025 26/21 A2994 RMK AO2 T02550205 SLP131,,2.57222,25.555555555555557,4
ITH,2015-06-15 19:56:00,-76.4584,42.491,335.0,77.0,69.0,76.1,0.0,0.0,0.0,29.94,1013.1,10.0,,FEW,SCT,,,2500.0,7000.0,,,,,,,,,,77.0,KITH 152356Z 00000KT 10SM FEW025 SCT070 25/21 A2994 RMK AO2 56004 T02500205 10272 20250 SLP131,,0.0,25.0,4
ITH,2015-06-15 20:56:00,-76.4584,42.491,335.0,70.0,69.0,96.37,0.0,0.0,0.0,29.94,1013.4,10.0,,FEW,,,,2500.0,,,,,,,,,,,69.98,KITH 160056Z 00000KT 10SM FEW025 21/21 A2994 RMK AO2 T02110205 SLP134,,0.0,21.11111111111111,2
ITH,2015-06-15 21:56:00,-76.4584,42.491,335.0,68.0,67.0,96.34,0.0,0.0,0.0,29.95,1013.6,7.0,,CLR,,,,,,,,,,,,,,,68.0,KITH 160156Z 00000KT 7SM CLR 20/19 A2995 RMK AO2 T02000194 SLP136,,0.0,20.0,0
ITH,2015-06-15 22:56:00,-76.4584,42.491,335.0,67.0,67.0,100.0,0.0,0.0,0.0,29.96,1014.0,5.0,,CLR,,,,,,,,BR,,,,,,,66.92,KITH 160256Z AUTO 00000KT 5SM BR CLR 19/19 A2996 RMK AO2 53007 T01940194 SLP140,,0.0,19.444444444444443,0
ITH,2015-06-15 23:56:00,-76.4584,42.491,335.0,67.0,67.0,100.0,80.0,3.0,0.0,29.96,1013.7,7.0,,CLR,,,,,,,,,,,,,,,66.92,KITH 160356Z AUTO 08003KT 7SM CLR 19/19 A2996 RMK AO2 T01940194 402720194 SLP137,,1.543332,19.444444444444443,0
ITH,2015-06-16 00:56:00,-76.4584,42.491,335.0,68.0,68.0,100.0,100.0,4.0,0.0,29.95,1013.5,8.0,,BKN,BKN,OVC,,3200.0,4200.0,5500.0,,,,,,,,,68.0,KITH 160456Z AUTO 10004KT 8SM BKN032 BKN042 OVC055 20/20 A2995 RMK AO2 T02000200 BKN V SCT SLP135,,2.057776,20.0,8
ITH,2015-06-16 01:24:00,-76.4584,42.491,335.0,68.0,68.0,100.0,0.0,0.0,0.11,29.95,,1.75,,SCT,BKN,OVC,,2100.0,3000.0,3800.0,,+RA BR,,,,,,,68.0,KITH 160524Z AUTO 00000KT 1 3/4SM R32/6000VP6000FT +RA BR SCT021 BKN030 OVC038 20/20 A2995 RMK AO2 OVC V BKN VIS 3/4V5 RAB15 P0011,,0.0,20.0,8
ITH,2015-06-16 01:35:00,-76.4584,42.491,335.0,69.8,68.0,94.01,90.0,3.0,0.2,29.94,,3.0,,FEW,SCT,OVC,,1700.0,2400.0,3000.0,,+RA BR,,,,,,,69.8,KITH 160535Z AUTO 09003KT 3SM +RA BR FEW017 SCT024 OVC030 21/20 A2994 RMK AO2 RAB15 P0020,,1.543332,21.0,8
ITH,2015-06-16 01:47:00,-76.4584,42.491,335.0,69.8,68.0,94.01,0.0,0.0,0.21,29.94,,6.0,,SCT,OVC,,,1700.0,2700.0,,,-RA BR,,,,,,,69.8,KITH 160547Z AUTO 00000KT 6SM -RA BR SCT017 OVC027 21/20 A2994 RMK AO2 RAB15 P0021,,0.0,21.0,8
ITH,2015-06-16 01:56:00,-76.4584,42.491,335.0,69.0,69.0,100.0,0.0,0.0,0.21,29.94,1013.1,7.0,,FEW,BKN,BKN,,1700.0,2500.0,2900.0,,-RA,,,,,,,68.9,KITH 160556Z AUTO 00000KT 7SM -RA FEW017 BKN025 BKN029 21/21 A2994 RMK AO2 58007 60021 T02050205 10250 20194 BKN V SCT RAB15 P0021 SLP131,,0.0,20.555555555555557,6
ITH,2015-06-16 02:12:00,-76.4584,42.491,335.0,68.0,68.0,100.0,0.0,0.0,0.0001,29.93,,5.0,,FEW,,,,1700.0,,,,BR,,,,,,,68.0,KITH 160612Z AUTO 00000KT 5SM BR FEW017 20/20 A2993 RMK AO2 RAE07 P0000,,0.0,20.0,2
ITH,2015-06-16 02:56:00,-76.4584,42.491,335.0,68.0,67.0,96.34,0.0,0.0,0.0001,29.93,1012.7,6.0,,CLR,,,,,,,,BR,,,,,,,68.0,KITH 160656Z AUTO 00000KT 6SM BR CLR 20/19 A2993 RMK AO2 T02000194 RAE07 P0000 SLP127,,0.0,20.0,0
ITH,2015-06-16 03:56:00,-76.4584,42.491,335.0,68.0,68.0,100.0,0.0,0.0,0.0,29.91,1012.1,8.0,,BKN,,,,5500.0,,,,,,,,,,,68.0,KITH 160756Z AUTO 00000KT 8SM BKN055 20/20 A2991 RMK AO2 T02000200 SLP121,,0.0,20.0,6
ITH,2015-06-16 04:56:00,-76.4584,42.491,335.0,69.0,69.0,100.0,0.0,0.0,0.0,29.9,1011.9,8.0,,FEW,OVC,,,2600.0,3800.0,,,,,,,,,,68.9,KITH 160856Z AUTO 00000KT 8SM FEW026 OVC038 21/21 A2990 RMK AO2 56012 60000 T02050205 OVC V BKN SLP119,,0.0,20.555555555555557,8
ITH,2015-06-16 05:09:00,-76.4584,42.491,335.0,69.8,69.8,100.0,210.0,4.0,0.0,29.9,,9.0,,BKN,OVC,,,2400.0,3800.0,,,,,,,,,,69.8,KITH 160909Z AUTO 21004KT 9SM BKN024 OVC038 21/21 A2990 RMK AO2,,2.057776,21.0,8
ITH,2015-06-16 05:31:00,-76.4584,42.491,335.0,69.8,69.8,100.0,220.0,5.0,0.0001,29.9,,8.0,,SCT,BKN,OVC,,2600.0,5500.0,6500.0,,-RA,,,,,,,69.8,KITH 160931Z AUTO 22005KT 8SM -RA SCT026 BKN055 OVC065 21/21 A2990 RMK AO2 RAB12 P0000,,2.57222,21.0,8
ITH,2015-06-16 05:56:00,-76.4584,42.491,335.0,70.88,70.0,96.98,230.0,4.0,0.0001,29.9,1011.6,10.0,,FEW,BKN,OVC,,3200.0,4200.0,5500.0,,,,,,,,,72.23,KITH 160956Z AUTO 23004KT 10SM FEW032 BKN042 OVC055 22/21 A2990 RMK AO2 T02160211 BKN V SCT RAB12E38 P0000 SLP116,,2.057776,21.599999999999998,8
ITH,2015-06-16 06:26:00,-76.4584,42.491,335.0,71.6,69.8,94.06,210.0,4.0,0.0,29.89,,9.0,,SCT,BKN,,,2200.0,3400.0,,,,,,,,,,72.88,KITH 161026Z 21004KT 9SM SCT022 BKN034 22/21 A2989 RMK AO2,,2.057776,21.999999999999996,6
ITH,2015-06-16 06:56:00,-76.4584,42.491,335.0,72.0,70.0,93.49,220.0,5.0,0.0,29.89,1011.6,10.0,,SCT,OVC,,,2400.0,3400.0,,,,,,,,,,73.25,KITH 161056Z 22005KT 10SM SCT024 OVC034 22/21 A2989 RMK AO2 T02220211 SLP116,,2.57222,22.22222222222222,8
ITH,2015-06-16 07:56:00,-76.4584,42.491,335.0,72.86,70.0,90.69,220.0,4.0,0.0001,29.89,1011.3,10.0,,FEW,BKN,,,2200.0,4100.0,,,,,,,,,,74.11,KITH 161156Z 22004KT 10SM FEW022 BKN041 23/21 A2989 RMK AO2 56006 60000 70021 T02270211 10227 20194 RAB52E55 P0000 SLP113,,2.057776,22.700000000000003,6
ITH,2015-06-16 08:56:00,-76.4584,42.491,335.0,74.84,70.88,87.5,220.0,7.0,0.0001,29.88,1011.1,8.0,,FEW,BKN,,,2000.0,3700.0,,,-SHRA,,,,,,,76.14,KITH 161256Z 22007KT 8SM -SHRA FEW020 BKN037 24/22 A2988 RMK AO2 T02380216 RAB08E52SHRAB52 P0000 SLP111,,3.601108,23.8,6
ITH,2015-06-16 09:31:00,-76.4584,42.491,335.0,73.4,69.8,88.51,210.0,5.0,0.0001,29.88,,10.0,,BKN,OVC,,,1800.0,5500.0,,,-RA,,,,,,,74.6,KITH 161331Z 21005KT 10SM -RA BKN018 OVC055 23/21 A2988 RMK AO2 RAB12SHRAE12 P0000,,2.57222,23.000000000000004,8
ITH,2015-06-16 09:56:00,-76.4584,42.491,335.0,74.84,70.0,84.85,220.0,7.0,0.0001,29.87,1010.9,10.0,,BKN,OVC,,,1700.0,4600.0,,,-SHRA,,,,,,,76.01,KITH 161356Z 22007KT 10SM -SHRA BKN017 OVC046 24/21 A2987 RMK AO2 T02380211 RAB12E45SHRAE12B53 P0000 SLP109,,3.601108,23.8,8
ITH,2015-06-16 10:56:00,-76.4584,42.491,335.0,76.0,70.0,81.85,230.0,8.0,0.0001,29.87,1010.7,10.0,,BKN,OVC,,,1500.0,10000.0,,,,,,,,,,77.06,KITH 161456Z 23008KT 10SM BKN015 OVC100 24/21 A2987 RMK AO2 56006 60000 T02440211 SHRAE50 P0000 SLP107,,4.115552,24.444444444444443,8
ITH,2015-06-16 11:36:00,-76.4584,42.491,335.0,75.2,69.8,83.32,340.0,16.0,0.1,29.88,,3.0,28.0,BKN,OVC,,,700.0,2400.0,,,RA,,,,28.0,280.0,2015-06-16 11:28,76.34,KITH 161536Z 34016G28KT 3SM R32/3000VP6000FT RA BKN007 OVC024 24/21 A2988 RMK AO2 RAB32 P0010 PK WND 28028/1528 PRESRR,,8.231104,24.0,8
ITH,2015-06-16 11:39:00,-76.4584,42.491,335.0,73.4,69.8,88.51,330.0,13.0,0.12,29.88,,2.0,25.0,BKN,OVC,,,700.0,2400.0,,,-RA BR,,,,28.0,280.0,2015-06-16 11:28,74.6,KITH 161539Z 33013G25KT 2SM -RA BR BKN007 OVC024 23/21 A2988 RMK AO2 RAB32 P0012 WSHFT 1524 PK WND 28028/1528,,6.687772,23.000000000000004,8
ITH,2015-06-16 11:46:00,-76.4584,42.491,335.0,69.8,66.2,88.34,310.0,13.0,0.12,29.89,,0.25,,BKN,OVC,,,700.0,2400.0,,,-RA FG,,,,28.0,280.0,2015-06-16 11:28,69.8,KITH 161546Z 31013KT 1/4SM R32/2200VP6000FT -RA FG BKN007 OVC024 21/19 A2989 RMK AO2 RAB32 P0012 WSHFT 1524 PK WND 28028/1528,,6.687772,21.0,8
ITH,2015-06-16 11:56:00,-76.4584,42.491,335.0,65.84,65.0,96.92,310.0,11.0,0.16,29.89,1011.8,0.12,,VV ,,,,200.0,,,,-RA FG,,,,28.0,280.0,2015-06-16 11:28,65.84,KITH 161556Z 31011KT 1/8SM R32/1400VP6000FT -RA FG VV002 19/18 A2989 RMK AO2 T01880183 RAB32 P0016 WSHFT 1524 PK WND 28028/1528 SLP118,,5.6588840000000005,18.8,-1
ITH,2015-06-16 12:06:00,-76.4584,42.491,335.0,66.2,64.4,93.92,320.0,9.0,0.0001,29.9,,0.75,,BKN,OVC,,,200.0,10000.0,,,-RA BR,,,,,,,66.2,KITH 161606Z 32009KT 3/4SM R32/1000V2200FT -RA BR BKN002 OVC100 19/18 A2990 RMK AO2 P0000,,4.629996,19.0,8
ITH,2015-06-16 12:11:00,-76.4584,42.491,335.0,66.2,64.4,93.92,320.0,10.0,0.0001,29.9,,1.0,,BKN,OVC,,,200.0,1500.0,,,-RA BR,,,,,,,66.2,KITH 161611Z 32010KT 1SM R32/1000VP6000FT -RA BR BKN002 OVC015 19/18 A2990 RMK AO2 P0000,,5.14444,19.0,8
ITH,2015-06-16 12:56:00,-76.4584,42.491,335.0,65.84,65.0,96.92,310.0,10.0,0.0001,29.92,1012.8,6.0,,OVC,,,,200.0,,,,BR,,,,,,,65.84,KITH 161656Z 31010KT 6SM BR OVC002 19/18 A2992 RMK AO2 T01880183 RAE25 P0000 SLP128,,5.14444,18.8,8
ITH,2015-06-16 13:23:00,-76.4584,42.491,335.0,68.0,64.4,88.26,320.0,9.0,0.0,29.93,,10.0,,OVC,,,,500.0,,,,,,,,,,,68.0,KITH 161723Z 32009KT 10SM OVC005 20/18 A2993 RMK AO2,,4.629996,20.0,8
ITH,2015-06-16 13:56:00,-76.4584,42.491,335.0,70.0,65.0,84.04,300.0,9.0,0.0,29.93,1013.1,10.0,,BKN,OVC,,,800.0,5000.0,,,,,,,,,,69.98,KITH 161756Z 30009KT 10SM BKN008 OVC050 21/18 A2993 RMK AO2 51021 60016 T02110183 10266 20183 SLP131,,4.629996,21.11111111111111,8
ITH,2015-06-16 14:24:00,-76.4584,42.491,335.0,71.6,66.2,83.09,310.0,8.0,0.0,29.93,,10.0,,BKN,,,,1100.0,,,,,,,,,,,71.6,KITH 161824Z 31008KT 10SM BKN011 22/19 A2993 RMK AO2,,4.115552,21.999999999999996,6
ITH,2015-06-16 14:56:00,-76.4584,42.491,335.0,72.86,65.0,76.21,320.0,12.0,0.0,29.94,1013.3,10.0,17.0,BKN,,,,1500.0,,,,,,,,,,,72.86,KITH 161856Z 32012G17KT 10SM BKN015 23/18 A2994 RMK AO2 T02270183 SLP133,,6.173328,22.700000000000003,6
ITH,2015-06-16 15:56:00,-76.4584,42.491,335.0,76.0,63.0,64.17,320.0,14.0,0.0,29.94,1013.4,10.0,,BKN,,,,2800.0,,,,,,,,,,,75.92,KITH 161956Z 32014KT 10SM BKN028 24/17 A2994 RMK AO2 T02440172 SLP134,,7.202216,24.444444444444443,6
ITH,2015-06-16 16:56:00,-76.4584,42.491,335.0,74.0,61.88,66.01,340.0,9.0,0.0,29.95,1013.6,10.0,15.0,BKN,,,,3200.0,,,,,,,,,,,73.94,KITH 162056Z 34009G15KT 10SM BKN032 23/17 A2995 RMK AO2 53006 T02330166 SLP136,,4.629996,23.333333333333332,6
ITH,2015-06-16 17:56:00,-76.4584,42.491,335.0,74.84,63.86,68.67,350.0,13.0,0.0,29.97,1014.1,10.0,,BKN,,,,3500.0,,,,,,,,,,,74.84,KITH 162156Z 35013KT 10SM BKN035 24/18 A2997 RMK AO2 T02380177 SLP141,,6.687772,23.8,6
ITH,2015-06-16 18:56:00,-76.4584,42.491,335.0,72.86,63.0,71.11,320.0,7.0,0.0,29.99,1014.7,10.0,,SCT,,,,3600.0,,,,,,,,,,,72.86,KITH 162256Z 32007KT 10SM SCT036 23/17 A2999 RMK AO2 T02270172 SLP147,,3.601108,22.700000000000003,4
ITH,2015-06-16 19:56:00,-76.4584,42.491,335.0,72.86,61.88,68.45,330.0,6.0,0.0,30.0,1015.3,10.0,,CLR,,,,,,,,,,,,,,,72.86,KITH 162356Z 33006KT 10SM CLR 23/17 A3000 RMK AO2 53016 T02270166 10244 20211 SLP153,,3.086664,22.700000000000003,0
ITH,2015-06-16 20:56:00,-76.4584,42.491,335.0,67.0,56.0,67.79,360.0,4.0,0.0,30.02,1016.1,10.0,,CLR,,,,,,,,,,,,,,,66.92,KITH 170056Z 36004KT 10SM CLR 19/13 A3002 RMK AO2 T01940133 SLP161,,2.057776,19.444444444444443,0
ITH,2015-06-16 21:56:00,-76.4584,42.491,335.0,63.86,54.86,72.51,340.0,3.0,0.0,30.07,1017.7,10.0,,CLR,,,,,,,,,,,,,,,63.86,KITH 170156Z 34003KT 10SM CLR 18/13 A3007 RMK AO2 T01770127 SLP177,,1.543332,17.700000000000003,0
ITH,2015-06-16 22:56:00,-76.4584,42.491,335.0,61.0,52.88,74.65,330.0,3.0,0.0,30.09,1018.5,10.0,,CLR,,,,,,,,,,,,,,,60.98,KITH 170256Z AUTO 33003KT 10SM CLR 16/12 A3009 RMK AO2 53027 T01610116 SLP185,,1.543332,16.11111111111111,0
ITH,2015-06-16 23:56:00,-76.4584,42.491,335.0,61.88,52.88,72.31,330.0,5.0,0.0,30.11,1019.2,10.0,,SCT,BKN,,,3800.0,5000.0,,,,,,,,,,61.88,KITH 170356Z AUTO 33005KT 10SM SCT038 BKN050 17/12 A3011 RMK AO2 T01660116 402660150 SLP192,,2.57222,16.6,6
ITH,2015-06-17 06:21:00,-76.4584,42.491,335.0,55.4,55.4,100.0,0.0,0.0,0.0,30.17,,10.0,,SCT,,,,5000.0,,,,,,,,,,,55.4,KITH 171021Z 00000KT 10SM SCT050 13/13 A3017 RMK AO2,,0.0,13.0,4
ITH,2015-06-17 06:56:00,-76.4584,42.491,335.0,59.0,58.0,96.2,0.0,0.0,0.0,30.17,1021.3,10.0,,FEW,,,,5000.0,,,,,,,,,,,59.0,KITH 171056Z 00000KT 10SM FEW050 15/14 A3017 RMK AO2 T01500144 SLP213,,0.0,15.0,2
ITH,2015-06-17 07:56:00,-76.4584,42.491,335.0,61.88,54.0,75.23,0.0,0.0,0.0,30.19,1021.9,10.0,,CLR,,,,,,,,,,,,,,,61.88,KITH 171156Z 00000KT 10SM CLR 17/12 A3019 RMK AO2 53019 70016 T01660122 10166 20116 SLP219,,0.0,16.6,0
ITH,2015-06-17 08:56:00,-76.4584,42.491,335.0,63.0,54.0,72.42,0.0,0.0,0.0,30.2,1022.4,10.0,,CLR,,,,,,,,,,,,,,,62.96,KITH 171256Z 00000KT 10SM CLR 17/12 A3020 RMK AO2 T01720122 SLP224,,0.0,17.22222222222222,0
ITH,2015-06-17 09:56:00,-76.4584,42.491,335.0,65.0,54.0,67.57,0.0,0.0,0.0,30.19,1022.2,10.0,,FEW,,,,2500.0,,,,,,,,,,,64.94,KITH 171356Z 00000KT 10SM FEW025 18/12 A3019 RMK AO2 T01830122 SLP222,,0.0,18.333333333333332,2
ITH,2015-06-17 10:56:00,-76.4584,42.491,335.0,70.0,56.84,63.04,0.0,0.0,0.0,30.2,1022.2,10.0,,FEW,,,,3000.0,,,,,,,,,,,69.98,KITH 171456Z 00000KT 10SM FEW030 21/14 A3020 RMK AO2 50001 T02110138 SLP222,,0.0,21.11111111111111,2
ITH,2015-06-17 11:56:00,-76.4584,42.491,335.0,70.0,56.84,63.04,310.0,4.0,0.0,30.2,1022.3,10.0,,FEW,,,,3500.0,,,,,,,,,,,69.98,KITH 171556Z 31004KT 10SM FEW035 21/14 A3020 RMK AO2 T02110138 SLP223,,2.057776,21.11111111111111,2
ITH,2015-06-17 12:56:00,-76.4584,42.491,335.0,70.88,54.0,55.07,0.0,0.0,0.0,30.18,1021.8,10.0,,SCT,,,,5000.0,,,,,,,,,,,70.88,KITH 171656Z 00000KT 10SM SCT050 22/12 A3018 RMK AO2 T02160122 SLP218,,0.0,21.599999999999998,4
ITH,2015-06-17 13:56:00,-76.4584,42.491,335.0,72.0,52.0,49.36,340.0,3.0,0.0,30.17,1021.4,10.0,,SCT,,,,5000.0,,,,,,,,,,,71.96,KITH 171756Z 34003KT 10SM SCT050 22/11 A3017 RMK AO2 58006 T02220111 10222 20166 SLP214,,1.543332,22.22222222222222,4
ITH,2015-06-17 14:56:00,-76.4584,42.491,335.0,72.0,52.0,49.36,0.0,0.0,0.0,30.16,1021.0,10.0,,SCT,,,,5000.0,,,,,,,,,,,71.96,KITH 171856Z 00000KT 10SM SCT050 22/11 A3016 RMK AO2 T02220111 SLP210,,0.0,22.22222222222222,4
ITH,2015-06-17 15:56:00,-76.4584,42.491,335.0,72.86,52.88,49.49,40.0,4.0,0.0,30.14,1020.4,10.0,,SCT,,,,5500.0,,,,,,,,,,,72.86,KITH 171956Z 04004KT 10SM SCT055 23/12 A3014 RMK AO2 T02270116 SLP204,,2.057776,22.700000000000003,4
ITH,2015-06-17 16:56:00,-76.4584,42.491,335.0,72.86,52.88,49.49,0.0,0.0,0.0,30.13,1019.9,10.0,,SCT,,,,5000.0,,,,,,,,,,,72.86,KITH 172056Z 00000KT 10SM SCT050 23/12 A3013 RMK AO2 58017 T02270116 SLP199,,0.0,22.700000000000003,4
ITH,2015-06-17 17:56:00,-76.4584,42.491,335.0,72.86,56.0,55.34,130.0,4.0,0.0,30.1,1019.0,10.0,,CLR,,,,,,,,,,,,,,,72.86,KITH 172156Z 13004KT 10SM CLR 23/13 A3010 RMK AO2 T02270133 SLP190,,2.057776,22.700000000000003,0
ITH,2015-06-17 18:56:00,-76.4584,42.491,335.0,72.0,58.0,61.28,80.0,3.0,0.0,30.09,1018.6,10.0,,FEW,,,,5000.0,,,,,,,,,,,71.96,KITH 172256Z 08003KT 10SM FEW050 22/14 A3009 RMK AO2 T02220144 SLP186,,1.543332,22.22222222222222,2
ITH,2015-06-17 19:56:00,-76.4584,42.491,335.0,67.0,61.0,81.22,130.0,3.0,0.0,30.08,1018.4,10.0,,CLR,,,,,,,,,,,,,,,66.92,KITH 172356Z 13003KT 10SM CLR 19/16 A3008 RMK AO2 56013 T01940161 10233 20194 SLP184,,1.543332,19.444444444444443,0
ITH,2015-06-17 20:56:00,-76.4584,42.491,335.0,61.88,60.0,93.22,80.0,3.0,0.0,30.09,1018.7,10.0,,CLR,,,,,,,,,,,,,,,61.88,KITH 180056Z 08003KT 10SM CLR 17/16 A3009 RMK AO2 T01660155 SLP187,,1.543332,16.6,0
ITH,2015-06-17 21:56:00,-76.4584,42.491,335.0,60.0,58.0,93.16,120.0,3.0,0.0,30.09,1018.7,10.0,,CLR,,,,,,,,,,,,,,,59.9,KITH 180156Z 12003KT 10SM CLR 16/14 A3009 RMK AO2 T01550144 SLP187,,1.543332,15.555555555555555,0
ITH,2015-06-17 22:56:00,-76.4584,42.491,335.0,60.0,59.0,96.84,90.0,3.0,0.0,30.09,1018.6,10.0,,CLR,,,,,,,,,,,,,,,59.9,KITH 180256Z AUTO 09003KT 10SM CLR 16/15 A3009 RMK AO2 50001 T01550150 SLP186,,1.543332,15.555555555555555,0
ITH,2015-06-17 23:56:00,-76.4584,42.491,335.0,59.0,58.0,96.2,0.0,0.0,0.0,30.08,1018.2,10.0,,CLR,,,,,,,,,,,,,,,59.0,KITH 180356Z AUTO 00000KT 10SM CLR 15/14 A3008 RMK AO2 T01500144 402330116 SLP182,,0.0,15.0,0
ITH,2015-06-18 00:56:00,-76.4584,42.491,335.0,60.0,56.84,89.6,90.0,3.0,0.0,30.06,1017.7,10.0,,CLR,,,,,,,,,,,,,,,59.9,KITH 180456Z AUTO 09003KT 10SM CLR 16/14 A3006 RMK AO2 T01550138 SLP177,,1.543332,15.555555555555555,0
ITH,2015-06-18 01:56:00,-76.4584,42.491,335.0,58.0,56.84,96.18,0.0,0.0,0.0,30.05,1017.2,10.0,,CLR,,,,,,,,,,,,,,,57.92,KITH 180556Z AUTO 00000KT 10SM CLR 14/14 A3005 RMK AO2 58012 T01440138 10194 20144 SLP172,,0.0,14.444444444444445,0
ITH,2015-06-18 02:56:00,-76.4584,42.491,335.0,58.0,56.84,96.18,0.0,0.0,0.0,30.04,1017.1,10.0,,CLR,,,,,,,,,,,,,,,57.92,KITH 180656Z AUTO 00000KT 10SM CLR 14/14 A3004 RMK AO2 T01440138 SLP171,,0.0,14.444444444444445,0
ITH,2015-06-18 03:56:00,-76.4584,42.491,335.0,61.88,58.0,86.84,0.0,0.0,0.0,30.04,1016.8,10.0,,SCT,,,,4000.0,,,,,,,,,,,61.88,KITH 180756Z AUTO 00000KT 10SM SCT040 17/14 A3004 RMK AO2 T01660144 SLP168,,0.0,16.6,4
ITH,2015-06-18 04:56:00,-76.4584,42.491,335.0,63.0,60.0,89.73,170.0,7.0,0.0,30.03,1016.6,10.0,,FEW,,,,3600.0,,,,,,,,,,,62.96,KITH 180856Z AUTO 17007KT 10SM FEW036 17/16 A3003 RMK AO2 56006 T01720155 SLP166,,3.601108,17.22222222222222,2
ITH,2015-06-18 05:56:00,-76.4584,42.491,335.0,63.86,60.0,86.94,180.0,6.0,0.0,30.03,1016.3,10.0,,CLR,,,,,,,,,,,,,,,63.86,KITH 180956Z AUTO 18006KT 10SM CLR 18/16 A3003 RMK AO2 T01770155 SLP163,,3.086664,17.700000000000003,0
ITH,2015-06-18 06:16:00,-76.4584,42.491,335.0,64.4,60.8,88.09,190.0,7.0,0.0,30.03,,10.0,,FEW,,,,3500.0,,,,,,,,,,,64.4,KITH 181016Z 19007KT 10SM FEW035 18/16 A3003 RMK AO2,,3.601108,18.000000000000004,2
ITH,2015-06-18 06:56:00,-76.4584,42.491,335.0,65.0,60.0,83.72,170.0,8.0,0.0,30.04,1016.8,10.0,,FEW,BKN,,,3500.0,9000.0,,,,,,,,,,64.94,KITH 181056Z 17008KT 10SM FEW035 BKN090 18/16 A3004 RMK AO2 T01830155 SLP168,,4.115552,18.333333333333332,6
ITH,2015-06-18 07:56:00,-76.4584,42.491,335.0,65.84,60.0,81.14,180.0,8.0,0.0,30.03,1016.7,10.0,,BKN,OVC,,,1700.0,9000.0,,,,,,,,,,65.84,KITH 181156Z 18008KT 10SM BKN017 OVC090 19/16 A3003 RMK AO2 56000 T01880155 10188 20144 SLP167,,4.115552,18.8,8
ITH,2015-06-18 08:56:00,-76.4584,42.491,335.0,67.0,61.0,81.22,180.0,7.0,0.0,30.04,1016.9,10.0,,OVC,,,,1300.0,,,,,,,,,,,66.92,KITH 181256Z 18007KT 10SM OVC013 19/16 A3004 RMK AO2 T01940161 SLP169,,3.601108,19.444444444444443,8
ITH,2015-06-18 09:56:00,-76.4584,42.491,335.0,67.0,61.0,81.22,170.0,7.0,0.0,30.03,1016.6,10.0,,OVC,,,,1200.0,,,,,,,,,,,66.92,KITH 181356Z 17007KT 10SM OVC012 19/16 A3003 RMK AO2 T01940161 SLP166,,3.601108,19.444444444444443,8
ITH,2015-06-18 10:56:00,-76.4584,42.491,335.0,67.0,61.88,83.85,160.0,5.0,0.0,30.03,1016.7,10.0,,OVC,,,,1200.0,,,,,,,,,,,66.92,KITH 181456Z 16005KT 10SM OVC012 19/17 A3003 RMK AO2 58001 T01940166 SLP167,,2.57222,19.444444444444443,8
ITH,2015-06-18 11:56:00,-76.4584,42.491,335.0,69.0,63.0,81.36,190.0,5.0,0.0,30.02,1016.2,10.0,,OVC,,,,1200.0,,,,,,,,,,,68.9,KITH 181556Z 19005KT 10SM OVC012 21/17 A3002 RMK AO2 T02050172 SLP162,,2.57222,20.555555555555557,8
ITH,2015-06-18 12:56:00,-76.4584,42.491,335.0,69.0,63.86,83.97,200.0,6.0,0.0,30.01,1015.9,10.0,,OVC,,,,1200.0,,,,,,,,,,,68.9,KITH 181656Z 20006KT 10SM OVC012 21/18 A3001 RMK AO2 T02050177 SLP159,,3.086664,20.555555555555557,8
ITH,2015-06-18 13:56:00,-76.4584,42.491,335.0,74.0,65.0,73.49,200.0,8.0,0.0,29.98,1014.8,10.0,,BKN,,,,1400.0,,,,,,,,,,,73.94,KITH 181756Z 20008KT 10SM BKN014 23/18 A2998 RMK AO2 58014 T02330183 10227 20188 SLP148,,4.115552,23.333333333333332,6
ITH,2015-06-18 14:56:00,-76.4584,42.491,335.0,76.0,65.0,68.78,190.0,8.0,0.0,29.96,1014.1,10.0,,FEW,SCT,,,1800.0,4600.0,,,,,,,,,,75.92,KITH 181856Z 19008KT 10SM FEW018 SCT046 24/18 A2996 RMK AO2 T02440183 SLP141,,4.115552,24.444444444444443,4
ITH,2015-06-18 15:56:00,-76.4584,42.491,335.0,72.86,65.84,78.64,160.0,8.0,0.0,29.94,1013.5,10.0,,OVC,,,,2200.0,,,,,,,,,,,72.86,KITH 181956Z 16008KT 10SM OVC022 23/19 A2994 RMK AO2 T02270188 SLP135,,4.115552,22.700000000000003,8
ITH,2015-06-18 16:56:00,-76.4584,42.491,335.0,72.86,65.84,78.64,180.0,8.0,0.0,29.92,1012.8,10.0,,BKN,BKN,,,1800.0,5500.0,,,,,,,,,,72.86,KITH 182056Z 18008KT 10SM BKN018 BKN055 23/19 A2992 RMK AO2 56019 T02270188 SLP128,,4.115552,22.700000000000003,6
ITH,2015-06-18 17:56:00,-76.4584,42.491,335.0,72.86,67.0,81.64,160.0,7.0,0.0,29.91,1012.2,10.0,,SCT,BKN,,,1800.0,7500.0,,,,,,,,,,72.86,KITH 182156Z 16007KT 10SM SCT018 BKN075 23/19 A2991 RMK AO2 T02270194 SLP122,,3.601108,22.700000000000003,6
ITH,2015-06-18 18:56:00,-76.4584,42.491,335.0,74.0,67.0,78.72,170.0,7.0,0.0,29.89,1011.8,10.0,,FEW,,,,2700.0,,,,,,,,,,,73.94,KITH 182256Z 17007KT 10SM FEW027 23/19 A2989 RMK AO2 T02330194 SLP118,,3.601108,23.333333333333332,2
ITH,2015-06-18 19:56:00,-76.4584,42.491,335.0,72.0,67.0,84.16,170.0,8.0,0.0,29.89,1011.6,10.0,,BKN,,,,4300.0,,,,,,,,,,,71.96,KITH 182356Z 17008KT 10SM BKN043 22/19 A2989 RMK AO2 56012 T02220194 10244 20222 SLP116,,4.115552,22.22222222222222,6
ITH,2015-06-18 20:56:00,-76.4584,42.491,335.0,70.88,67.0,87.3,170.0,4.0,0.0,29.9,1012.1,10.0,,BKN,,,,3800.0,,,,,,,,,,,70.88,KITH 190056Z 17004KT 10SM BKN038 22/19 A2990 RMK AO2 T02160194 SLP121,,2.057776,21.599999999999998,6
ITH,2015-06-18 21:56:00,-76.4584,42.491,335.0,68.0,65.84,92.8,0.0,0.0,0.0,29.91,1012.2,10.0,,SCT,BKN,,,3600.0,5500.0,,,,,,,,,,68.0,KITH 190156Z 00000KT 10SM SCT036 BKN055 20/19 A2991 RMK AO2 T02000188 BKN V SCT SLP122,,0.0,20.0,6
ITH,2015-06-18 22:56:00,-76.4584,42.491,335.0,70.0,67.0,90.02,220.0,5.0,0.0,29.91,1012.4,10.0,,BKN,OVC,,,3100.0,4000.0,,,,,,,,,,69.98,KITH 190256Z AUTO 22005KT 10SM BKN031 OVC040 21/19 A2991 RMK AO2 51007 T02110194 BKN V SCT SLP124,,2.57222,21.11111111111111,8
ITH,2015-06-18 23:24:00,-76.4584,42.491,335.0,69.8,66.2,88.34,240.0,4.0,0.0,29.92,,10.0,,BKN,OVC,,,2900.0,3800.0,,,,,,,,,,69.8,KITH 190324Z AUTO 24004KT 10SM BKN029 OVC038 21/19 A2992 RMK AO2,,2.057776,21.0,8
ITH,2015-06-18 23:34:00,-76.4584,42.491,335.0,69.8,66.2,88.34,240.0,4.0,0.0,29.91,,10.0,,SCT,BKN,OVC,,2900.0,3600.0,5000.0,,,,,,,,,69.8,KITH 190334Z AUTO 24004KT 10SM SCT029 BKN036 OVC050 21/19 A2991 RMK AO2,,2.057776,21.0,8
ITH,2015-06-18 23:56:00,-76.4584,42.491,335.0,70.0,67.0,90.02,250.0,5.0,0.0,29.92,1012.6,10.0,,SCT,BKN,,,3600.0,4700.0,,,,,,,,,,69.98,KITH 190356Z AUTO 25005KT 10SM SCT036 BKN047 21/19 A2992 RMK AO2 T02110194 402440144 SLP126,,2.57222,21.11111111111111,6
ITH,2015-06-19 00:56:00,-76.4584,42.491,335.0,69.0,67.0,93.41,0.0,0.0,0.0,29.91,1012.5,10.0,,FEW,SCT,,,8500.0,11000.0,,,,,,,,,,68.9,KITH 190456Z AUTO 00000KT 10SM FEW085 SCT110 21/19 A2991 RMK AO2 T02050194 SLP125,,0.0,20.555555555555557,4
ITH,2015-06-19 01:56:00,-76.4584,42.491,335.0,68.0,65.0,89.94,320.0,3.0,0.0,29.91,1012.3,10.0,,FEW,BKN,BKN,,2500.0,8000.0,10000.0,,,,,,,,,68.0,KITH 190556Z AUTO 32003KT 10SM FEW025 BKN080 BKN100 20/18 A2991 RMK AO2 51001 T02000183 10222 20194 BKN V SCT SLP123,,1.543332,20.0,6
ITH,2015-06-19 02:26:00,-76.4584,42.491,335.0,69.8,66.2,88.34,280.0,5.0,0.0001,29.93,,10.0,,SCT,BKN,BKN,,2500.0,2900.0,4200.0,,-RA,,,,,,,69.8,KITH 190626Z AUTO 28005KT 10SM -RA SCT025 BKN029 BKN042 21/19 A2993 RMK AO2 RAB05 P0000,,2.57222,21.0,6
ITH,2015-06-19 02:56:00,-76.4584,42.491,335.0,68.0,65.84,92.8,270.0,3.0,0.0001,29.92,1012.6,10.0,,BKN,BKN,OVC,,1700.0,2300.0,4000.0,,-RA,,,,,,,68.0,KITH 190656Z AUTO 27003KT 10SM -RA BKN017 BKN023 OVC040 20/19 A2992 RMK AO2 T02000188 BKN V SCT RAB05 P0000 SLP126,,1.543332,20.0,8
ITH,2015-06-19 03:56:00,-76.4584,42.491,335.0,68.0,65.0,89.94,340.0,5.0,0.0001,29.92,1012.6,10.0,,FEW,BKN,BKN,,1700.0,2700.0,3200.0,,,,,,,,,68.0,KITH 190756Z AUTO 34005KT 10SM FEW017 BKN027 BKN032 20/18 A2992 RMK AO2 T02000183 BKN V OVC RAE14 P0000 SLP126,,2.57222,20.0,6
ITH,2015-06-19 04:47:00,-76.4584,42.491,335.0,66.2,64.4,93.92,320.0,6.0,0.0,29.93,,9.0,,BKN,BKN,OVC,,1100.0,1800.0,2500.0,,,,,,,,,66.2,KITH 190847Z AUTO 32006KT 9SM BKN011 BKN018 OVC025 19/18 A2993 RMK AO2 CIG 009V016,,3.086664,19.0,8
ITH,2015-06-19 04:56:00,-76.4584,42.491,335.0,67.0,65.0,93.35,320.0,5.0,0.0,29.93,1013.0,9.0,,BKN,BKN,OVC,,1100.0,1700.0,2700.0,,,,,,,,,66.92,KITH 190856Z AUTO 32005KT 9SM BKN011 BKN017 OVC027 19/18 A2993 RMK AO2 53005 60000 T01940183 CIG 007V012 SLP130,,2.57222,19.444444444444443,8
ITH,2015-06-19 05:16:00,-76.4584,42.491,335.0,66.2,64.4,93.92,350.0,4.0,0.0,29.93,,8.0,,BKN,,,,900.0,,,,,,,,,,,66.2,KITH 190916Z AUTO 35004KT 8SM BKN009 19/18 A2993 RMK AO2 CIG 007V012,,2.057776,19.0,6
ITH,2015-06-19 05:30:00,-76.4584,42.491,335.0,66.2,64.4,93.92,340.0,5.0,0.0,29.94,,7.0,,BKN,,,,1300.0,,,,,,,,,,,66.2,KITH 190930Z AUTO 34005KT 7SM BKN013 19/18 A2994 RMK AO2,,2.57222,19.0,6
ITH,2015-06-19 05:56:00,-76.4584,42.491,335.0,65.84,63.86,93.33,330.0,5.0,0.0,29.94,1013.5,9.0,,BKN,OVC,,,1300.0,4000.0,,,,,,,,,,65.84,KITH 190956Z AUTO 33005KT 9SM BKN013 OVC040 19/18 A2994 RMK AO2 T01880177 SLP135,,2.57222,18.8,8
ITH,2015-06-19 06:09:00,-76.4584,42.491,335.0,66.2,64.4,93.92,0.0,0.0,0.0,29.95,,9.0,,SCT,SCT,BKN,,1000.0,1500.0,4000.0,,,,,,,,,66.2,KITH 191009Z AUTO 00000KT 9SM SCT010 SCT015 BKN040 19/18 A2995 RMK AO2,,0.0,19.0,6
ITH,2015-06-19 06:18:00,-76.4584,42.491,335.0,66.2,64.4,93.92,330.0,3.0,0.0,29.94,,8.0,,SCT,BKN,BKN,,800.0,1500.0,4000.0,,,,,,,,,66.2,KITH 191018Z AUTO 33003KT 8SM SCT008 BKN015 BKN040 19/18 A2994 RMK AO2 BKN V SCT,,1.543332,19.0,6
ITH,2015-06-19 06:28:00,-76.4584,42.491,335.0,66.2,64.4,93.92,320.0,4.0,0.0,29.94,,8.0,,SCT,OVC,,,800.0,1500.0,,,,,,,,,,66.2,KITH 191028Z 32004KT 8SM SCT008 OVC015 19/18 A2994 RMK AO2,,2.057776,19.0,8
ITH,2015-06-19 06:56:00,-76.4584,42.491,335.0,65.84,63.86,93.33,320.0,4.0,0.0,29.96,1014.1,7.0,,OVC,,,,800.0,,,,,,,,,,,65.84,KITH 191056Z 32004KT 7SM OVC008 19/18 A2996 RMK AO2 T01880177 SLP141,,2.057776,18.8,8
ITH,2015-06-19 07:56:00,-76.4584,42.491,335.0,65.84,63.0,90.42,310.0,3.0,0.0,29.99,1014.9,6.0,,FEW,BKN,,,1100.0,1800.0,,,,,,,,,,65.84,KITH 191156Z 31003KT 6SM FEW011 BKN018 19/17 A2999 RMK AO2 53018 60000 T01880172 10205 20183 SLP149,,1.543332,18.8,6
ITH,2015-06-19 08:40:00,-76.4584,42.491,335.0,64.4,62.6,93.88,310.0,11.0,0.0,29.99,,3.0,,FEW,OVC,,,200.0,800.0,,,BR,,,,,,,64.4,KITH 191240Z 31011KT 3SM BR FEW002 OVC008 18/17 A2999 RMK AO2 CIG 005V012,,5.6588840000000005,18.000000000000004,8
ITH,2015-06-19 08:56:00,-76.4584,42.491,335.0,63.86,63.0,96.89,300.0,9.0,0.0,30.0,1015.5,2.0,,FEW,OVC,,,200.0,1000.0,,,BR,,,,,,,63.86,KITH 191256Z 30009KT 2SM BR FEW002 OVC010 18/17 A3000 RMK AO2 T01770172 SLP155,,4.629996,17.700000000000003,8
ITH,2015-06-19 09:56:00,-76.4584,42.491,335.0,60.0,59.0,96.84,310.0,10.0,0.0,30.03,1016.6,1.0,,OVC,,,,200.0,,,,BR,,,,,,,59.9,KITH 191356Z 31010KT 1SM R32/P6000FT BR OVC002 16/15 A3003 RMK AO2 T01550150 SLP166,,5.14444,15.555555555555555,8
ITH,2015-06-19 10:06:00,-76.4584,42.491,335.0,60.8,59.0,93.79,310.0,10.0,0.0,30.03,,0.75,,OVC,,,,200.0,,,,BR,,,,,,,60.8,KITH 191406Z 31010KT 3/4SM R32/P6000FT BR OVC002 16/15 A3003 RMK AO2,,5.14444,16.0,8
ITH,2015-06-19 10:39:00,-76.4584,42.491,335.0,60.8,59.0,93.79,310.0,9.0,0.0,30.04,,2.0,,OVC,,,,300.0,,,,BR,,,,,,,60.8,KITH 191439Z 31009KT 2SM BR OVC003 16/15 A3004 RMK AO2,,4.629996,16.0,8
ITH,2015-06-19 10:56:00,-76.4584,42.491,335.0,60.0,59.0,96.84,310.0,10.0,0.0,30.04,1016.8,2.0,,OVC,,,,300.0,,,,BR,,,,,,,59.9,KITH 191456Z 31010KT 2SM BR OVC003 16/15 A3004 RMK AO2 52018 T01550150 SLP168,,5.14444,15.555555555555555,8
ITH,2015-06-19 11:35:00,-76.4584,42.491,335.0,60.8,57.2,87.92,310.0,11.0,0.0,30.05,,5.0,,OVC,,,,500.0,,,,BR,,,,,,,60.8,KITH 191535Z 31011KT 5SM BR OVC005 16/14 A3005 RMK AO2,,5.6588840000000005,16.0,8
ITH,2015-06-19 11:56:00,-76.4584,42.491,335.0,61.88,58.0,86.84,310.0,11.0,0.0,30.05,1017.3,7.0,,OVC,,,,700.0,,,,,,,,,,,61.88,KITH 191556Z 31011KT 7SM OVC007 17/14 A3005 RMK AO2 T01660144 SLP173,,5.6588840000000005,16.6,8
ITH,2015-06-19 12:49:00,-76.4584,42.491,335.0,64.4,57.2,77.45,320.0,11.0,0.0,30.06,,10.0,,BKN,,,,1100.0,,,,,,,,,,,64.4,KITH 191649Z 32011KT 10SM BKN011 18/14 A3006 RMK AO2,,5.6588840000000005,18.000000000000004,6
ITH,2015-06-19 12:56:00,-76.4584,42.491,335.0,65.84,59.0,78.57,340.0,11.0,0.0,30.06,1017.5,10.0,,BKN,,,,1100.0,,,,,,,,,,,65.84,KITH 191656Z 34011KT 10SM BKN011 19/15 A3006 RMK AO2 T01880150 SLP175,,5.6588840000000005,18.8,6
ITH,2015-06-19 13:56:00,-76.4584,42.491,335.0,65.84,58.0,75.59,310.0,12.0,0.0,30.07,1018.0,10.0,,OVC,,,,1400.0,,,,,,,,,,,65.84,KITH 191756Z 31012KT 10SM OVC014 19/14 A3007 RMK AO2 51010 T01880144 10194 20155 SLP180,,6.173328,18.8,8
ITH,2015-06-19 14:56:00,-76.4584,42.491,335.0,63.0,56.84,80.41,310.0,10.0,0.0,30.07,1018.0,10.0,,OVC,,,,1400.0,,,,,,,,,,,62.96,KITH 191856Z 31010KT 10SM OVC014 17/14 A3007 RMK AO2 T01720138 SLP180,,5.14444,17.22222222222222,8
ITH,2015-06-19 15:56:00,-76.4584,42.491,335.0,63.0,56.0,77.83,300.0,10.0,0.0,30.08,1018.1,10.0,,OVC,,,,1400.0,,,,,,,,,,,62.96,KITH 191956Z 30010KT 10SM OVC014 17/13 A3008 RMK AO2 T01720133 SLP181,,5.14444,17.22222222222222,8
ITH,2015-06-19 16:56:00,-76.4584,42.491,335.0,65.0,56.84,75.02,320.0,7.0,0.0,30.08,1018.3,10.0,,BKN,,,,2100.0,,,,,,,,,,,64.94,KITH 192056Z 32007KT 10SM BKN021 18/14 A3008 RMK AO2 53003 T01830138 SLP183,,3.601108,18.333333333333332,6
ITH,2015-06-19 17:56:00,-76.4584,42.491,335.0,65.0,54.86,69.82,300.0,10.0,0.0,30.07,1017.9,10.0,,SCT,,,,2100.0,,,,,,,,,,,64.94,KITH 192156Z 30010KT 10SM SCT021 18/13 A3007 RMK AO2 T01830127 SLP179,,5.14444,18.333333333333332,4
ITH,2015-06-19 18:56:00,-76.4584,42.491,335.0,61.0,54.0,77.66,310.0,7.0,0.0,30.07,1018.0,10.0,,FEW,,,,2100.0,,,,,,,,,,,60.98,KITH 192256Z 31007KT 10SM FEW021 16/12 A3007 RMK AO2 T01610122 SLP180,,3.601108,16.11111111111111,2
ITH,2015-06-19 19:56:00,-76.4584,42.491,335.0,59.0,50.0,72.01,300.0,6.0,0.0,30.08,1018.5,10.0,,CLR,,,,,,,,,,,,,,,59.0,KITH 192356Z 30006KT 10SM CLR 15/10 A3008 RMK AO2 55000 T01500100 10194 20155 SLP185,,3.086664,15.0,0
ITH,2015-06-19 20:56:00,-76.4584,42.491,335.0,54.86,47.84,77.14,340.0,5.0,0.0,30.1,1019.1,10.0,,CLR,,,,,,,,,,,,,,,54.86,KITH 200056Z 34005KT 10SM CLR 13/09 A3010 RMK AO2 T01270088 SLP191,,2.57222,12.7,0
ITH,2015-06-19 21:56:00,-76.4584,42.491,335.0,54.86,47.84,77.14,10.0,3.0,0.0,30.1,1019.3,10.0,,CLR,,,,,,,,,,,,,,,54.86,KITH 200156Z 01003KT 10SM CLR 13/09 A3010 RMK AO2 T01270088 SLP193,,1.543332,12.7,0
ITH,2015-06-19 22:56:00,-76.4584,42.491,335.0,52.0,49.0,89.26,0.0,0.0,0.0,30.11,1019.8,10.0,,CLR,,,,,,,,,,,,,,,51.98,KITH 200256Z AUTO 00000KT 10SM CLR 11/09 A3011 RMK AO2 51008 T01110094 SLP198,,0.0,11.11111111111111,0
ITH,2015-06-19 23:56:00,-76.4584,42.491,335.0,49.0,47.84,96.03,0.0,0.0,0.0,30.1,1019.3,10.0,,CLR,,,,,,,,,,,,,,,48.92,KITH 200356Z AUTO 00000KT 10SM CLR 09/09 A3010 RMK AO2 T00940088 402110094 SLP193,,0.0,9.444444444444445,0
ITH,2015-06-20 00:56:00,-76.4584,42.491,335.0,49.0,47.84,96.03,0.0,0.0,0.0,30.1,1019.1,10.0,,CLR,,,,,,,,,,,,,,,48.92,KITH 200456Z AUTO 00000KT 10SM CLR 09/09 A3010 RMK AO2 T00940088 SLP191,,0.0,9.444444444444445,0
ITH,2015-06-20 01:56:00,-76.4584,42.491,335.0,47.0,47.0,100.0,0.0,0.0,0.0,30.1,1019.4,10.0,,CLR,,,,,,,,,,,,,,,46.94,KITH 200556Z AUTO 00000KT 10SM CLR 08/08 A3010 RMK AO2 55002 T00830083 10155 20083 SLP194,,0.0,8.333333333333334,0
ITH,2015-06-20 02:56:00,-76.4584,42.491,335.0,49.0,47.84,96.03,90.0,4.0,0.0,30.1,1019.4,10.0,,CLR,,,,,,,,,,,,,,,47.18,KITH 200656Z AUTO 09004KT 10SM CLR 09/09 A3010 RMK AO2 T00940088 SLP194,,2.057776,9.444444444444445,0
ITH,2015-06-20 03:56:00,-76.4584,42.491,335.0,49.0,49.0,100.0,70.0,4.0,0.0,30.09,1018.9,10.0,,CLR,,,,,,,,,,,,,,,47.18,KITH 200756Z AUTO 07004KT 10SM CLR 09/09 A3009 RMK AO2 T00940094 SLP189,,2.057776,9.444444444444445,0
ITH,2015-06-20 04:56:00,-76.4584,42.491,335.0,49.0,49.0,100.0,80.0,3.0,0.0,30.08,1018.7,10.0,,CLR,,,,,,,,,,,,,,,48.03,KITH 200856Z AUTO 08003KT 10SM CLR 09/09 A3008 RMK AO2 58006 T00940094 SLP187,,1.543332,9.444444444444445,0
ITH,2015-06-20 05:56:00,-76.4584,42.491,335.0,50.0,50.0,100.0,80.0,4.0,0.0,30.09,1018.9,10.0,,OVC,,,,4800.0,,,,,,,,,,,48.44,KITH 200956Z AUTO 08004KT 10SM OVC048 10/10 A3009 RMK AO2 T01000100 SLP189,,2.057776,10.0,8
ITH,2015-06-20 06:28:00,-76.4584,42.491,335.0,51.8,51.8,100.0,0.0,0.0,0.0,30.09,,10.0,,BKN,,,,5000.0,,,,,,,,,,,51.8,KITH 201028Z 00000KT 10SM BKN050 11/11 A3009 RMK AO2,,0.0,10.999999999999998,6
ITH,2015-06-20 06:56:00,-76.4584,42.491,335.0,52.88,51.0,92.96,0.0,0.0,0.0,30.09,1018.9,10.0,,BKN,,,,5000.0,,,,,,,,,,,52.88,KITH 201056Z 00000KT 10SM BKN050 12/11 A3009 RMK AO2 T01160105 SLP189,,0.0,11.600000000000001,6
ITH,2015-06-20 07:56:00,-76.4584,42.491,335.0,58.0,54.0,86.63,0.0,0.0,0.0,30.07,1018.4,10.0,,BKN,,,,5500.0,,,,,,,,,,,57.92,KITH 201156Z 00000KT 10SM BKN055 14/12 A3007 RMK AO2 58002 T01440122 10144 20083 SLP184,,0.0,14.444444444444445,6
ITH,2015-06-20 08:56:00,-76.4584,42.491,335.0,65.0,58.0,77.99,160.0,7.0,0.0,30.07,1018.0,10.0,,BKN,,,,5000.0,,,,,,,,,,,64.94,KITH 201256Z 16007KT 10SM BKN050 18/14 A3007 RMK AO2 T01830144 SLP180,,3.601108,18.333333333333332,6
ITH,2015-06-20 09:56:00,-76.4584,42.491,335.0,69.0,56.84,65.42,180.0,5.0,0.0,30.06,1017.6,10.0,,BKN,,,,5000.0,,,,,,,,,,,68.9,KITH 201356Z 18005KT 10SM BKN050 21/14 A3006 RMK AO2 T02050138 SLP176,,2.57222,20.555555555555557,6
ITH,2015-06-20 10:56:00,-76.4584,42.491,335.0,72.0,60.0,65.78,170.0,10.0,0.0,30.05,1017.2,10.0,,SCT,BKN,,,4200.0,5500.0,,,,,,,,,,71.96,KITH 201456Z 17010KT 10SM SCT042 BKN055 22/16 A3005 RMK AO2 58010 T02220155 SLP172,,5.14444,22.22222222222222,6
ITH,2015-06-20 11:56:00,-76.4584,42.491,335.0,72.86,60.0,63.81,160.0,9.0,0.0,30.04,1017.1,10.0,,BKN,,,,2900.0,,,,,,,,,,,72.86,KITH 201556Z 16009KT 10SM BKN029 23/16 A3004 RMK AO2 T02270155 SLP171,,4.629996,22.700000000000003,6
ITH,2015-06-20 12:56:00,-76.4584,42.491,335.0,74.84,61.88,64.05,180.0,8.0,0.0,30.01,1016.2,10.0,,SCT,,,,3100.0,,,,,,,,,,,74.84,KITH 201656Z 18008KT 10SM SCT031 24/17 A3001 RMK AO2 T02380166 SLP162,,4.115552,23.8,4
ITH,2015-06-20 13:56:00,-76.4584,42.491,335.0,74.0,61.88,66.01,170.0,9.0,0.0,30.01,1016.1,10.0,,SCT,BKN,,,2900.0,3600.0,,,,,,,,,,73.94,KITH 201756Z 17009KT 10SM SCT029 BKN036 23/17 A3001 RMK AO2 57010 T02330166 10244 20144 SLP161,,4.629996,23.333333333333332,6
ITH,2015-06-20 14:56:00,-76.4584,42.491,335.0,74.0,63.0,68.57,190.0,8.0,0.0,30.0,1015.6,10.0,,SCT,BKN,,,2700.0,4700.0,,,,,,,,,,73.94,KITH 201856Z 19008KT 10SM SCT027 BKN047 23/17 A3000 RMK AO2 T02330172 SLP156,,4.115552,23.333333333333332,6
ITH,2015-06-20 15:56:00,-76.4584,42.491,335.0,72.86,63.86,73.39,160.0,9.0,0.0001,29.98,1015.3,10.0,,SCT,BKN,,,2700.0,9500.0,,,-SHRA,,,,,,,72.86,KITH 201956Z 16009KT 10SM -SHRA SCT027 BKN095 23/18 A2998 RMK AO2 T02270177 SHRAB55 P0000 SLP153,,4.629996,22.700000000000003,6
ITH,2015-06-20 16:10:00,-76.4584,42.491,335.0,71.6,64.4,78.04,160.0,7.0,0.0001,29.98,,7.0,,BKN,OVC,,,2700.0,9000.0,,,-SHRA,,,,,,,71.6,KITH 202010Z 16007KT 7SM -SHRA BKN027 OVC090 22/18 A2998 RMK AO2 P0000,,3.601108,21.999999999999996,8
ITH,2015-06-20 16:56:00,-76.4584,42.491,335.0,70.0,65.84,86.71,150.0,6.0,0.01,29.97,1014.8,8.0,,OVC,,,,2700.0,,,,-RA,,,,,,,69.98,KITH 202056Z 15006KT 8SM -RA OVC027 21/19 A2997 RMK AO2 56013 60001 T02110188 RAB28SHRAE28 P0001 SLP148,,3.086664,21.11111111111111,8
ITH,2015-06-20 17:56:00,-76.4584,42.491,335.0,70.0,65.0,84.04,130.0,6.0,0.0001,29.94,1013.7,7.0,,SCT,BKN,,,2900.0,8000.0,,,-SHRA,,,,,,,69.98,KITH 202156Z 13006KT 7SM -SHRA SCT029 BKN080 21/18 A2994 RMK AO2 T02110183 RAE10B43E51SHRAB51 P0000 SLP137,,3.086664,21.11111111111111,6
ITH,2015-06-20 18:56:00,-76.4584,42.491,335.0,69.0,63.86,83.97,150.0,11.0,0.0001,29.92,1013.0,10.0,,BKN,,,,11000.0,,,,-SHRA,,,,,,,68.9,KITH 202256Z 15011KT 10SM -SHRA BKN110 21/18 A2992 RMK AO2 T02050177 P0000 SLP130,,5.6588840000000005,20.555555555555557,6
ITH,2015-06-20 19:56:00,-76.4584,42.491,335.0,69.0,63.86,83.97,160.0,9.0,0.0001,29.91,1012.6,10.0,,SCT,,,,12000.0,,,,,,,,,,,68.9,KITH 202356Z 16009KT 10SM SCT120 21/18 A2991 RMK AO2 56018 60001 T02050177 10233 20205 SHRAE51 P0000 SLP126,,4.629996,20.555555555555557,4
ITH,2015-06-20 20:56:00,-76.4584,42.491,335.0,67.0,63.86,89.9,150.0,9.0,0.0,29.9,1012.2,10.0,,BKN,,,,11000.0,,,,,,,,,,,66.92,KITH 210056Z 15009KT 10SM BKN110 19/18 A2990 RMK AO2 T01940177 SLP122,,4.629996,19.444444444444443,6
ITH,2015-06-20 21:56:00,-76.4584,42.491,335.0,65.84,63.86,93.33,160.0,10.0,0.0001,29.89,1011.6,10.0,,SCT,,,,11000.0,,,,,,,,,,,65.84,KITH 210156Z 16010KT 10SM SCT110 19/18 A2989 RMK AO2 T01880177 RAB23E43 P0000 SLP116,,5.14444,18.8,4
ITH,2015-06-20 22:56:00,-76.4584,42.491,335.0,65.84,63.86,93.33,170.0,12.0,0.05,29.89,1011.7,5.0,,FEW,SCT,BKN,,1200.0,2100.0,3800.0,,RA BR,,,,,,,65.84,KITH 210256Z AUTO 17012KT 5SM RA BR FEW012 SCT021 BKN038 19/18 A2989 RMK AO2 55009 60004 T01880177 BKN V SCT RAB49 P0005 SLP117,,6.173328,18.8,6
ITH,2015-06-21 01:56:00,-76.4584,42.491,335.0,65.84,65.0,96.92,0.0,0.0,0.06,29.83,1009.7,4.0,,OVC,,,,900.0,,,,RA BR,,,,,,,65.84,KITH 210556Z AUTO 00000KT 4SM RA BR OVC009 19/18 A2983 RMK AO2 56017 60027 T01880183 10205 20183 P0006 SLP097,,0.0,18.8,8
ITH,2015-06-21 02:56:00,-76.4584,42.491,335.0,65.84,65.0,96.92,0.0,0.0,0.04,29.82,1009.2,8.0,,OVC,,,,900.0,,,,,,,,,,,65.84,KITH 210656Z AUTO 00000KT 8SM OVC009 19/18 A2982 RMK AO2 T01880183 RAE37 P0004 SLP092,,0.0,18.8,8
ITH,2015-06-21 03:31:00,-76.4584,42.491,335.0,64.4,64.4,100.0,100.0,4.0,0.07,29.81,,3.0,,SCT,OVC,,,900.0,1800.0,,,RA BR,,,,,,,64.4,KITH 210731Z AUTO 10004KT 3SM RA BR SCT009 OVC018 18/18 A2981 RMK AO2 RAB06 P0007,,2.057776,18.000000000000004,8
ITH,2015-06-21 03:56:00,-76.4584,42.491,335.0,65.0,65.0,100.0,90.0,3.0,0.09,29.8,1008.5,5.0,,FEW,OVC,,,1100.0,2000.0,,,-RA BR,,,,,,,64.94,KITH 210756Z AUTO 09003KT 5SM -RA BR FEW011 OVC020 18/18 A2980 RMK AO2 T01830183 RAB06 P0009 SLP085,,1.543332,18.333333333333332,8
ITH,2015-06-21 04:29:00,-76.4584,42.491,335.0,64.4,64.4,100.0,90.0,4.0,0.01,29.79,,9.0,,SCT,BKN,OVC,,2100.0,4100.0,4900.0,,-RA,,,,,,,64.4,KITH 210829Z AUTO 09004KT 9SM -RA SCT021 BKN041 OVC049 18/18 A2979 RMK AO2 BKN V SCT P0001,,2.057776,18.000000000000004,8
ITH,2015-06-21 04:56:00,-76.4584,42.491,335.0,65.0,65.0,100.0,120.0,3.0,0.01,29.79,1008.3,10.0,,FEW,BKN,OVC,,2600.0,4100.0,4800.0,,-RA,,,,,,,64.94,KITH 210856Z AUTO 12003KT 10SM -RA FEW026 BKN041 OVC048 18/18 A2979 RMK AO2 56015 60014 T01830183 P0001 SLP083,,1.543332,18.333333333333332,8
ITH,2015-06-21 05:47:00,-76.4584,42.491,335.0,64.4,64.4,100.0,100.0,3.0,0.0001,29.8,,7.0,,FEW,BKN,OVC,,1500.0,2600.0,3500.0,,-RA,,,,,,,64.4,KITH 210947Z AUTO 10003KT 7SM -RA FEW015 BKN026 OVC035 18/18 A2980 RMK AO2 RAE19B42 P0000,,1.543332,18.000000000000004,8
ITH,2015-06-21 05:56:00,-76.4584,42.491,335.0,65.0,65.0,100.0,0.0,0.0,0.0001,29.8,1008.5,10.0,,SCT,OVC,,,1300.0,2600.0,,,,,,,,,,64.94,KITH 210956Z AUTO 00000KT 10SM SCT013 OVC026 18/18 A2980 RMK AO2 T01830183 RAE19B42E50 P0000 SLP085,,0.0,18.333333333333332,8
ITH,2015-06-21 06:08:00,-76.4584,42.491,335.0,64.4,64.4,100.0,0.0,0.0,0.0,29.8,,10.0,,BKN,OVC,,,1300.0,2400.0,,,,,,,,,,64.4,KITH 211008Z AUTO 00000KT 10SM BKN013 OVC024 18/18 A2980 RMK AO2,,0.0,18.000000000000004,8
ITH,2015-06-21 06:25:00,-76.4584,42.491,335.0,64.4,64.4,100.0,0.0,0.0,0.0,29.8,,7.0,,OVC,,,,1300.0,,,,,,,,,,,64.4,KITH 211025Z 00000KT 7SM OVC013 18/18 A2980 RMK AO2,,0.0,18.000000000000004,8
ITH,2015-06-21 06:56:00,-76.4584,42.491,335.0,65.84,65.84,100.0,0.0,0.0,0.0,29.8,1008.6,8.0,,SCT,BKN,,,1300.0,2800.0,,,,,,,,,,65.84,KITH 211056Z 00000KT 8SM SCT013 BKN028 19/19 A2980 RMK AO2 T01880188 SLP086,,0.0,18.8,6
ITH,2015-06-21 07:56:00,-76.4584,42.491,335.0,69.0,67.0,93.41,0.0,0.0,0.0,29.8,1008.6,10.0,,SCT,BKN,,,1100.0,3500.0,,,,,,,,,,68.9,KITH 211156Z 00000KT 10SM SCT011 BKN035 21/19 A2980 RMK AO2 51004 60014 70042 T02050194 10205 20183 SLP086,,0.0,20.555555555555557,6
ITH,2015-06-21 08:56:00,-76.4584,42.491,335.0,72.0,68.0,87.35,310.0,4.0,0.0,29.81,1008.8,10.0,,SCT,BKN,,,1000.0,4000.0,,,,,,,,,,72.96,KITH 211256Z 31004KT 10SM SCT010 BKN040 22/20 A2981 RMK AO2 T02220200 SLP088,,2.057776,22.22222222222222,6
ITH,2015-06-21 09:42:00,-76.4584,42.491,335.0,73.4,68.0,83.21,,3.0,0.0,29.81,,10.0,,SCT,BKN,OVC,,1100.0,1900.0,4600.0,,,,,,,,,73.4,KITH 211342Z VRB03KT 10SM SCT011 BKN019 OVC046 23/20 A2981 RMK AO2,,1.543332,23.000000000000004,8
ITH,2015-06-21 09:49:00,-76.4584,42.491,335.0,73.4,68.0,83.21,310.0,4.0,0.0,29.8,,10.0,,BKN,BKN,OVC,,1100.0,1900.0,4600.0,,,,,,,,,73.4,KITH 211349Z 31004KT 10SM BKN011 BKN019 OVC046 23/20 A2980 RMK AO2 BKN V SCT,,2.057776,23.000000000000004,8
ITH,2015-06-21 09:56:00,-76.4584,42.491,335.0,72.86,68.0,84.74,320.0,5.0,0.0,29.8,1008.6,10.0,,BKN,BKN,,,1300.0,4000.0,,,,,,,,,,72.86,KITH 211356Z 32005KT 10SM BKN013 BKN040 23/20 A2980 RMK AO2 T02270200 SLP086,,2.57222,22.700000000000003,6
ITH,2015-06-21 10:56:00,-76.4584,42.491,335.0,74.84,68.0,79.28,300.0,6.0,0.0,29.8,1008.5,10.0,,BKN,BKN,,,2000.0,4200.0,,,,,,,,,,74.84,KITH 211456Z 30006KT 10SM BKN020 BKN042 24/20 A2980 RMK AO2 58001 T02380200 SLP085,,3.086664,23.8,6
ITH,2015-06-21 11:56:00,-76.4584,42.491,335.0,77.0,67.0,71.08,0.0,0.0,0.0,29.78,1007.9,10.0,,SCT,BKN,,,2000.0,7000.0,,,,,,,,,,77.0,KITH 211556Z 00000KT 10SM SCT020 BKN070 25/19 A2978 RMK AO2 T02500194 SLP079,,0.0,25.0,6
ITH,2015-06-21 12:56:00,-76.4584,42.491,335.0,79.0,67.0,66.49,310.0,7.0,0.0,29.78,1007.8,10.0,,FEW,BKN,,,2700.0,4500.0,,,,,,,,,,79.0,KITH 211656Z 31007KT 10SM FEW027 BKN045 26/19 A2978 RMK AO2 T02610194 SLP078,,3.601108,26.11111111111111,6
ITH,2015-06-21 13:56:00,-76.4584,42.491,335.0,77.0,69.0,76.1,320.0,5.0,0.0001,29.79,1008.0,6.0,,OVC,,,,5000.0,,,,-SHRA,,,,,,,77.0,KITH 211756Z 32005KT 6SM -SHRA OVC050 25/21 A2979 RMK AO2 55005 60000 T02500205 10266 20211 RAB39E51SHRAB51 P0000 SLP080,,2.57222,25.0,8
ITH,2015-06-21 14:56:00,-76.4584,42.491,335.0,72.0,70.0,93.49,0.0,0.0,0.16,29.8,1008.7,7.0,,FEW,SCT,BKN,,300.0,1200.0,3300.0,,,,,,,,,73.25,KITH 211856Z 00000KT 7SM FEW003 SCT012 BKN033 22/21 A2980 RMK AO2 T02220211 RAB51E52SHRAE51 P0016 SLP087,,0.0,22.22222222222222,6
ITH,2015-06-21 15:56:00,-76.4584,42.491,335.0,74.84,70.0,84.85,200.0,4.0,0.0,29.79,1008.1,10.0,,SCT,BKN,BKN,,1200.0,3500.0,7000.0,,,,,,,,,76.01,KITH 211956Z 20004KT 10SM SCT012 BKN035 BKN070 24/21 A2979 RMK AO2 T02380211 SLP081,,2.057776,23.8,6
ITH,2015-06-21 16:56:00,-76.4584,42.491,335.0,78.0,69.0,73.86,310.0,8.0,0.0,29.8,1008.5,10.0,,BKN,,,,2500.0,,,,,,,,,,,77.9,KITH 212056Z 31008KT 10SM BKN025 26/21 A2980 RMK AO2 51005 60016 T02550205 SLP085,,4.115552,25.555555555555557,6
ITH,2015-06-21 17:56:00,-76.4584,42.491,335.0,79.0,67.0,66.58,310.0,10.0,0.0,29.8,1008.5,10.0,,SCT,BKN,,,3000.0,4500.0,,,,,,,,,,81.14,KITH 212156Z 31010KT 10SM SCT030 BKN045 26/19 A2980 RMK AO2 T02610194 SLP085,,5.14444,26.11111111111111,6
ITH,2015-06-21 18:56:00,-76.4584,42.491,335.0,77.0,65.0,66.36,310.0,9.0,0.0,29.81,1008.9,10.0,,SCT,,,,4000.0,,,,,,,,,,,77.0,KITH 212256Z 31009KT 10SM SCT040 25/18 A2981 RMK AO2 T02500183 SLP089,,4.629996,25.0,4
ITH,2015-06-21 19:56:00,-76.4584,42.491,335.0,74.84,63.86,68.67,320.0,11.0,0.0,29.83,1009.6,10.0,,SCT,,,,3700.0,,,,,,,,,,,74.84,KITH 212356Z 32011KT 10SM SCT037 24/18 A2983 RMK AO2 53010 60016 T02380177 10261 20216 SLP096,,5.6588840000000005,23.8,4
ITH,2015-06-21 20:56:00,-76.4584,42.491,335.0,70.88,61.88,73.2,310.0,9.0,0.0,29.86,1010.4,10.0,,FEW,,,,4000.0,,,,,,,,,,,70.88,KITH 220056Z 31009KT 10SM FEW040 22/17 A2986 RMK AO2 T02160166 SLP104,,4.629996,21.599999999999998,2
ITH,2015-06-21 21:56:00,-76.4584,42.491,335.0,69.0,61.88,78.32,280.0,6.0,0.0,29.88,1011.3,10.0,,FEW,,,,3500.0,,,,,,,,,,,68.9,KITH 220156Z 28006KT 10SM FEW035 21/17 A2988 RMK AO2 T02050166 SLP113,,3.086664,20.555555555555557,2
ITH,2015-06-21 22:56:00,-76.4584,42.491,335.0,70.0,61.88,75.48,290.0,9.0,0.0,29.91,1012.2,10.0,,SCT,BKN,BKN,,3200.0,3900.0,4700.0,,,,,,,,,69.98,KITH 220256Z AUTO 29009KT 10SM SCT032 BKN039 BKN047 21/17 A2991 RMK AO2 53025 T02110166 BKN V SCT SLP122,,4.629996,21.11111111111111,6
ITH,2015-06-21 23:10:00,-76.4584,42.491,335.0,69.8,62.6,77.9,280.0,8.0,0.0,29.92,,10.0,,BKN,OVC,,,2900.0,3700.0,,,,,,,,,,69.8,KITH 220310Z AUTO 28008KT 10SM BKN029 OVC037 21/17 A2992 RMK AO2 OVC V BKN,,4.115552,21.0,8
ITH,2015-06-21 23:56:00,-76.4584,42.491,335.0,68.0,61.88,80.78,310.0,5.0,0.0,29.92,1012.6,10.0,,BKN,OVC,,,2500.0,3000.0,,,,,,,,,,68.0,KITH 220356Z AUTO 31005KT 10SM BKN025 OVC030 20/17 A2992 RMK AO2 T02000166 402660183 SLP126,,2.57222,20.0,8
ITH,2015-06-22 00:56:00,-76.4584,42.491,335.0,67.0,61.88,83.85,330.0,6.0,0.0,29.94,1013.1,10.0,,BKN,OVC,,,2300.0,3300.0,,,,,,,,,,66.92,KITH 220456Z AUTO 33006KT 10SM BKN023 OVC033 19/17 A2994 RMK AO2 T01940166 SLP131,,3.086664,19.444444444444443,8
ITH,2015-06-22 01:10:00,-76.4584,42.491,335.0,66.2,60.8,82.74,330.0,5.0,0.0,29.94,,10.0,,SCT,OVC,,,2300.0,3200.0,,,,,,,,,,66.2,KITH 220510Z AUTO 33005KT 10SM SCT023 OVC032 19/16 A2994 RMK AO2,,2.57222,19.0,8
ITH,2015-06-22 01:56:00,-76.4584,42.491,335.0,65.84,58.0,75.59,330.0,7.0,0.0,29.95,1013.5,10.0,,OVC,,,,3200.0,,,,,,,,,,,65.84,KITH 220556Z AUTO 33007KT 10SM OVC032 19/14 A2995 RMK AO2 51013 T01880144 10238 20183 SLP135,,3.601108,18.8,8
ITH,2015-06-22 02:56:00,-76.4584,42.491,335.0,61.0,56.0,83.47,320.0,4.0,0.0,29.96,1014.0,10.0,,CLR,,,,,,,,,,,,,,,60.98,KITH 220656Z AUTO 32004KT 10SM CLR 16/13 A2996 RMK AO2 T01610133 SLP140,,2.057776,16.11111111111111,0
ITH,2015-06-22 03:56:00,-76.4584,42.491,335.0,59.0,56.0,89.57,300.0,3.0,0.0,29.98,1014.6,10.0,,CLR,,,,,,,,,,,,,,,59.0,KITH 220756Z AUTO 30003KT 10SM CLR 15/13 A2998 RMK AO2 T01500133 SLP146,,1.543332,15.0,0
ITH,2015-06-22 04:56:00,-76.4584,42.491,335.0,56.84,56.0,96.8,0.0,0.0,0.0,29.98,1014.7,9.0,,CLR,,,,,,,,,,,,,,,56.84,KITH 220856Z AUTO 00000KT 9SM CLR 14/13 A2998 RMK AO2 51011 T01380133 SLP147,,0.0,13.800000000000002,0
ITH,2015-06-22 05:56:00,-76.4584,42.491,335.0,56.0,54.86,96.15,10.0,3.0,0.0,30.0,1015.3,10.0,,CLR,,,,,,,,,,,,,,,55.94,KITH 220956Z AUTO 01003KT 10SM CLR 13/13 A3000 RMK AO2 T01330127 SLP153,,1.543332,13.333333333333334,0
ITH,2015-06-22 06:30:00,-76.4584,42.491,335.0,59.0,57.2,93.74,0.0,0.0,0.0,30.01,,10.0,,FEW,,,,10000.0,,,,,,,,,,,59.0,KITH 221030Z 00000KT 10SM FEW100 15/14 A3001 RMK AO2,,0.0,15.0,2
ITH,2015-06-22 06:56:00,-76.4584,42.491,335.0,61.88,58.0,86.84,0.0,0.0,0.0,30.02,1016.2,10.0,,SCT,,,,10000.0,,,,,,,,,,,61.88,KITH 221056Z 00000KT 10SM SCT100 17/14 A3002 RMK AO2 T01660144 SLP162,,0.0,16.6,4
ITH,2015-06-22 07:56:00,-76.4584,42.491,335.0,65.0,58.0,77.99,340.0,4.0,0.0,30.03,1016.4,10.0,,SCT,,,,7500.0,,,,,,,,,,,64.94,KITH 221156Z 34004KT 10SM SCT075 18/14 A3003 RMK AO2 51015 70016 T01830144 10183 20127 SLP164,,2.057776,18.333333333333332,4
ITH,2015-06-22 08:56:00,-76.4584,42.491,335.0,68.0,58.0,70.15,340.0,4.0,0.0,30.04,1016.7,10.0,,CLR,,,,,,,,,,,,,,,68.0,KITH 221256Z 34004KT 10SM CLR 20/14 A3004 RMK AO2 T02000144 SLP167,,2.057776,20.0,0
ITH,2015-06-22 09:56:00,-76.4584,42.491,335.0,70.88,58.0,63.56,290.0,5.0,0.0,30.04,1016.8,10.0,,CLR,,,,,,,,,,,,,,,70.88,KITH 221356Z 29005KT 10SM CLR 22/14 A3004 RMK AO2 T02160144 SLP168,,2.57222,21.599999999999998,0
ITH,2015-06-22 10:56:00,-76.4584,42.491,335.0,72.86,59.0,61.79,,3.0,0.0,30.03,1016.4,10.0,,FEW,,,,5000.0,,,,,,,,,,,72.86,KITH 221456Z VRB03KT 10SM FEW050 23/15 A3003 RMK AO2 50002 T02270150 SLP164,,1.543332,22.700000000000003,2
ITH,2015-06-22 11:56:00,-76.4584,42.491,335.0,74.0,58.0,57.32,310.0,3.0,0.0,30.01,1015.6,10.0,,SCT,,,,5000.0,,,,,,,,,,,73.94,KITH 221556Z 31003KT 10SM SCT050 23/14 A3001 RMK AO2 T02330144 PRESFR SLP156,,1.543332,23.333333333333332,4
ITH,2015-06-22 12:56:00,-76.4584,42.491,335.0,76.0,56.0,49.95,0.0,0.0,0.0,30.04,1016.6,10.0,,SCT,,,,5000.0,,,,,,,,,,,75.92,KITH 221656Z 00000KT 10SM SCT050 24/13 A3004 RMK AO2 T02440133 SLP166,,0.0,24.444444444444443,4
ITH,2015-06-22 13:56:00,-76.4584,42.491,335.0,78.0,56.84,48.32,340.0,3.0,0.0,30.06,1017.4,10.0,,SCT,,,,5000.0,,,,,,,,,,,77.9,KITH 221756Z 34003KT 10SM SCT050 26/14 A3006 RMK AO2 53008 T02550138 10255 20183 SLP174,,1.543332,25.555555555555557,4
ITH,2015-06-22 14:56:00,-76.4584,42.491,335.0,79.88,58.0,47.07,0.0,0.0,0.0,30.05,1017.0,10.0,,SCT,,,,5000.0,,,,,,,,,,,79.88,KITH 221856Z 00000KT 10SM SCT050 27/14 A3005 RMK AO2 T02660144 SLP170,,0.0,26.599999999999998,4
ITH,2015-06-22 15:56:00,-76.4584,42.491,335.0,79.88,60.0,50.52,,3.0,0.0,30.02,1016.2,10.0,,SCT,,,,5000.0,,,,,,,,,,,79.88,KITH 221956Z VRB03KT 10SM SCT050 27/16 A3002 RMK AO2 T02660155 SLP162,,1.543332,26.599999999999998,4
ITH,2015-06-22 16:56:00,-76.4584,42.491,335.0,79.88,60.0,50.52,0.0,0.0,0.0,30.01,1015.7,10.0,,SCT,,,,5000.0,,,,,,,,,,,79.88,KITH 222056Z 00000KT 10SM SCT050 27/16 A3001 RMK AO2 58016 T02660155 SLP157,,0.0,26.599999999999998,4
ITH,2015-06-22 17:56:00,-76.4584,42.491,335.0,81.86,59.0,45.87,0.0,0.0,0.0,29.97,1014.4,10.0,,FEW,,,,5000.0,,,,,,,,,,,82.05,KITH 222156Z 00000KT 10SM FEW050 28/15 A2997 RMK AO2 T02770150 SLP144,,0.0,27.700000000000003,2
ITH,2015-06-22 18:56:00,-76.4584,42.491,335.0,79.0,61.88,55.83,190.0,4.0,0.0,29.97,1014.3,10.0,,CLR,,,,,,,,,,,,,,,80.36,KITH 222256Z 19004KT 10SM CLR 26/17 A2997 RMK AO2 T02610166 SLP143,,2.057776,26.11111111111111,0
ITH,2015-06-22 19:56:00,-76.4584,42.491,335.0,77.0,63.86,63.9,180.0,5.0,0.0,29.98,1014.8,10.0,,CLR,,,,,,,,,,,,,,,77.0,KITH 222356Z 18005KT 10SM CLR 25/18 A2998 RMK AO2 55008 T02500177 10283 20250 SLP148,,2.57222,25.0,0
ITH,2015-06-22 20:56:00,-76.4584,42.491,335.0,70.88,63.86,78.48,170.0,3.0,0.0,29.98,1014.7,10.0,,FEW,,,,10000.0,,,,,,,,,,,70.88,KITH 230056Z 17003KT 10SM FEW100 22/18 A2998 RMK AO2 T02160177 SLP147,,1.543332,21.599999999999998,2
ITH,2015-06-22 21:56:00,-76.4584,42.491,335.0,67.0,63.0,87.1,0.0,0.0,0.0,29.98,1014.5,10.0,,CLR,,,,,,,,,,,,,,,66.92,KITH 230156Z 00000KT 10SM CLR 19/17 A2998 RMK AO2 T01940172 SLP145,,0.0,19.444444444444443,0
ITH,2015-06-22 22:56:00,-76.4584,42.491,335.0,72.0,60.0,65.78,150.0,6.0,0.0,29.92,1012.6,10.0,,CLR,,,,,,,,,,,,,,,71.96,KITH 230256Z AUTO 15006KT 10SM CLR 22/16 A2992 RMK AO2 58018 T02220155 SLP126,,3.086664,22.22222222222222,0
ITH,2015-06-22 23:56:00,-76.4584,42.491,335.0,70.88,60.0,68.23,190.0,6.0,0.0,29.92,1012.4,10.0,,CLR,,,,,,,,,,,,,,,70.88,KITH 230356Z AUTO 19006KT 10SM CLR 22/16 A2992 RMK AO2 T02160155 402830127 SLP124,,3.086664,21.599999999999998,0
ITH,2015-06-23 00:56:00,-76.4584,42.491,335.0,70.0,60.0,70.36,150.0,6.0,0.0,29.9,1011.9,10.0,,CLR,,,,,,,,,,,,,,,69.98,KITH 230456Z AUTO 15006KT 10SM CLR 21/16 A2990 RMK AO2 T02110155 SLP119,,3.086664,21.11111111111111,0
ITH,2015-06-23 01:56:00,-76.4584,42.491,335.0,70.0,60.0,70.36,150.0,6.0,0.0,29.88,1011.0,10.0,,CLR,,,,,,,,,,,,,,,69.98,KITH 230556Z AUTO 15006KT 10SM CLR 21/16 A2988 RMK AO2 58017 T02110155 10250 20194 SLP110,,3.086664,21.11111111111111,0
ITH,2015-06-23 02:56:00,-76.4584,42.491,335.0,72.0,61.0,68.35,170.0,10.0,0.0,29.86,1010.4,10.0,,CLR,,,,,,,,,,,,,,,71.96,KITH 230656Z AUTO 17010KT 10SM CLR 22/16 A2986 RMK AO2 T02220161 SLP104,,5.14444,22.22222222222222,0
ITH,2015-06-23 03:56:00,-76.4584,42.491,335.0,74.0,63.0,68.57,190.0,12.0,0.0,29.82,1009.1,10.0,17.0,CLR,,,,,,,,,,,,,,,73.94,KITH 230756Z AUTO 19012G17KT 10SM CLR 23/17 A2982 RMK AO2 T02330172 SLP091,,6.173328,23.333333333333332,0
ITH,2015-06-23 04:56:00,-76.4584,42.491,335.0,74.84,63.86,68.67,200.0,8.0,0.0,29.82,1009.0,10.0,,SCT,,,,3300.0,,,,,,,,,,,74.84,KITH 230856Z AUTO 20008KT 10SM SCT033 24/18 A2982 RMK AO2 58020 T02380177 SLP090,,4.115552,23.8,4
ITH,2015-06-23 05:42:00,-76.4584,42.491,335.0,75.2,66.2,73.61,200.0,5.0,0.0,29.83,,10.0,,OVC,,,,2900.0,,,,,,,,,,,75.2,KITH 230942Z AUTO 20005KT 10SM OVC029 24/19 A2983 RMK AO2 LTG DSNT NW,,2.57222,24.0,8
ITH,2015-06-23 05:56:00,-76.4584,42.491,335.0,76.0,65.84,70.97,220.0,5.0,0.0,29.83,1009.3,10.0,,OVC,,,,2900.0,,,,,,,,,,,75.92,KITH 230956Z AUTO 22005KT 10SM OVC029 24/19 A2983 RMK AO2 T02440188 LTG DSNT N AND NW SLP093,,2.57222,24.444444444444443,8
ITH,2015-06-23 06:11:00,-76.4584,42.491,335.0,75.2,66.2,73.61,220.0,8.0,0.0,29.83,,10.0,,BKN,BKN,OVC,,3100.0,4900.0,6000.0,,,,,,,,,75.2,KITH 231011Z AUTO 22008KT 10SM BKN031 BKN049 OVC060 24/19 A2983 RMK AO2 LTG DSNT N AND NW,,4.115552,24.0,8
ITH,2015-06-23 06:25:00,-76.4584,42.491,335.0,75.2,66.2,73.61,230.0,10.0,0.0,29.83,,10.0,,BKN,BKN,,,3100.0,6000.0,,,,,,,,,,75.2,KITH 231025Z 23010KT 10SM BKN031 BKN060 24/19 A2983 RMK AO2,,5.14444,24.0,6
ITH,2015-06-23 06:56:00,-76.4584,42.491,335.0,76.0,67.0,73.68,240.0,10.0,0.0,29.82,1008.9,10.0,,BKN,BKN,,,4300.0,5000.0,,,,,,,,,,75.92,KITH 231056Z 24010KT 10SM BKN043 BKN050 24/19 A2982 RMK AO2 T02440194 SLP089,,5.14444,24.444444444444443,6
ITH,2015-06-23 07:39:00,-76.4584,42.491,335.0,73.4,69.8,88.51,210.0,9.0,0.0001,29.8,,6.0,,SCT,OVC,,,4300.0,7000.0,,,-TSRA,,,,,,,74.6,KITH 231139Z 21009KT 6SM -TSRA SCT043 OVC070 23/21 A2980 RMK AO2 OCNL LTG CGIC ALQDS TS OVH MOV E TSB33RAB23 P0000,,4.629996,23.000000000000004,8
ITH,2015-06-23 07:56:00,-76.4584,42.491,335.0,72.86,69.0,87.4,220.0,7.0,0.02,29.84,1009.6,4.0,,SCT,OVC,,,4300.0,8000.0,,,TSRA BR,,,,,,,73.95,KITH 231156Z 22007KT 4SM TSRA BR SCT043 OVC080 23/21 A2984 RMK AO2 OCNL LTG CGIC ALQDS TS OVH MOV E 51003 60002 70002 T02270205 10244 20211 TSB33RAB23 P0002 PRESRR SLP096,,3.601108,22.700000000000003,8
ITH,2015-06-23 08:36:00,-76.4584,42.491,335.0,71.6,68.0,88.43,220.0,15.0,0.08,29.82,,10.0,22.0,FEW,SCT,BKN,,1800.0,4700.0,8000.0,,-TSRA,,,,,,,72.62,KITH 231236Z 22015G22KT 10SM -TSRA FEW018 SCT047 BKN080 22/20 A2982 RMK AO2 BKN V OVC P0008 WSHFT 1216,,7.71666,21.999999999999996,6
ITH,2015-06-23 08:44:00,-76.4584,42.491,335.0,69.8,66.2,88.34,190.0,10.0,0.08,29.8,,10.0,,FEW,SCT,OVC,,4500.0,8000.0,10000.0,,-TSRA,,,,,,,69.8,KITH 231244Z 19010KT 10SM -TSRA FEW045 SCT080 OVC100 21/19 A2980 RMK AO2 P0008 WSHFT 1224,,5.14444,21.0,8
ITH,2015-06-23 08:46:00,-76.4584,42.491,335.0,69.8,66.2,88.34,200.0,8.0,0.08,29.8,,10.0,,SCT,BKN,,,4700.0,8500.0,,,TS,,,,,,,69.8,KITH 231246Z 20008KT 10SM TS SCT047 BKN085 21/19 A2980 RMK AO2 TSE45B46RAE46 P0008 WSHFT 1224,,4.115552,21.0,6
ITH,2015-06-23 08:56:00,-76.4584,42.491,335.0,70.0,67.0,90.02,170.0,7.0,0.08,29.79,1008.1,10.0,,SCT,BKN,,,4700.0,8500.0,,,-RA,,,,,,,69.98,KITH 231256Z 17007KT 10SM -RA SCT047 BKN085 21/19 A2979 RMK AO2 T02110194 TSE45B46E56 P0008 WSHFT 1224 SLP081,,3.601108,21.11111111111111,6
ITH,2015-06-23 09:56:00,-76.4584,42.491,335.0,74.0,69.0,84.28,210.0,9.0,0.0001,29.77,1007.6,10.0,15.0,SCT,BKN,,,7500.0,12000.0,,,,,,,,,,75.0,KITH 231356Z 21009G15KT 10SM SCT075 BKN120 23/21 A2977 RMK AO2 T02330205 RAE1259B17E40 P0000 SLP076,,4.629996,23.333333333333332,6
ITH,2015-06-23 10:56:00,-76.4584,42.491,335.0,78.0,65.84,66.46,240.0,7.0,0.0,29.79,1008.1,10.0,,FEW,BKN,,,2700.0,4000.0,,,,,,,,,,77.9,KITH 231456Z 24007KT 10SM FEW027 BKN040 26/19 A2979 RMK AO2 55012 60008 T02550188 SLP081,,3.601108,25.555555555555557,6
ITH,2015-06-23 11:56:00,-76.4584,42.491,335.0,81.0,68.0,64.77,250.0,13.0,0.0,29.79,1007.9,10.0,25.0,BKN,,,,3300.0,,,,,,,,,,,83.72,KITH 231556Z 25013G25KT 10SM BKN033 27/20 A2979 RMK AO2 T02720200 SLP079,,6.687772,27.22222222222222,6
ITH,2015-06-23 12:56:00,-76.4584,42.491,335.0,83.0,69.0,62.64,260.0,16.0,0.0,29.79,1007.9,10.0,22.0,BKN,,,,3000.0,,,,,,,,27.0,260.0,2015-06-23 12:44,86.43,KITH 231656Z 26016G22KT 10SM BKN030 28/21 A2979 RMK AO2 T02830205 PK WND 26027/1644 SLP079,,8.231104,28.333333333333332,6
ITH,2015-06-23 13:56:00,-76.4584,42.491,335.0,83.84,70.88,65.11,280.0,15.0,0.0,29.79,1007.9,10.0,21.0,BKN,,,,3400.0,,,,,,,,,,,88.66,KITH 231756Z 28015G21KT 10SM BKN034 29/22 A2979 RMK AO2 55000 60008 T02880216 10288 20211 SLP079,,7.71666,28.800000000000004,6
ITH,2015-06-23 14:56:00,-76.4584,42.491,335.0,86.0,67.0,53.03,290.0,16.0,0.0,29.78,1007.7,10.0,20.0,BKN,,,,3600.0,,,,,,,,,,,88.78,KITH 231856Z 29016G20KT 10SM BKN036 30/19 A2978 RMK AO2 T03000194 SLP077,,8.231104,30.0,6
ITH,2015-06-23 15:56:00,-76.4584,42.491,335.0,83.0,63.86,52.6,310.0,18.0,0.0,29.81,1008.6,10.0,24.0,SCT,,,,4500.0,,,,,,,,,,,84.3,KITH 231956Z 31018G24KT 10SM SCT045 28/18 A2981 RMK AO2 T02830177 SLP086,,9.259992,28.333333333333332,4
ITH,2015-06-23 16:56:00,-76.4584,42.491,335.0,79.88,61.88,54.2,330.0,16.0,0.0,29.82,1009.0,10.0,24.0,BKN,,,,5000.0,,,,,,,,,,,81.09,KITH 232056Z 33016G24KT 10SM BKN050 27/17 A2982 RMK AO2 53009 T02660166 SLP090,,8.231104,26.599999999999998,6
ITH,2015-06-23 17:56:00,-76.4584,42.491,335.0,77.0,58.0,51.76,320.0,16.0,0.0,29.85,1009.9,10.0,25.0,SCT,,,,5000.0,,,,,,,,,,,77.0,KITH 232156Z 32016G25KT 10SM SCT050 25/14 A2985 RMK AO2 T02500144 SLP099,,8.231104,25.0,4
ITH,2015-06-23 18:56:00,-76.4584,42.491,335.0,74.0,60.0,61.53,330.0,17.0,0.0,29.88,1011.1,10.0,25.0,SCT,,,,4500.0,,,,,,,,,,,73.94,KITH 232256Z 33017G25KT 10SM SCT045 23/16 A2988 RMK AO2 T02330155 SLP111,,8.745548,23.333333333333332,4
ITH,2015-06-23 19:56:00,-76.4584,42.491,335.0,70.0,56.0,61.02,330.0,20.0,0.0,29.9,1011.9,10.0,24.0,FEW,,,,4500.0,,,,,,,,,,,69.98,KITH 232356Z 33020G24KT 10SM FEW045 21/13 A2990 RMK AO2 51026 T02110133 10300 20216 SLP119,,10.28888,21.11111111111111,2
ITH,2015-06-23 20:56:00,-76.4584,42.491,335.0,67.0,56.0,67.79,330.0,9.0,0.0,29.93,1013.1,10.0,,SCT,,,,3500.0,,,,,,,,,,,66.92,KITH 240056Z 33009KT 10SM SCT035 19/13 A2993 RMK AO2 T01940133 SLP131,,4.629996,19.444444444444443,4
ITH,2015-06-23 21:56:00,-76.4584,42.491,335.0,63.86,56.0,75.41,320.0,8.0,0.0,29.98,1014.8,10.0,,FEW,,,,3500.0,,,,,,,,,,,63.86,KITH 240156Z 32008KT 10SM FEW035 18/13 A2998 RMK AO2 T01770133 SLP148,,4.115552,17.700000000000003,2
ITH,2015-06-23 22:56:00,-76.4584,42.491,335.0,60.0,54.86,83.4,330.0,4.0,0.0,30.0,1015.4,10.0,,CLR,,,,,,,,,,,,,,,59.9,KITH 240256Z AUTO 33004KT 10SM CLR 16/13 A3000 RMK AO2 51034 T01550127 SLP154,,2.057776,15.555555555555555,0
ITH,2015-06-23 23:56:00,-76.4584,42.491,335.0,61.0,54.86,80.26,330.0,8.0,0.0,30.01,1015.7,10.0,,CLR,,,,,,,,,,,,,,,60.98,KITH 240356Z AUTO 33008KT 10SM CLR 16/13 A3001 RMK AO2 T01610127 403000155 SLP157,,4.115552,16.11111111111111,0
ITH,2015-06-24 00:56:00,-76.4584,42.491,335.0,59.0,54.86,86.12,320.0,5.0,0.0,30.01,1015.6,10.0,,CLR,,,,,,,,,,,,,,,59.0,KITH 240456Z AUTO 32005KT 10SM CLR 15/13 A3001 RMK AO2 T01500127 SLP156,,2.57222,15.0,0
ITH,2015-06-24 01:56:00,-76.4584,42.491,335.0,56.0,54.0,93.05,0.0,0.0,0.0,30.01,1015.9,10.0,,CLR,,,,,,,,,,,,,,,55.94,KITH 240556Z AUTO 00000KT 10SM CLR 13/12 A3001 RMK AO2 51004 T01330122 10211 20133 SLP159,,0.0,13.333333333333334,0
ITH,2015-06-24 02:16:00,-76.4584,42.491,335.0,55.4,55.4,100.0,0.0,0.0,0.0,30.02,,10.0,,BKN,,,,2800.0,,,,,,,,,,,55.4,KITH 240616Z AUTO 00000KT 10SM BKN028 13/13 A3002 RMK AO2,,0.0,13.0,6
ITH,2015-06-24 02:56:00,-76.4584,42.491,335.0,60.0,56.0,86.73,310.0,5.0,0.0,30.02,1016.0,10.0,,OVC,,,,2800.0,,,,,,,,,,,59.9,KITH 240656Z AUTO 31005KT 10SM OVC028 16/13 A3002 RMK AO2 T01550133 SLP160,,2.57222,15.555555555555555,8
ITH,2015-06-24 03:56:00,-76.4584,42.491,335.0,56.84,54.86,93.07,330.0,3.0,0.0,30.03,1016.3,10.0,,FEW,,,,2600.0,,,,,,,,,,,56.84,KITH 240756Z AUTO 33003KT 10SM FEW026 14/13 A3003 RMK AO2 T01380127 SLP163,,1.543332,13.800000000000002,2
ITH,2015-06-24 04:56:00,-76.4584,42.491,335.0,54.0,52.88,96.12,0.0,0.0,0.0,30.04,1016.6,3.0,,CLR,,,,,,,,BR,,,,,,,53.96,KITH 240856Z AUTO 00000KT 3SM BR CLR 12/12 A3004 RMK AO2 51006 T01220116 SLP166,,0.0,12.222222222222221,0
ITH,2015-06-24 05:07:00,-76.4584,42.491,335.0,53.6,51.8,93.6,0.0,0.0,0.0,30.04,,1.5,,CLR,,,,,,,,BR,,,,,,,53.6,KITH 240907Z AUTO 00000KT 1 1/2SM BR CLR 12/11 A3004 RMK AO2 VIS 1/2V5,,0.0,12.0,0
ITH,2015-06-24 05:10:00,-76.4584,42.491,335.0,53.6,51.8,93.6,0.0,0.0,0.0,30.04,,0.75,,CLR,,,,,,,,BR,,,,,,,53.6,KITH 240910Z AUTO 00000KT 3/4SM R32/P6000FT BR CLR 12/11 A3004 RMK AO2 VIS 1/4V5,,0.0,12.0,0
ITH,2015-06-24 05:17:00,-76.4584,42.491,335.0,53.6,51.8,93.6,0.0,0.0,0.0,30.04,,1.25,,CLR,,,,,,,,BR,,,,,,,53.6,KITH 240917Z AUTO 00000KT 1 1/4SM BR CLR 12/11 A3004 RMK AO2 VIS 1/4V5,,0.0,12.0,0
ITH,2015-06-24 05:20:00,-76.4584,42.491,335.0,53.6,53.6,100.0,0.0,0.0,0.0,30.05,,3.0,,CLR,,,,,,,,BR,,,,,,,53.6,KITH 240920Z AUTO 00000KT 3SM BR CLR 12/12 A3005 RMK AO2,,0.0,12.0,0
ITH,2015-06-24 05:22:00,-76.4584,42.491,335.0,53.6,53.6,100.0,0.0,0.0,0.0,30.05,,1.5,,CLR,,,,,,,,BR,,,,,,,53.6,KITH 240922Z AUTO 00000KT 1 1/2SM BR CLR 12/12 A3005 RMK AO2 VIS 1/4V5,,0.0,12.0,0
ITH,2015-06-24 05:24:00,-76.4584,42.491,335.0,53.6,51.8,93.6,0.0,0.0,0.0,30.05,,0.75,,CLR,,,,,,,,BR,,,,,,,53.6,KITH 240924Z AUTO 00000KT 3/4SM R32/P6000FT BR CLR 12/11 A3005 RMK AO2 VIS 1/4V5,,0.0,12.0,0
ITH,2015-06-24 05:32:00,-76.4584,42.491,335.0,53.6,51.8,93.6,0.0,0.0,0.0,30.05,,0.5,,CLR,,,,,,,,FG,,,,,,,53.6,KITH 240932Z AUTO 00000KT 1/2SM R32/P6000FT FG CLR 12/11 A3005 RMK AO2 VIS 1/4V2 1/2,,0.0,12.0,0
ITH,2015-06-24 05:42:00,-76.4584,42.491,335.0,53.6,51.8,93.6,0.0,0.0,0.0,30.05,,1.0,,CLR,,,,,,,,BR,,,,,,,53.6,KITH 240942Z AUTO 00000KT 1SM R32/P6000FT BR CLR 12/11 A3005 RMK AO2,,0.0,12.0,0
ITH,2015-06-24 05:44:00,-76.4584,42.491,335.0,53.6,51.8,93.6,0.0,0.0,0.0,30.05,,8.0,,CLR,,,,,,,,,,,,,,,53.6,KITH 240944Z AUTO 00000KT 8SM CLR 12/11 A3005 RMK AO2,,0.0,12.0,0
ITH,2015-06-24 05:56:00,-76.4584,42.491,335.0,52.88,52.0,96.74,0.0,0.0,0.0,30.06,1017.6,10.0,,CLR,,,,,,,,,,,,,,,52.88,KITH 240956Z AUTO 00000KT 10SM CLR 12/11 A3006 RMK AO2 T01160111 SLP176,,0.0,11.600000000000001,0
ITH,2015-06-24 06:22:00,-76.4584,42.491,335.0,53.6,53.6,100.0,0.0,0.0,0.0,30.07,,10.0,,CLR,,,,,,,,,,,,,,,53.6,KITH 241022Z 00000KT 10SM CLR 12/12 A3007 RMK AO2,,0.0,12.0,0
ITH,2015-06-24 06:56:00,-76.4584,42.491,335.0,58.0,54.86,89.52,0.0,0.0,0.0,30.08,1018.3,10.0,,FEW,,,,2500.0,,,,,,,,,,,57.92,KITH 241056Z 00000KT 10SM FEW025 14/13 A3008 RMK AO2 T01440127 SLP183,,0.0,14.444444444444445,2
ITH,2015-06-24 07:56:00,-76.4584,42.491,335.0,61.88,56.0,80.85,330.0,3.0,0.0,30.08,1018.4,10.0,,SCT,,,,2000.0,,,,,,,,,,,61.88,KITH 241156Z 33003KT 10SM SCT020 17/13 A3008 RMK AO2 51017 70008 T01660133 10166 20116 SLP184,,1.543332,16.6,4
ITH,2015-06-24 08:27:00,-76.4584,42.491,335.0,62.6,55.4,77.29,330.0,7.0,0.0,30.1,,10.0,,BKN,,,,1800.0,,,,,,,,,,,62.6,KITH 241227Z 33007KT 10SM BKN018 17/13 A3010 RMK AO2,,3.601108,17.0,6
ITH,2015-06-24 08:56:00,-76.4584,42.491,335.0,61.88,54.86,77.74,310.0,8.0,0.0,30.1,1019.0,10.0,,OVC,,,,1600.0,,,,,,,,,,,61.88,KITH 241256Z 31008KT 10SM OVC016 17/13 A3010 RMK AO2 T01660127 SLP190,,4.115552,16.6,8
ITH,2015-06-24 09:56:00,-76.4584,42.491,335.0,63.0,56.0,77.83,330.0,6.0,0.0,30.11,1019.4,10.0,,OVC,,,,1600.0,,,,,,,,,,,62.96,KITH 241356Z 33006KT 10SM OVC016 17/13 A3011 RMK AO2 T01720133 SLP194,,3.086664,17.22222222222222,8
ITH,2015-06-24 10:56:00,-76.4584,42.491,335.0,65.0,56.0,72.62,350.0,4.0,0.0,30.12,1019.7,10.0,,OVC,,,,1600.0,,,,,,,,,,,64.94,KITH 241456Z 35004KT 10SM OVC016 18/13 A3012 RMK AO2 51010 T01830133 SLP197,,2.057776,18.333333333333332,8
ITH,2015-06-24 11:56:00,-76.4584,42.491,335.0,67.0,56.84,70.03,330.0,9.0,0.0,30.12,1019.8,10.0,,BKN,,,,2200.0,,,,,,,,,,,66.92,KITH 241556Z 33009KT 10SM BKN022 19/14 A3012 RMK AO2 T01940138 SLP198,,4.629996,19.444444444444443,6
ITH,2015-06-24 12:56:00,-76.4584,42.491,335.0,70.0,58.0,65.54,330.0,8.0,0.0,30.12,1019.5,10.0,,SCT,,,,2500.0,,,,,,,,,,,69.98,KITH 241656Z 33008KT 10SM SCT025 21/14 A3012 RMK AO2 T02110144 SLP195,,4.115552,21.11111111111111,4
ITH,2015-06-24 13:56:00,-76.4584,42.491,335.0,70.88,56.84,61.14,300.0,8.0,0.0,30.11,1019.4,10.0,,BKN,,,,3300.0,,,,,,,,,,,70.88,KITH 241756Z 30008KT 10SM BKN033 22/14 A3011 RMK AO2 51000 T02160138 10222 20166 SLP194,,4.115552,21.599999999999998,6
ITH,2015-06-24 14:56:00,-76.4584,42.491,335.0,72.86,56.84,57.17,320.0,10.0,0.0,30.11,1019.2,10.0,,SCT,,,,3700.0,,,,,,,,,,,72.86,KITH 241856Z 32010KT 10SM SCT037 23/14 A3011 RMK AO2 T02270138 SLP192,,5.14444,22.700000000000003,4
ITH,2015-06-24 15:56:00,-76.4584,42.491,335.0,74.0,54.86,51.31,,5.0,0.0,30.1,1018.9,10.0,,SCT,,,,4500.0,,,,,,,,,,,73.94,KITH 241956Z VRB05KT 10SM SCT045 23/13 A3010 RMK AO2 T02330127 SLP189,,2.57222,23.333333333333332,4
ITH,2015-06-24 16:56:00,-76.4584,42.491,335.0,74.0,54.0,49.66,300.0,9.0,0.0,30.11,1019.3,10.0,,SCT,,,,5000.0,,,,,,,,,,,73.94,KITH 242056Z 30009KT 10SM SCT050 23/12 A3011 RMK AO2 55002 T02330122 SLP193,,4.629996,23.333333333333332,4
ITH,2015-06-24 17:56:00,-76.4584,42.491,335.0,74.0,51.0,44.37,340.0,7.0,0.0,30.1,1019.1,10.0,,FEW,,,,5500.0,,,,,,,,,,,73.94,KITH 242156Z 34007KT 10SM FEW055 23/11 A3010 RMK AO2 T02330105 SLP191,,3.601108,23.333333333333332,2
ITH,2015-06-24 18:56:00,-76.4584,42.491,335.0,72.86,51.0,46.01,310.0,7.0,0.0,30.09,1018.6,10.0,,CLR,,,,,,,,,,,,,,,72.86,KITH 242256Z 31007KT 10SM CLR 23/11 A3009 RMK AO2 T02270105 SLP186,,3.601108,22.700000000000003,0
ITH,2015-06-24 19:56:00,-76.4584,42.491,335.0,70.0,52.88,54.58,340.0,5.0,0.0,30.1,1018.8,10.0,,CLR,,,,,,,,,,,,,,,69.98,KITH 242356Z 34005KT 10SM CLR 21/12 A3010 RMK AO2 55003 T02110116 10233 20211 SLP188,,2.57222,21.11111111111111,0
ITH,2015-06-24 20:56:00,-76.4584,42.491,335.0,65.0,52.88,64.94,360.0,4.0,0.0,30.09,1018.7,10.0,,CLR,,,,,,,,,,,,,,,64.94,KITH 250056Z 36004KT 10SM CLR 18/12 A3009 RMK AO2 T01830116 SLP187,,2.057776,18.333333333333332,0
ITH,2015-06-24 21:56:00,-76.4584,42.491,335.0,60.0,54.86,83.4,0.0,0.0,0.0,30.1,1019.1,10.0,,CLR,,,,,,,,,,,,,,,59.9,KITH 250156Z 00000KT 10SM CLR 16/13 A3010 RMK AO2 T01550127 SLP191,,0.0,15.555555555555555,0
ITH,2015-06-24 22:56:00,-76.4584,42.491,335.0,54.86,52.88,93.01,0.0,0.0,0.0,30.11,1019.4,10.0,,CLR,,,,,,,,,,,,,,,54.86,KITH 250256Z AUTO 00000KT 10SM CLR 13/12 A3011 RMK AO2 53002 T01270116 SLP194,,0.0,12.7,0
ITH,2015-06-24 23:56:00,-76.4584,42.491,335.0,54.0,52.88,96.12,80.0,3.0,0.0,30.11,1019.5,10.0,,CLR,,,,,,,,,,,,,,,53.96,KITH 250356Z AUTO 08003KT 10SM CLR 12/12 A3011 RMK AO2 T01220116 402330116 SLP195,,1.543332,12.222222222222221,0
ITH,2015-06-25 00:56:00,-76.4584,42.491,335.0,54.0,52.88,96.12,90.0,3.0,0.0,30.11,1019.4,10.0,,CLR,,,,,,,,,,,,,,,53.96,KITH 250456Z AUTO 09003KT 10SM CLR 12/12 A3011 RMK AO2 T01220116 SLP194,,1.543332,12.222222222222221,0
ITH,2015-06-25 01:56:00,-76.4584,42.491,335.0,54.0,52.88,96.12,90.0,4.0,0.0,30.11,1019.4,10.0,,CLR,,,,,,,,,,,,,,,53.96,KITH 250556Z AUTO 09004KT 10SM CLR 12/12 A3011 RMK AO2 51001 T01220116 10211 20116 SLP194,,2.057776,12.222222222222221,0
ITH,2015-06-25 02:56:00,-76.4584,42.491,335.0,52.88,52.0,96.74,90.0,4.0,0.0,30.1,1019.0,10.0,,CLR,,,,,,,,,,,,,,,52.88,KITH 250656Z AUTO 09004KT 10SM CLR 12/11 A3010 RMK AO2 T01160111 SLP190,,2.057776,11.600000000000001,0
ITH,2015-06-25 03:56:00,-76.4584,42.491,335.0,54.0,52.88,96.12,80.0,4.0,0.0,30.09,1018.5,10.0,,BKN,BKN,,,6000.0,7500.0,,,,,,,,,,53.96,KITH 250756Z AUTO 08004KT 10SM BKN060 BKN075 12/12 A3009 RMK AO2 T01220116 SLP185,,2.057776,12.222222222222221,6
ITH,2015-06-25 04:56:00,-76.4584,42.491,335.0,52.88,52.0,96.74,100.0,3.0,0.0,30.1,1018.9,10.0,,CLR,,,,,,,,,,,,,,,52.88,KITH 250856Z AUTO 10003KT 10SM CLR 12/11 A3010 RMK AO2 55004 T01160111 SLP189,,1.543332,11.600000000000001,0
ITH,2015-06-25 05:56:00,-76.4584,42.491,335.0,52.0,51.0,96.09,90.0,4.0,0.0,30.1,1019.0,10.0,,CLR,,,,,,,,,,,,,,,51.98,KITH 250956Z AUTO 09004KT 10SM CLR 11/11 A3010 RMK AO2 T01110105 SLP190,,2.057776,11.11111111111111,0
ITH,2015-06-25 06:27:00,-76.4584,42.491,335.0,53.6,51.8,93.6,90.0,4.0,0.0,30.1,,10.0,,CLR,,,,,,,,,,,,,,,53.6,KITH 251027Z 09004KT 10SM CLR 12/11 A3010 RMK AO2,,2.057776,12.0,0
ITH,2015-06-25 06:56:00,-76.4584,42.491,335.0,56.0,52.88,89.44,0.0,0.0,0.0,30.11,1019.2,10.0,,CLR,,,,,,,,,,,,,,,55.94,KITH 251056Z 00000KT 10SM CLR 13/12 A3011 RMK AO2 T01330116 SLP192,,0.0,13.333333333333334,0
ITH,2015-06-25 07:56:00,-76.4584,42.491,335.0,63.86,56.0,75.41,150.0,3.0,0.0,30.11,1019.3,10.0,,CLR,,,,,,,,,,,,,,,63.86,KITH 251156Z 15003KT 10SM CLR 18/13 A3011 RMK AO2 53006 T01770133 10177 20111 SLP193,,1.543332,17.700000000000003,0
ITH,2015-06-25 08:56:00,-76.4584,42.491,335.0,67.0,54.0,63.08,0.0,0.0,0.0,30.12,1019.6,10.0,,CLR,,,,,,,,,,,,,,,66.92,KITH 251256Z 00000KT 10SM CLR 19/12 A3012 RMK AO2 T01940122 SLP196,,0.0,19.444444444444443,0
ITH,2015-06-25 09:56:00,-76.4584,42.491,335.0,70.0,54.0,56.78,0.0,0.0,0.0,30.1,1019.1,10.0,,CLR,,,,,,,,,,,,,,,69.98,KITH 251356Z 00000KT 10SM CLR 21/12 A3010 RMK AO2 T02110122 SLP191,,0.0,21.11111111111111,0
ITH,2015-06-25 10:56:00,-76.4584,42.491,335.0,72.0,54.86,54.86,210.0,3.0,0.0,30.09,1018.8,10.0,,CLR,,,,,,,,,,,,,,,71.96,KITH 251456Z 21003KT 10SM CLR 22/13 A3009 RMK AO2 58006 T02220127 SLP188,,1.543332,22.22222222222222,0
ITH,2015-06-25 11:56:00,-76.4584,42.491,335.0,74.84,54.86,49.79,250.0,4.0,0.0,30.09,1018.7,10.0,,CLR,,,,,,,,,,,,,,,74.84,KITH 251556Z 25004KT 10SM CLR 24/13 A3009 RMK AO2 T02380127 SLP187,,2.057776,23.8,0
ITH,2015-06-25 12:56:00,-76.4584,42.491,335.0,77.0,56.84,49.78,220.0,5.0,0.0,30.08,1018.1,10.0,,SCT,,,,6000.0,,,,,,,,,,,77.0,KITH 251656Z 22005KT 10SM SCT060 25/14 A3008 RMK AO2 T02500138 SLP181,,2.57222,25.0,4
ITH,2015-06-25 13:56:00,-76.4584,42.491,335.0,77.0,56.0,48.19,290.0,7.0,0.0,30.06,1017.5,10.0,,SCT,BKN,,,4400.0,7000.0,,,,,,,,,,77.0,KITH 251756Z 29007KT 10SM SCT044 BKN070 25/13 A3006 RMK AO2 58011 T02500133 10255 20177 SLP175,,3.601108,25.0,6
ITH,2015-06-25 14:56:00,-76.4584,42.491,335.0,74.0,54.86,51.31,350.0,4.0,0.0,30.04,1017.0,10.0,,SCT,BKN,,,4900.0,7000.0,,,,,,,,,,73.94,KITH 251856Z 35004KT 10SM SCT049 BKN070 23/13 A3004 RMK AO2 T02330127 SLP170,,2.057776,23.333333333333332,6
ITH,2015-06-25 15:56:00,-76.4584,42.491,335.0,72.0,61.0,68.35,0.0,0.0,0.0,30.02,1016.5,10.0,,SCT,,,,8000.0,,,,,,,,,,,71.96,KITH 251956Z 00000KT 10SM SCT080 22/16 A3002 RMK AO2 T02220161 SLP165,,0.0,22.22222222222222,4
ITH,2015-06-25 16:56:00,-76.4584,42.491,335.0,74.0,59.0,59.58,100.0,3.0,0.0,30.01,1015.9,10.0,,SCT,,,,5000.0,,,,,,,,,,,73.94,KITH 252056Z 10003KT 10SM SCT050 23/15 A3001 RMK AO2 56016 T02330150 SLP159,,1.543332,23.333333333333332,4
ITH,2015-06-25 17:56:00,-76.4584,42.491,335.0,72.86,60.0,63.81,80.0,4.0,0.0,30.0,1015.6,10.0,,SCT,,,,5000.0,,,,,,,,,,,72.86,KITH 252156Z 08004KT 10SM SCT050 23/16 A3000 RMK AO2 T02270155 SLP156,,2.057776,22.700000000000003,4
ITH,2015-06-25 18:56:00,-76.4584,42.491,335.0,70.0,58.0,65.54,90.0,4.0,0.0,30.01,1015.9,10.0,,BKN,,,,5000.0,,,,,,,,,,,69.98,KITH 252256Z 09004KT 10SM BKN050 21/14 A3001 RMK AO2 T02110144 SLP159,,2.057776,21.11111111111111,6
ITH,2015-06-25 19:56:00,-76.4584,42.491,335.0,68.0,59.0,72.92,0.0,0.0,0.0,30.01,1015.9,10.0,,BKN,OVC,,,4100.0,10000.0,,,,,,,,,,68.0,KITH 252356Z 00000KT 10SM BKN041 OVC100 20/15 A3001 RMK AO2 53000 T02000150 10250 20200 SLP159,,0.0,20.0,8
ITH,2015-06-25 20:56:00,-76.4584,42.491,335.0,65.0,60.0,83.72,0.0,0.0,0.0,30.02,1016.2,10.0,,BKN,,,,5500.0,,,,,,,,,,,64.94,KITH 260056Z 00000KT 10SM BKN055 18/16 A3002 RMK AO2 T01830155 SLP162,,0.0,18.333333333333332,6
ITH,2015-06-25 21:56:00,-76.4584,42.491,335.0,63.86,59.0,84.19,0.0,0.0,0.0,30.03,1016.4,10.0,,BKN,,,,11000.0,,,,,,,,,,,63.86,KITH 260156Z 00000KT 10SM BKN110 18/15 A3003 RMK AO2 T01770150 SLP164,,0.0,17.700000000000003,6
ITH,2015-06-25 22:56:00,-76.4584,42.491,335.0,61.88,59.0,90.27,90.0,3.0,0.0,30.02,1016.1,10.0,,SCT,,,,10000.0,,,,,,,,,,,61.88,KITH 260256Z AUTO 09003KT 10SM SCT100 17/15 A3002 RMK AO2 50003 T01660150 SLP161,,1.543332,16.6,4
ITH,2015-06-25 23:56:00,-76.4584,42.491,335.0,58.0,56.84,96.18,0.0,0.0,0.0,30.02,1016.2,7.0,,CLR,,,,,,,,,,,,,,,57.92,KITH 260356Z AUTO 00000KT 7SM CLR 14/14 A3002 RMK AO2 T01440138 402550111 SLP162,,0.0,14.444444444444445,0
ITH,2015-06-26 00:56:00,-76.4584,42.491,335.0,56.84,56.0,96.8,120.0,3.0,0.0,30.01,1015.7,4.0,,CLR,,,,,,,,BR,,,,,,,56.84,KITH 260456Z AUTO 12003KT 4SM BR CLR 14/13 A3001 RMK AO2 T01380133 SLP157,,1.543332,13.800000000000002,0
ITH,2015-06-26 01:56:00,-76.4584,42.491,335.0,58.0,58.0,100.0,0.0,0.0,0.0,30.01,1015.7,2.5,,CLR,,,,,,,,BR,,,,,,,57.92,KITH 260556Z AUTO 00000KT 2 1/2SM BR CLR 14/14 A3001 RMK AO2 55004 T01440144 10200 20138 SLP157,,0.0,14.444444444444445,0
ITH,2015-06-26 01:58:00,-76.4584,42.491,335.0,57.2,57.2,100.0,0.0,0.0,0.0,30.01,,1.0,,CLR,,,,,,,,BR,,,,,,,57.2,KITH 260558Z AUTO 00000KT 1SM R32/P6000FT BR CLR 14/14 A3001 RMK AO2,,0.0,14.000000000000002,0
ITH,2015-06-26 02:00:00,-76.4584,42.491,335.0,57.2,57.2,100.0,0.0,0.0,0.0,30.01,,0.5,,CLR,,,,,,,,FG,,,,,,,57.2,KITH 260600Z AUTO 00000KT 1/2SM R32/P6000FT FG CLR 14/14 A3001 RMK AO2,,0.0,14.000000000000002,0
ITH,2015-06-26 02:11:00,-76.4584,42.491,335.0,57.2,57.2,100.0,0.0,0.0,0.0,30.01,,1.0,,CLR,,,,,,,,BR,,,,,,,57.2,KITH 260611Z AUTO 00000KT 1SM R32/P6000FT BR CLR 14/14 A3001 RMK AO2 VIS 1/4V5,,0.0,14.000000000000002,0
ITH,2015-06-26 02:15:00,-76.4584,42.491,335.0,57.2,57.2,100.0,0.0,0.0,0.0,30.01,,0.5,,CLR,,,,,,,,FG,,,,,,,57.2,KITH 260615Z AUTO 00000KT 1/2SM R32/P6000FT FG CLR 14/14 A3001 RMK AO2 VIS 1/4V5,,0.0,14.000000000000002,0
ITH,2015-06-26 02:24:00,-76.4584,42.491,335.0,55.4,55.4,100.0,20.0,4.0,0.0,30.01,,0.25,,CLR,,,,,,,,FG,,,,,,,55.4,KITH 260624Z AUTO 02004KT 1/4SM R32/P6000FT FG CLR 13/13 A3001 RMK AO2,,2.057776,13.0,0
ITH,2015-06-26 02:28:00,-76.4584,42.491,335.0,55.4,55.4,100.0,30.0,4.0,0.0,30.01,,0.75,,CLR,,,,,,,,BR,,,,,,,55.4,KITH 260628Z AUTO 03004KT 3/4SM R32/P6000FT BR CLR 13/13 A3001 RMK AO2,,2.057776,13.0,0
ITH,2015-06-26 02:30:00,-76.4584,42.491,335.0,57.2,55.4,93.69,30.0,4.0,0.0,30.01,,1.25,,CLR,,,,,,,,BR,,,,,,,57.2,KITH 260630Z AUTO 03004KT 1 1/4SM BR CLR 14/13 A3001 RMK AO2,,2.057776,14.000000000000002,0
ITH,2015-06-26 02:32:00,-76.4584,42.491,335.0,57.2,57.2,100.0,30.0,4.0,0.0,30.01,,5.0,,CLR,,,,,,,,BR,,,,,,,57.2,KITH 260632Z AUTO 03004KT 5SM BR CLR 14/14 A3001 RMK AO2,,2.057776,14.000000000000002,0
ITH,2015-06-26 02:56:00,-76.4584,42.491,335.0,56.0,56.0,100.0,0.0,0.0,0.0,30.01,1015.9,3.0,,CLR,,,,,,,,BR,,,,,,,55.94,KITH 260656Z AUTO 00000KT 3SM BR CLR 13/13 A3001 RMK AO2 T01330133 SLP159,,0.0,13.333333333333334,0
ITH,2015-06-26 03:02:00,-76.4584,42.491,335.0,55.4,55.4,100.0,0.0,0.0,0.0,30.01,,1.25,,CLR,,,,,,,,BR,,,,,,,55.4,KITH 260702Z AUTO 00000KT 1 1/4SM BR CLR 13/13 A3001 RMK AO2 VIS 1/4V4,,0.0,13.0,0
ITH,2015-06-26 03:05:00,-76.4584,42.491,335.0,55.4,55.4,100.0,0.0,0.0,0.0,30.01,,0.5,,CLR,,,,,,,,FG,,,,,,,55.4,KITH 260705Z AUTO 00000KT 1/2SM R32/2400VP6000FT FG CLR 13/13 A3001 RMK AO2 VIS 1/4V4,,0.0,13.0,0
ITH,2015-06-26 03:15:00,-76.4584,42.491,335.0,55.4,55.4,100.0,0.0,0.0,0.0,30.0,,1.0,,CLR,,,,,,,,BR,,,,,,,55.4,KITH 260715Z AUTO 00000KT 1SM R32/1200V5000FT BR CLR 13/13 A3000 RMK AO2 VIS 1/4V4,,0.0,13.0,0
ITH,2015-06-26 03:17:00,-76.4584,42.491,335.0,55.4,55.4,100.0,0.0,0.0,0.0,30.0,,1.5,,CLR,,,,,,,,BR,,,,,,,55.4,KITH 260717Z AUTO 00000KT 1 1/2SM R32/1200V4500FT BR CLR 13/13 A3000 RMK AO2 VIS 1/2V4,,0.0,13.0,0
ITH,2015-06-26 03:22:00,-76.4584,42.491,335.0,55.4,55.4,100.0,110.0,3.0,0.0,30.0,,1.0,,CLR,,,,,,,,BR,,,,,,,55.4,KITH 260722Z AUTO 11003KT 1SM R32/1600VP6000FT BR CLR 13/13 A3000 RMK AO2,,1.543332,13.0,0
ITH,2015-06-26 03:26:00,-76.4584,42.491,335.0,53.6,53.6,100.0,0.0,0.0,0.0,30.0,,0.5,,CLR,,,,,,,,FG,,,,,,,53.6,KITH 260726Z AUTO 00000KT 1/2SM R32/4000VP6000FT FG CLR 12/12 A3000 RMK AO2,,0.0,12.0,0
ITH,2015-06-26 03:49:00,-76.4584,42.491,335.0,53.6,53.6,100.0,0.0,0.0,0.0,30.0,,,,CLR,,,,,,,,,,,,,,,53.6,KITH 260749Z AUTO 00000KT R32/P6000FT CLR 12/12 A3000 RMK AO2,,0.0,12.0,0
ITH,2015-06-26 03:56:00,-76.4584,42.491,335.0,54.0,54.0,100.0,0.0,0.0,0.0,30.01,1015.9,,,CLR,,,,,,,,,,,,,,,53.96,KITH 260756Z AUTO 00000KT R32/P6000FT CLR 12/12 A3001 RMK AO2 T01220122 SLP159,,0.0,12.222222222222221,0
ITH,2015-06-26 04:02:00,-76.4584,42.491,335.0,53.6,53.6,100.0,310.0,3.0,0.0,30.01,,0.25,,VV ,,,,900.0,,,,FG,,,,,,,53.6,KITH 260802Z AUTO 31003KT 1/4SM R32/P6000FT FG VV009 12/12 A3001 RMK AO2 $,,1.543332,12.0,-1
ITH,2015-06-26 04:21:00,-76.4584,42.491,335.0,55.4,53.6,93.65,0.0,0.0,0.0,30.0,,0.5,,FEW,BKN,,,200.0,800.0,,,FG,,,,,,,55.4,KITH 260821Z AUTO 00000KT 1/2SM R32/P6000FT FG FEW002 BKN008 13/12 A3000 RMK AO2,,0.0,13.0,6
ITH,2015-06-26 04:28:00,-76.4584,42.491,335.0,55.4,55.4,100.0,110.0,3.0,0.0,30.0,,1.0,,FEW,BKN,OVC,,200.0,800.0,12000.0,,BR,,,,,,,55.4,KITH 260828Z AUTO 11003KT 1SM R32/1000VP6000FT BR FEW002 BKN008 OVC120 13/13 A3000 RMK AO2,,1.543332,13.0,8
ITH,2015-06-26 04:32:00,-76.4584,42.491,335.0,55.4,55.4,100.0,110.0,3.0,0.0,30.0,,1.25,,FEW,BKN,OVC,,200.0,800.0,12000.0,,BR,,,,,,,55.4,KITH 260832Z AUTO 11003KT 1 1/4SM R32/1000V1200FT BR FEW002 BKN008 OVC120 13/13 A3000 RMK AO2,,1.543332,13.0,8
ITH,2015-06-26 04:34:00,-76.4584,42.491,335.0,55.4,55.4,100.0,110.0,3.0,0.0,30.0,,0.75,,FEW,BKN,OVC,,200.0,800.0,12000.0,,BR,,,,,,,55.4,KITH 260834Z AUTO 11003KT 3/4SM R32/1000V1200FT BR FEW002 BKN008 OVC120 13/13 A3000 RMK AO2 BKN V SCT,,1.543332,13.0,8
ITH,2015-06-26 04:39:00,-76.4584,42.491,335.0,55.4,55.4,100.0,90.0,3.0,0.0,30.0,,0.5,,FEW,BKN,OVC,,200.0,800.0,12000.0,,FG,,,,,,,55.4,KITH 260839Z AUTO 09003KT 1/2SM R32/1000V2800FT FG FEW002 BKN008 OVC120 13/13 A3000 RMK AO2 BKN V SCT,,1.543332,13.0,8
ITH,2015-06-26 04:56:00,-76.4584,42.491,335.0,54.86,54.86,100.0,110.0,4.0,0.0,29.99,1015.4,0.75,,SCT,BKN,OVC,,200.0,3700.0,12000.0,,BR,,,,,,,54.86,KITH 260856Z AUTO 11004KT 3/4SM R32/3500V5000FT BR SCT002 BKN037 OVC120 13/13 A2999 RMK AO2 56004 T01270127 OVC V BKN SLP154,,2.057776,12.7,8
ITH,2015-06-26 05:04:00,-76.4584,42.491,335.0,55.4,55.4,100.0,110.0,3.0,0.0,30.0,,1.25,,SCT,BKN,,,200.0,3700.0,,,BR,,,,,,,55.4,KITH 260904Z AUTO 11003KT 1 1/4SM R32/2200V4500FT BR SCT002 BKN037 13/13 A3000 RMK AO2 BKN V SCT,,1.543332,13.0,6
ITH,2015-06-26 05:12:00,-76.4584,42.491,335.0,55.4,55.4,100.0,60.0,3.0,0.0,30.01,,1.0,,SCT,BKN,,,200.0,3700.0,,,BR,,,,,,,55.4,KITH 260912Z AUTO 06003KT 1SM R32/2000V2600FT BR SCT002 BKN037 13/13 A3001 RMK AO2,,1.543332,13.0,6
ITH,2015-06-26 05:15:00,-76.4584,42.491,335.0,55.4,55.4,100.0,0.0,0.0,0.0,30.01,,0.75,,BKN,BKN,,,200.0,3700.0,,,BR,,,,,,,55.4,KITH 260915Z AUTO 00000KT 3/4SM R32/1600V2600FT BR BKN002 BKN037 13/13 A3001 RMK AO2 BKN V SCT,,0.0,13.0,6
ITH,2015-06-26 05:19:00,-76.4584,42.491,335.0,55.4,55.4,100.0,0.0,0.0,0.0,30.02,,0.5,,BKN,BKN,,,200.0,3700.0,,,FG,,,,,,,55.4,KITH 260919Z AUTO 00000KT 1/2SM R32/1600V2200FT FG BKN002 BKN037 13/13 A3002 RMK AO2,,0.0,13.0,6
ITH,2015-06-26 05:27:00,-76.4584,42.491,335.0,55.4,53.6,93.65,0.0,0.0,0.0,30.01,,0.25,,BKN,,,,200.0,,,,FG,,,,,,,55.4,KITH 260927Z AUTO 00000KT 1/4SM R32/2000V2200FT FG BKN002 13/12 A3001 RMK AO2,,0.0,13.0,6
ITH,2015-06-26 05:46:00,-76.4584,42.491,335.0,55.4,55.4,100.0,0.0,0.0,0.0,30.03,,0.25,,OVC,,,,200.0,,,,FG,,,,,,,55.4,KITH 260946Z AUTO 00000KT 1/4SM R32/2000V2400FT FG OVC002 13/13 A3003 RMK AO2,,0.0,13.0,8
ITH,2015-06-26 05:56:00,-76.4584,42.491,335.0,54.86,54.86,100.0,0.0,0.0,0.0,30.02,1016.4,0.25,,OVC,,,,200.0,,,,FG,,,,,,,54.86,KITH 260956Z AUTO 00000KT 1/4SM R32/1200V2000FT FG OVC002 13/13 A3002 RMK AO2 T01270127 SLP164,,0.0,12.7,8
ITH,2015-06-26 06:07:00,-76.4584,42.491,335.0,55.4,55.4,100.0,0.0,0.0,0.0,30.03,,0.25,,OVC,,,,200.0,,,,FG,,,,,,,55.4,KITH 261007Z AUTO 00000KT M1/4SM R32/1000V1600FT FG OVC002 13/13 A3003 RMK AO2,,0.0,13.0,8
ITH,2015-06-26 06:29:00,-76.4584,42.491,335.0,55.4,55.4,100.0,0.0,0.0,0.0,30.03,,0.25,,VV ,,,,200.0,,,,FG,,,,,,,55.4,KITH 261029Z 00000KT 1/4SM R32/1600V2200FT FG VV002 13/13 A3003 RMK AO2,,0.0,13.0,-1
ITH,2015-06-26 06:56:00,-76.4584,42.491,335.0,56.0,56.0,100.0,0.0,0.0,0.0,30.03,1016.8,0.5,,OVC,,,,200.0,,,,FG,,,,,,,55.94,KITH 261056Z 00000KT 1/2SM R32/1600V2400FT FG OVC002 13/13 A3003 RMK AO2 T01330133 SLP168,,0.0,13.333333333333334,8
ITH,2015-06-26 07:09:00,-76.4584,42.491,335.0,57.2,57.2,100.0,0.0,0.0,0.0,30.03,,0.5,,OVC,,,,200.0,,,,FG,,,,,,,57.2,KITH 261109Z 00000KT 1/2SM R32/1400V2200FT FG OVC002 14/14 A3003 RMK AO2,,0.0,14.000000000000002,8
ITH,2015-06-26 07:16:00,-76.4584,42.491,335.0,57.2,57.2,100.0,0.0,0.0,0.0,30.04,,0.75,,OVC,,,,200.0,,,,BR,,,,,,,57.2,KITH 261116Z 00000KT 3/4SM R32/2000V3000FT BR OVC002 14/14 A3004 RMK AO2,,0.0,14.000000000000002,8
ITH,2015-06-26 07:56:00,-76.4584,42.491,335.0,59.0,59.0,100.0,350.0,4.0,0.0,30.05,1017.4,0.75,,OVC,,,,200.0,,,,FG,,,,,,,59.0,KITH 261156Z 35004KT 3/4SM R32/P6000FT FG OVC002 15/15 A3005 RMK AO2 51017 T01500150 10150 20116 SLP174,,2.057776,15.0,8
ITH,2015-06-26 08:00:00,-76.4584,42.491,335.0,59.0,59.0,100.0,0.0,0.0,0.0,30.05,,0.25,,OVC,,,,200.0,,,,FG,,,,,,,59.0,KITH 261200Z 00000KT 1/4SM R32/2600VP6000FT FG OVC002 15/15 A3005 RMK AO2,,0.0,15.0,8
ITH,2015-06-26 08:08:00,-76.4584,42.491,335.0,59.0,59.0,100.0,340.0,3.0,0.0,30.05,,0.75,,OVC,,,,200.0,,,,FG,,,,,,,59.0,KITH 261208Z 34003KT 3/4SM R32/2000VP6000FT FG OVC002 15/15 A3005 RMK AO2,,1.543332,15.0,8
ITH,2015-06-26 08:11:00,-76.4584,42.491,335.0,59.0,59.0,100.0,330.0,4.0,0.0,30.05,,1.5,,OVC,,,,200.0,,,,FG,,,,,,,59.0,KITH 261211Z 33004KT 1 1/2SM FG OVC002 15/15 A3005 RMK AO2 VIS 1/2V5,,2.057776,15.0,8
ITH,2015-06-26 08:19:00,-76.4584,42.491,335.0,60.8,60.8,100.0,350.0,4.0,0.0,30.05,,5.0,,OVC,,,,200.0,,,,FG,,,,,,,60.8,KITH 261219Z 35004KT 5SM FG OVC002 16/16 A3005 RMK AO2,,2.057776,16.0,8
ITH,2015-06-26 08:56:00,-76.4584,42.491,335.0,61.0,61.0,100.0,320.0,5.0,0.0,30.06,1017.7,4.0,,OVC,,,,400.0,,,,BR,,,,,,,60.98,KITH 261256Z 32005KT 4SM BR OVC004 16/16 A3006 RMK AO2 T01610161 SLP177,,2.57222,16.11111111111111,8
ITH,2015-06-26 09:56:00,-76.4584,42.491,335.0,65.84,60.0,81.14,270.0,4.0,0.0,30.07,1017.9,10.0,,BKN,,,,1200.0,,,,,,,,,,,65.84,KITH 261356Z 27004KT 10SM BKN012 19/16 A3007 RMK AO2 T01880155 SLP179,,2.057776,18.8,6
ITH,2015-06-26 10:56:00,-76.4584,42.491,335.0,70.0,61.0,73.11,290.0,7.0,0.0,30.07,1017.7,10.0,,BKN,,,,2500.0,,,,,,,,,,,69.98,KITH 261456Z 29007KT 10SM BKN025 21/16 A3007 RMK AO2 50005 T02110161 SLP177,,3.601108,21.11111111111111,6
ITH,2015-06-26 11:56:00,-76.4584,42.491,335.0,72.0,61.0,68.35,300.0,12.0,0.0,30.07,1018.0,10.0,,BKN,BKN,,,2700.0,7000.0,,,,,,,,,,71.96,KITH 261556Z 30012KT 10SM BKN027 BKN070 22/16 A3007 RMK AO2 T02220161 SLP180,,6.173328,22.22222222222222,6
ITH,2015-06-26 12:56:00,-76.4584,42.491,335.0,74.0,56.0,53.37,350.0,6.0,0.0,30.07,1017.8,10.0,,SCT,,,,3700.0,,,,,,,,,,,73.94,KITH 261656Z 35006KT 10SM SCT037 23/13 A3007 RMK AO2 T02330133 SLP178,,3.086664,23.333333333333332,4
ITH,2015-06-26 13:56:00,-76.4584,42.491,335.0,72.86,54.86,53.21,350.0,8.0,0.0,30.06,1017.6,10.0,,SCT,,,,3900.0,,,,,,,,,,,72.86,KITH 261756Z 35008KT 10SM SCT039 23/13 A3006 RMK AO2 58002 T02270127 10233 20150 SLP176,,4.115552,22.700000000000003,4
ITH,2015-06-26 14:56:00,-76.4584,42.491,335.0,74.84,54.86,49.79,360.0,8.0,0.0,30.05,1017.3,10.0,15.0,SCT,,,,4600.0,,,,,,,,,,,74.84,KITH 261856Z 36008G15KT 10SM SCT046 24/13 A3005 RMK AO2 T02380127 SLP173,,4.115552,23.8,4
ITH,2015-06-26 15:56:00,-76.4584,42.491,335.0,74.84,54.86,49.79,300.0,10.0,0.0,30.05,1017.3,10.0,16.0,SCT,,,,5000.0,,,,,,,,,,,74.84,KITH 261956Z 30010G16KT 10SM SCT050 24/13 A3005 RMK AO2 T02380127 SLP173,,5.14444,23.8,4
ITH,2015-06-26 16:56:00,-76.4584,42.491,335.0,74.0,52.88,47.73,340.0,8.0,0.0,30.06,1017.7,10.0,,SCT,,,,5000.0,,,,,,,,,,,73.94,KITH 262056Z 34008KT 10SM SCT050 23/12 A3006 RMK AO2 55000 T02330116 SLP177,,4.115552,23.333333333333332,4
ITH,2015-06-26 17:56:00,-76.4584,42.491,335.0,74.0,52.88,47.73,360.0,5.0,0.0,30.06,1017.8,10.0,,FEW,,,,5500.0,,,,,,,,,,,73.94,KITH 262156Z 36005KT 10SM FEW055 23/12 A3006 RMK AO2 T02330116 SLP178,,2.57222,23.333333333333332,2
ITH,2015-06-26 18:56:00,-76.4584,42.491,335.0,70.88,52.88,52.93,350.0,5.0,0.0,30.08,1018.3,10.0,,FEW,,,,5500.0,,,,,,,,,,,70.88,KITH 262256Z 35005KT 10SM FEW055 22/12 A3008 RMK AO2 T02160116 SLP183,,2.57222,21.599999999999998,2
ITH,2015-06-26 19:56:00,-76.4584,42.491,335.0,68.0,54.0,60.77,350.0,3.0,0.0,30.09,1018.6,10.0,,CLR,,,,,,,,,,,,,,,68.0,KITH 262356Z 35003KT 10SM CLR 20/12 A3009 RMK AO2 53008 T02000122 10244 20200 SLP186,,1.543332,20.0,0
ITH,2015-06-26 20:56:00,-76.4584,42.491,335.0,60.0,54.86,83.4,0.0,0.0,0.0,30.09,1018.7,10.0,,CLR,,,,,,,,,,,,,,,59.9,KITH 270056Z 00000KT 10SM CLR 16/13 A3009 RMK AO2 T01550127 SLP187,,0.0,15.555555555555555,0
ITH,2015-06-26 21:56:00,-76.4584,42.491,335.0,56.0,54.86,96.15,0.0,0.0,0.0,30.12,1019.7,10.0,,CLR,,,,,,,,,,,,,,,55.94,KITH 270156Z 00000KT 10SM CLR 13/13 A3012 RMK AO2 T01330127 SLP197,,0.0,13.333333333333334,0
ITH,2015-06-26 22:56:00,-76.4584,42.491,335.0,54.86,54.0,96.77,0.0,0.0,0.0,30.12,1019.6,10.0,,CLR,,,,,,,,,,,,,,,54.86,KITH 270256Z AUTO 00000KT 10SM CLR 13/12 A3012 RMK AO2 52009 T01270122 SLP196,,0.0,12.7,0
ITH,2015-06-26 23:56:00,-76.4584,42.491,335.0,54.86,54.0,96.77,90.0,3.0,0.0,30.11,1019.3,10.0,,FEW,,,,5500.0,,,,,,,,,,,54.86,KITH 270356Z AUTO 09003KT 10SM FEW055 13/12 A3011 RMK AO2 T01270122 402440116 SLP193,,1.543332,12.7,2
ITH,2015-06-27 00:56:00,-76.4584,42.491,335.0,54.0,52.88,96.12,0.0,0.0,0.0,30.11,1019.3,10.0,,CLR,,,,,,,,,,,,,,,53.96,KITH 270456Z AUTO 00000KT 10SM CLR 12/12 A3011 RMK AO2 T01220116 SLP193,,0.0,12.222222222222221,0
ITH,2015-06-27 01:56:00,-76.4584,42.491,335.0,52.88,52.88,100.0,0.0,0.0,0.0,30.11,1019.3,10.0,,CLR,,,,,,,,,,,,,,,52.88,KITH 270556Z AUTO 00000KT 10SM CLR 12/12 A3011 RMK AO2 56003 T01160116 10194 20116 SLP193,,0.0,11.600000000000001,0
ITH,2015-06-27 02:56:00,-76.4584,42.491,335.0,54.0,52.88,96.12,90.0,3.0,0.0,30.09,1018.8,10.0,,CLR,,,,,,,,,,,,,,,53.96,KITH 270656Z AUTO 09003KT 10SM CLR 12/12 A3009 RMK AO2 T01220116 SLP188,,1.543332,12.222222222222221,0
ITH,2015-06-27 03:56:00,-76.4584,42.491,335.0,56.0,52.88,89.44,90.0,6.0,0.0,30.07,1018.0,10.0,,CLR,,,,,,,,,,,,,,,55.94,KITH 270756Z AUTO 09006KT 10SM CLR 13/12 A3007 RMK AO2 T01330116 SLP180,,3.086664,13.333333333333334,0
ITH,2015-06-27 04:56:00,-76.4584,42.491,335.0,58.0,52.88,83.27,90.0,6.0,0.0,30.08,1018.1,10.0,,CLR,,,,,,,,,,,,,,,57.92,KITH 270856Z AUTO 09006KT 10SM CLR 14/12 A3008 RMK AO2 56009 T01440116 SLP181,,3.086664,14.444444444444445,0
ITH,2015-06-27 05:56:00,-76.4584,42.491,335.0,60.0,54.0,80.7,100.0,7.0,0.0,30.08,1018.3,10.0,,FEW,,,,4500.0,,,,,,,,,,,59.9,KITH 270956Z AUTO 10007KT 10SM FEW045 16/12 A3008 RMK AO2 T01550122 SLP183,,3.601108,15.555555555555555,2
ITH,2015-06-27 06:31:00,-76.4584,42.491,335.0,60.8,53.6,77.14,100.0,8.0,0.0,30.08,,10.0,,SCT,,,,3900.0,,,,,,,,,,,60.8,KITH 271031Z 10008KT 10SM SCT039 16/12 A3008 RMK AO2,,4.115552,16.0,4
ITH,2015-06-27 06:56:00,-76.4584,42.491,335.0,61.0,52.0,72.22,110.0,6.0,0.0,30.09,1018.4,7.0,,SCT,,,,4500.0,,,,,,,,,,,60.98,KITH 271056Z 11006KT 7SM SCT045 16/11 A3009 RMK AO2 T01610111 SLP184,,3.086664,16.11111111111111,4
ITH,2015-06-27 07:56:00,-76.4584,42.491,335.0,61.88,52.88,72.31,90.0,8.0,0.0,30.09,1018.5,10.0,,SCT,BKN,,,4700.0,8000.0,,,,,,,,,,61.88,KITH 271156Z 09008KT 10SM SCT047 BKN080 17/12 A3009 RMK AO2 51002 T01660116 10166 20116 SLP185,,4.115552,16.6,6
ITH,2015-06-27 08:56:00,-76.4584,42.491,335.0,60.0,56.0,86.73,,6.0,0.0001,30.08,1018.6,6.0,,BKN,OVC,,,2800.0,3600.0,,,-RA BR,,,,,,,59.9,KITH 271256Z VRB06KT 6SM -RA BR BKN028 OVC036 16/13 A3008 RMK AO2 T01550133 RAB25 P0000 SLP186,,3.086664,15.555555555555555,8
ITH,2015-06-27 09:25:00,-76.4584,42.491,335.0,62.6,57.2,82.5,130.0,5.0,0.0001,30.07,,6.0,,FEW,BKN,OVC,,1900.0,3300.0,7000.0,,-RA,,,,,,,62.6,KITH 271325Z 13005KT 6SM -RA FEW019 BKN033 OVC070 17/14 A3007 RMK AO2 P0000,,2.57222,17.0,8
ITH,2015-06-27 09:56:00,-76.4584,42.491,335.0,61.88,56.84,83.53,80.0,4.0,0.0001,30.07,1018.2,10.0,,FEW,BKN,OVC,,1700.0,3300.0,4300.0,,,,,,,,,61.88,KITH 271356Z 08004KT 10SM FEW017 BKN033 OVC043 17/14 A3007 RMK AO2 T01660138 RAE48 P0000 SLP182,,2.057776,16.6,8
ITH,2015-06-27 10:20:00,-76.4584,42.491,335.0,60.8,57.2,87.92,90.0,6.0,0.0,30.06,,10.0,,SCT,BKN,OVC,,1700.0,2300.0,4700.0,,,,,,,,,60.8,KITH 271420Z 09006KT 10SM SCT017 BKN023 OVC047 16/14 A3006 RMK AO2,,3.086664,16.0,8
ITH,2015-06-27 10:56:00,-76.4584,42.491,335.0,61.88,58.0,86.84,80.0,5.0,0.0,30.05,1017.7,10.0,,SCT,BKN,,,1700.0,2500.0,,,,,,,,,,61.88,KITH 271456Z 08005KT 10SM SCT017 BKN025 17/14 A3005 RMK AO2 58009 60000 T01660144 SLP177,,2.57222,16.6,6
ITH,2015-06-27 11:56:00,-76.4584,42.491,335.0,65.0,59.0,81.07,140.0,6.0,0.0001,30.04,1017.2,10.0,,SCT,BKN,BKN,,1900.0,2700.0,5500.0,,-RA,,,,,,,64.94,KITH 271556Z 14006KT 10SM -RA SCT019 BKN027 BKN055 18/15 A3004 RMK AO2 T01830150 RAB55 P0000 SLP172,,3.086664,18.333333333333332,6
ITH,2015-06-27 12:56:00,-76.4584,42.491,335.0,63.86,60.0,86.94,130.0,7.0,0.03,30.04,1017.2,10.0,,BKN,OVC,,,1900.0,3500.0,,,-RA,,,,,,,63.86,KITH 271656Z 13007KT 10SM -RA BKN019 OVC035 18/16 A3004 RMK AO2 T01770155 P0003 SLP172,,3.601108,17.700000000000003,8
ITH,2015-06-27 13:25:00,-76.4584,42.491,335.0,62.6,57.2,82.5,140.0,10.0,0.02,30.04,,10.0,18.0,FEW,SCT,BKN,,1500.0,2200.0,3500.0,,-RA,,,,,,,62.6,KITH 271725Z 14010G18KT 10SM -RA FEW015 SCT022 BKN035 17/14 A3004 RMK AO2 BKN V SCT P0002,,5.14444,17.0,6
ITH,2015-06-27 13:56:00,-76.4584,42.491,335.0,61.88,58.0,86.84,120.0,8.0,0.05,30.03,1017.0,10.0,16.0,BKN,OVC,,,2200.0,4700.0,,,-RA,,,,,,,61.88,KITH 271756Z 12008G16KT 10SM -RA BKN022 OVC047 17/14 A3003 RMK AO2 56008 60008 T01660144 10183 20155 P0005 SLP170,,4.115552,16.6,8
ITH,2015-06-27 14:56:00,-76.4584,42.491,335.0,61.0,58.0,89.65,150.0,13.0,0.04,30.02,1016.6,5.0,22.0,BKN,OVC,,,1800.0,4300.0,,,-RA BR,,,,,,,60.98,KITH 271856Z 15013G22KT 5SM -RA BR BKN018 OVC043 16/14 A3002 RMK AO2 T01610144 P0004 SLP166,,6.687772,16.11111111111111,8
ITH,2015-06-27 15:56:00,-76.4584,42.491,335.0,59.0,56.0,89.57,130.0,12.0,0.09,30.01,1016.2,7.0,17.0,BKN,OVC,,,1500.0,6000.0,,,-RA,,,,,,,59.0,KITH 271956Z 13012G17KT 7SM -RA BKN015 OVC060 15/13 A3001 RMK AO2 T01500133 P0009 SLP162,,6.173328,15.0,8
ITH,2015-06-27 16:56:00,-76.4584,42.491,335.0,56.84,54.0,90.07,120.0,11.0,0.13,29.96,1014.5,6.0,16.0,BKN,OVC,,,1700.0,6500.0,,,-RA BR,,,,,,,56.84,KITH 272056Z 12011G16KT 6SM -RA BR BKN017 OVC065 14/12 A2996 RMK AO2 58022 60026 T01380122 P0013 SLP145,,5.6588840000000005,13.800000000000002,8
ITH,2015-06-27 17:56:00,-76.4584,42.491,335.0,54.86,54.0,96.77,140.0,7.0,0.24,29.97,1014.8,3.0,14.0,OVC,,,,1200.0,,,,RA BR,,,,,,,54.86,KITH 272156Z 14007G14KT 3SM RA BR OVC012 13/12 A2997 RMK AO2 T01270122 P0024 SLP148,,3.601108,12.7,8
ITH,2015-06-27 18:05:00,-76.4584,42.491,335.0,55.4,53.6,93.65,140.0,6.0,0.03,29.96,,2.0,,OVC,,,,900.0,,,,RA BR,,,,,,,55.4,KITH 272205Z 14006KT 2SM RA BR OVC009 13/12 A2996 RMK AO2 P0003,,3.086664,13.0,8
ITH,2015-06-27 18:22:00,-76.4584,42.491,335.0,55.4,53.6,93.65,130.0,3.0,0.07,29.97,,4.0,,OVC,,,,900.0,,,,-RA BR,,,,,,,55.4,KITH 272222Z 13003KT 4SM -RA BR OVC009 13/12 A2997 RMK AO2 P0007,,1.543332,13.0,8
ITH,2015-06-27 18:56:00,-76.4584,42.491,335.0,56.0,54.0,93.05,110.0,5.0,0.08,29.95,1014.1,7.0,,OVC,,,,1200.0,,,,-RA,,,,,,,55.94,KITH 272256Z 11005KT 7SM -RA OVC012 13/12 A2995 RMK AO2 T01330122 P0008 SLP141,,2.57222,13.333333333333334,8
ITH,2015-06-27 19:56:00,-76.4584,42.491,335.0,56.0,52.88,89.44,120.0,10.0,0.07,29.93,1013.5,8.0,16.0,OVC,,,,1400.0,,,,-RA,,,,,,,55.94,KITH 272356Z 12010G16KT 8SM -RA OVC014 13/12 A2993 RMK AO2 58009 60065 T01330116 10166 20127 P0007 SLP135,,5.14444,13.333333333333334,8
ITH,2015-06-27 20:56:00,-76.4584,42.491,335.0,54.86,52.88,93.01,130.0,7.0,0.13,29.92,1013.1,2.0,,OVC,,,,1400.0,,,,RA BR,,,,,,,54.86,KITH 280056Z 13007KT 2SM RA BR OVC014 13/12 A2992 RMK AO2 T01270116 P0013 SLP131,,3.601108,12.7,8
ITH,2015-06-27 21:56:00,-76.4584,42.491,335.0,54.86,52.88,93.01,130.0,6.0,0.06,29.9,1012.4,10.0,14.0,OVC,,,,1400.0,,,,,,,,,,,54.86,KITH 280156Z 13006G14KT 10SM OVC014 13/12 A2990 RMK AO2 T01270116 RAE52 P0006 SLP124,,3.086664,12.7,8
ITH,2015-06-27 22:31:00,-76.4584,42.491,335.0,55.4,51.8,87.65,140.0,15.0,0.0,29.89,,10.0,19.0,OVC,,,,1600.0,,,,,,,,,,,55.4,KITH 280231Z AUTO 14015G19KT 10SM OVC016 13/11 A2989 RMK AO2,,7.71666,13.0,8
ITH,2015-06-27 22:56:00,-76.4584,42.491,335.0,56.0,51.0,83.14,120.0,8.0,0.0,29.87,1011.6,10.0,16.0,OVC,,,,1900.0,,,,,,,,,,,55.94,KITH 280256Z AUTO 12008G16KT 10SM OVC019 13/11 A2987 RMK AO2 58018 60019 T01330105 SLP116,,4.115552,13.333333333333334,8
ITH,2015-06-27 23:56:00,-76.4584,42.491,335.0,54.86,51.0,86.46,120.0,10.0,0.0,29.86,1010.9,10.0,14.0,OVC,,,,1900.0,,,,,,,,,,,54.86,KITH 280356Z AUTO 12010G14KT 10SM OVC019 13/11 A2986 RMK AO2 T01270105 401830116 LTG DSNT W SLP109,,5.14444,12.7,8
ITH,2015-06-28 00:56:00,-76.4584,42.491,335.0,54.86,50.0,83.62,130.0,10.0,0.0001,29.82,1009.6,10.0,,OVC,,,,1900.0,,,,-RA,,,,,,,54.86,KITH 280456Z AUTO 13010KT 10SM -RA OVC019 13/10 A2982 RMK AO2 T01270100 RAB40 P0000 SLP096,,5.14444,12.7,8
ITH,2015-06-28 01:56:00,-76.4584,42.491,335.0,54.0,51.0,89.35,140.0,8.0,0.07,29.8,1008.9,10.0,16.0,OVC,,,,1700.0,,,,-RA,,,,,,,53.96,KITH 280556Z AUTO 14008G16KT 10SM -RA OVC017 12/11 A2980 RMK AO2 58028 60026 T01220105 10133 20122 P0007 SLP089,,4.115552,12.222222222222221,8
ITH,2015-06-28 02:56:00,-76.4584,42.491,335.0,54.0,52.0,92.99,100.0,4.0,0.23,29.77,1008.0,10.0,,BKN,OVC,,,1500.0,3400.0,,,-RA,,,,,,,53.96,KITH 280656Z AUTO 10004KT 10SM -RA BKN015 OVC034 12/11 A2977 RMK AO2 T01220111 OVC V BKN P0023 SLP080,,2.057776,12.222222222222221,8
ITH,2015-06-28 03:44:00,-76.4584,42.491,335.0,53.6,51.8,93.6,100.0,4.0,0.03,29.74,,7.0,,OVC,,,,1300.0,,,,RA,,,,,,,53.6,KITH 280744Z AUTO 10004KT 7SM RA OVC013 12/11 A2974 RMK AO2 P0003,,2.057776,12.0,8
ITH,2015-06-28 03:56:00,-76.4584,42.491,335.0,52.88,52.0,96.74,90.0,3.0,0.05,29.74,1007.2,9.0,,OVC,,,,1300.0,,,,-RA,,,,,,,52.88,KITH 280756Z AUTO 09003KT 9SM -RA OVC013 12/11 A2974 RMK AO2 T01160111 P0005 SLP072,,1.543332,11.600000000000001,8
ITH,2015-06-28 04:56:00,-76.4584,42.491,335.0,52.88,52.88,100.0,0.0,0.0,0.34,29.76,1007.8,5.0,,OVC,,,,1100.0,,,,+RA BR,,,,,,,52.88,KITH 280856Z AUTO 00000KT 5SM +RA BR OVC011 12/12 A2976 RMK AO2 55012 60061 T01160116 P0034 SLP078,,0.0,11.600000000000001,8
ITH,2015-06-28 05:05:00,-76.4584,42.491,335.0,53.6,53.6,100.0,0.0,0.0,0.07,29.76,,4.0,,SCT,BKN,OVC,,1100.0,1700.0,3300.0,,RA BR,,,,,,,53.6,KITH 280905Z AUTO 00000KT 4SM R32/5500VP6000FT RA BR SCT011 BKN017 OVC033 12/12 A2976 RMK AO2 P0007,,0.0,12.0,8
ITH,2015-06-28 05:16:00,-76.4584,42.491,335.0,53.6,53.6,100.0,70.0,3.0,0.22,29.75,,2.5,,SCT,BKN,OVC,,800.0,1500.0,3800.0,,+RA BR,,,,,,,53.6,KITH 280916Z AUTO 07003KT 2 1/2SM +RA BR SCT008 BKN015 OVC038 12/12 A2975 RMK AO2 VIS 1 1/2V4 P0022,,1.543332,12.0,8
ITH,2015-06-28 05:26:00,-76.4584,42.491,335.0,53.6,53.6,100.0,100.0,3.0,0.25,29.74,,5.0,,FEW,SCT,BKN,,800.0,1400.0,2900.0,,-RA BR,,,,,,,53.6,KITH 280926Z AUTO 10003KT 5SM -RA BR FEW008 SCT014 BKN029 12/12 A2974 RMK AO2 BKN V SCT P0025,,1.543332,12.0,6
ITH,2015-06-28 05:35:00,-76.4584,42.491,335.0,53.6,53.6,100.0,90.0,3.0,0.26,29.74,,6.0,,FEW,OVC,,,800.0,3500.0,,,-RA BR,,,,,,,53.6,KITH 280935Z AUTO 09003KT 6SM -RA BR FEW008 OVC035 12/12 A2974 RMK AO2 P0026,,1.543332,12.0,8
ITH,2015-06-28 05:56:00,-76.4584,42.491,335.0,52.88,52.88,100.0,90.0,4.0,0.26,29.74,1007.1,5.0,,FEW,OVC,,,2600.0,3400.0,,,-RA BR,,,,,,,52.88,KITH 280956Z AUTO 09004KT 5SM -RA BR FEW026 OVC034 12/12 A2974 RMK AO2 T01160116 P0026 SLP071,,2.057776,11.600000000000001,8
ITH,2015-06-28 06:31:00,-76.4584,42.491,335.0,53.6,53.6,100.0,80.0,7.0,0.0001,29.73,,6.0,,BKN,OVC,,,1100.0,3200.0,,,-RA BR,,,,,,,53.6,KITH 281031Z 08007KT 6SM -RA BR BKN011 OVC032 12/12 A2973 RMK AO2 P0000,,3.601108,12.0,8
ITH,2015-06-28 06:56:00,-76.4584,42.491,335.0,54.0,52.88,96.12,100.0,6.0,0.0001,29.73,1006.7,7.0,,SCT,SCT,OVC,,300.0,1200.0,2700.0,,-RA,,,,,,,53.96,KITH 281056Z 10006KT 7SM -RA SCT003 SCT012 OVC027 12/12 A2973 RMK AO2 T01220116 P0000 SLP067,,3.086664,12.222222222222221,8
ITH,2015-06-28 07:56:00,-76.4584,42.491,335.0,54.86,54.0,96.77,100.0,8.0,0.0001,29.73,1006.6,5.0,,SCT,BKN,OVC,,500.0,1200.0,2700.0,,BR,,,,,,,54.86,KITH 281156Z 10008KT 5SM BR SCT005 BKN012 OVC027 13/12 A2973 RMK AO2 56011 60088 70187 T01270122 10127 20116 RAE1058B53E54 P0000 SLP066,,4.115552,12.7,8
ITH,2015-06-28 08:56:00,-76.4584,42.491,335.0,56.0,54.86,96.15,100.0,6.0,0.0,29.72,1006.5,5.0,,SCT,BKN,,,700.0,2700.0,,,BR,,,,,,,55.94,KITH 281256Z 10006KT 5SM BR SCT007 BKN027 13/13 A2972 RMK AO2 T01330127 SLP065,,3.086664,13.333333333333334,6
ITH,2015-06-28 09:21:00,-76.4584,42.491,335.0,55.4,55.4,100.0,110.0,4.0,0.0,29.73,,2.0,,BKN,OVC,,,900.0,2700.0,,,BR,,,,,,,55.4,KITH 281321Z 11004KT 2SM BR BKN009 OVC027 13/13 A2973 RMK AO2,,2.057776,13.0,8
ITH,2015-06-28 09:56:00,-76.4584,42.491,335.0,58.0,56.0,93.1,100.0,4.0,0.0001,29.71,1006.1,2.0,,BKN,OVC,,,500.0,2900.0,,,-RA BR,,,,,,,57.92,KITH 281356Z 10004KT 2SM -RA BR BKN005 OVC029 14/13 A2971 RMK AO2 T01440133 RAB51 P0000 SLP061,,2.057776,14.444444444444445,8
ITH,2015-06-28 10:56:00,-76.4584,42.491,335.0,58.0,56.0,93.1,110.0,3.0,0.0001,29.71,1006.0,3.0,,OVC,,,,600.0,,,,-RA BR,,,,,,,57.92,KITH 281456Z 11003KT 3SM -RA BR OVC006 14/13 A2971 RMK AO2 56004 60000 T01440133 RAE11B49 P0000 SLP060,,1.543332,14.444444444444445,8
ITH,2015-06-28 11:56:00,-76.4584,42.491,335.0,59.0,58.0,96.2,110.0,4.0,0.0001,29.7,1005.7,7.0,,BKN,OVC,,,800.0,1600.0,,,,,,,,,,59.0,KITH 281556Z 11004KT 7SM BKN008 OVC016 15/14 A2970 RMK AO2 T01500144 RAE38 P0000 SLP057,,2.057776,15.0,8
ITH,2015-06-28 12:56:00,-76.4584,42.491,335.0,61.88,58.0,86.84,150.0,6.0,0.0,29.7,1005.6,10.0,,OVC,,,,800.0,,,,,,,,,,,61.88,KITH 281656Z 15006KT 10SM OVC008 17/14 A2970 RMK AO2 T01660144 SLP056,,3.086664,16.6,8
ITH,2015-06-28 13:56:00,-76.4584,42.491,335.0,63.86,59.0,84.19,120.0,3.0,0.0,29.68,1005.1,10.0,,BKN,OVC,,,900.0,2100.0,,,,,,,,,,63.86,KITH 281756Z 12003KT 10SM BKN009 OVC021 18/15 A2968 RMK AO2 58009 60000 T01770150 10177 20127 SLP051,,1.543332,17.700000000000003,8
ITH,2015-06-28 14:25:00,-76.4584,42.491,335.0,64.4,59.0,82.62,120.0,4.0,0.0,29.68,,10.0,,SCT,OVC,,,1100.0,3900.0,,,,,,,,,,64.4,KITH 281825Z 12004KT 10SM SCT011 OVC039 18/15 A2968 RMK AO2,,2.057776,18.000000000000004,8
ITH,2015-06-28 14:56:00,-76.4584,42.491,335.0,63.86,59.0,84.19,160.0,4.0,0.0,29.68,1004.9,5.0,,SCT,OVC,,,1400.0,3100.0,,,HZ,,,,,,,63.86,KITH 281856Z 16004KT 5SM HZ SCT014 OVC031 18/15 A2968 RMK AO2 T01770150 SLP049,,2.057776,17.700000000000003,8
ITH,2015-06-28 15:11:00,-76.4584,42.491,335.0,64.4,59.0,82.62,180.0,4.0,0.0,29.68,,3.0,,OVC,,,,2800.0,,,,BR,,,,,,,64.4,KITH 281911Z 18004KT 3SM BR OVC028 18/15 A2968 RMK AO2,,2.057776,18.000000000000004,8
ITH,2015-06-28 15:56:00,-76.4584,42.491,335.0,63.0,59.0,86.9,140.0,4.0,0.0,29.69,1005.1,4.0,,SCT,OVC,,,1500.0,2000.0,,,BR,,,,,,,62.96,KITH 281956Z 14004KT 4SM BR SCT015 OVC020 17/15 A2969 RMK AO2 T01720150 SLP051,,2.057776,17.22222222222222,8
ITH,2015-06-28 16:56:00,-76.4584,42.491,335.0,63.86,60.0,86.94,0.0,0.0,0.0,29.68,1005.0,10.0,,FEW,BKN,OVC,,1000.0,1700.0,2700.0,,,,,,,,,63.86,KITH 282056Z 00000KT 10SM FEW010 BKN017 OVC027 18/16 A2968 RMK AO2 57001 T01770155 SLP050,,0.0,17.700000000000003,8
ITH,2015-06-28 17:14:00,-76.4584,42.491,335.0,62.6,60.8,93.83,0.0,0.0,0.02,29.68,,1.5,,BKN,OVC,,,400.0,1900.0,,,RA BR,,,,,,,62.6,KITH 282114Z 00000KT 1 1/2SM RA BR BKN004 OVC019 17/16 A2968 RMK AO2 RAB08 P0002,,0.0,17.0,8
ITH,2015-06-28 17:56:00,-76.4584,42.491,335.0,61.88,61.0,96.86,0.0,0.0,0.03,29.69,1005.2,3.0,,SCT,BKN,OVC,,400.0,2500.0,5500.0,,BR,,,,,,,61.88,KITH 282156Z 00000KT 3SM BR SCT004 BKN025 OVC055 17/16 A2969 RMK AO2 T01660161 RAB08E41 P0003 SLP052,,0.0,16.6,8
ITH,2015-06-28 18:56:00,-76.4584,42.491,335.0,63.0,61.0,93.25,0.0,0.0,0.0001,29.7,1005.6,6.0,,FEW,BKN,OVC,,900.0,4300.0,5000.0,,BR,,,,,,,62.96,KITH 282256Z 00000KT 6SM BR FEW009 BKN043 OVC050 17/16 A2970 RMK AO2 T01720161 RAB05E26 P0000 SLP056,,0.0,17.22222222222222,8
ITH,2015-06-28 19:56:00,-76.4584,42.491,335.0,63.0,61.0,93.25,0.0,0.0,0.0,29.71,1006.0,6.0,,FEW,OVC,,,900.0,2800.0,,,BR,,,,,,,62.96,KITH 282356Z 00000KT 6SM BR FEW009 OVC028 17/16 A2971 RMK AO2 53009 60003 T01720161 10183 20166 SLP060,,0.0,17.22222222222222,8
ITH,2015-06-28 21:56:00,-76.4584,42.491,335.0,58.0,58.0,100.0,320.0,8.0,0.1,29.77,1008.1,6.0,,OVC,,,,500.0,,,,-RA BR,,,,,,,57.92,KITH 290156Z 32008KT 6SM -RA BR OVC005 14/14 A2977 RMK AO2 T01440144 CIG 003V008 P0010 SLP081,,4.115552,14.444444444444445,8
ITH,2015-06-28 22:56:00,-76.4584,42.491,335.0,58.0,56.84,96.18,300.0,11.0,0.02,29.79,1008.7,3.0,,OVC,,,,300.0,,,,-RA BR,,,,,,,57.92,KITH 290256Z AUTO 30011KT 3SM -RA BR OVC003 14/14 A2979 RMK AO2 51026 60030 T01440138 CIG 002V006 RAE12B31 P0002 SLP087,,5.6588840000000005,14.444444444444445,8
ITH,2015-06-28 23:30:00,-76.4584,42.491,335.0,57.2,55.4,93.69,310.0,7.0,0.01,29.79,,5.0,,OVC,,,,500.0,,,,-RA BR,,,,,,,57.2,KITH 290330Z AUTO 31007KT 5SM -RA BR OVC005 14/13 A2979 RMK AO2 CIG 002V007 P0001,,3.601108,14.000000000000002,8
ITH,2015-06-28 23:56:00,-76.4584,42.491,335.0,56.0,56.0,100.0,300.0,8.0,0.01,29.8,1009.0,10.0,,BKN,BKN,OVC,,500.0,1000.0,1400.0,,,,,,,,,55.94,KITH 290356Z AUTO 30008KT 10SM BKN005 BKN010 OVC014 13/13 A2980 RMK AO2 T01330133 401830116 CIG 003V008 RAE50 P0001 SLP090,,4.115552,13.333333333333334,8
ITH,2015-06-29 00:26:00,-76.4584,42.491,335.0,57.2,55.4,93.69,270.0,4.0,0.0001,29.8,,7.0,,SCT,OVC,,,500.0,1100.0,,,-RA,,,,,,,57.2,KITH 290426Z AUTO 27004KT 7SM -RA SCT005 OVC011 14/13 A2980 RMK AO2 CIG 008V013 RAB02 P0000,,2.057776,14.000000000000002,8
ITH,2015-06-29 00:56:00,-76.4584,42.491,335.0,56.84,56.0,96.8,250.0,8.0,0.01,29.8,1009.1,4.0,,BKN,OVC,,,900.0,1300.0,,,-RA BR,,,,,,,56.84,KITH 290456Z AUTO 25008KT 4SM -RA BR BKN009 OVC013 14/13 A2980 RMK AO2 T01380133 CIG 005V011 RAB02 P0001 SLP091,,4.115552,13.800000000000002,8
ITH,2015-06-29 01:10:00,-76.4584,42.491,335.0,55.4,55.4,100.0,270.0,8.0,0.01,29.81,,4.0,,OVC,,,,500.0,,,,-RA BR,,,,,,,55.4,KITH 290510Z AUTO 27008KT 4SM -RA BR OVC005 13/13 A2981 RMK AO2 CIG 003V012 P0001,,4.115552,13.0,8
ITH,2015-06-29 01:24:00,-76.4584,42.491,335.0,55.4,55.4,100.0,280.0,6.0,0.03,29.81,,4.0,,OVC,,,,700.0,,,,-RA BR,,,,,,,55.4,KITH 290524Z AUTO 28006KT 4SM -RA BR OVC007 13/13 A2981 RMK AO2 CIG 003V011 P0003,,3.086664,13.0,8
ITH,2015-06-29 01:42:00,-76.4584,42.491,335.0,55.4,55.4,100.0,270.0,5.0,0.04,29.81,,5.0,,SCT,BKN,OVC,,900.0,1500.0,2600.0,,-RA BR,,,,,,,55.4,KITH 290542Z AUTO 27005KT 5SM -RA BR SCT009 BKN015 OVC026 13/13 A2981 RMK AO2 P0004,,2.57222,13.0,8
ITH,2015-06-29 01:56:00,-76.4584,42.491,335.0,56.0,56.0,100.0,280.0,5.0,0.05,29.82,1009.5,5.0,,FEW,BKN,OVC,,900.0,1200.0,1800.0,,-RA BR,,,,,,,55.94,KITH 290556Z AUTO 28005KT 5SM -RA BR FEW009 BKN012 OVC018 13/13 A2982 RMK AO2 53009 60037 T01330133 10172 20133 BKN V SCT P0005 SLP095,,2.57222,13.333333333333334,8
ITH,2015-06-29 02:10:00,-76.4584,42.491,335.0,55.4,55.4,100.0,270.0,5.0,0.0001,29.82,,5.0,,BKN,OVC,,,900.0,1400.0,,,-RA BR,,,,,,,55.4,KITH 290610Z AUTO 27005KT 5SM -RA BR BKN009 OVC014 13/13 A2982 RMK AO2 P0000,,2.57222,13.0,8
ITH,2015-06-29 02:56:00,-76.4584,42.491,335.0,56.0,56.0,100.0,270.0,6.0,0.02,29.82,1009.8,6.0,,OVC,,,,900.0,,,,-RA BR,,,,,,,55.94,KITH 290656Z AUTO 27006KT 6SM -RA BR OVC009 13/13 A2982 RMK AO2 T01330133 CIG 006V013 P0002 SLP098,,3.086664,13.333333333333334,8
ITH,2015-06-29 03:56:00,-76.4584,42.491,335.0,56.0,56.0,100.0,310.0,7.0,0.02,29.82,1009.7,7.0,,BKN,BKN,OVC,,700.0,2000.0,5500.0,,,,,,,,,55.94,KITH 290756Z AUTO 31007KT 7SM BKN007 BKN020 OVC055 13/13 A2982 RMK AO2 T01330133 CIG 005V011 RAE42 P0002 SLP097,,3.601108,13.333333333333334,8
ITH,2015-06-29 04:08:00,-76.4584,42.491,335.0,55.4,55.4,100.0,320.0,7.0,0.0,29.82,,10.0,,SCT,OVC,,,700.0,2000.0,,,,,,,,,,55.4,KITH 290808Z AUTO 32007KT 10SM SCT007 OVC020 13/13 A2982 RMK AO2,,3.601108,13.0,8
ITH,2015-06-29 04:48:00,-76.4584,42.491,335.0,55.4,55.4,100.0,340.0,3.0,0.0,29.83,,10.0,,OVC,,,,1400.0,,,,,,,,,,,55.4,KITH 290848Z AUTO 34003KT 10SM OVC014 13/13 A2983 RMK AO2,,1.543332,13.0,8
ITH,2015-06-29 04:56:00,-76.4584,42.491,335.0,56.0,56.0,100.0,330.0,3.0,0.0,29.83,1010.1,10.0,,OVC,,,,1400.0,,,,,,,,,,,55.94,KITH 290856Z AUTO 33003KT 10SM OVC014 13/13 A2983 RMK AO2 53004 60004 T01330133 SLP101,,1.543332,13.333333333333334,8
ITH,2015-06-29 05:28:00,-76.4584,42.491,335.0,57.2,55.4,93.69,0.0,0.0,0.0,29.85,,10.0,,OVC,,,,800.0,,,,,,,,,,,57.2,KITH 290928Z AUTO 00000KT 10SM OVC008 14/13 A2985 RMK AO2 CIG 004V011,,0.0,14.000000000000002,8
ITH,2015-06-29 05:56:00,-76.4584,42.491,335.0,56.84,56.0,96.8,310.0,5.0,0.0,29.86,1011.0,10.0,,OVC,,,,800.0,,,,,,,,,,,56.84,KITH 290956Z AUTO 31005KT 10SM OVC008 14/13 A2986 RMK AO2 T01380133 CIG 004V011 SLP110,,2.57222,13.800000000000002,8
ITH,2015-06-29 06:24:00,-76.4584,42.491,335.0,57.2,55.4,93.69,310.0,3.0,0.0,29.87,,10.0,,OVC,,,,800.0,,,,,,,,,,,57.2,KITH 291024Z 31003KT 10SM OVC008 14/13 A2987 RMK AO2,,1.543332,14.000000000000002,8
ITH,2015-06-29 06:56:00,-76.4584,42.491,335.0,56.84,56.0,96.8,300.0,4.0,0.0,29.87,1011.5,10.0,,OVC,,,,800.0,,,,,,,,,,,56.84,KITH 291056Z 30004KT 10SM OVC008 14/13 A2987 RMK AO2 T01380133 SLP115,,2.057776,13.800000000000002,8
ITH,2015-06-29 07:56:00,-76.4584,42.491,335.0,56.84,56.84,100.0,220.0,4.0,0.01,29.89,1012.1,3.0,,OVC,,,,700.0,,,,-RA BR,,,,,,,56.84,KITH 291156Z 22004KT 3SM -RA BR OVC007 14/14 A2989 RMK AO2 51020 60005 70045 T01380138 10144 20133 RAB23 P0001 SLP121,,2.057776,13.800000000000002,8
ITH,2015-06-29 08:56:00,-76.4584,42.491,335.0,59.0,58.0,96.2,260.0,4.0,0.0001,29.91,1012.7,7.0,,BKN,OVC,,,700.0,1300.0,,,-RA,,,,,,,59.0,KITH 291256Z 26004KT 7SM -RA BKN007 OVC013 15/14 A2991 RMK AO2 T01500144 RAE29B51 P0000 SLP127,,2.057776,15.0,8
ITH,2015-06-29 09:56:00,-76.4584,42.491,335.0,60.0,56.84,89.6,280.0,5.0,0.0001,29.93,1013.3,10.0,,BKN,OVC,,,700.0,1800.0,,,-RA,,,,,,,59.9,KITH 291356Z 28005KT 10SM -RA BKN007 OVC018 16/14 A2993 RMK AO2 T01550138 RAE07B51 P0000 SLP133,,2.57222,15.555555555555555,8
ITH,2015-06-29 10:56:00,-76.4584,42.491,335.0,61.88,58.0,86.84,290.0,11.0,0.0001,29.93,1013.3,10.0,,BKN,OVC,,,1100.0,2800.0,,,,,,,,,,61.88,KITH 291456Z 29011KT 10SM BKN011 OVC028 17/14 A2993 RMK AO2 51012 60000 T01660144 RAE18 P0000 SLP133,,5.6588840000000005,16.6,8
ITH,2015-06-29 11:56:00,-76.4584,42.491,335.0,65.0,58.0,77.99,310.0,9.0,0.0,29.92,1013.2,10.0,,BKN,OVC,,,1700.0,2900.0,,,,,,,,,,64.94,KITH 291556Z 31009KT 10SM BKN017 OVC029 18/14 A2992 RMK AO2 T01830144 SLP132,,4.629996,18.333333333333332,8
ITH,2015-06-29 12:56:00,-76.4584,42.491,335.0,63.86,56.0,75.41,290.0,6.0,0.0,29.93,1013.4,10.0,,BKN,OVC,,,1900.0,4300.0,,,,,,,,,,63.86,KITH 291656Z 29006KT 10SM BKN019 OVC043 18/13 A2993 RMK AO2 T01770133 SLP134,,3.086664,17.700000000000003,8
ITH,2015-06-29 13:56:00,-76.4584,42.491,335.0,65.84,54.86,67.67,310.0,7.0,0.0,29.94,1013.6,10.0,,SCT,BKN,,,2600.0,5500.0,,,,,,,,,,65.84,KITH 291756Z 31007KT 10SM SCT026 BKN055 19/13 A2994 RMK AO2 53002 60000 T01880127 10188 20138 SLP136,,3.601108,18.8,6
ITH,2015-06-29 14:56:00,-76.4584,42.491,335.0,68.0,56.0,65.31,320.0,7.0,0.0,29.92,1013.1,10.0,,SCT,BKN,,,2400.0,6000.0,,,,,,,,,,68.0,KITH 291856Z 32007KT 10SM SCT024 BKN060 20/13 A2992 RMK AO2 T02000133 SLP131,,3.601108,20.0,6
ITH,2015-06-29 15:56:00,-76.4584,42.491,335.0,70.0,56.84,63.04,300.0,4.0,0.0,29.92,1013.1,10.0,,BKN,,,,3500.0,,,,,,,,,,,69.98,KITH 291956Z 30004KT 10SM BKN035 21/14 A2992 RMK AO2 T02110138 SLP131,,2.057776,21.11111111111111,6
ITH,2015-06-29 16:56:00,-76.4584,42.491,335.0,70.88,56.84,61.14,330.0,10.0,0.0,29.92,1012.7,10.0,,SCT,,,,3800.0,,,,,,,,,,,70.88,KITH 292056Z 33010KT 10SM SCT038 22/14 A2992 RMK AO2 58005 T02160138 SLP127,,5.14444,21.599999999999998,4
ITH,2015-06-29 17:56:00,-76.4584,42.491,335.0,72.0,54.86,54.86,300.0,8.0,0.0,29.92,1012.8,10.0,,SCT,,,,3800.0,,,,,,,,,,,71.96,KITH 292156Z 30008KT 10SM SCT038 22/13 A2992 RMK AO2 T02220127 SLP128,,4.115552,22.22222222222222,4
ITH,2015-06-29 18:56:00,-76.4584,42.491,335.0,70.88,54.86,56.9,310.0,6.0,0.0,29.92,1013.0,10.0,,CLR,,,,,,,,,,,,,,,70.88,KITH 292256Z 31006KT 10SM CLR 22/13 A2992 RMK AO2 T02160127 SLP130,,3.086664,21.599999999999998,0
ITH,2015-06-29 19:56:00,-76.4584,42.491,335.0,67.0,58.0,72.81,0.0,0.0,0.0,29.94,1013.6,10.0,,CLR,,,,,,,,,,,,,,,66.92,KITH 292356Z 00000KT 10SM CLR 19/14 A2994 RMK AO2 53006 T01940144 10222 20183 SLP136,,0.0,19.444444444444443,0
ITH,2015-06-29 20:56:00,-76.4584,42.491,335.0,61.88,60.0,93.22,0.0,0.0,0.0,29.94,1013.7,10.0,,CLR,,,,,,,,,,,,,,,61.88,KITH 300056Z 00000KT 10SM CLR 17/16 A2994 RMK AO2 T01660155 SLP137,,0.0,16.6,0
ITH,2015-06-29 21:56:00,-76.4584,42.491,335.0,59.0,56.84,92.53,0.0,0.0,0.0,29.97,1014.6,10.0,,CLR,,,,,,,,,,,,,,,59.0,KITH 300156Z 00000KT 10SM CLR 15/14 A2997 RMK AO2 T01500138 SLP146,,0.0,15.0,0
ITH,2015-06-29 22:56:00,-76.4584,42.491,335.0,60.0,58.0,93.16,0.0,0.0,0.0,29.97,1014.8,10.0,,FEW,,,,10000.0,,,,,,,,,,,59.9,KITH 300256Z AUTO 00000KT 10SM FEW100 16/14 A2997 RMK AO2 53012 T01550144 SLP148,,0.0,15.555555555555555,2
ITH,2015-06-29 23:56:00,-76.4584,42.491,335.0,61.0,58.0,89.65,80.0,4.0,0.0,29.97,1014.7,10.0,,OVC,,,,9000.0,,,,,,,,,,,60.98,KITH 300356Z AUTO 08004KT 10SM OVC090 16/14 A2997 RMK AO2 T01610144 402220133 SLP147,,2.057776,16.11111111111111,8
ITH,2015-06-30 00:56:00,-76.4584,42.491,335.0,60.0,58.0,93.16,100.0,3.0,0.0,29.97,1014.6,10.0,,OVC,,,,10000.0,,,,,,,,,,,59.9,KITH 300456Z AUTO 10003KT 10SM OVC100 16/14 A2997 RMK AO2 T01550144 SLP146,,1.543332,15.555555555555555,8
ITH,2015-06-30 01:56:00,-76.4584,42.491,335.0,60.0,58.0,93.16,80.0,4.0,0.0,29.96,1014.5,10.0,,BKN,OVC,,,9500.0,12000.0,,,,,,,,,,59.9,KITH 300556Z AUTO 08004KT 10SM BKN095 OVC120 16/14 A2996 RMK AO2 57002 T01550144 10194 20144 SLP145,,2.057776,15.555555555555555,8
ITH,2015-06-30 02:56:00,-76.4584,42.491,335.0,59.0,58.0,96.2,90.0,4.0,0.0,29.95,1014.0,10.0,,OVC,,,,9000.0,,,,,,,,,,,59.0,KITH 300656Z AUTO 09004KT 10SM OVC090 15/14 A2995 RMK AO2 T01500144 SLP140,,2.057776,15.0,8
ITH,2015-06-30 03:56:00,-76.4584,42.491,335.0,60.0,58.0,93.16,100.0,5.0,0.0,29.95,1013.7,10.0,,OVC,,,,6500.0,,,,,,,,,,,59.9,KITH 300756Z AUTO 10005KT 10SM OVC065 16/14 A2995 RMK AO2 T01550144 SLP137,,2.57222,15.555555555555555,8
ITH,2015-06-30 04:56:00,-76.4584,42.491,335.0,60.0,58.0,93.16,90.0,3.0,0.02,29.95,1013.7,10.0,,BKN,OVC,,,6500.0,8000.0,,,-RA,,,,,,,59.9,KITH 300856Z AUTO 09003KT 10SM -RA BKN065 OVC080 16/14 A2995 RMK AO2 55006 60002 T01550144 RAB25 P0002 SLP137,,1.543332,15.555555555555555,8
ITH,2015-06-30 05:56:00,-76.4584,42.491,335.0,60.0,58.0,93.16,110.0,6.0,0.0001,29.94,1013.5,10.0,,OVC,,,,4800.0,,,,,,,,,,,59.9,KITH 300956Z AUTO 11006KT 10SM OVC048 16/14 A2994 RMK AO2 T01550144 RAE43 P0000 SLP135,,3.086664,15.555555555555555,8
ITH,2015-06-30 06:25:00,-76.4584,42.491,335.0,60.8,57.2,87.92,120.0,6.0,0.0001,29.95,,10.0,,OVC,,,,4400.0,,,,,,,,,,,60.8,KITH 301025Z 12006KT 10SM OVC044 16/14 A2995 RMK AO2 RAB11E25 P0000,,3.086664,16.0,8
ITH,2015-06-30 06:56:00,-76.4584,42.491,335.0,61.0,58.0,89.65,120.0,7.0,0.0001,29.95,1013.8,10.0,,BKN,OVC,,,4400.0,9000.0,,,,,,,,,,60.98,KITH 301056Z 12007KT 10SM BKN044 OVC090 16/14 A2995 RMK AO2 T01610144 RAB11E47 P0000 SLP138,,3.601108,16.11111111111111,8
ITH,2015-06-30 07:56:00,-76.4584,42.491,335.0,61.0,59.0,93.19,90.0,4.0,0.01,29.94,1013.5,9.0,,BKN,OVC,,,4100.0,7500.0,,,-RA,,,,,,,60.98,KITH 301156Z 09004KT 9SM -RA BKN041 OVC075 16/15 A2994 RMK AO2 58001 60003 70003 T01610150 10166 20150 RAB42 P0001 SLP135,,2.057776,16.11111111111111,8
ITH,2015-06-30 08:56:00,-76.4584,42.491,335.0,61.88,59.0,90.27,110.0,6.0,0.0001,29.94,1013.5,10.0,,SCT,BKN,OVC,,3000.0,4600.0,8000.0,,-SHRA,,,,,,,61.88,KITH 301256Z 11006KT 10SM -SHRA SCT030 BKN046 OVC080 17/15 A2994 RMK AO2 T01660150 RAE16SHRAB55 P0000 SLP135,,3.086664,16.6,8
ITH,2015-06-30 09:12:00,-76.4584,42.491,335.0,60.8,59.0,93.79,120.0,6.0,0.01,29.94,,4.0,,BKN,OVC,,,2800.0,4600.0,,,-RA BR,,,,,,,60.8,KITH 301312Z 12006KT 4SM -RA BR BKN028 OVC046 16/15 A2994 RMK AO2 RAB06SHRAE06 P0001,,3.086664,16.0,8
ITH,2015-06-30 09:23:00,-76.4584,42.491,335.0,60.8,60.8,100.0,110.0,6.0,0.07,29.93,,2.5,,BKN,OVC,,,900.0,2800.0,,,RA BR,,,,,,,60.8,KITH 301323Z 11006KT 2 1/2SM RA BR BKN009 OVC028 16/16 A2993 RMK AO2 RAB06SHRAE06 P0007,,3.086664,16.0,8
ITH,2015-06-30 09:40:00,-76.4584,42.491,335.0,60.8,60.8,100.0,100.0,6.0,0.12,29.93,,5.0,,SCT,BKN,,,900.0,2800.0,,,-RA BR,,,,,,,60.8,KITH 301340Z 10006KT 5SM -RA BR SCT009 BKN028 16/16 A2993 RMK AO2 RAB06SHRAE06 P0012,,3.086664,16.0,6
ITH,2015-06-30 09:56:00,-76.4584,42.491,335.0,61.88,60.0,93.22,90.0,7.0,0.12,29.92,1013.0,10.0,,FEW,BKN,OVC,,800.0,2800.0,7000.0,,,,,,,,,61.88,KITH 301356Z 09007KT 10SM FEW008 BKN028 OVC070 17/16 A2992 RMK AO2 T01660155 RAB06E56SHRAE06 P0012 SLP130,,3.601108,16.6,8
ITH,2015-06-30 10:56:00,-76.4584,42.491,335.0,63.0,61.0,93.25,130.0,5.0,0.01,29.91,1012.7,10.0,,BKN,OVC,,,2300.0,7500.0,,,-RA,,,,,,,62.96,KITH 301456Z 13005KT 10SM -RA BKN023 OVC075 17/16 A2991 RMK AO2 58010 60013 T01720161 RAB1358E00B24 P0001 SLP127,,2.57222,17.22222222222222,8
ITH,2015-06-30 11:32:00,-76.4584,42.491,335.0,64.4,62.6,93.88,140.0,5.0,0.0001,29.91,,10.0,,BKN,OVC,,,900.0,1500.0,,,,,,,,,,64.4,KITH 301532Z 14005KT 10SM BKN009 OVC015 18/17 A2991 RMK AO2 RAE12 P0000,,2.57222,18.000000000000004,8
ITH,2015-06-30 11:47:00,-76.4584,42.491,335.0,64.4,62.6,93.88,140.0,8.0,0.0001,29.9,,10.0,,BKN,OVC,,,1200.0,2000.0,,,,,,,,,,64.4,KITH 301547Z 14008KT 10SM BKN012 OVC020 18/17 A2990 RMK AO2 RAE12 P0000,,4.115552,18.000000000000004,8
ITH,2015-06-30 11:56:00,-76.4584,42.491,335.0,65.84,63.0,90.42,150.0,6.0,0.0001,29.9,1012.3,10.0,,BKN,OVC,,,1200.0,2500.0,,,,,,,,,,65.84,KITH 301556Z 15006KT 10SM BKN012 OVC025 19/17 A2990 RMK AO2 T01880172 RAE12 P0000 SLP123,,3.086664,18.8,8
ITH,2015-06-30 12:56:00,-76.4584,42.491,335.0,68.0,63.0,83.91,160.0,8.0,0.0,29.89,1011.7,10.0,,BKN,OVC,,,1400.0,5500.0,,,,,,,,,,68.0,KITH 301656Z 16008KT 10SM BKN014 OVC055 20/17 A2989 RMK AO2 T02000172 SLP117,,4.115552,20.0,8
ITH,2015-06-30 13:56:00,-76.4584,42.491,335.0,72.0,65.0,78.57,180.0,8.0,0.0,29.87,1011.2,10.0,,BKN,OVC,,,1700.0,6000.0,,,,,,,,,,71.96,KITH 301756Z 18008KT 10SM BKN017 OVC060 22/18 A2987 RMK AO2 58012 60013 T02220183 10216 20161 SLP112,,4.115552,22.22222222222222,8
ITH,2015-06-30 14:56:00,-76.4584,42.491,335.0,74.0,65.84,75.83,200.0,7.0,0.0,29.85,1010.5,10.0,,BKN,,,,2000.0,,,,,,,,,,,73.94,KITH 301856Z 20007KT 10SM BKN020 23/19 A2985 RMK AO2 T02330188 SLP105,,3.601108,23.333333333333332,6
ITH,2015-06-30 15:56:00,-76.4584,42.491,335.0,76.0,63.86,66.23,230.0,9.0,0.0,29.83,1009.7,10.0,,BKN,,,,2400.0,,,,,,,,,,,75.92,KITH 301956Z 23009KT 10SM BKN024 24/18 A2983 RMK AO2 T02440177 SLP097,,4.629996,24.444444444444443,6
ITH,2015-06-30 16:56:00,-76.4584,42.491,335.0,77.0,63.86,63.9,190.0,5.0,0.0,29.82,1009.2,10.0,,BKN,,,,2500.0,,,,,,,,,,,77.0,KITH 302056Z 19005KT 10SM BKN025 25/18 A2982 RMK AO2 56018 T02500177 SLP092,,2.57222,25.0,6
ITH,2015-06-30 17:56:00,-76.4584,42.491,335.0,77.0,65.0,66.36,170.0,7.0,0.0,29.8,1008.6,10.0,,BKN,BKN,,,3400.0,8000.0,,,,,,,,,,77.0,KITH 302156Z 17007KT 10SM BKN034 BKN080 25/18 A2980 RMK AO2 T02500183 SLP086,,3.601108,25.0,6
ITH,2015-06-30 18:56:00,-76.4584,42.491,335.0,76.0,65.0,68.78,180.0,6.0,0.0,29.8,1008.6,10.0,,BKN,,,,3400.0,,,,,,,,,,,75.92,KITH 302256Z 18006KT 10SM BKN034CB 24/18 A2980 RMK AO2 T02440183 SLP086,,3.086664,24.444444444444443,6
ITH,2015-06-30 19:22:00,-76.4584,42.491,335.0,73.4,64.4,73.44,200.0,4.0,0.0001,29.8,,10.0,,BKN,,,,3400.0,,,,-TSRA,,,,,,,73.4,KITH 302322Z 20004KT 10SM -TSRA BKN034CB 23/18 A2980 RMK AO2 OCNL LTGCG S TS S MOV NE TSB22RAB22 P0000,,2.057776,23.000000000000004,6
ITH,2015-06-30 19:56:00,-76.4584,42.491,335.0,69.0,65.84,89.98,160.0,11.0,0.15,29.81,1009.2,2.5,19.0,OVC,,,,2600.0,,,,-TSRA BR,,,,,,,68.9,KITH 302356Z 16011G19KT 2 1/2SM -TSRA BR OVC026CB 21/19 A2981 RMK AO2 OCNL LTGCG S TS S MOV NE 55001 60015 T02050188 10255 20205 TSB22RAB22 P0015 SLP092,,5.6588840000000005,20.555555555555557,8
ITH,2015-06-30 19:58:00,-76.4584,42.491,335.0,69.8,66.2,88.34,170.0,12.0,0.04,29.82,,6.0,19.0,OVC,,,,2600.0,,,,TSRA,,,,,,,69.8,KITH 302358Z 17012G19KT 6SM R32/3500VP6000FT TSRA OVC026CB 21/19 A2982 RMK AO2 P0004,,6.173328,21.0,8
ITH,2015-06-30 20:56:00,-76.4584,42.491,335.0,68.0,65.84,92.8,140.0,3.0,0.46,29.82,1009.3,9.0,,SCT,BKN,,,1900.0,11000.0,,,,,,,,,,68.0,KITH 010056Z 14003KT 9SM SCT019 BKN110 20/19 A2982 RMK AO2 OCNL LTGCG OVHD TS OVHD MOV E T02000188 TSE53RAE53 P0046 SLP093,,1.543332,20.0,6
ITH,2015-06-30 21:56:00,-76.4584,42.491,335.0,67.0,65.0,93.35,160.0,10.0,0.0001,29.82,1009.5,10.0,,FEW,SCT,,,1600.0,11000.0,,,-RA,,,,,,,66.92,KITH 010156Z 16010KT 10SM -RA FEW016 SCT110 19/18 A2982 RMK AO2 T01940183 RAB51 P0000 SLP095,,5.14444,19.444444444444443,4
ITH,2015-06-30 22:56:00,-76.4584,42.491,335.0,65.0,63.0,93.3,160.0,9.0,0.0001,29.82,1009.4,10.0,,BKN,,,,12000.0,,,,,,,,,,,64.94,KITH 010256Z AUTO 16009KT 10SM BKN120 18/17 A2982 RMK AO2 50000 60046 T01830172 BKN V SCT RAE11 P0000 SLP094,,4.629996,18.333333333333332,6
ITH,2015-06-30 23:56:00,-76.4584,42.491,335.0,65.0,63.0,93.3,170.0,9.0,0.0,29.81,1009.1,10.0,,SCT,,,,10000.0,,,,,,,,,,,64.94,KITH 010356Z AUTO 17009KT 10SM SCT100 18/17 A2981 RMK AO2 T01830172 402550150 SLP091,,4.629996,18.333333333333332,4
