station,valid,lon,lat,elevation,tmpf,dwpf,relh,drct,sknt,p01i,alti,mslp,vsby,gust,skyc1,skyc2,skyc3,skyc4,skyl1,skyl2,skyl3,skyl4,wxcodes,ice_accretion_1hr,ice_accretion_3hr,ice_accretion_6hr,peak_wind_gust,peak_wind_drct,peak_wind_time,feel,metar,snowdepth,wind_speed_ms,tmpc,sky_oktas
UNV,2024-04-01 00:15:00,-77.85,40.85,378.0,45.5,38.5,76.36,360.0,3.0,0.0,29.95,,10.0,,OVC,,,,11000.0,,,,,,,,,,,44.12,KUNV 010415Z AUTO 36003KT 10SM OVC110 08/04 A2995 RMK AO2 T00750036,,1.543332,7.5,8.0
UNV,2024-04-01 00:35:00,-77.85,40.85,378.0,45.7,38.5,75.78,40.0,4.0,0.0,29.94,,10.0,,OVC,,,,10000.0,,,,,,,,,,,43.42,KUNV 010435Z AUTO 04004KT 10SM OVC100 08/04 A2994 RMK AO2 T00760036,,2.057776,7.6111111111111125,8.0
UNV,2024-04-01 00:55:00,-77.85,40.85,378.0,44.2,38.7,80.86,0.0,0.0,0.0,29.93,,10.0,,OVC,,,,10000.0,,,,,,,,,,,44.2,KUNV 010455Z AUTO 00000KT 10SM OVC100 07/04 A2993 RMK AO2 T00680037,,0.0,6.7777777777777795,8.0
UNV,2024-04-01 01:15:00,-77.85,40.85,378.0,44.4,38.5,79.62,0.0,0.0,0.0,29.93,,10.0,,OVC,,,,10000.0,,,,,,,,,,,44.4,KUNV 010515Z AUTO 00000KT 10SM OVC100 07/04 A2993 RMK AO2 LTG DSNT S T00690036,,0.0,6.888888888888888,8.0
UNV,2024-04-01 01:35:00,-77.85,40.85,378.0,43.7,38.7,82.42,0.0,0.0,0.0,29.93,,10.0,,SCT,BKN,,,9000.0,11000.0,,,,,,,,,,43.7,KUNV 010535Z AUTO 00000KT 10SM SCT090 BKN110 07/04 A2993 RMK AO2 T00650037,,0.0,6.500000000000002,6.0
UNV,2024-04-01 01:55:00,-77.85,40.85,378.0,44.6,38.0,77.48,0.0,0.0,0.0,29.93,,10.0,,SCT,,,,11000.0,,,,,,,,,,,44.6,KUNV 010555Z AUTO 00000KT 10SM SCT110 07/03 A2993 RMK AO2 T00700034 10098 20061,,0.0,7.000000000000001,4.0
UNV,2024-04-01 02:15:00,-77.85,40.85,378.0,44.0,39.0,82.44,0.0,0.0,0.0,29.92,,10.0,,OVC,,,,9000.0,,,,,,,,,,,44.0,KUNV 010615Z AUTO 00000KT 10SM OVC090 07/04 A2992 RMK AO2 LTG DSNT SW T00670039,,0.0,6.666666666666667,8.0
UNV,2024-04-01 02:35:00,-77.85,40.85,378.0,44.0,38.7,81.48,0.0,0.0,0.0,29.91,,10.0,,SCT,SCT,OVC,,4800.0,8000.0,9000.0,,,,,,,,,44.0,KUNV 010635Z AUTO 00000KT 10SM SCT048 SCT080 OVC090 07/04 A2991 RMK AO2 LTG DSNT SW T00660037,,0.0,6.666666666666667,8.0
UNV,2024-04-01 02:55:00,-77.85,40.85,378.0,43.5,39.0,84.03,0.0,0.0,0.0,29.91,,10.0,,SCT,OVC,,,5000.0,9000.0,,,,,,,,,,43.5,KUNV 010655Z AUTO 00000KT 10SM SCT050 OVC090 06/04 A2991 RMK AO2 T00640038,,0.0,6.388888888888889,8.0
UNV,2024-04-01 03:15:00,-77.85,40.85,378.0,42.8,40.0,89.75,0.0,0.0,0.0,29.9,,10.0,,OVC,,,,9000.0,,,,,,,,,,,42.8,KUNV 010715Z AUTO 00000KT 10SM OVC090 06/05 A2990 RMK AO2 T00600045,,0.0,5.999999999999998,8.0
UNV,2024-04-01 03:35:00,-77.85,40.85,378.0,43.0,39.4,87.0,0.0,0.0,0.0,29.9,,10.0,,OVC,,,,10000.0,,,,,,,,,,,43.0,KUNV 010735Z AUTO 00000KT 10SM OVC100 06/04 A2990 RMK AO2 LTG DSNT SW T00620041,,0.0,6.111111111111111,8.0
UNV,2024-04-01 03:55:00,-77.85,40.85,378.0,43.0,39.6,87.68,0.0,0.0,0.0,29.89,,10.0,,OVC,,,,10000.0,,,,,,,,,,,43.0,KUNV 010755Z AUTO 00000KT 10SM OVC100 06/04 A2989 RMK AO2 LTG DSNT SW T00620042,,0.0,6.111111111111111,8.0
UNV,2024-04-01 04:15:00,-77.85,40.85,378.0,43.5,39.2,84.69,0.0,0.0,0.0,29.91,,10.0,,OVC,,,,8000.0,,,,,,,,,,,43.5,KUNV 010815Z AUTO 00000KT 10SM OVC080 06/04 A2991 RMK AO2 T00640040,,0.0,6.388888888888889,8.0
UNV,2024-04-01 04:35:00,-77.85,40.85,378.0,43.0,40.0,89.06,0.0,0.0,0.0,29.92,,10.0,,BKN,OVC,,,2900.0,8000.0,,,,,,,,,,43.0,KUNV 010835Z AUTO 00000KT 10SM BKN029 OVC080 06/04 A2992 RMK AO2 T00620044,,0.0,6.111111111111111,8.0
UNV,2024-04-01 04:55:00,-77.85,40.85,378.0,42.6,41.4,95.48,0.0,0.0,0.0,29.91,,10.0,,SCT,BKN,OVC,,2900.0,6000.0,7000.0,,RA,,,,,,,42.6,KUNV 010855Z AUTO 00000KT 10SM RA SCT029 BKN060 OVC070 06/05 A2991 RMK AO2 T00590052,,0.0,5.888888888888889,8.0
UNV,2024-04-01 05:15:00,-77.85,40.85,378.0,42.8,41.5,95.12,0.0,0.0,0.0,29.9,,10.0,,SCT,OVC,,,4100.0,6000.0,,,-RA,,,,,,,42.8,KUNV 010915Z AUTO 00000KT 10SM -RA SCT041 OVC060 06/05 A2990 RMK AO2 T00600053,,0.0,5.999999999999998,8.0
UNV,2024-04-01 05:35:00,-77.85,40.85,378.0,42.3,42.0,98.85,0.0,0.0,0.01,29.89,,10.0,,SCT,SCT,OVC,,4100.0,5000.0,7000.0,,-RA,,,,,,,42.3,KUNV 010935Z AUTO 00000KT 10SM -RA SCT041 SCT050 OVC070 06/06 A2989 RMK AO2 P0001 T00570056,,0.0,5.7222222222222205,8.0
UNV,2024-04-01 05:53:00,-77.85,40.85,378.0,41.0,41.0,100.0,0.0,0.0,0.0,29.89,,10.0,,SCT,OVC,,,6000.0,7500.0,,,-RA,,,,,,,41.0,KUNV 010953Z 00000KT 10SM -RA SCT060 OVC075 05/05 A2989,,0.0,5.0,8.0
UNV,2024-04-01 06:53:00,-77.85,40.85,378.0,42.8,41.0,93.3,0.0,0.0,0.0,29.91,,3.0,,BKN,BKN,OVC,,3400.0,4700.0,5000.0,,RA BR,,,,,,,42.8,KUNV 011053Z 00000KT 3SM RA BR BKN034 BKN047 OVC050 06/05 A2991,,0.0,5.999999999999998,8.0
UNV,2024-04-01 07:05:00,-77.85,40.85,378.0,41.0,41.0,100.0,0.0,0.0,0.0,29.91,,2.0,,SCT,BKN,BKN,OVC,500.0,2900.0,3300.0,5000.0,RA BR,,,,,,,41.0,KUNV 011105Z 00000KT 2SM RA BR SCT005 BKN029 BKN033 OVC050 05/05 A2991,,0.0,5.0,6.0
UNV,2024-04-01 07:53:00,-77.85,40.85,378.0,41.0,41.0,100.0,0.0,0.0,0.0,29.88,,2.0,,SCT,SCT,OVC,,500.0,3700.0,4900.0,,RA BR,,,,,,,41.0,KUNV 011153Z 00000KT 2SM RA BR SCT005 SCT037 OVC049 05/05 A2988,,0.0,5.0,8.0
UNV,2024-04-01 08:53:00,-77.85,40.85,378.0,42.8,42.8,100.0,0.0,0.0,0.0,29.9,,2.0,,SCT,BKN,BKN,,500.0,1100.0,4100.0,,-RA BR,,,,,,,42.8,KUNV 011253Z 00000KT 2SM -RA BR SCT005 BKN011 BKN041 06/06 A2990,,0.0,5.999999999999998,6.0
UNV,2024-04-01 09:53:00,-77.85,40.85,378.0,44.6,44.6,100.0,340.0,6.0,0.0,29.88,,3.0,,SCT,BKN,OVC,,300.0,900.0,9500.0,,-RA BR,,,,,,,40.71,KUNV 011353Z 34006KT 3SM -RA BR SCT003 BKN009 OVC095 07/07 A2988,,3.086664,7.000000000000001,8.0
UNV,2024-04-01 10:53:00,-77.85,40.85,378.0,44.6,44.6,100.0,0.0,0.0,0.0,29.9,,3.0,,SCT,OVC,,,400.0,900.0,,,BR,,,,,,,44.6,KUNV 011453Z 00000KT 3SM BR SCT004 OVC009 07/07 A2990,,0.0,7.000000000000001,8.0
UNV,2024-04-01 11:53:00,-77.85,40.85,378.0,44.6,44.6,100.0,20.0,8.0,0.0,29.91,,6.0,,OVC,,,,800.0,,,,BR,,,,,,,39.63,KUNV 011553Z 02008KT 6SM BR OVC008 07/07 A2991,,4.115552,7.000000000000001,8.0
UNV,2024-04-01 12:53:00,-77.85,40.85,378.0,46.4,46.4,100.0,0.0,0.0,0.0,29.9,,3.0,,FEW,OVC,,,400.0,900.0,,,BR,,,,,,,46.4,KUNV 011653Z 00000KT 3SM BR FEW004 OVC009 08/08 A2990,,0.0,8.0,8.0
UNV,2024-04-01 13:53:00,-77.85,40.85,378.0,48.2,46.4,93.45,50.0,4.0,0.0,29.89,,6.0,,OVC,,,,700.0,,,,BR,,,,,,,46.34,KUNV 011753Z 05004KT 6SM BR OVC007 09/08 A2989,,2.057776,9.000000000000002,8.0
UNV,2024-04-01 14:53:00,-77.85,40.85,378.0,50.0,46.4,87.37,10.0,4.0,0.0,29.9,,6.0,,OVC,,,,800.0,,,,BR,,,,,,,50.0,KUNV 011853Z 01004KT 6SM BR OVC008 10/08 A2990,,2.057776,10.0,8.0
UNV,2024-04-01 15:53:00,-77.85,40.85,378.0,50.0,48.2,93.5,50.0,5.0,0.0,29.89,,6.0,,OVC,,,,900.0,,,,BR,,,,,,,50.0,KUNV 011953Z 05005KT 6SM BR OVC009 10/09 A2989,,2.57222,10.0,8.0
UNV,2024-04-01 16:53:00,-77.85,40.85,378.0,50.0,48.2,93.5,130.0,4.0,0.0,29.9,,5.0,,OVC,,,,900.0,,,,BR,,,,,,,50.0,KUNV 012053Z 13004KT 5SM BR OVC009 10/09 A2990,,2.057776,10.0,8.0
UNV,2024-04-01 17:53:00,-77.85,40.85,378.0,50.0,48.2,93.5,40.0,4.0,0.0,29.91,,5.0,,OVC,,,,900.0,,,,BR,,,,,,,50.0,KUNV 012153Z 04004KT 5SM BR OVC009 10/09 A2991,,2.057776,10.0,8.0
UNV,2024-04-01 18:53:00,-77.85,40.85,378.0,50.0,48.2,93.5,80.0,9.0,0.0,29.92,,5.0,,BKN,BKN,,,1100.0,2100.0,,,BR VCSH,,,,,,,50.0,KUNV 012253Z 08009KT 5SM BR VCSH BKN011 BKN021 10/09 A2992,,4.629996,10.0,6.0
UNV,2024-04-01 19:28:00,-77.85,40.85,378.0,48.2,48.2,100.0,30.0,4.0,0.0,29.93,,5.0,,SCT,SCT,BKN,,1300.0,2500.0,5000.0,,BR VCSH,,,,,,,46.34,KUNV 012328Z 03004KT 5SM BR VCSH SCT013 SCT025 BKN050 09/09 A2993,,2.057776,9.000000000000002,6.0
UNV,2024-04-01 19:53:00,-77.85,40.85,378.0,48.2,48.2,100.0,360.0,4.0,0.0,29.95,,6.0,,SCT,BKN,OVC,,1200.0,3000.0,4800.0,,BR,,,,,,,46.34,KUNV 012353Z 36004KT 6SM BR SCT012 BKN030 OVC048 09/09 A2995,,2.057776,9.000000000000002,8.0
UNV,2024-04-01 20:53:00,-77.85,40.85,378.0,48.2,48.2,100.0,60.0,4.0,0.0,29.94,,6.0,,BKN,OVC,,,1100.0,4600.0,,,BR,,,,,,,46.34,KUNV 020053Z 06004KT 6SM BR BKN011 OVC046 09/09 A2994,,2.057776,9.000000000000002,8.0
UNV,2024-04-01 21:40:00,-77.85,40.85,378.0,48.2,48.2,100.0,60.0,4.0,0.0,29.94,,3.0,,BKN,OVC,,,700.0,4000.0,,,-DZ BR,,,,,,,46.34,KUNV 020140Z 06004KT 3SM -DZ BR BKN007 OVC040 09/09 A2994,,2.057776,9.000000000000002,8.0
UNV,2024-04-01 21:53:00,-77.85,40.85,378.0,48.2,48.2,100.0,50.0,3.0,0.0,29.95,,3.0,,BKN,OVC,,,700.0,4000.0,,,-DZ BR,,,,,,,47.21,KUNV 020153Z 05003KT 3SM -DZ BR BKN007 OVC040 09/09 A2995,,1.543332,9.000000000000002,8.0
UNV,2024-04-01 22:15:00,-77.85,40.85,378.0,47.0,47.0,100.0,0.0,0.0,0.0,29.93,,5.0,,BKN,BKN,OVC,,700.0,4300.0,8000.0,,BR,,,,,,,47.0,KUNV 020215Z AUTO 00000KT 5SM BR BKN007 BKN043 OVC080 08/08 A2993 RMK AO2 T00840083,,0.0,8.333333333333334,8.0
UNV,2024-04-01 22:35:00,-77.85,40.85,378.0,47.3,47.3,100.0,0.0,0.0,0.0,29.93,,5.0,,SCT,SCT,OVC,,700.0,3600.0,4500.0,,BR,,,,,,,47.3,KUNV 020235Z AUTO 00000KT 5SM BR SCT007 SCT036 OVC045 09/09 A2993 RMK AO2 T00850085,,0.0,8.499999999999998,8.0
UNV,2024-04-01 22:55:00,-77.85,40.85,378.0,47.0,47.0,100.0,0.0,0.0,0.0,29.92,,5.0,,SCT,OVC,,,1100.0,4500.0,,,BR,,,,,,,47.0,KUNV 020255Z AUTO 00000KT 5SM BR SCT011 OVC045 08/08 A2992 RMK AO2 T00840084,,0.0,8.333333333333334,8.0
UNV,2024-04-01 23:15:00,-77.85,40.85,378.0,46.4,46.2,99.25,0.0,0.0,0.0,29.91,,2.5,,OVC,,,,900.0,,,,BR,,,,,,,46.4,KUNV 020315Z AUTO 00000KT 2 1/2SM BR OVC009 08/08 A2991 RMK AO2 T00800079,,0.0,8.0,8.0
UNV,2024-04-01 23:35:00,-77.85,40.85,378.0,46.6,46.6,100.0,0.0,0.0,0.0,29.91,,4.0,,OVC,,,,1100.0,,,,BR,,,,,,,46.6,KUNV 020335Z AUTO 00000KT 4SM BR OVC011 08/08 A2991 RMK AO2 T00810081,,0.0,8.11111111111111,8.0
UNV,2024-04-01 23:55:00,-77.85,40.85,378.0,46.6,46.6,100.0,0.0,0.0,0.0,29.91,,5.0,,OVC,,,,1100.0,,,,BR,,,,,,,46.6,KUNV 020355Z AUTO 00000KT 5SM BR OVC011 08/08 A2991 RMK AO2 LTG DSNT W T00810081,,0.0,8.11111111111111,8.0
UNV,2024-04-02 00:15:00,-77.85,40.85,378.0,47.0,46.8,99.25,90.0,4.0,0.0,29.9,,7.0,,OVC,,,,900.0,,,,,,,,,,,44.94,KUNV 020415Z AUTO 09004KT 7SM OVC009 08/08 A2990 RMK AO2 T00830082,,2.057776,8.333333333333334,8.0
UNV,2024-04-02 00:35:00,-77.85,40.85,378.0,47.0,46.8,99.25,0.0,0.0,0.0,29.91,,10.0,,OVC,,,,700.0,,,,,,,,,,,47.0,KUNV 020435Z AUTO 00000KT 10SM OVC007 08/08 A2991 RMK AO2 LTG DSNT SW AND W T00830082,,0.0,8.333333333333334,8.0
UNV,2024-04-02 00:55:00,-77.85,40.85,378.0,47.0,47.0,100.0,130.0,3.0,0.0,29.91,,10.0,,OVC,,,,700.0,,,,VCTS,,,,,,,45.84,KUNV 020455Z AUTO 13003KT 10SM VCTS OVC007 08/08 A2991 RMK AO2 LTG DSNT SW T00830083,,1.543332,8.333333333333334,8.0
UNV,2024-04-02 01:15:00,-77.85,40.85,378.0,47.0,47.0,100.0,100.0,3.0,0.0,29.91,,10.0,,OVC,,,,700.0,,,,-RA,,,,,,,45.84,KUNV 020515Z AUTO 10003KT 10SM -RA OVC007 08/08 A2991 RMK AO2 LTG DSNT W T00840083,,1.543332,8.333333333333334,8.0
UNV,2024-04-02 01:35:00,-77.85,40.85,378.0,47.0,46.8,99.25,190.0,3.0,0.04,29.93,,5.0,,BKN,OVC,,,700.0,1100.0,,,RA,,,,,,,45.84,KUNV 020535Z AUTO 19003KT 5SM RA BKN007 OVC011 08/08 A2993 RMK AO2 P0004 T00830082,,1.543332,8.333333333333334,8.0
UNV,2024-04-02 01:55:00,-77.85,40.85,378.0,46.6,46.6,100.0,80.0,5.0,0.09,29.88,,4.0,,BKN,OVC,,,700.0,1500.0,,,-RA,,,,,,,43.73,KUNV 020555Z AUTO 08005KT 4SM -RA BKN007 OVC015 08/08 A2988 RMK AO2 P0009 60009 T00810081 10093 20080,,2.57222,8.11111111111111,8.0
UNV,2024-04-02 02:15:00,-77.85,40.85,378.0,46.4,46.4,100.0,40.0,4.0,0.0,29.88,,7.0,,SCT,OVC,,,900.0,1700.0,,,,,,,,,,44.24,KUNV 020615Z AUTO 04004KT 7SM SCT009 OVC017 08/08 A2988 RMK AO2 T00800080,,2.057776,8.0,8.0
UNV,2024-04-02 02:35:00,-77.85,40.85,378.0,46.4,46.4,100.0,0.0,0.0,0.0,29.88,,10.0,,BKN,OVC,,,1000.0,1600.0,,,-RA,,,,,,,46.4,KUNV 020635Z AUTO 00000KT 10SM -RA BKN010 OVC016 08/08 A2988 RMK AO2 T00800080,,0.0,8.0,8.0
UNV,2024-04-02 02:55:00,-77.85,40.85,378.0,46.4,46.4,100.0,50.0,3.0,0.01,29.88,,10.0,,OVC,,,,1200.0,,,,,,,,,,,45.15,KUNV 020655Z AUTO 05003KT 10SM OVC012 08/08 A2988 RMK AO2 P0001 T00800080,,1.543332,8.0,8.0
UNV,2024-04-02 03:15:00,-77.85,40.85,378.0,46.6,46.6,100.0,10.0,7.0,0.03,29.88,,4.0,,OVC,,,,1400.0,,,,+RA,,,,,,,42.58,KUNV 020715Z AUTO 01007KT 4SM +RA OVC014 08/08 A2988 RMK AO2 P0003 T00810081,,3.601108,8.11111111111111,8.0
UNV,2024-04-02 03:35:00,-77.85,40.85,378.0,46.4,46.4,100.0,0.0,0.0,0.1,29.89,,4.0,,BKN,OVC,,,1400.0,2200.0,,,+RA,,,,,,,46.4,KUNV 020735Z AUTO 00000KT 4SM +RA BKN014 OVC022 08/08 A2989 RMK AO2 LTG DSNT W P0010 T00800080,,0.0,8.0,8.0
UNV,2024-04-02 03:55:00,-77.85,40.85,378.0,46.4,46.0,98.5,0.0,0.0,0.17,29.85,,4.0,,SCT,BKN,OVC,,1400.0,2800.0,6000.0,,RA,,,,,,,46.4,KUNV 020755Z AUTO 00000KT 4SM RA SCT014 BKN028 OVC060 08/08 A2985 RMK AO2 LTG DSNT W P0017 T00800078,,0.0,8.0,8.0
UNV,2024-04-02 04:15:00,-77.85,40.85,378.0,46.0,46.0,100.0,0.0,0.0,0.02,29.86,,4.0,,SCT,SCT,OVC,,100.0,2200.0,5000.0,,-RA,,,,,,,46.0,KUNV 020815Z AUTO 00000KT 4SM -RA SCT001 SCT022 OVC050 08/08 A2986 RMK AO2 P0002 T00780077,,0.0,7.777777777777778,8.0
UNV,2024-04-02 04:35:00,-77.85,40.85,378.0,46.0,46.0,100.0,0.0,0.0,0.06,29.87,,3.0,,SCT,BKN,OVC,,1400.0,2300.0,4800.0,,RA,,,,,,,46.0,KUNV 020835Z AUTO 00000KT 3SM RA SCT014 BKN023 OVC048 08/08 A2987 RMK AO2 LTG DSNT SW P0006 T00770077,,0.0,7.777777777777778,8.0
UNV,2024-04-02 04:55:00,-77.85,40.85,378.0,46.0,46.0,100.0,110.0,4.0,0.15,29.85,,4.0,,SCT,BKN,OVC,,1200.0,2100.0,4500.0,,RA,,,,,,,43.77,KUNV 020855Z AUTO 11004KT 4SM RA SCT012 BKN021 OVC045 08/08 A2985 RMK AO2 P0015 60033 T00770077,,2.057776,7.777777777777778,8.0
UNV,2024-04-02 05:15:00,-77.85,40.85,378.0,46.0,46.0,100.0,0.0,0.0,0.02,29.86,,7.0,,SCT,BKN,OVC,,1200.0,2100.0,4100.0,,-RA,,,,,,,46.0,KUNV 020915Z AUTO 00000KT 7SM -RA SCT012 BKN021 OVC041 08/08 A2986 RMK AO2 P0002 T00770077,,0.0,7.777777777777778,8.0
UNV,2024-04-02 05:35:00,-77.85,40.85,378.0,46.0,45.7,98.87,70.0,3.0,0.08,29.85,,4.0,,SCT,OVC,,,1400.0,2100.0,,,RA,,,,,,,44.69,KUNV 020935Z AUTO 07003KT 4SM RA SCT014 OVC021 08/08 A2985 RMK AO2 LTG DSNT SW P0008 T00770076,,1.543332,7.777777777777778,8.0
UNV,2024-04-02 05:53:00,-77.85,40.85,378.0,46.4,46.4,100.0,70.0,6.0,0.0,29.84,,5.0,,BKN,BKN,OVC,,1700.0,2700.0,5000.0,,+RA BR,,,,,,,42.87,KUNV 020953Z 07006KT 5SM +RA BR BKN017 BKN027 OVC050 08/08 A2984,,3.086664,8.0,8.0
UNV,2024-04-02 06:53:00,-77.85,40.85,378.0,46.4,46.4,100.0,0.0,0.0,0.0,29.85,,2.0,,OVC,,,,1500.0,,,,-RA BR,,,,,,,46.4,KUNV 021053Z 00000KT 2SM -RA BR OVC015 08/08 A2985,,0.0,8.0,8.0
UNV,2024-04-02 07:53:00,-77.85,40.85,378.0,46.4,46.4,100.0,110.0,3.0,0.0,29.82,,6.0,,OVC,,,,1500.0,,,,-RA BR,,,,,,,45.15,KUNV 021153Z 11003KT 6SM -RA BR OVC015 08/08 A2982,,1.543332,8.0,8.0
UNV,2024-04-02 08:53:00,-77.85,40.85,378.0,46.4,46.4,100.0,120.0,3.0,0.0,29.79,,4.0,,OVC,,,,1300.0,,,,-RA BR,,,,,,,45.15,KUNV 021253Z 12003KT 4SM -RA BR OVC013 08/08 A2979,,1.543332,8.0,8.0
UNV,2024-04-02 09:53:00,-77.85,40.85,378.0,48.2,46.4,93.45,110.0,4.0,0.0,29.77,,5.0,,BKN,OVC,,,1300.0,1800.0,,,RA BR,,,,,,,46.34,KUNV 021353Z 11004KT 5SM RA BR BKN013 OVC018 09/08 A2977 RMK LTG DSNT SW,,2.057776,9.000000000000002,8.0
UNV,2024-04-02 10:53:00,-77.85,40.85,378.0,46.4,46.4,100.0,100.0,8.0,0.0,29.73,,4.0,15.0,BKN,OVC,,,900.0,1300.0,,,RA BR,,,,,,,41.85,KUNV 021453Z 10008G15KT 4SM RA BR BKN009 OVC013 08/08 A2973,,4.115552,8.0,8.0
UNV,2024-04-02 11:21:00,-77.85,40.85,378.0,46.4,46.4,100.0,90.0,7.0,0.0,29.77,,2.75,15.0,BKN,OVC,,,800.0,1300.0,,,RA BR,,,,,,,42.33,KUNV 021521Z 09007G15KT 2 3/4SM RA BR BKN008 OVC013 08/08 A2977,,3.601108,8.0,8.0
UNV,2024-04-02 11:53:00,-77.85,40.85,378.0,46.4,46.4,100.0,110.0,7.0,0.0,29.74,,3.0,,BKN,OVC,,,500.0,2100.0,,,RA BR,,,,,,,42.33,KUNV 021553Z 11007KT 3SM RA BR BKN005 OVC021 08/08 A2974,,3.601108,8.0,8.0
UNV,2024-04-02 12:53:00,-77.85,40.85,378.0,46.4,46.4,100.0,120.0,6.0,0.0,29.72,,5.0,15.0,SCT,BKN,OVC,,800.0,1400.0,1900.0,,RA BR,,,,,,,42.87,KUNV 021653Z 12006G15KT 5SM RA BR SCT008 BKN014 OVC019 08/08 A2972,,3.086664,8.0,8.0
UNV,2024-04-02 13:53:00,-77.85,40.85,378.0,46.4,44.6,93.4,140.0,9.0,0.0,29.68,,6.0,,SCT,OVC,,,1100.0,1400.0,,,-DZ BR,,,,,,,41.42,KUNV 021753Z 14009KT 6SM -DZ BR SCT011 OVC014 08/07 A2968,,4.629996,8.0,8.0
UNV,2024-04-02 14:53:00,-77.85,40.85,378.0,46.4,44.6,93.4,130.0,7.0,0.0,29.69,,6.0,,SCT,OVC,,,800.0,1000.0,,,BR,,,,,,,42.33,KUNV 021853Z 13007KT 6SM BR SCT008 OVC010 08/07 A2969,,3.601108,8.0,8.0
UNV,2024-04-02 15:53:00,-77.85,40.85,378.0,46.4,46.4,100.0,120.0,3.0,0.0,29.69,,6.0,,BKN,OVC,,,700.0,1000.0,,,BR,,,,,,,45.15,KUNV 021953Z 12003KT 6SM BR BKN007 OVC010 08/08 A2969,,1.543332,8.0,8.0
UNV,2024-04-02 16:53:00,-77.85,40.85,378.0,46.4,46.4,100.0,130.0,6.0,0.0,29.71,,3.0,,BKN,OVC,,,700.0,1200.0,,,BR,,,,,,,42.87,KUNV 022053Z 13006KT 3SM BR BKN007 OVC012 08/08 A2971,,3.086664,8.0,8.0
UNV,2024-04-02 17:53:00,-77.85,40.85,378.0,46.4,44.6,93.4,130.0,3.0,0.0,29.72,,6.0,,BKN,OVC,,,700.0,1200.0,,,BR,,,,,,,45.15,KUNV 022153Z 13003KT 6SM BR BKN007 OVC012 08/07 A2972,,1.543332,8.0,8.0
UNV,2024-04-02 18:53:00,-77.85,40.85,378.0,44.6,44.6,100.0,120.0,4.0,0.0,29.74,,4.0,,BKN,OVC,,,700.0,1000.0,,,BR,,,,,,,42.13,KUNV 022253Z 12004KT 4SM BR BKN007 OVC010 07/07 A2974,,2.057776,7.000000000000001,8.0
UNV,2024-04-02 19:53:00,-77.85,40.85,378.0,44.6,44.6,100.0,130.0,8.0,0.0,29.74,,6.0,,OVC,,,,1000.0,,,,-DZ BR,,,,,,,39.63,KUNV 022353Z 13008KT 6SM -DZ BR OVC010 07/07 A2974,,4.115552,7.000000000000001,8.0
UNV,2024-04-02 20:53:00,-77.85,40.85,378.0,42.8,42.8,100.0,120.0,9.0,0.0,29.71,,10.0,,OVC,,,,800.0,,,,,,,,,,,36.94,KUNV 030053Z 12009KT 10SM OVC008 06/06 A2971,,4.629996,5.999999999999998,8.0
UNV,2024-04-02 21:53:00,-77.85,40.85,378.0,42.8,42.8,100.0,90.0,11.0,0.0,29.7,,10.0,,OVC,,,,800.0,,,,,,,,,,,36.11,KUNV 030153Z 09011KT 10SM OVC008 06/06 A2970,,5.6588840000000005,5.999999999999998,8.0
UNV,2024-04-02 22:15:00,-77.85,40.85,378.0,43.0,43.0,100.0,90.0,7.0,0.0,29.69,,10.0,,OVC,,,,800.0,,,,,,,,,,,38.19,KUNV 030215Z AUTO 09007KT 10SM OVC008 06/06 A2969 RMK AO2 LTG DSNT SW T00610061,,3.601108,6.111111111111111,8.0
UNV,2024-04-02 22:35:00,-77.85,40.85,378.0,43.5,42.8,97.35,130.0,9.0,0.0,29.71,,10.0,15.0,OVC,,,,800.0,,,,,,,,,,,37.81,KUNV 030235Z AUTO 13009G15KT 10SM OVC008 06/06 A2971 RMK AO2 LTG DSNT SW T00640060,,4.629996,6.388888888888889,8.0
UNV,2024-04-02 22:55:00,-77.85,40.85,378.0,43.3,43.0,98.86,110.0,10.0,0.0,29.7,,10.0,19.0,OVC,,,,800.0,,,,-RA,,,,,,,37.14,KUNV 030255Z AUTO 11010G19KT 10SM -RA OVC008 06/06 A2970 RMK AO2 LTG DSNT W T00630061,,5.14444,6.277777777777776,8.0
UNV,2024-04-02 23:15:00,-77.85,40.85,378.0,42.8,42.8,100.0,100.0,8.0,0.03,29.68,,10.0,15.0,OVC,,,,1000.0,,,,-RA,,,,,,,37.42,KUNV 030315Z AUTO 10008G15KT 10SM -RA OVC010 06/06 A2968 RMK AO2 LTG DSNT W AND NW P0003 T00600060,,4.115552,5.999999999999998,8.0
UNV,2024-04-02 23:35:00,-77.85,40.85,378.0,42.8,42.6,99.23,120.0,6.0,0.19,29.71,,4.0,,OVC,,,,1200.0,,,,+RA,,,,,,,38.54,KUNV 030335Z AUTO 12006KT 090V170 4SM +RA OVC012 06/06 A2971 RMK AO2 LTG DSNT NW P0019 T00600059,,3.086664,5.999999999999998,8.0
UNV,2024-04-02 23:55:00,-77.85,40.85,378.0,42.6,42.4,99.23,60.0,6.0,0.28,29.65,,7.0,15.0,OVC,,,,1400.0,,,,+RA,,,,,,,38.3,KUNV 030355Z AUTO 06006G15KT 7SM +RA OVC014 06/06 A2965 RMK AO2 P0028 T00590058,,3.086664,5.888888888888889,8.0
UNV,2024-04-03 00:15:00,-77.85,40.85,378.0,42.8,42.8,100.0,110.0,4.0,0.01,29.68,,10.0,,OVC,,,,1400.0,,,,-RA,,,,,,,40.03,KUNV 030415Z AUTO 11004KT 10SM -RA OVC014 06/06 A2968 RMK AO2 LTG DSNT N P0001 T00600060,,2.057776,5.999999999999998,8.0
UNV,2024-04-03 00:35:00,-77.85,40.85,378.0,42.8,42.6,99.23,150.0,4.0,0.07,29.7,,7.0,,OVC,,,,1400.0,,,,+RA,,,,,,,40.03,KUNV 030435Z AUTO 15004KT 7SM +RA OVC014 06/06 A2970 RMK AO2 P0007 T00600059,,2.057776,5.999999999999998,8.0
UNV,2024-04-03 00:55:00,-77.85,40.85,378.0,42.8,42.3,98.1,0.0,0.0,0.14,29.64,,7.0,,SCT,BKN,OVC,,1400.0,2000.0,4100.0,,RA,,,,,,,42.8,KUNV 030455Z AUTO 00000KT 7SM RA SCT014 BKN020 OVC041 06/06 A2964 RMK AO2 P0014 T00600057,,0.0,5.999999999999998,8.0
UNV,2024-04-03 01:15:00,-77.85,40.85,378.0,42.4,42.0,98.47,0.0,0.0,0.03,29.66,,10.0,,BKN,OVC,,,1600.0,3200.0,,,RA,,,,,,,42.4,KUNV 030515Z AUTO 00000KT 10SM RA BKN016 OVC032 06/06 A2966 RMK AO2 LTG DSNT S P0003 T00580056,,0.0,5.777777777777777,8.0
UNV,2024-04-03 01:35:00,-77.85,40.85,378.0,42.8,42.0,96.97,0.0,0.0,0.08,29.64,,10.0,,OVC,,,,1600.0,,,,RA,,,,,,,42.8,KUNV 030535Z AUTO 00000KT 10SM RA OVC016 06/06 A2964 RMK AO2 P0008 T00600055,,0.0,5.999999999999998,8.0
UNV,2024-04-03 01:55:00,-77.85,40.85,378.0,42.4,42.0,98.47,0.0,0.0,0.13,29.64,,10.0,,OVC,,,,1600.0,,,,RA,,,,,,,42.4,KUNV 030555Z AUTO 00000KT 10SM RA OVC016 06/06 A2964 RMK AO2 LTG DSNT SW P0013 60058 T00580055 10066 20058,,0.0,5.777777777777777,8.0
UNV,2024-04-03 02:15:00,-77.85,40.85,378.0,42.3,42.0,98.85,130.0,4.0,0.04,29.63,,10.0,,OVC,,,,1500.0,,,,RA,,,,,,,39.45,KUNV 030615Z AUTO 13004KT 10SM RA OVC015 06/06 A2963 RMK AO2 LTG DSNT SW P0004 T00570056,,2.057776,5.7222222222222205,8.0
UNV,2024-04-03 02:35:00,-77.85,40.85,378.0,42.3,42.0,98.85,120.0,6.0,0.15,29.64,,5.0,,BKN,OVC,,,1300.0,2100.0,,,RA,,,,,,,37.94,KUNV 030635Z AUTO 12006KT 5SM RA BKN013 OVC021 06/06 A2964 RMK AO2 P0015 T00570056,,3.086664,5.7222222222222205,8.0
UNV,2024-04-03 02:55:00,-77.85,40.85,378.0,42.8,41.0,93.3,130.0,5.0,0.17,29.62,,10.0,15.0,BKN,OVC,,,1600.0,2400.0,,,-RA,,,,,,,39.22,KUNV 030655Z AUTO 13005G15KT 10SM -RA BKN016 OVC024 06/05 A2962 RMK AO2 LTG DSNT SE AND S P0017 T00600051,,2.57222,5.999999999999998,8.0
UNV,2024-04-03 03:15:00,-77.85,40.85,378.0,42.4,41.7,97.34,0.0,0.0,0.04,29.64,,10.0,,BKN,OVC,,,1600.0,2200.0,,,VCTSRA,,,,,,,42.4,KUNV 030715Z AUTO 00000KT 10SM VCTSRA BKN016 OVC022 06/05 A2964 RMK AO2 P0004 T00580054,,0.0,5.777777777777777,8.0
UNV,2024-04-03 03:35:00,-77.85,40.85,378.0,42.6,41.5,95.85,100.0,8.0,0.09,29.6,,10.0,16.0,SCT,BKN,OVC,,1300.0,1800.0,2300.0,,RA,,,,,,,37.17,KUNV 030735Z AUTO 10008G16KT 10SM RA SCT013 BKN018 OVC023 06/05 A2960 RMK AO2 LTG DSNT SE AND S P0009 T00590053,,4.115552,5.888888888888889,8.0
UNV,2024-04-03 03:55:00,-77.85,40.85,378.0,42.3,41.5,96.96,110.0,9.0,0.11,29.59,,10.0,21.0,BKN,BKN,OVC,,1700.0,2300.0,4700.0,,-RA,,,,,,,36.32,KUNV 030755Z AUTO 11009G21KT 080V190 10SM -RA BKN017 BKN023 OVC047 06/05 A2959 RMK AO2 P0011 T00570053,,4.629996,5.7222222222222205,8.0
UNV,2024-04-03 04:15:00,-77.85,40.85,378.0,42.8,40.3,90.8,130.0,11.0,0.01,29.59,,10.0,17.0,OVC,,,,1700.0,,,,-DZ,,,,,,,36.11,KUNV 030815Z AUTO 13011G17KT 080V160 10SM -DZ OVC017 06/05 A2959 RMK AO2 P0001 T00600046,,5.6588840000000005,5.999999999999998,8.0
UNV,2024-04-03 04:35:00,-77.85,40.85,378.0,42.8,40.6,91.86,130.0,7.0,0.01,29.59,,10.0,15.0,BKN,OVC,,,1700.0,2200.0,,,RA,,,,,,,37.94,KUNV 030835Z AUTO 13007G15KT 090V170 10SM RA BKN017 OVC022 06/05 A2959 RMK AO2 P0001 T00600048,,3.601108,5.999999999999998,8.0
UNV,2024-04-03 04:55:00,-77.85,40.85,378.0,42.8,40.3,90.8,130.0,7.0,0.01,29.6,,10.0,,OVC,,,,1700.0,,,,-RA,,,,,,,37.94,KUNV 030855Z AUTO 13007KT 10SM -RA OVC017 06/05 A2960 RMK AO2 P0001 60029 T00600046,,3.601108,5.999999999999998,8.0
UNV,2024-04-03 05:15:00,-77.85,40.85,378.0,42.8,40.0,89.75,0.0,0.0,0.0,29.59,,10.0,,OVC,,,,1700.0,,,,DZ,,,,,,,42.8,KUNV 030915Z AUTO 00000KT 10SM DZ OVC017 06/05 A2959 RMK AO2 T00600045,,0.0,5.999999999999998,8.0
UNV,2024-04-03 05:35:00,-77.85,40.85,378.0,42.0,41.0,96.21,0.0,0.0,0.03,29.59,,7.0,,OVC,,,,1700.0,,,,RA,,,,,,,42.0,KUNV 030935Z AUTO 00000KT 7SM RA OVC017 06/05 A2959 RMK AO2 P0003 T00560051,,0.0,5.555555555555555,8.0
UNV,2024-04-03 05:53:00,-77.85,40.85,378.0,42.8,42.8,100.0,90.0,7.0,0.0,29.58,,4.0,,BKN,OVC,,,1000.0,1700.0,,,RA BR,,,,,,,37.94,KUNV 030953Z 09007KT 4SM RA BR BKN010 OVC017 06/06 A2958,,3.601108,5.999999999999998,8.0
UNV,2024-04-03 06:53:00,-77.85,40.85,378.0,41.0,41.0,100.0,90.0,5.0,0.0,29.6,,4.0,,SCT,BKN,OVC,,1000.0,1500.0,2300.0,,RA BR,,,,,,,37.08,KUNV 031053Z 09005KT 4SM RA BR SCT010 BKN015 OVC023 05/05 A2960,,2.57222,5.0,8.0
UNV,2024-04-03 07:53:00,-77.85,40.85,378.0,41.0,41.0,100.0,110.0,8.0,0.0,29.56,,5.0,,SCT,BKN,OVC,,1100.0,2000.0,2600.0,,RA BR,,,,,,,35.2,KUNV 031153Z 11008KT 5SM RA BR SCT011 BKN020 OVC026 05/05 A2956,,4.115552,5.0,8.0
UNV,2024-04-03 08:53:00,-77.85,40.85,378.0,42.8,41.0,93.3,100.0,8.0,0.0,29.57,,5.0,,BKN,OVC,,,1200.0,1600.0,,,-RA BR,,,,,,,37.42,KUNV 031253Z 10008KT 5SM -RA BR BKN012 OVC016 06/05 A2957,,4.115552,5.999999999999998,8.0
UNV,2024-04-03 09:53:00,-77.85,40.85,378.0,41.0,41.0,100.0,50.0,11.0,0.0,29.39,,6.0,32.0,BKN,BKN,,,1400.0,1900.0,,,-RA BR,,,,,,,33.84,KUNV 031353Z 05011G32KT 6SM -RA BR BKN014 BKN019 05/05 A2939,,5.6588840000000005,5.0,6.0
UNV,2024-04-03 10:53:00,-77.85,40.85,378.0,42.8,41.0,93.3,130.0,8.0,0.0,29.47,,6.0,16.0,OVC,,,,1600.0,,,,BR,,,,,,,37.42,KUNV 031453Z 13008G16KT 6SM BR OVC016 06/05 A2947,,4.115552,5.999999999999998,8.0
UNV,2024-04-03 11:53:00,-77.85,40.85,378.0,42.8,41.0,93.3,110.0,9.0,0.0,29.45,,6.0,16.0,OVC,,,,1000.0,,,,BR,,,,,,,36.94,KUNV 031553Z 11009G16KT 6SM BR OVC010 06/05 A2945,,4.629996,5.999999999999998,8.0
UNV,2024-04-03 12:15:00,-77.85,40.85,378.0,42.8,41.0,93.3,110.0,9.0,0.0,29.44,,4.0,16.0,OVC,,,,800.0,,,,BR,,,,,,,36.94,KUNV 031615Z 11009G16KT 4SM BR OVC008 06/05 A2944,,4.629996,5.999999999999998,8.0
UNV,2024-04-03 12:53:00,-77.85,40.85,378.0,42.8,42.8,100.0,100.0,4.0,0.0,29.41,,7.0,,BKN,OVC,,,800.0,1200.0,,,DZ,,,,,,,40.03,KUNV 031653Z 10004KT 7SM DZ BKN008 OVC012 06/06 A2941,,2.057776,5.999999999999998,8.0
UNV,2024-04-03 13:53:00,-77.85,40.85,378.0,42.8,42.8,100.0,0.0,0.0,0.0,29.41,,2.5,,BKN,OVC,,,500.0,1300.0,,,RA BR,,,,,,,42.8,KUNV 031753Z COR 00000KT 2 1/2SM RA BR BKN005 OVC013 06/06 A2941,,0.0,5.999999999999998,8.0
UNV,2024-04-03 14:53:00,-77.85,40.85,378.0,42.8,42.8,100.0,0.0,0.0,0.0,29.4,,1.5,,BKN,OVC,,,300.0,1700.0,,,-RA BR,,,,,,,42.8,KUNV 031853Z 00000KT 1 1/2SM -RA BR BKN003 OVC017 06/06 A2940,,0.0,5.999999999999998,8.0
UNV,2024-04-03 15:53:00,-77.85,40.85,378.0,42.8,42.8,100.0,30.0,3.0,0.0,29.37,,5.0,,BKN,OVC,,,600.0,1400.0,,,-RA BR,,,,,,,41.03,KUNV 031953Z 03003KT 5SM -RA BR BKN006 OVC014 06/06 A2937,,1.543332,5.999999999999998,8.0
UNV,2024-04-03 16:53:00,-77.85,40.85,378.0,44.6,44.6,100.0,0.0,0.0,0.0,29.35,,3.0,,SCT,BKN,OVC,,200.0,800.0,2500.0,,-DZ BR,,,,,,,44.6,KUNV 032053Z 00000KT 3SM -DZ BR SCT002 BKN008 OVC025 07/07 A2935,,0.0,7.000000000000001,8.0
UNV,2024-04-03 17:53:00,-77.85,40.85,378.0,42.8,42.8,100.0,0.0,0.0,0.0,29.37,,4.0,,SCT,BKN,OVC,,200.0,1700.0,2600.0,,-DZ BR,,,,,,,42.8,KUNV 032153Z 00000KT 4SM -DZ BR SCT002 BKN017 OVC026 06/06 A2937,,0.0,5.999999999999998,8.0
UNV,2024-04-03 18:53:00,-77.85,40.85,378.0,42.8,42.8,100.0,0.0,0.0,0.0,29.37,,5.0,,SCT,BKN,OVC,,200.0,1800.0,2800.0,,BR,,,,,,,42.8,KUNV 032253Z 00000KT 5SM BR SCT002 BKN018 OVC028 06/06 A2937,,0.0,5.999999999999998,8.0
UNV,2024-04-03 19:53:00,-77.85,40.85,378.0,42.8,42.8,100.0,250.0,5.0,0.0,29.4,,4.0,,BKN,OVC,,,800.0,1600.0,,,RA BR,,,,,,,39.22,KUNV 032353Z 25005KT 4SM RA BR BKN008 OVC016 06/06 A2940,,2.57222,5.999999999999998,8.0
UNV,2024-04-03 20:53:00,-77.85,40.85,378.0,41.0,39.2,93.24,280.0,6.0,0.0,29.44,,7.0,,SCT,BKN,OVC,,1300.0,2400.0,4300.0,,-RA,,,,,,,36.37,KUNV 040053Z 28006KT 7SM -RA SCT013 BKN024 OVC043 05/04 A2944,,3.086664,5.0,8.0
UNV,2024-04-03 21:53:00,-77.85,40.85,378.0,39.2,39.2,100.0,0.0,0.0,0.0,29.42,,10.0,,SCT,BKN,OVC,,2600.0,4000.0,4900.0,,-RA,,,,,,,39.2,KUNV 040153Z 00000KT 10SM -RA SCT026 BKN040 OVC049 04/04 A2942,,0.0,4.000000000000002,8.0
UNV,2024-04-03 22:15:00,-77.85,40.85,378.0,39.2,39.0,99.22,0.0,0.0,0.0,29.37,,10.0,,SCT,BKN,OVC,,4400.0,7000.0,8500.0,,,,,,,,,39.2,KUNV 040215Z AUTO 00000KT 10SM SCT044 BKN070 OVC085 04/04 A2937 RMK AO2 T00400038,,0.0,4.000000000000002,8.0
UNV,2024-04-03 22:35:00,-77.85,40.85,378.0,38.3,38.3,100.0,0.0,0.0,0.0,29.42,,10.0,,SCT,SCT,OVC,,6000.0,7500.0,9500.0,,,,,,,,,38.3,KUNV 040235Z AUTO 00000KT 10SM SCT060 SCT075 OVC095 04/04 A2942 RMK AO2 T00350035,,0.0,3.4999999999999982,8.0
UNV,2024-04-03 22:55:00,-77.85,40.85,378.0,38.0,37.8,99.22,0.0,0.0,0.0,29.42,,10.0,,OVC,,,,9500.0,,,,,,,,,,,38.0,KUNV 040255Z AUTO 00000KT 10SM OVC095 03/03 A2942 RMK AO2 60009 T00330032,,0.0,3.3333333333333335,8.0
UNV,2024-04-03 23:15:00,-77.85,40.85,378.0,38.3,38.3,100.0,0.0,0.0,0.0,29.42,,10.0,,BKN,,,,11000.0,,,,,,,,,,,38.3,KUNV 040315Z AUTO 00000KT 10SM BKN110 04/04 A2942 RMK AO2 T00350035,,0.0,3.4999999999999982,6.0
UNV,2024-04-03 23:35:00,-77.85,40.85,378.0,37.8,37.6,99.22,0.0,0.0,0.0,29.42,,10.0,,CLR,,,,,,,,,,,,,,,37.8,KUNV 040335Z AUTO 00000KT 10SM CLR 03/03 A2942 RMK AO2 T00320031,,0.0,3.2222222222222205,0.0
UNV,2024-04-03 23:55:00,-77.85,40.85,378.0,37.0,37.0,100.0,0.0,0.0,0.0,29.41,,10.0,,CLR,,,,,,,,,,,,,,,37.0,KUNV 040355Z AUTO 00000KT 10SM CLR 03/03 A2941 RMK AO2 T00280027,,0.0,2.7777777777777777,0.0
UNV,2024-04-04 00:15:00,-77.85,40.85,378.0,36.5,36.5,100.0,0.0,0.0,0.0,29.41,,10.0,,CLR,,,,,,,,,,,,,,,36.5,KUNV 040415Z AUTO 00000KT 10SM CLR 03/03 A2941 RMK AO2 T00250025,,0.0,2.5,0.0
UNV,2024-04-04 00:35:00,-77.85,40.85,378.0,36.5,36.5,100.0,0.0,0.0,0.0,29.41,,10.0,,BKN,,,,1400.0,,,,,,,,,,,36.5,KUNV 040435Z AUTO 00000KT 10SM BKN014 03/03 A2941 RMK AO2 T00250025,,0.0,2.5,6.0
UNV,2024-04-04 00:55:00,-77.85,40.85,378.0,36.0,36.0,100.0,0.0,0.0,0.0,29.39,,10.0,,SCT,,,,1400.0,,,,,,,,,,,36.0,KUNV 040455Z AUTO 00000KT 10SM SCT014 02/02 A2939 RMK AO2 T00230022,,0.0,2.2222222222222223,4.0
UNV,2024-04-04 01:15:00,-77.85,40.85,378.0,34.3,34.3,100.0,0.0,0.0,0.0,29.4,,10.0,,CLR,,,,,,,,,,,,,,,34.3,KUNV 040515Z AUTO 00000KT 10SM CLR 01/01 A2940 RMK AO2 T00130013,,0.0,1.2777777777777761,0.0
UNV,2024-04-04 01:35:00,-77.85,40.85,378.0,35.0,34.7,98.81,0.0,0.0,0.0,29.4,,10.0,,CLR,,,,,,,,,,,,,,,35.0,KUNV 040535Z AUTO 00000KT 10SM CLR 02/02 A2940 RMK AO2 T00160015,,0.0,1.6666666666666667,0.0
UNV,2024-04-04 01:55:00,-77.85,40.85,378.0,34.3,34.0,98.81,0.0,0.0,0.0,29.4,,7.0,,SCT,,,,3900.0,,,,,,,,,,,34.3,KUNV 040555Z AUTO 00000KT 7SM SCT039 01/01 A2940 RMK AO2 60009 T00130012 10057 20010,,0.0,1.2777777777777761,4.0
UNV,2024-04-04 02:15:00,-77.85,40.85,378.0,34.7,34.5,99.21,0.0,0.0,0.0,29.39,,7.0,,CLR,,,,,,,,,,,,,,,34.7,KUNV 040615Z AUTO 00000KT 7SM CLR 02/01 A2939 RMK AO2 T00150014,,0.0,1.5000000000000016,0.0
UNV,2024-04-04 02:35:00,-77.85,40.85,378.0,34.0,34.0,100.0,0.0,0.0,0.0,29.39,,0.5,,VV ,,,,500.0,,,,FG,,,,,,,34.0,KUNV 040635Z AUTO 00000KT 1/2SM FG VV005 01/01 A2939 RMK AO2 T00110011,,0.0,1.1111111111111112,-1.0
UNV,2024-04-04 02:55:00,-77.85,40.85,378.0,33.8,33.8,100.0,0.0,0.0,0.0,29.39,,0.25,,VV ,,,,200.0,,,,FG,,,,,,,33.8,KUNV 040655Z AUTO 00000KT 1/4SM FG VV002 01/01 A2939 RMK AO2 T00100010,,0.0,0.9999999999999984,-1.0
UNV,2024-04-04 03:15:00,-77.85,40.85,378.0,33.0,33.0,100.0,0.0,0.0,0.0,29.39,,0.5,,VV ,,,,500.0,,,,FG,,,,,,,33.0,KUNV 040715Z AUTO 00000KT 1/2SM FG VV005 01/01 A2939 RMK AO2 T00050005,,0.0,0.5555555555555556,-1.0
UNV,2024-04-04 03:35:00,-77.85,40.85,378.0,33.0,33.0,100.0,0.0,0.0,0.0,29.38,,4.0,,CLR,,,,,,,,BR,,,,,,,33.0,KUNV 040735Z AUTO 00000KT 4SM BR CLR 01/01 A2938 RMK AO2 T00050005,,0.0,0.5555555555555556,0.0
UNV,2024-04-04 03:55:00,-77.85,40.85,378.0,33.0,33.0,100.0,0.0,0.0,0.0,29.38,,10.0,,CLR,,,,,,,,,,,,,,,33.0,KUNV 040755Z AUTO 00000KT 10SM CLR 01/01 A2938 RMK AO2 T00060005,,0.0,0.5555555555555556,0.0
UNV,2024-04-04 04:15:00,-77.85,40.85,378.0,33.0,33.0,100.0,0.0,0.0,0.0,29.37,,10.0,,CLR,,,,,,,,,,,,,,,33.0,KUNV 040815Z AUTO 00000KT 10SM CLR 01/01 A2937 RMK AO2 T00050005,,0.0,0.5555555555555556,0.0
UNV,2024-04-04 04:35:00,-77.85,40.85,378.0,31.5,31.3,99.19,0.0,0.0,0.0,29.37,,0.75,,VV ,,,,500.0,,,,BR,,,,,,,31.5,KUNV 040835Z AUTO 00000KT 3/4SM BR VV005 00/00 A2937 RMK AO2 T10031004,,0.0,-0.2777777777777778,-1.0
UNV,2024-04-04 04:55:00,-77.85,40.85,378.0,30.7,30.7,100.0,0.0,0.0,0.0,29.37,,0.75,,VV ,,,,500.0,,,,BR,,,,,,,30.7,KUNV 040855Z AUTO 00000KT 3/4SM BR VV005 M01/M01 A2937 RMK AO2 T10071007,,0.0,-0.7222222222222227,-1.0
UNV,2024-04-04 05:15:00,-77.85,40.85,378.0,31.0,31.0,100.0,0.0,0.0,0.0,29.37,,0.5,,BKN,BKN,,,100.0,5000.0,,,FZFG,,,,,,,31.0,KUNV 040915Z AUTO 00000KT 1/2SM FZFG BKN001 BKN050 00/M01 A2937 RMK AO2 T10051006,,0.0,-0.5555555555555556,6.0
UNV,2024-04-04 05:35:00,-77.85,40.85,378.0,32.0,32.0,100.0,0.0,0.0,0.0,29.37,,1.5,,SCT,,,,100.0,,,,BR,,,,,,,32.0,KUNV 040935Z AUTO 00000KT 1 1/2SM BR SCT001 00/00 A2937 RMK AO2 T10011001,,0.0,0.0,4.0
UNV,2024-04-04 05:53:00,-77.85,40.85,378.0,32.0,32.0,100.0,240.0,3.0,0.0,29.37,,8.0,,FEW,,,,200.0,,,,,,,,,,,28.69,KUNV 040953Z 24003KT 8SM FEW002 00/00 A2937,,1.543332,0.0,2.0
UNV,2024-04-04 06:12:00,-77.85,40.85,378.0,32.0,32.0,100.0,,3.0,0.0,29.37,,8.0,,FEW,,,,200.0,,,,BCFG,,,,,,,28.69,KUNV 041012Z VRB03KT 8SM R24/5000FT BCFG FEW002 00/00 A2937,,1.543332,0.0,2.0
UNV,2024-04-04 06:37:00,-77.85,40.85,378.0,30.2,30.2,100.0,0.0,0.0,0.0,29.37,,1.0,,BKN,,,,100.0,,,,BR MIFG,,,,,,,30.2,KUNV 041037Z 00000KT 1SM R24/2000FT BR MIFG BKN001 M01/M01 A2937,,0.0,-1.0000000000000004,6.0
UNV,2024-04-04 06:42:00,-77.85,40.85,378.0,30.2,30.2,100.0,0.0,0.0,0.0,29.37,,0.25,,OVC,,,,100.0,,,,FZFG,,,,,,,30.2,KUNV 041042Z COR 00000KT 1/4SM R24/1200FT FZFG OVC001 M01/M01 A2937,,0.0,-1.0000000000000004,8.0
UNV,2024-04-04 06:53:00,-77.85,40.85,378.0,30.2,30.2,100.0,,3.0,0.0,29.37,,0.25,,OVC,,,,100.0,,,,FZFG,,,,,,,26.63,KUNV 041053Z VRB03KT 1/4SM R24/1200FT FZFG OVC001 M01/M01 A2937,,1.543332,-1.0000000000000004,8.0
UNV,2024-04-04 07:18:00,-77.85,40.85,378.0,30.2,30.2,100.0,0.0,0.0,0.0,29.37,,0.25,,OVC,,,,100.0,,,,FZFG,,,,,,,30.2,KUNV 041118Z 00000KT 1/4SM R24/1000FT FZFG OVC001 M01/M01 A2937,,0.0,-1.0000000000000004,8.0
UNV,2024-04-04 07:53:00,-77.85,40.85,378.0,32.0,32.0,100.0,0.0,0.0,0.0,29.38,,0.25,,OVC,,,,100.0,,,,FG,,,,,,,32.0,KUNV 041153Z 00000KT 1/4SM R24/1200FT FG OVC001 00/00 A2938,,0.0,0.0,8.0
UNV,2024-04-04 08:15:00,-77.85,40.85,378.0,32.0,32.0,100.0,0.0,0.0,0.0,29.38,,0.12,,OVC,,,,100.0,,,,FG,,,,,,,32.0,KUNV 041215Z 00000KT 1/8SM R24/0800FT FG OVC001 00/00 A2938,,0.0,0.0,8.0
UNV,2024-04-04 08:53:00,-77.85,40.85,378.0,32.0,32.0,100.0,0.0,0.0,0.0,29.38,,0.12,,OVC,,,,100.0,,,,FG,,,,,,,32.0,KUNV 041253Z 00000KT 1/8SM R24/1200FT FG OVC001 00/00 A2938,,0.0,0.0,8.0
UNV,2024-04-04 09:09:00,-77.85,40.85,378.0,33.8,33.8,100.0,210.0,3.0,0.0,29.4,,0.25,,OVC,,,,100.0,,,,FG,,,,,,,30.75,KUNV 041309Z 21003KT 1/4SM R24/1600FT FG OVC001 01/01 A2940,,1.543332,0.9999999999999984,8.0
UNV,2024-04-04 09:53:00,-77.85,40.85,378.0,33.8,33.8,100.0,200.0,4.0,0.0,29.41,,0.25,,OVC,,,,100.0,,,,FG,,,,,,,29.52,KUNV 041353Z 20004KT 1/4SM R24/1600FT FG OVC001 01/01 A2941,,2.057776,0.9999999999999984,8.0
UNV,2024-04-04 09:59:00,-77.85,40.85,378.0,33.8,33.8,100.0,200.0,4.0,0.0,29.41,,0.5,,OVC,,,,100.0,,,,FG,,,,,,,29.52,KUNV 041359Z 20004KT 1/2SM R24/2400FT FG OVC001 01/01 A2941,,2.057776,0.9999999999999984,8.0
UNV,2024-04-04 10:10:00,-77.85,40.85,378.0,33.8,33.8,100.0,210.0,4.0,0.0,29.41,,0.75,,OVC,,,,100.0,,,,BR BCFG,,,,,,,29.52,KUNV 041410Z 21004KT 3/4SM R24/P6000FT BR BCFG OVC001 01/01 A2941 RMK VIS N-NE 1SM,,2.057776,0.9999999999999984,8.0
UNV,2024-04-04 10:23:00,-77.85,40.85,378.0,33.8,33.8,100.0,210.0,4.0,0.0,29.41,,1.0,,OVC,,,,100.0,,,,BR BCFG,,,,,,,29.52,KUNV 041423Z 21004KT 1SM R24/P6000FT BR BCFG OVC001 01/01 A2941,,2.057776,0.9999999999999984,8.0
UNV,2024-04-04 10:40:00,-77.85,40.85,378.0,35.6,35.6,100.0,170.0,3.0,0.0,29.41,,2.0,,BKN,OVC,,,100.0,200.0,,,BR BCFG,,,,,,,32.8,KUNV 041440Z 17003KT 2SM BR BCFG BKN001 OVC002 02/02 A2941,,1.543332,2.000000000000001,8.0
UNV,2024-04-04 10:53:00,-77.85,40.85,378.0,35.6,35.6,100.0,0.0,0.0,0.0,29.41,,3.0,,BKN,OVC,,,300.0,600.0,,,BR,,,,,,,35.6,KUNV 041453Z 00000KT 3SM BR BKN003 OVC006 02/02 A2941,,0.0,2.000000000000001,8.0
UNV,2024-04-04 11:53:00,-77.85,40.85,378.0,37.4,37.4,100.0,210.0,4.0,0.0,29.42,,10.0,,SCT,BKN,BKN,OVC,500.0,1200.0,2900.0,4700.0,,,,,,,,33.73,KUNV 041553Z 21004KT 10SM SCT005 BKN012 BKN029 OVC047 03/03 A2942,,2.057776,2.999999999999999,6.0
UNV,2024-04-04 12:53:00,-77.85,40.85,378.0,39.2,39.2,100.0,320.0,5.0,0.0,29.42,,7.0,,BKN,BKN,OVC,,1300.0,2100.0,3200.0,,-DZ,,,,,,,34.95,KUNV 041653Z 32005KT 7SM -DZ BKN013 BKN021 OVC032 04/04 A2942,,2.57222,4.000000000000002,8.0
UNV,2024-04-04 13:53:00,-77.85,40.85,378.0,39.2,35.6,86.79,0.0,0.0,0.0,29.43,,10.0,,SCT,SCT,BKN,,800.0,1100.0,2000.0,,VCSH,,,,,,,39.2,KUNV 041753Z 00000KT 10SM VCSH SCT008 SCT011 BKN020 04/02 A2943,,0.0,4.000000000000002,6.0
UNV,2024-04-04 14:53:00,-77.85,40.85,378.0,44.6,35.6,70.48,330.0,6.0,0.0,29.42,,10.0,,SCT,BKN,BKN,,1900.0,2900.0,3400.0,,VCSH,,,,,,,40.71,KUNV 041853Z 33006KT 10SM VCSH SCT019 BKN029 BKN034 07/02 A2942,,3.086664,7.000000000000001,6.0
UNV,2024-04-04 15:53:00,-77.85,40.85,378.0,44.6,37.4,75.68,270.0,9.0,0.0,29.43,,10.0,,SCT,SCT,BKN,,2100.0,3400.0,4500.0,,VCSH,,,,,,,39.18,KUNV 041953Z 27009KT 10SM VCSH SCT021 SCT034 BKN045 07/03 A2943,,4.629996,7.000000000000001,6.0
UNV,2024-04-04 16:53:00,-77.85,40.85,378.0,44.6,33.8,65.61,280.0,6.0,0.0,29.44,,10.0,,SCT,,,,6000.0,,,,,,,,,,,40.71,KUNV 042053Z 28006KT 10SM SCT060 07/01 A2944,,3.086664,7.000000000000001,4.0
UNV,2024-04-04 17:53:00,-77.85,40.85,378.0,46.4,33.8,61.28,260.0,14.0,0.0,29.46,,10.0,,SCT,,,,6000.0,,,,VCSH,,,,,,,39.72,KUNV 042153Z 26014KT 10SM VCSH SCT060 08/01 A2946,,7.202216,8.0,4.0
UNV,2024-04-04 18:53:00,-77.85,40.85,378.0,44.6,32.0,61.03,280.0,11.0,0.0,29.49,,10.0,,SCT,SCT,,,4700.0,5500.0,,,VCSH,,,,,,,38.39,KUNV 042253Z 28011KT 10SM VCSH SCT047 SCT055 07/00 A2949,,5.6588840000000005,7.000000000000001,4.0
UNV,2024-04-04 19:53:00,-77.85,40.85,378.0,39.2,35.6,86.79,310.0,8.0,0.0,29.52,,10.0,,SCT,BKN,BKN,,2000.0,4400.0,6000.0,,-RA,,,,,,,32.98,KUNV 042353Z 31008KT 10SM -RA SCT020 BKN044 BKN060 04/02 A2952,,4.115552,4.000000000000002,6.0
UNV,2024-04-04 20:53:00,-77.85,40.85,378.0,37.4,33.8,86.69,250.0,4.0,0.0,29.55,,10.0,,SCT,SCT,,,2000.0,2900.0,,,,,,,,,,33.73,KUNV 050053Z 25004KT 10SM SCT020 SCT029 03/01 A2955,,2.057776,2.999999999999999,4.0
UNV,2024-04-04 21:53:00,-77.85,40.85,378.0,39.2,33.8,80.79,320.0,10.0,0.0,29.58,,10.0,,BKN,OVC,,,2200.0,2700.0,,,,,,,,,,32.0,KUNV 050153Z COR 32010KT 10SM BKN022 OVC027 04/01 A2958,,5.14444,4.000000000000002,8.0
UNV,2024-04-04 22:15:00,-77.85,40.85,378.0,39.2,34.3,82.42,0.0,0.0,0.0,29.59,,10.0,,SCT,BKN,OVC,,1800.0,2700.0,3900.0,,DZ,,,,,,,39.2,KUNV 050215Z AUTO 00000KT 10SM DZ SCT018 BKN027 OVC039 04/01 A2959 RMK AO2 T00400013,,0.0,4.000000000000002,8.0
UNV,2024-04-04 22:35:00,-77.85,40.85,378.0,38.7,35.0,86.42,0.0,0.0,0.0,29.59,,10.0,,SCT,BKN,OVC,,1800.0,4000.0,4600.0,,,,,,,,,38.7,KUNV 050235Z AUTO 00000KT 10SM SCT018 BKN040 OVC046 04/02 A2959 RMK AO2 T00370016,,0.0,3.7222222222222237,8.0
UNV,2024-04-04 22:55:00,-77.85,40.85,378.0,38.7,34.0,83.05,270.0,3.0,0.0,29.59,,10.0,,BKN,OVC,,,4400.0,7500.0,,,,,,,,,,36.35,KUNV 050255Z AUTO 27003KT 10SM BKN044 OVC075 04/01 A2959 RMK AO2 T00370012,,1.543332,3.7222222222222237,8.0
UNV,2024-04-04 23:15:00,-77.85,40.85,378.0,38.3,34.7,86.74,0.0,0.0,0.0,29.59,,10.0,,BKN,OVC,,,2800.0,4500.0,,,,,,,,,,38.3,KUNV 050315Z AUTO 00000KT 10SM BKN028 OVC045 04/02 A2959 RMK AO2 T00350015,,0.0,3.4999999999999982,8.0
UNV,2024-04-04 23:35:00,-77.85,40.85,378.0,38.3,33.8,83.68,270.0,6.0,0.0,29.6,,10.0,,SCT,BKN,BKN,,2100.0,2800.0,4400.0,,,,,,,,,33.12,KUNV 050335Z AUTO 27006KT 10SM SCT021 BKN028 BKN044 04/01 A2960 RMK AO2 T00350010,,3.086664,3.4999999999999982,6.0
UNV,2024-04-04 23:55:00,-77.85,40.85,378.0,38.3,33.4,82.36,290.0,7.0,0.0,29.6,,10.0,,SCT,SCT,BKN,,2100.0,4600.0,6500.0,,,,,,,,,32.46,KUNV 050355Z AUTO 29007KT 10SM SCT021 SCT046 BKN065 04/01 A2960 RMK AO2 T00350008,,3.601108,3.4999999999999982,6.0
UNV,2024-04-05 00:15:00,-77.85,40.85,378.0,38.3,33.8,83.68,280.0,6.0,0.0,29.6,,10.0,,SCT,BKN,OVC,,1900.0,3500.0,6500.0,,-DZ,,,,,,,33.12,KUNV 050415Z AUTO 28006KT 10SM -DZ SCT019 BKN035 OVC065 04/01 A2960 RMK AO2 T00350010,,3.086664,3.4999999999999982,8.0
UNV,2024-04-05 00:35:00,-77.85,40.85,378.0,38.0,34.7,87.77,0.0,0.0,0.0,29.61,,10.0,,SCT,BKN,OVC,,1900.0,3200.0,12000.0,,,,,,,,,38.0,KUNV 050435Z AUTO 00000KT 10SM SCT019 BKN032 OVC120 03/02 A2961 RMK AO2 T00330015,,0.0,3.3333333333333335,8.0
UNV,2024-04-05 00:55:00,-77.85,40.85,378.0,38.0,35.2,89.53,280.0,9.0,0.0,29.61,,10.0,,SCT,BKN,OVC,,1700.0,2300.0,6500.0,,DZ,,,,,,,30.97,KUNV 050455Z AUTO 28009KT 10SM DZ SCT017 BKN023 OVC065 03/02 A2961 RMK AO2 T00330018,,4.629996,3.3333333333333335,8.0
UNV,2024-04-05 01:15:00,-77.85,40.85,378.0,37.8,35.6,91.68,280.0,3.0,0.0,29.61,,10.0,,SCT,BKN,OVC,,1300.0,2100.0,4600.0,,,,,,,,,35.32,KUNV 050515Z AUTO 28003KT 10SM SCT013 BKN021 OVC046 03/02 A2961 RMK AO2 T00320020,,1.543332,3.2222222222222205,8.0
UNV,2024-04-05 01:35:00,-77.85,40.85,378.0,37.8,33.6,84.66,0.0,0.0,0.0,29.62,,10.0,,SCT,BKN,OVC,,2000.0,3600.0,7000.0,,,,,,,,,37.8,KUNV 050535Z AUTO 00000KT 10SM SCT020 BKN036 OVC070 03/01 A2962 RMK AO2 T00320009,,0.0,3.2222222222222205,8.0
UNV,2024-04-05 01:55:00,-77.85,40.85,378.0,37.6,32.0,80.02,300.0,8.0,0.0,29.62,,10.0,15.0,SCT,BKN,OVC,,2100.0,3600.0,12000.0,,,,,,,,,31.01,KUNV 050555Z AUTO 30008G15KT 10SM SCT021 BKN036 OVC120 03/00 A2962 RMK AO2 T00310000 10040 20031,,4.115552,3.111111111111112,8.0
UNV,2024-04-05 02:15:00,-77.85,40.85,378.0,37.6,32.0,80.02,0.0,0.0,0.0,29.62,,10.0,,BKN,BKN,OVC,,2100.0,3800.0,12000.0,,,,,,,,,37.6,KUNV 050615Z AUTO 00000KT 10SM BKN021 BKN038 OVC120 03/00 A2962 RMK AO2 T00310000,,0.0,3.111111111111112,8.0
UNV,2024-04-05 02:35:00,-77.85,40.85,378.0,37.4,32.0,80.65,0.0,0.0,0.0,29.63,,10.0,,BKN,OVC,,,2000.0,2400.0,,,,,,,,,,37.4,KUNV 050635Z AUTO 00000KT 10SM BKN020 OVC024 03/00 A2963 RMK AO2 T00300001,,0.0,2.999999999999999,8.0
UNV,2024-04-05 02:55:00,-77.85,40.85,378.0,37.4,32.0,80.65,0.0,0.0,0.0,29.63,,10.0,,BKN,OVC,,,1600.0,2100.0,,,,,,,,,,37.4,KUNV 050655Z AUTO 00000KT 10SM BKN016 OVC021 03/00 A2963 RMK AO2 T00300001,,0.0,2.999999999999999,8.0
UNV,2024-04-05 03:15:00,-77.85,40.85,378.0,36.7,32.0,82.91,0.0,0.0,0.0,29.64,,10.0,,BKN,BKN,OVC,,1800.0,2800.0,3400.0,,-DZ,,,,,,,36.7,KUNV 050715Z AUTO 00000KT 10SM -DZ BKN018 BKN028 OVC034 03/00 A2964 RMK AO2 T00260000,,0.0,2.6111111111111125,8.0
UNV,2024-04-05 03:35:00,-77.85,40.85,378.0,36.3,31.5,82.54,0.0,0.0,0.0,29.64,,10.0,,SCT,BKN,OVC,,2000.0,4300.0,7000.0,,-DZ,,,,,,,36.3,KUNV 050735Z AUTO 00000KT 10SM -DZ SCT020 BKN043 OVC070 02/00 A2964 RMK AO2 T00241003,,0.0,2.3888888888888875,8.0
UNV,2024-04-05 03:55:00,-77.85,40.85,378.0,36.0,31.5,83.53,0.0,0.0,0.0,29.63,,10.0,,SCT,BKN,OVC,,1700.0,2200.0,7000.0,,DZ,,,,,,,36.0,KUNV 050755Z AUTO 00000KT 10SM DZ SCT017 BKN022 OVC070 02/00 A2963 RMK AO2 T00221003,,0.0,2.2222222222222223,8.0
UNV,2024-04-05 04:15:00,-77.85,40.85,378.0,35.6,30.0,79.86,330.0,4.0,0.0,29.63,,10.0,,SCT,SCT,OVC,,1700.0,4700.0,5000.0,,-SN,,,,,,,31.62,KUNV 050815Z AUTO 33004KT 10SM -SN SCT017 SCT047 OVC050 02/M01 A2963 RMK AO2 T00201011,,2.057776,2.000000000000001,8.0
UNV,2024-04-05 04:35:00,-77.85,40.85,378.0,35.6,30.7,82.16,0.0,0.0,0.0,29.63,,10.0,,BKN,OVC,,,4600.0,6000.0,,,,,,,,,,35.6,KUNV 050835Z AUTO 00000KT 10SM BKN046 OVC060 02/M01 A2963 RMK AO2 T00201007,,0.0,2.000000000000001,8.0
UNV,2024-04-05 04:55:00,-77.85,40.85,378.0,35.6,31.0,83.16,310.0,3.0,0.0,29.64,,10.0,,SCT,OVC,,,2100.0,4400.0,,,,,,,,,,32.8,KUNV 050855Z AUTO 31003KT 10SM SCT021 OVC044 02/M01 A2964 RMK AO2 T00201006,,1.543332,2.000000000000001,8.0
UNV,2024-04-05 05:15:00,-77.85,40.85,378.0,35.8,29.5,77.63,290.0,3.0,0.0,29.64,,10.0,,OVC,,,,4400.0,,,,,,,,,,,33.03,KUNV 050915Z AUTO 29003KT 10SM OVC044 02/M01 A2964 RMK AO2 T00211014,,1.543332,2.1111111111111094,8.0
UNV,2024-04-05 05:35:00,-77.85,40.85,378.0,35.4,29.5,78.87,310.0,3.0,0.0,29.64,,10.0,,BKN,BKN,OVC,,4200.0,5000.0,6000.0,,,,,,,,,32.58,KUNV 050935Z AUTO 31003KT 10SM BKN042 BKN050 OVC060 02/M01 A2964 RMK AO2 T00191014,,1.543332,1.8888888888888882,8.0
UNV,2024-04-05 05:53:00,-77.85,40.85,378.0,35.6,28.4,74.8,300.0,7.0,0.0,29.64,,10.0,,BKN,,,,4400.0,,,,,,,,,,,29.17,KUNV 050953Z 30007KT 10SM BKN044 02/M02 A2964,,3.601108,2.000000000000001,6.0
UNV,2024-04-05 06:53:00,-77.85,40.85,378.0,35.6,30.2,80.51,310.0,6.0,0.0,29.66,,10.0,,BKN,OVC,,,4000.0,4900.0,,,VCSH,,,,,,,29.87,KUNV 051053Z 31006KT 10SM VCSH BKN040 OVC049 02/M01 A2966,,3.086664,2.000000000000001,8.0
UNV,2024-04-05 07:16:00,-77.85,40.85,378.0,35.6,30.2,80.51,330.0,6.0,0.0,29.67,,7.0,,SCT,OVC,,,2000.0,4700.0,,,-SN,,,,,,,29.87,KUNV 051116Z 33006KT 7SM -SN SCT020 OVC047 02/M01 A2967,,3.086664,2.000000000000001,8.0
UNV,2024-04-05 07:53:00,-77.85,40.85,378.0,35.6,30.2,80.51,330.0,9.0,0.0,29.68,,7.0,,SCT,OVC,,,2000.0,4300.0,,,-SN,,,,,,,27.99,KUNV 051153Z 33009KT 7SM -SN SCT020 OVC043 02/M01 A2968,,4.629996,2.000000000000001,8.0
UNV,2024-04-05 08:53:00,-77.85,40.85,378.0,35.6,30.2,80.51,320.0,6.0,0.0,29.7,,4.0,,SCT,BKN,OVC,,2000.0,3700.0,4300.0,,-SN,,,,,,,29.87,KUNV 051253Z 32006KT 4SM -SN SCT020 BKN037 OVC043 02/M01 A2970,,3.086664,2.000000000000001,8.0
UNV,2024-04-05 09:53:00,-77.85,40.85,378.0,37.4,28.4,69.67,330.0,7.0,0.0,29.71,,10.0,,BKN,,,,2000.0,,,,,,,,,,,31.36,KUNV 051353Z 33007KT 10SM BKN020 03/M02 A2971,,3.601108,2.999999999999999,6.0
UNV,2024-04-05 10:53:00,-77.85,40.85,378.0,37.4,26.6,64.7,320.0,10.0,0.0,29.71,,10.0,15.0,SCT,BKN,,,2900.0,3400.0,,,,,,,,,,29.74,KUNV 051453Z 32010G15KT 10SM SCT029 BKN034 03/M03 A2971,,5.14444,2.999999999999999,6.0
UNV,2024-04-05 11:53:00,-77.85,40.85,378.0,39.2,26.6,60.29,310.0,12.0,0.0,29.72,,10.0,16.0,SCT,BKN,OVC,,3300.0,4200.0,5000.0,,,,,,,,,31.17,KUNV 051553Z 31012G16KT 10SM SCT033 BKN042 OVC050 04/M03 A2972,,6.173328,4.000000000000002,8.0
UNV,2024-04-05 12:53:00,-77.85,40.85,378.0,39.2,24.8,55.95,310.0,8.0,0.0,29.74,,10.0,,BKN,BKN,OVC,,3300.0,4200.0,5000.0,,,,,,,,,32.98,KUNV 051653Z 31008KT 10SM BKN033 BKN042 OVC050 04/M04 A2974,,4.115552,4.000000000000002,8.0
UNV,2024-04-05 13:53:00,-77.85,40.85,378.0,37.4,23.0,55.68,310.0,8.0,0.0,29.74,,10.0,16.0,OVC,,,,4000.0,,,,,,,,,,,30.76,KUNV 051753Z 31008G16KT 10SM OVC040 03/M05 A2974,,4.115552,2.999999999999999,8.0
UNV,2024-04-05 14:53:00,-77.85,40.85,378.0,39.2,26.6,60.29,280.0,13.0,0.0,29.75,,10.0,,SCT,OVC,,,5500.0,6500.0,,,,,,,,,,30.79,KUNV 051853Z 28013KT 250V310 10SM SCT055 OVC065 04/M03 A2975,,6.687772,4.000000000000002,8.0
UNV,2024-04-05 15:53:00,-77.85,40.85,378.0,41.0,26.6,56.22,290.0,9.0,0.0,29.76,,10.0,,SCT,BKN,OVC,,4300.0,5500.0,7000.0,,,,,,,,,34.7,KUNV 051953Z 29009KT 10SM SCT043 BKN055 OVC070 05/M03 A2976,,4.629996,5.0,8.0
UNV,2024-04-05 16:53:00,-77.85,40.85,378.0,41.0,26.6,56.22,330.0,9.0,0.0,29.78,,10.0,14.0,BKN,BKN,OVC,,4600.0,6500.0,7500.0,,,,,,,,,34.7,KUNV 052053Z 33009G14KT 290V360 10SM BKN046 BKN065 OVC075 05/M03 A2978,,4.629996,5.0,8.0
UNV,2024-04-05 17:53:00,-77.85,40.85,378.0,39.2,23.0,51.89,300.0,15.0,0.0,29.81,,10.0,20.0,SCT,BKN,,,4300.0,5000.0,,,,,,,,,,30.11,KUNV 052153Z 30015G20KT 10SM SCT043 BKN050 04/M05 A2981,,7.71666,4.000000000000002,6.0
UNV,2024-04-05 18:53:00,-77.85,40.85,378.0,39.2,23.0,51.89,300.0,16.0,0.0,29.82,,10.0,22.0,SCT,,,,4200.0,,,,,,,,,,,29.8,KUNV 052253Z 30016G22KT 10SM SCT042 04/M05 A2982,,8.231104,4.000000000000002,4.0
UNV,2024-04-05 19:53:00,-77.85,40.85,378.0,37.4,24.8,60.04,310.0,11.0,0.0,29.84,,10.0,16.0,SCT,SCT,,,3900.0,4600.0,,,,,,,,,,29.29,KUNV 052353Z 31011G16KT 10SM SCT039 SCT046 03/M04 A2984,,5.6588840000000005,2.999999999999999,4.0
UNV,2024-04-05 20:53:00,-77.85,40.85,378.0,37.4,24.8,60.04,290.0,6.0,0.0,29.86,,10.0,12.0,SCT,BKN,,,3900.0,5000.0,,,,,,,,,,32.03,KUNV 060053Z 29006G12KT 10SM SCT039 BKN050 03/M04 A2986,,3.086664,2.999999999999999,6.0
UNV,2024-04-05 21:53:00,-77.85,40.85,378.0,37.4,24.8,60.04,320.0,8.0,0.0,29.87,,10.0,16.0,SCT,BKN,,,3500.0,5000.0,,,,,,,,,,30.76,KUNV 060153Z 32008G16KT 10SM SCT035 BKN050 03/M04 A2987,,4.115552,2.999999999999999,6.0
UNV,2024-04-05 22:15:00,-77.85,40.85,378.0,37.0,25.7,63.32,300.0,4.0,0.0,29.88,,10.0,,BKN,BKN,,,3500.0,4800.0,,,,,,,,,,33.26,KUNV 060215Z AUTO 30004KT 10SM BKN035 BKN048 03/M03 A2988 RMK AO2 T00271035,,2.057776,2.7777777777777777,6.0
UNV,2024-04-05 22:35:00,-77.85,40.85,378.0,37.0,26.0,64.11,300.0,6.0,0.0,29.88,,10.0,,OVC,,,,3300.0,,,,,,,,,,,31.55,KUNV 060235Z AUTO 30006KT 10SM OVC033 03/M03 A2988 RMK AO2 T00271033,,3.086664,2.7777777777777777,8.0
UNV,2024-04-05 22:55:00,-77.85,40.85,378.0,37.0,26.2,64.64,290.0,7.0,0.0,29.88,,10.0,,OVC,,,,3300.0,,,,,,,,,,,30.87,KUNV 060255Z AUTO 29007KT 10SM OVC033 03/M03 A2988 RMK AO2 T00271032,,3.601108,2.7777777777777777,8.0
UNV,2024-04-05 23:15:00,-77.85,40.85,378.0,36.7,26.4,65.96,300.0,5.0,0.0,29.88,,10.0,17.0,BKN,BKN,BKN,,3100.0,3700.0,12000.0,,,,,,,,,31.98,KUNV 060315Z AUTO 30005G17KT 10SM BKN031 BKN037 BKN120 03/M03 A2988 RMK AO2 T00261031,,2.57222,2.6111111111111125,6.0
UNV,2024-04-05 23:35:00,-77.85,40.85,378.0,36.0,26.6,68.37,290.0,6.0,0.0,29.88,,10.0,,SCT,SCT,,,2800.0,3700.0,,,,,,,,,,30.35,KUNV 060335Z AUTO 29006KT 10SM SCT028 SCT037 02/M03 A2988 RMK AO2 T00231030,,3.086664,2.2222222222222223,4.0
UNV,2024-04-05 23:55:00,-77.85,40.85,378.0,36.0,27.3,70.37,300.0,7.0,0.0,29.89,,10.0,,SCT,BKN,BKN,,2600.0,3100.0,3800.0,,,,,,,,,29.65,KUNV 060355Z AUTO 30007KT 10SM SCT026 BKN031 BKN038 02/M03 A2989 RMK AO2 T00221026,,3.601108,2.2222222222222223,6.0
UNV,2024-04-06 00:15:00,-77.85,40.85,378.0,35.8,27.5,71.52,300.0,10.0,0.0,29.89,,10.0,15.0,SCT,SCT,BKN,,2500.0,3000.0,4400.0,,,,,,,,,27.73,KUNV 060415Z AUTO 30010G15KT 270V340 10SM SCT025 SCT030 BKN044 02/M02 A2989 RMK AO2 T00211025,,5.14444,2.1111111111111094,6.0
UNV,2024-04-06 00:35:00,-77.85,40.85,378.0,35.8,27.5,71.52,300.0,8.0,0.0,29.88,,10.0,,SCT,,,,4100.0,,,,,,,,,,,28.79,KUNV 060435Z AUTO 30008KT 10SM SCT041 02/M02 A2988 RMK AO2 T00211025,,4.115552,2.1111111111111094,4.0
UNV,2024-04-06 00:55:00,-77.85,40.85,378.0,35.6,28.0,73.59,310.0,8.0,0.0,29.88,,10.0,14.0,SCT,SCT,,,2300.0,3900.0,,,,,,,,,,28.55,KUNV 060455Z AUTO 31008G14KT 10SM SCT023 SCT039 02/M02 A2988 RMK AO2 T00201023,,4.115552,2.000000000000001,4.0
UNV,2024-04-06 01:15:00,-77.85,40.85,378.0,35.6,28.0,73.59,300.0,9.0,0.0,29.88,,10.0,,SCT,,,,5000.0,,,,,,,,,,,27.99,KUNV 060515Z AUTO 30009KT 10SM SCT050 02/M02 A2988 RMK AO2 T00201023,,4.629996,2.000000000000001,4.0
UNV,2024-04-06 01:35:00,-77.85,40.85,378.0,35.8,28.0,73.01,310.0,6.0,0.0,29.88,,10.0,17.0,CLR,,,,,,,,,,,,,,,30.11,KUNV 060535Z AUTO 31006G17KT 10SM CLR 02/M02 A2988 RMK AO2 T00211022,,3.086664,2.1111111111111094,0.0
UNV,2024-04-06 01:55:00,-77.85,40.85,378.0,35.8,28.4,74.21,310.0,9.0,0.0,29.88,,10.0,,SCT,,,,4400.0,,,,,,,,,,,28.24,KUNV 060555Z AUTO 31009KT 280V340 10SM SCT044 02/M02 A2988 RMK AO2 T00211020 10030 20018,,4.629996,2.1111111111111094,4.0
UNV,2024-04-06 02:15:00,-77.85,40.85,378.0,35.8,28.4,74.21,310.0,7.0,0.0,29.88,,10.0,,CLR,,,,,,,,,,,,,,,29.41,KUNV 060615Z AUTO 31007KT 10SM CLR 02/M02 A2988 RMK AO2 T00211020,,3.601108,2.1111111111111094,0.0
UNV,2024-04-06 02:35:00,-77.85,40.85,378.0,35.8,28.4,74.21,290.0,11.0,0.0,29.88,,10.0,20.0,SCT,SCT,,,2800.0,4600.0,,,,,,,,,,27.27,KUNV 060635Z AUTO 29011G20KT 10SM SCT028 SCT046 02/M02 A2988 RMK AO2 T00211020,,5.6588840000000005,2.1111111111111094,4.0
UNV,2024-04-06 02:55:00,-77.85,40.85,378.0,36.0,28.8,74.84,300.0,8.0,0.0,29.88,,10.0,16.0,CLR,,,,,,,,,,,,,,,29.04,KUNV 060655Z AUTO 30008G16KT 290V350 10SM CLR 02/M02 A2988 RMK AO2 T00221018,,4.115552,2.2222222222222223,0.0
UNV,2024-04-06 03:15:00,-77.85,40.85,378.0,36.0,29.0,75.46,300.0,11.0,0.0,29.88,,10.0,17.0,CLR,,,,,,,,,,,,,,,27.52,KUNV 060715Z AUTO 30011G17KT 10SM CLR 02/M02 A2988 RMK AO2 T00221017,,5.6588840000000005,2.2222222222222223,0.0
UNV,2024-04-06 03:35:00,-77.85,40.85,378.0,36.5,29.3,74.89,300.0,11.0,0.0,29.88,,10.0,22.0,CLR,,,,,,,,,,,,,,,28.15,KUNV 060735Z AUTO 30011G22KT 10SM CLR 03/M01 A2988 RMK AO2 T00251015,,5.6588840000000005,2.5,0.0
UNV,2024-04-06 03:55:00,-77.85,40.85,378.0,36.5,29.3,74.89,290.0,13.0,0.0,29.88,,10.0,16.0,SCT,SCT,SCT,,2400.0,3300.0,5000.0,,,,,,,,,27.33,KUNV 060755Z AUTO 29013G16KT 10SM SCT024 SCT033 SCT050 03/M01 A2988 RMK AO2 T00251015,,6.687772,2.5,4.0
UNV,2024-04-06 04:15:00,-77.85,40.85,378.0,36.5,30.0,77.06,300.0,9.0,0.0,29.88,,10.0,17.0,BKN,BKN,BKN,,2100.0,2900.0,4000.0,,,,,,,,,29.11,KUNV 060815Z AUTO 30009G17KT 10SM BKN021 BKN029 BKN040 03/M01 A2988 RMK AO2 T00251011,,4.629996,2.5,6.0
UNV,2024-04-06 04:35:00,-77.85,40.85,378.0,36.7,30.2,77.08,290.0,14.0,0.0,29.89,,10.0,19.0,BKN,BKN,BKN,,2100.0,2600.0,3800.0,,,,,,,,,27.22,KUNV 060835Z AUTO 29014G19KT 10SM BKN021 BKN026 BKN038 03/M01 A2989 RMK AO2 T00261010,,7.202216,2.6111111111111125,6.0
UNV,2024-04-06 04:55:00,-77.85,40.85,378.0,37.0,30.6,77.42,300.0,5.0,0.0,29.89,,10.0,,BKN,BKN,BKN,,2100.0,3800.0,4300.0,,,,,,,,,32.33,KUNV 060855Z AUTO 30005KT 10SM BKN021 BKN038 BKN043 03/M01 A2989 RMK AO2 T00271008,,2.57222,2.7777777777777777,6.0
UNV,2024-04-06 05:15:00,-77.85,40.85,378.0,36.5,30.2,77.69,300.0,7.0,0.0,29.89,,10.0,,BKN,OVC,,,2300.0,2900.0,,,,,,,,,,30.26,KUNV 060915Z AUTO 30007KT 10SM BKN023 OVC029 03/M01 A2989 RMK AO2 T00251010,,3.601108,2.5,8.0
UNV,2024-04-06 05:35:00,-77.85,40.85,378.0,37.0,30.2,76.17,310.0,9.0,0.0,29.9,,10.0,15.0,BKN,,,,2300.0,,,,,,,,,,,29.73,KUNV 060935Z AUTO 31009G15KT 270V330 10SM BKN023 03/M01 A2990 RMK AO2 T00271010,,4.629996,2.7777777777777777,6.0
UNV,2024-04-06 05:53:00,-77.85,40.85,378.0,37.4,30.2,74.98,310.0,5.0,0.0,29.91,,10.0,14.0,BKN,BKN,,,2300.0,2800.0,,,,,,,,,,32.81,KUNV 060953Z 31005G14KT 10SM BKN023 BKN028 03/M01 A2991,,2.57222,2.999999999999999,6.0
UNV,2024-04-06 06:53:00,-77.85,40.85,378.0,37.4,30.2,74.98,330.0,9.0,0.0,29.93,,10.0,16.0,BKN,,,,2300.0,,,,,,,,,,,30.23,KUNV 061053Z 33009G16KT 270V010 10SM BKN023 03/M01 A2993,,4.629996,2.999999999999999,6.0
UNV,2024-04-06 07:53:00,-77.85,40.85,378.0,37.4,32.0,80.65,320.0,8.0,0.0,29.93,,10.0,17.0,BKN,,,,2300.0,,,,,,,,,,,30.76,KUNV 061153Z 32008G17KT 290V010 10SM BKN023 03/00 A2993,,4.115552,2.999999999999999,6.0
UNV,2024-04-06 08:53:00,-77.85,40.85,378.0,39.2,32.0,75.16,320.0,6.0,0.0,29.95,,10.0,,BKN,BKN,,,2100.0,2700.0,,,,,,,,,,34.2,KUNV 061253Z 32006KT 10SM BKN021 BKN027 04/00 A2995,,3.086664,4.000000000000002,6.0
UNV,2024-04-06 09:53:00,-77.85,40.85,378.0,41.0,32.0,70.08,330.0,8.0,0.0,29.96,,10.0,,SCT,BKN,,,2500.0,3300.0,,,,,,,,,,35.2,KUNV 061353Z 33008KT 10SM SCT025 BKN033 05/00 A2996,,4.115552,5.0,6.0
UNV,2024-04-06 10:53:00,-77.85,40.85,378.0,42.8,32.0,65.38,320.0,9.0,0.0,29.98,,10.0,19.0,SCT,SCT,BKN,,2900.0,3300.0,4300.0,,,,,,,,,36.94,KUNV 061453Z 32009G19KT 10SM SCT029 SCT033 BKN043 06/00 A2998,,4.629996,5.999999999999998,6.0
UNV,2024-04-06 11:53:00,-77.85,40.85,378.0,44.6,30.2,56.74,360.0,12.0,0.0,29.96,,10.0,24.0,SCT,BKN,,,3500.0,4300.0,,,,,,,,,,38.04,KUNV 061553Z 36012G24KT 10SM SCT035 BKN043 07/M01 A2996,,6.173328,7.000000000000001,6.0
UNV,2024-04-06 12:53:00,-77.85,40.85,378.0,48.2,30.2,49.53,360.0,13.0,0.0,29.95,,10.0,24.0,BKN,BKN,,,4600.0,6000.0,,,,,,,,,,42.32,KUNV 061653Z 36013G24KT 10SM BKN046 BKN060 09/M01 A2995,,6.687772,9.000000000000002,6.0
UNV,2024-04-06 13:53:00,-77.85,40.85,378.0,48.2,28.4,46.02,340.0,12.0,0.0,29.95,,10.0,18.0,OVC,,,,5000.0,,,,,,,,,,,42.62,KUNV 061753Z 34012G18KT 10SM OVC050 09/M02 A2995,,6.173328,9.000000000000002,8.0
UNV,2024-04-06 14:53:00,-77.85,40.85,378.0,48.2,28.4,46.02,340.0,9.0,0.0,29.95,,10.0,20.0,BKN,,,,5000.0,,,,,,,,,,,43.66,KUNV 061853Z 34009G20KT 10SM BKN050 09/M02 A2995,,4.629996,9.000000000000002,6.0
UNV,2024-04-06 15:53:00,-77.85,40.85,378.0,50.0,28.4,43.03,320.0,10.0,0.0,29.94,,10.0,20.0,BKN,,,,6000.0,,,,,,,,,,,50.0,KUNV 061953Z 32010G20KT 290V010 10SM BKN060 10/M02 A2994,,5.14444,10.0,6.0
UNV,2024-04-06 16:53:00,-77.85,40.85,378.0,51.8,28.4,40.25,320.0,12.0,0.0,29.93,,10.0,22.0,BKN,,,,6000.0,,,,,,,,,,,51.8,KUNV 062053Z 32012G22KT 10SM BKN060 11/M02 A2993,,6.173328,10.999999999999998,6.0
UNV,2024-04-06 17:53:00,-77.85,40.85,378.0,51.8,26.6,37.38,340.0,6.0,0.0,29.93,,10.0,,BKN,,,,6000.0,,,,,,,,,,,51.8,KUNV 062153Z 34006KT 10SM BKN060 11/M03 A2993,,3.086664,10.999999999999998,6.0
UNV,2024-04-06 18:53:00,-77.85,40.85,378.0,51.8,26.6,37.38,330.0,11.0,0.0,29.94,,10.0,16.0,SCT,,,,6000.0,,,,,,,,,,,51.8,KUNV 062253Z 33011G16KT 10SM SCT060 11/M03 A2994,,5.6588840000000005,10.999999999999998,4.0
UNV,2024-04-06 19:53:00,-77.85,40.85,378.0,50.0,24.8,37.08,350.0,9.0,0.0,29.97,,10.0,15.0,FEW,,,,6000.0,,,,,,,,,,,50.0,KUNV 062353Z 35009G15KT 10SM FEW060 10/M04 A2997,,4.629996,10.0,2.0
UNV,2024-04-06 20:53:00,-77.85,40.85,378.0,48.2,24.8,39.66,350.0,6.0,0.0,29.99,,10.0,,CLR,,,,,,,,,,,,,,,45.04,KUNV 070053Z 35006KT 10SM CLR 09/M04 A2999,,3.086664,9.000000000000002,0.0
UNV,2024-04-06 21:53:00,-77.85,40.85,378.0,46.4,24.8,42.44,340.0,4.0,0.0,30.02,,10.0,,CLR,,,,,,,,,,,,,,,44.24,KUNV 070153Z 34004KT 10SM CLR 08/M04 A3002,,2.057776,8.0,0.0
UNV,2024-04-06 22:15:00,-77.85,40.85,378.0,45.3,25.0,44.61,340.0,4.0,0.0,30.02,,10.0,,CLR,,,,,,,,,,,,,,,42.95,KUNV 070215Z AUTO 34004KT 10SM CLR 07/M04 A3002 RMK AO2 T00741038,,2.057776,7.3888888888888875,0.0
UNV,2024-04-06 22:35:00,-77.85,40.85,378.0,45.3,25.0,44.61,330.0,6.0,0.0,30.03,,10.0,,SCT,,,,7000.0,,,,,,,,,,,41.55,KUNV 070235Z AUTO 33006KT 10SM SCT070 07/M04 A3003 RMK AO2 T00741039,,3.086664,7.3888888888888875,4.0
UNV,2024-04-06 22:55:00,-77.85,40.85,378.0,45.0,24.8,44.75,340.0,4.0,0.0,30.03,,10.0,,SCT,SCT,,,6000.0,7000.0,,,,,,,,,,42.6,KUNV 070255Z AUTO 34004KT 10SM SCT060 SCT070 07/M04 A3003 RMK AO2 T00721040,,2.057776,7.222222222222222,4.0
UNV,2024-04-06 23:15:00,-77.85,40.85,378.0,44.4,24.8,45.78,340.0,5.0,0.0,30.03,,10.0,,SCT,SCT,,,6000.0,7000.0,,,,,,,,,,41.12,KUNV 070315Z AUTO 34005KT 10SM SCT060 SCT070 07/M04 A3003 RMK AO2 T00691040,,2.57222,6.888888888888888,4.0
UNV,2024-04-06 23:35:00,-77.85,40.85,378.0,44.0,24.8,46.49,330.0,7.0,0.0,30.03,,10.0,,CLR,,,,,,,,,,,,,,,39.41,KUNV 070335Z AUTO 33007KT 10SM CLR 07/M04 A3003 RMK AO2 T00661040,,3.601108,6.666666666666667,0.0
UNV,2024-04-06 23:55:00,-77.85,40.85,378.0,43.5,24.8,47.38,330.0,4.0,0.0,30.03,,10.0,,CLR,,,,,,,,,,,,,,,40.85,KUNV 070355Z AUTO 33004KT 10SM CLR 06/M04 A3003 RMK AO2 T00641040,,2.057776,6.388888888888889,0.0
UNV,2024-04-07 00:15:00,-77.85,40.85,378.0,43.0,24.8,48.3,300.0,6.0,0.0,30.04,,10.0,,SCT,SCT,SCT,,5000.0,6000.0,7500.0,,,,,,,,,38.78,KUNV 070415Z AUTO 30006KT 10SM SCT050 SCT060 SCT075 06/M04 A3004 RMK AO2 T00621040,,3.086664,6.111111111111111,4.0
UNV,2024-04-07 00:35:00,-77.85,40.85,378.0,42.6,24.8,49.05,320.0,5.0,0.0,30.04,,10.0,,SCT,SCT,,,5000.0,6500.0,,,,,,,,,,38.98,KUNV 070435Z AUTO 32005KT 10SM SCT050 SCT065 06/M04 A3004 RMK AO2 T00591040,,2.57222,5.888888888888889,4.0
UNV,2024-04-07 00:55:00,-77.85,40.85,378.0,42.0,24.6,49.78,310.0,3.0,0.0,30.04,,10.0,,SCT,,,,5500.0,,,,,,,,,,,40.12,KUNV 070455Z AUTO 31003KT 10SM SCT055 06/M04 A3004 RMK AO2 T00551041,,1.543332,5.555555555555555,4.0
UNV,2024-04-07 01:15:00,-77.85,40.85,378.0,42.0,24.4,49.36,300.0,3.0,0.0,30.04,,10.0,,SCT,,,,5500.0,,,,,,,,,,,40.12,KUNV 070515Z AUTO 30003KT 10SM SCT055 06/M04 A3004 RMK AO2 T00551042,,1.543332,5.555555555555555,4.0
UNV,2024-04-07 01:35:00,-77.85,40.85,378.0,42.0,24.6,49.78,300.0,3.0,0.0,30.04,,10.0,,CLR,,,,,,,,,,,,,,,40.12,KUNV 070535Z AUTO 30003KT 10SM CLR 06/M04 A3004 RMK AO2 T00551041,,1.543332,5.555555555555555,0.0
UNV,2024-04-07 01:55:00,-77.85,40.85,378.0,40.5,24.8,53.19,290.0,4.0,0.0,30.04,,10.0,,SCT,,,,6000.0,,,,,,,,,,,37.35,KUNV 070555Z AUTO 29004KT 10SM SCT060 05/M04 A3004 RMK AO2 T00471040 10094 20047,,2.057776,4.722222222222222,4.0
UNV,2024-04-07 02:15:00,-77.85,40.85,378.0,39.4,24.8,55.52,280.0,6.0,0.0,30.04,,10.0,,SCT,,,,6000.0,,,,,,,,,,,34.44,KUNV 070615Z AUTO 28006KT 10SM SCT060 04/M04 A3004 RMK AO2 T00411040,,3.086664,4.111111111111111,4.0
UNV,2024-04-07 02:35:00,-77.85,40.85,378.0,38.0,25.0,59.13,280.0,3.0,0.0,30.05,,10.0,,CLR,,,,,,,,,,,,,,,35.55,KUNV 070635Z AUTO 28003KT 10SM CLR 03/M04 A3005 RMK AO2 T00341038,,1.543332,3.3333333333333335,0.0
UNV,2024-04-07 02:55:00,-77.85,40.85,378.0,38.7,25.5,58.74,260.0,3.0,0.0,30.04,,10.0,,CLR,,,,,,,,,,,,,,,36.35,KUNV 070655Z AUTO 26003KT 10SM CLR 04/M04 A3004 RMK AO2 T00371036,,1.543332,3.7222222222222237,0.0
UNV,2024-04-07 03:15:00,-77.85,40.85,378.0,38.7,26.2,60.47,270.0,3.0,0.0,30.05,,10.0,,CLR,,,,,,,,,,,,,,,36.35,KUNV 070715Z AUTO 27003KT 10SM CLR 04/M03 A3005 RMK AO2 T00371032,,1.543332,3.7222222222222237,0.0
UNV,2024-04-07 03:35:00,-77.85,40.85,378.0,38.7,26.8,61.99,0.0,0.0,0.0,30.05,,10.0,,CLR,,,,,,,,,,,,,,,38.7,KUNV 070735Z AUTO 00000KT 10SM CLR 04/M03 A3005 RMK AO2 T00371029,,0.0,3.7222222222222237,0.0
UNV,2024-04-07 03:55:00,-77.85,40.85,378.0,38.7,28.0,65.13,270.0,4.0,0.0,30.05,,10.0,,CLR,,,,,,,,,,,,,,,35.24,KUNV 070755Z AUTO 27004KT 10SM CLR 04/M02 A3005 RMK AO2 T00371023,,2.057776,3.7222222222222237,0.0
UNV,2024-04-07 04:15:00,-77.85,40.85,378.0,36.5,28.0,71.01,0.0,0.0,0.0,30.05,,10.0,,CLR,,,,,,,,,,,,,,,36.5,KUNV 070815Z AUTO 00000KT 10SM CLR 03/M02 A3005 RMK AO2 T00251023,,0.0,2.5,0.0
UNV,2024-04-07 04:35:00,-77.85,40.85,378.0,35.6,28.0,73.59,0.0,0.0,0.0,30.05,,10.0,,CLR,,,,,,,,,,,,,,,35.6,KUNV 070835Z AUTO 00000KT 10SM CLR 02/M02 A3005 RMK AO2 T00201023,,0.0,2.000000000000001,0.0
UNV,2024-04-07 04:55:00,-77.85,40.85,378.0,37.0,29.0,72.54,260.0,3.0,0.0,30.06,,10.0,,SCT,,,,6500.0,,,,,,,,,,,34.4,KUNV 070855Z AUTO 26003KT 10SM SCT065 03/M02 A3006 RMK AO2 T00281017,,1.543332,2.7777777777777777,4.0
UNV,2024-04-07 05:15:00,-77.85,40.85,378.0,32.0,27.3,82.57,0.0,0.0,0.0,30.06,,10.0,,CLR,,,,,,,,,,,,,,,32.0,KUNV 070915Z AUTO 00000KT 10SM CLR 00/M03 A3006 RMK AO2 T00011026,,0.0,0.0,0.0
UNV,2024-04-07 05:35:00,-77.85,40.85,378.0,32.5,27.5,81.59,0.0,0.0,0.0,30.07,,10.0,,CLR,,,,,,,,,,,,,,,32.5,KUNV 070935Z AUTO 00000KT 10SM CLR 00/M02 A3007 RMK AO2 T00031025,,0.0,0.2777777777777778,0.0
UNV,2024-04-07 05:53:00,-77.85,40.85,378.0,33.8,28.4,80.36,0.0,0.0,0.0,30.08,,10.0,,CLR,,,,,,,,,,,,,,,33.8,KUNV 070953Z 00000KT 10SM CLR 01/M02 A3008,,0.0,0.9999999999999984,0.0
UNV,2024-04-07 06:53:00,-77.85,40.85,378.0,32.0,28.4,86.39,0.0,0.0,0.0,30.1,,10.0,,SCT,,,,8000.0,,,,,,,,,,,32.0,KUNV 071053Z 00000KT 10SM SCT080 00/M02 A3010,,0.0,0.0,4.0
UNV,2024-04-07 07:53:00,-77.85,40.85,378.0,35.6,32.0,86.59,0.0,0.0,0.0,30.12,,10.0,,SCT,,,,6000.0,,,,,,,,,,,35.6,KUNV 071153Z 00000KT 10SM SCT060 02/00 A3012,,0.0,2.000000000000001,4.0
UNV,2024-04-07 08:53:00,-77.85,40.85,378.0,41.0,32.0,70.08,0.0,0.0,0.0,30.13,,10.0,,CLR,,,,,,,,,,,,,,,41.0,KUNV 071253Z 00000KT 10SM CLR 05/00 A3013,,0.0,5.0,0.0
UNV,2024-04-07 09:53:00,-77.85,40.85,378.0,48.2,30.2,49.53,330.0,5.0,0.0,30.14,,10.0,,CLR,,,,,,,,,,,,,,,45.63,KUNV 071353Z 33005KT 10SM CLR 09/M01 A3014,,2.57222,9.000000000000002,0.0
UNV,2024-04-07 10:53:00,-77.85,40.85,378.0,51.8,30.2,43.32,340.0,7.0,0.0,30.12,,10.0,13.0,SCT,,,,7000.0,,,,,,,,,,,51.8,KUNV 071453Z 34007G13KT 10SM SCT070 11/M01 A3012,,3.601108,10.999999999999998,4.0
UNV,2024-04-07 11:53:00,-77.85,40.85,378.0,53.6,26.6,34.98,30.0,11.0,0.0,30.12,,10.0,17.0,FEW,,,,7000.0,,,,,,,,,,,53.6,KUNV 071553Z 03011G17KT 10SM FEW070 12/M03 A3012,,5.6588840000000005,12.0,2.0
UNV,2024-04-07 12:53:00,-77.85,40.85,378.0,55.4,26.6,32.76,30.0,7.0,0.0,30.12,,10.0,16.0,FEW,,,,7000.0,,,,,,,,,,,55.4,KUNV 071653Z 03007G16KT 10SM FEW070 13/M03 A3012,,3.601108,13.0,2.0
UNV,2024-04-07 13:53:00,-77.85,40.85,378.0,57.2,24.8,28.48,30.0,7.0,0.0,30.11,,10.0,15.0,CLR,,,,,,,,,,,,,,,57.2,KUNV 071753Z 03007G15KT 330V050 10SM CLR 14/M04 A3011,,3.601108,14.000000000000002,0.0
UNV,2024-04-07 14:53:00,-77.85,40.85,378.0,59.0,23.0,24.76,10.0,9.0,0.0,30.09,,10.0,18.0,CLR,,,,,,,,,,,,,,,59.0,KUNV 071853Z 01009G18KT 10SM CLR 15/M05 A3009,,4.629996,15.0,0.0
UNV,2024-04-07 15:53:00,-77.85,40.85,378.0,60.8,21.2,21.53,20.0,8.0,0.0,30.08,,10.0,15.0,CLR,,,,,,,,,,,,,,,60.8,KUNV 071953Z 02008G15KT 330V050 10SM CLR 16/M06 A3008,,4.115552,16.0,0.0
UNV,2024-04-07 16:53:00,-77.85,40.85,378.0,60.8,24.8,25.04,20.0,7.0,0.0,30.07,,10.0,,CLR,,,,,,,,,,,,,,,60.8,KUNV 072053Z 02007KT 10SM CLR 16/M04 A3007,,3.601108,16.0,0.0
UNV,2024-04-07 17:53:00,-77.85,40.85,378.0,60.8,24.8,25.04,50.0,8.0,0.0,30.07,,10.0,,CLR,,,,,,,,,,,,,,,60.8,KUNV 072153Z 05008KT 10SM CLR 16/M04 A3007,,4.115552,16.0,0.0
UNV,2024-04-07 18:53:00,-77.85,40.85,378.0,57.2,24.8,28.48,60.0,7.0,0.0,30.08,,10.0,,CLR,,,,,,,,,,,,,,,57.2,KUNV 072253Z 06007KT 10SM CLR 14/M04 A3008,,3.601108,14.000000000000002,0.0
UNV,2024-04-07 19:53:00,-77.85,40.85,378.0,53.6,21.2,27.91,80.0,6.0,0.0,30.09,,10.0,,CLR,,,,,,,,,,,,,,,53.6,KUNV 072353Z 08006KT 10SM CLR 12/M06 A3009,,3.086664,12.0,0.0
UNV,2024-04-07 20:53:00,-77.85,40.85,378.0,51.8,23.0,32.17,70.0,5.0,0.0,30.1,,10.0,,CLR,,,,,,,,,,,,,,,51.8,KUNV 080053Z 07005KT 10SM CLR 11/M05 A3010,,2.57222,10.999999999999998,0.0
UNV,2024-04-07 21:53:00,-77.85,40.85,378.0,50.0,23.0,34.39,30.0,4.0,0.0,30.13,,10.0,,CLR,,,,,,,,,,,,,,,50.0,KUNV 080153Z 03004KT 10SM CLR 10/M05 A3013,,2.057776,10.0,0.0
UNV,2024-04-07 22:15:00,-77.85,40.85,378.0,50.0,23.0,34.39,20.0,3.0,0.0,30.13,,10.0,,CLR,,,,,,,,,,,,,,,50.0,KUNV 080215Z AUTO 02003KT 10SM CLR 10/M05 A3013 RMK AO2 T01001049,,1.543332,10.0,0.0
UNV,2024-04-07 22:35:00,-77.85,40.85,378.0,50.0,22.3,33.39,0.0,0.0,0.0,30.13,,10.0,,CLR,,,,,,,,,,,,,,,50.0,KUNV 080235Z AUTO 00000KT 10SM CLR 10/M05 A3013 RMK AO2 T01001054,,0.0,10.0,0.0
UNV,2024-04-07 22:55:00,-77.85,40.85,378.0,48.7,23.0,36.1,0.0,0.0,0.0,30.14,,10.0,,CLR,,,,,,,,,,,,,,,48.7,KUNV 080255Z AUTO 00000KT 10SM CLR 09/M05 A3014 RMK AO2 T00931050,,0.0,9.277777777777779,0.0
UNV,2024-04-07 23:15:00,-77.85,40.85,378.0,47.7,23.7,38.59,50.0,3.0,0.0,30.14,,10.0,,SCT,SCT,,,6000.0,8000.0,,,,,,,,,,46.64,KUNV 080315Z AUTO 05003KT 10SM SCT060 SCT080 09/M05 A3014 RMK AO2 T00871046,,1.543332,8.722222222222223,4.0
UNV,2024-04-07 23:35:00,-77.85,40.85,378.0,47.0,24.0,40.12,30.0,5.0,0.0,30.14,,10.0,,SCT,SCT,SCT,,5000.0,6000.0,8000.0,,,,,,,,,44.21,KUNV 080335Z AUTO 03005KT 10SM SCT050 SCT060 SCT080 08/M04 A3014 RMK AO2 T00841045,,2.57222,8.333333333333334,4.0
UNV,2024-04-07 23:55:00,-77.85,40.85,378.0,45.5,24.6,43.54,40.0,5.0,0.0,30.14,,10.0,,SCT,SCT,SCT,,4800.0,6000.0,7000.0,,,,,,,,,42.43,KUNV 080355Z AUTO 04005KT 10SM SCT048 SCT060 SCT070 08/M04 A3014 RMK AO2 T00751041,,2.57222,7.5,4.0
UNV,2024-04-08 00:15:00,-77.85,40.85,378.0,45.0,25.0,45.12,40.0,9.0,0.0,30.15,,10.0,,SCT,,,,6000.0,,,,,,,,,,,39.68,KUNV 080415Z AUTO 04009KT 10SM SCT060 07/M04 A3015 RMK AO2 T00731039,,4.629996,7.222222222222222,4.0
UNV,2024-04-08 00:35:00,-77.85,40.85,378.0,42.3,25.5,51.08,30.0,4.0,0.0,30.16,,10.0,,SCT,SCT,BKN,,3900.0,4900.0,6000.0,,,,,,,,,39.45,KUNV 080435Z AUTO 03004KT 10SM SCT039 SCT049 BKN060 06/M04 A3016 RMK AO2 T00571036,,2.057776,5.7222222222222205,6.0
UNV,2024-04-08 00:55:00,-77.85,40.85,378.0,43.0,24.6,47.9,50.0,5.0,0.0,30.16,,10.0,,SCT,BKN,,,6000.0,7000.0,,,,,,,,,,39.46,KUNV 080455Z AUTO 05005KT 10SM SCT060 BKN070 06/M04 A3016 RMK AO2 T00621041,,2.57222,6.111111111111111,6.0
UNV,2024-04-08 01:15:00,-77.85,40.85,378.0,42.8,24.3,47.67,30.0,4.0,0.0,30.15,,10.0,,SCT,SCT,BKN,,4400.0,6000.0,7000.0,,,,,,,,,40.03,KUNV 080515Z AUTO 03004KT 10SM SCT044 SCT060 BKN070 06/M04 A3015 RMK AO2 T00601043,,2.057776,5.999999999999998,6.0
UNV,2024-04-08 01:35:00,-77.85,40.85,378.0,43.3,24.0,46.18,30.0,3.0,0.0,30.16,,10.0,,SCT,SCT,SCT,,4000.0,4600.0,6000.0,,,,,,,,,41.61,KUNV 080535Z AUTO 03003KT 10SM SCT040 SCT046 SCT060 06/M04 A3016 RMK AO2 T00631045,,1.543332,6.277777777777776,4.0
UNV,2024-04-08 01:55:00,-77.85,40.85,378.0,41.0,23.7,49.83,0.0,0.0,0.0,30.16,,10.0,,SCT,SCT,SCT,,6000.0,7500.0,10000.0,,,,,,,,,41.0,KUNV 080555Z AUTO 00000KT 10SM SCT060 SCT075 SCT100 05/M05 A3016 RMK AO2 T00501046 10116 20050,,0.0,5.0,4.0
UNV,2024-04-08 02:15:00,-77.85,40.85,378.0,40.0,24.6,53.78,0.0,0.0,0.0,30.15,,10.0,,SCT,,,,11000.0,,,,,,,,,,,40.0,KUNV 080615Z AUTO 00000KT 10SM SCT110 05/M04 A3015 RMK AO2 T00451041,,0.0,4.444444444444445,4.0
UNV,2024-04-08 02:35:00,-77.85,40.85,378.0,40.6,25.0,53.43,0.0,0.0,0.0,30.15,,10.0,,CLR,,,,,,,,,,,,,,,40.6,KUNV 080635Z AUTO 00000KT 10SM CLR 05/M04 A3015 RMK AO2 T00481038,,0.0,4.777777777777779,0.0
UNV,2024-04-08 02:55:00,-77.85,40.85,378.0,39.7,24.8,54.87,0.0,0.0,0.0,30.15,,10.0,,CLR,,,,,,,,,,,,,,,39.7,KUNV 080655Z AUTO 00000KT 10SM CLR 04/M04 A3015 RMK AO2 T00431040,,0.0,4.2777777777777795,0.0
UNV,2024-04-08 03:15:00,-77.85,40.85,378.0,37.2,25.3,61.79,0.0,0.0,0.0,30.15,,10.0,,CLR,,,,,,,,,,,,,,,37.2,KUNV 080715Z AUTO 00000KT 10SM CLR 03/M04 A3015 RMK AO2 T00291037,,0.0,2.8888888888888906,0.0
UNV,2024-04-08 03:35:00,-77.85,40.85,378.0,39.2,26.0,58.81,0.0,0.0,0.0,30.15,,10.0,,CLR,,,,,,,,,,,,,,,39.2,KUNV 080735Z AUTO 00000KT 10SM CLR 04/M03 A3015 RMK AO2 T00401034,,0.0,4.000000000000002,0.0
UNV,2024-04-08 03:55:00,-77.85,40.85,378.0,38.0,25.0,59.13,0.0,0.0,0.0,30.15,,10.0,,CLR,,,,,,,,,,,,,,,38.0,KUNV 080755Z AUTO 00000KT 10SM CLR 03/M04 A3015 RMK AO2 T00341039,,0.0,3.3333333333333335,0.0
UNV,2024-04-08 04:15:00,-77.85,40.85,378.0,35.4,26.2,68.87,0.0,0.0,0.0,30.15,,10.0,,CLR,,,,,,,,,,,,,,,35.4,KUNV 080815Z AUTO 00000KT 10SM CLR 02/M03 A3015 RMK AO2 T00191032,,0.0,1.8888888888888882,0.0
UNV,2024-04-08 04:35:00,-77.85,40.85,378.0,38.7,24.6,56.58,0.0,0.0,0.0,30.16,,10.0,,CLR,,,,,,,,,,,,,,,38.7,KUNV 080835Z AUTO 00000KT 10SM CLR 04/M04 A3016 RMK AO2 T00371041,,0.0,3.7222222222222237,0.0
UNV,2024-04-08 04:55:00,-77.85,40.85,378.0,37.4,24.8,60.04,0.0,0.0,0.0,30.15,,10.0,,CLR,,,,,,,,,,,,,,,37.4,KUNV 080855Z AUTO 00000KT 10SM CLR 03/M04 A3015 RMK AO2 T00301040,,0.0,2.999999999999999,0.0
UNV,2024-04-08 05:15:00,-77.85,40.85,378.0,34.5,25.3,68.76,0.0,0.0,0.0,30.16,,10.0,,CLR,,,,,,,,,,,,,,,34.5,KUNV 080915Z AUTO 00000KT 10SM CLR 01/M04 A3016 RMK AO2 T00141037,,0.0,1.3888888888888888,0.0
UNV,2024-04-08 05:35:00,-77.85,40.85,378.0,35.8,25.7,66.39,0.0,0.0,0.0,30.15,,10.0,,CLR,,,,,,,,,,,,,,,35.8,KUNV 080935Z AUTO 00000KT 10SM CLR 02/M03 A3015 RMK AO2 T00211035,,0.0,2.1111111111111094,0.0
UNV,2024-04-08 05:53:00,-77.85,40.85,378.0,35.6,26.6,69.46,0.0,0.0,0.0,30.15,,10.0,,CLR,,,,,,,,,,,,,,,35.6,KUNV 080953Z 00000KT 10SM CLR 02/M03 A3015,,0.0,2.000000000000001,0.0
UNV,2024-04-08 06:53:00,-77.85,40.85,378.0,33.8,26.6,74.63,0.0,0.0,0.0,30.16,,10.0,,BKN,,,,12000.0,,,,,,,,,,,33.8,KUNV 081053Z 00000KT 10SM BKN120 01/M03 A3016,,0.0,0.9999999999999984,6.0
UNV,2024-04-08 07:53:00,-77.85,40.85,378.0,37.4,28.4,69.67,0.0,0.0,0.0,30.18,,10.0,,CLR,,,,,,,,,,,,,,,37.4,KUNV 081153Z 00000KT 10SM CLR 03/M02 A3018,,0.0,2.999999999999999,0.0
UNV,2024-04-08 08:53:00,-77.85,40.85,378.0,39.2,30.2,69.88,0.0,0.0,0.0,30.18,,10.0,,OVC,,,,13000.0,,,,,,,,,,,39.2,KUNV 081253Z 00000KT 10SM OVC0130 04/M01 A3018,,0.0,4.000000000000002,8.0
UNV,2024-04-08 09:53:00,-77.85,40.85,378.0,42.8,30.2,60.79,0.0,0.0,0.0,30.17,,10.0,,OVC,,,,15000.0,,,,,,,,,,,42.8,KUNV 081353Z 00000KT 10SM OVC150 06/M01 A3017,,0.0,5.999999999999998,8.0
UNV,2024-04-08 10:53:00,-77.85,40.85,378.0,44.6,28.4,52.72,0.0,0.0,0.0,30.15,,10.0,,CLR,,,,,,,,,,,,,,,44.6,KUNV 081453Z 00000KT 10SM CLR 07/M02 A3015,,0.0,7.000000000000001,0.0
UNV,2024-04-08 11:53:00,-77.85,40.85,378.0,50.0,28.4,43.03,0.0,0.0,0.0,30.15,,10.0,,OVC,,,,12000.0,,,,,,,,,,,50.0,KUNV 081553Z 00000KT 10SM OVC120 10/M02 A3015,,0.0,10.0,8.0
UNV,2024-04-08 12:53:00,-77.85,40.85,378.0,51.8,30.2,43.32,0.0,0.0,0.0,30.13,,10.0,,SCT,BKN,OVC,,3000.0,6000.0,12000.0,,,,,,,,,51.8,KUNV 081653Z 00000KT 10SM SCT030 BKN060 OVC120 11/M01 A3013,,0.0,10.999999999999998,8.0
UNV,2024-04-08 13:53:00,-77.85,40.85,378.0,55.4,32.0,40.84,0.0,0.0,0.0,30.12,,10.0,,BKN,,,,8000.0,,,,,,,,,,,55.4,KUNV 081753Z 00000KT 10SM BKN080 13/00 A3012,,0.0,13.0,6.0
UNV,2024-04-08 14:53:00,-77.85,40.85,378.0,55.4,32.0,40.84,0.0,0.0,0.0,30.1,,10.0,,BKN,,,,7000.0,,,,,,,,,,,55.4,KUNV 081853Z 00000KT 10SM BKN070 13/00 A3010,,0.0,13.0,6.0
UNV,2024-04-08 15:53:00,-77.85,40.85,378.0,51.8,35.6,53.81,,5.0,0.0,30.08,,10.0,,BKN,,,,7000.0,,,,,,,,,,,51.8,KUNV 081953Z VRB05KT 10SM BKN070 11/02 A3008,,2.57222,10.999999999999998,6.0
UNV,2024-04-08 16:22:00,-77.85,40.85,378.0,53.6,37.4,54.07,30.0,5.0,0.0,30.08,,10.0,,SCT,SCT,BKN,,1300.0,1900.0,7000.0,,VCSH,,,,,,,53.6,KUNV 082022Z 03005KT 10SM VCSH SCT013 SCT019 BKN070 12/03 A3008,,2.57222,12.0,6.0
UNV,2024-04-08 16:53:00,-77.85,40.85,378.0,51.8,39.2,61.99,40.0,5.0,0.0,30.07,,10.0,,BKN,,,,7000.0,,,,VCSH,,,,,,,51.8,KUNV 082053Z 04005KT 10SM VCSH BKN070 11/04 A3007,,2.57222,10.999999999999998,6.0
UNV,2024-04-08 17:53:00,-77.85,40.85,378.0,55.4,39.2,54.34,30.0,4.0,0.0,30.07,,10.0,,BKN,,,,7000.0,,,,,,,,,,,55.4,KUNV 082153Z 03004KT 10SM BKN070 13/04 A3007,,2.057776,13.0,6.0
UNV,2024-04-08 18:53:00,-77.85,40.85,378.0,55.4,37.4,50.64,20.0,4.0,0.0,30.08,,10.0,,BKN,,,,7000.0,,,,,,,,,,,55.4,KUNV 082253Z 02004KT 10SM BKN070 13/03 A3008,,2.057776,13.0,6.0
UNV,2024-04-08 19:53:00,-77.85,40.85,378.0,53.6,35.6,50.36,,4.0,0.0,30.08,,10.0,,SCT,,,,7000.0,,,,,,,,,,,53.6,KUNV 082353Z VRB04KT 10SM SCT070 12/02 A3008,,2.057776,12.0,4.0
UNV,2024-04-08 20:53:00,-77.85,40.85,378.0,50.0,35.6,57.52,0.0,0.0,0.0,30.08,,10.0,,SCT,,,,7000.0,,,,,,,,,,,50.0,KUNV 090053Z 00000KT 10SM SCT070 10/02 A3008,,0.0,10.0,4.0
UNV,2024-04-08 21:53:00,-77.85,40.85,378.0,48.2,35.6,61.52,0.0,0.0,0.0,30.08,,10.0,,CLR,,,,,,,,,,,,,,,48.2,KUNV 090153Z 00000KT 10SM CLR 09/02 A3008,,0.0,9.000000000000002,0.0
UNV,2024-04-08 22:15:00,-77.85,40.85,378.0,47.7,35.4,62.19,0.0,0.0,0.0,30.09,,10.0,,CLR,,,,,,,,,,,,,,,47.7,KUNV 090215Z AUTO 00000KT 10SM CLR 09/02 A3009 RMK AO2 T00870019,,0.0,8.722222222222223,0.0
UNV,2024-04-08 22:35:00,-77.85,40.85,378.0,47.5,35.0,61.67,0.0,0.0,0.0,30.08,,10.0,,CLR,,,,,,,,,,,,,,,47.5,KUNV 090235Z AUTO 00000KT 10SM CLR 09/02 A3008 RMK AO2 T00860017,,0.0,8.61111111111111,0.0
UNV,2024-04-08 22:55:00,-77.85,40.85,378.0,46.2,35.4,65.8,0.0,0.0,0.0,30.07,,10.0,,CLR,,,,,,,,,,,,,,,46.2,KUNV 090255Z AUTO 00000KT 10SM CLR 08/02 A3007 RMK AO2 T00790019,,0.0,7.88888888888889,0.0
UNV,2024-04-08 23:15:00,-77.85,40.85,378.0,46.8,36.5,67.19,0.0,0.0,0.0,30.07,,10.0,,CLR,,,,,,,,,,,,,,,46.8,KUNV 090315Z AUTO 00000KT 10SM CLR 08/03 A3007 RMK AO2 T00820025,,0.0,8.222222222222221,0.0
UNV,2024-04-08 23:35:00,-77.85,40.85,378.0,46.2,36.5,68.73,0.0,0.0,0.0,30.08,,10.0,,SCT,SCT,SCT,,4300.0,5500.0,7000.0,,,,,,,,,46.2,KUNV 090335Z AUTO 00000KT 10SM SCT043 SCT055 SCT070 08/03 A3008 RMK AO2 T00790025,,0.0,7.88888888888889,4.0
UNV,2024-04-08 23:55:00,-77.85,40.85,378.0,46.0,37.0,70.64,0.0,0.0,0.0,30.09,,10.0,,SCT,SCT,SCT,,4200.0,6000.0,7500.0,,,,,,,,,46.0,KUNV 090355Z AUTO 00000KT 10SM SCT042 SCT060 SCT075 08/03 A3009 RMK AO2 T00770027,,0.0,7.777777777777778,4.0
UNV,2024-04-09 00:15:00,-77.85,40.85,378.0,44.6,36.7,73.62,0.0,0.0,0.0,30.09,,10.0,,CLR,,,,,,,,,,,,,,,44.6,KUNV 090415Z AUTO 00000KT 10SM CLR 07/03 A3009 RMK AO2 T00700026,,0.0,7.000000000000001,0.0
UNV,2024-04-09 00:35:00,-77.85,40.85,378.0,42.6,36.3,78.23,0.0,0.0,0.0,30.09,,10.0,,CLR,,,,,,,,,,,,,,,42.6,KUNV 090435Z AUTO 00000KT 10SM CLR 06/02 A3009 RMK AO2 T00590024,,0.0,5.888888888888889,0.0
UNV,2024-04-09 00:55:00,-77.85,40.85,378.0,42.6,36.0,77.3,0.0,0.0,0.0,30.09,,10.0,,SCT,SCT,SCT,,4800.0,6000.0,7500.0,,,,,,,,,42.6,KUNV 090455Z AUTO 00000KT 10SM SCT048 SCT060 SCT075 06/02 A3009 RMK AO2 T00590023,,0.0,5.888888888888889,4.0
UNV,2024-04-09 01:15:00,-77.85,40.85,378.0,42.8,36.0,76.71,0.0,0.0,0.0,30.09,,10.0,,SCT,SCT,,,5000.0,6000.0,,,,,,,,,,42.8,KUNV 090515Z AUTO 00000KT 10SM SCT050 SCT060 06/02 A3009 RMK AO2 T00600023,,0.0,5.999999999999998,4.0
UNV,2024-04-09 01:35:00,-77.85,40.85,378.0,44.0,35.8,72.69,0.0,0.0,0.0,30.09,,10.0,,SCT,SCT,,,5000.0,6000.0,,,,,,,,,,44.0,KUNV 090535Z AUTO 00000KT 10SM SCT050 SCT060 07/02 A3009 RMK AO2 T00660021,,0.0,6.666666666666667,4.0
UNV,2024-04-09 01:55:00,-77.85,40.85,378.0,41.5,35.8,80.01,0.0,0.0,0.0,30.08,,10.0,,SCT,SCT,,,5000.0,6000.0,,,,,,,,,,41.5,KUNV 090555Z AUTO 00000KT 10SM SCT050 SCT060 05/02 A3008 RMK AO2 T00530021 10116 20052,,0.0,5.277777777777778,4.0
UNV,2024-04-09 02:15:00,-77.85,40.85,378.0,40.0,35.8,84.8,0.0,0.0,0.0,30.08,,10.0,,SCT,SCT,SCT,,4400.0,6000.0,7000.0,,,,,,,,,40.0,KUNV 090615Z AUTO 00000KT 10SM SCT044 SCT060 SCT070 05/02 A3008 RMK AO2 T00450021,,0.0,4.444444444444445,4.0
UNV,2024-04-09 02:35:00,-77.85,40.85,378.0,43.3,36.0,75.25,0.0,0.0,0.0,30.07,,10.0,,SCT,SCT,,,6000.0,7000.0,,,,,,,,,,43.3,KUNV 090635Z AUTO 00000KT 10SM SCT060 SCT070 06/02 A3007 RMK AO2 T00630023,,0.0,6.277777777777776,4.0
UNV,2024-04-09 02:55:00,-77.85,40.85,378.0,41.0,36.0,82.22,0.0,0.0,0.0,30.07,,10.0,,SCT,SCT,,,6000.0,7000.0,,,,,,,,,,41.0,KUNV 090655Z AUTO 00000KT 10SM SCT060 SCT070 05/02 A3007 RMK AO2 T00510022,,0.0,5.0,4.0
UNV,2024-04-09 03:15:00,-77.85,40.85,378.0,39.2,36.0,88.18,0.0,0.0,0.0,30.06,,10.0,,SCT,SCT,,,5000.0,6000.0,,,,,,,,,,39.2,KUNV 090715Z AUTO 00000KT 10SM SCT050 SCT060 04/02 A3006 RMK AO2 T00400022,,0.0,4.000000000000002,4.0
UNV,2024-04-09 03:35:00,-77.85,40.85,378.0,40.0,36.3,86.5,0.0,0.0,0.0,30.06,,10.0,,CLR,,,,,,,,,,,,,,,40.0,KUNV 090735Z AUTO 00000KT 10SM CLR 04/02 A3006 RMK AO2 T00440024,,0.0,4.444444444444445,0.0
UNV,2024-04-09 03:55:00,-77.85,40.85,378.0,37.4,37.0,98.44,0.0,0.0,0.0,30.05,,10.0,,SCT,,,,7000.0,,,,,,,,,,,37.4,KUNV 090755Z AUTO 00000KT 10SM SCT070 03/03 A3005 RMK AO2 T00300027,,0.0,2.999999999999999,4.0
UNV,2024-04-09 04:15:00,-77.85,40.85,378.0,39.2,37.6,93.93,0.0,0.0,0.0,30.05,,10.0,,CLR,,,,,,,,,,,,,,,39.2,KUNV 090815Z AUTO 00000KT 10SM CLR 04/03 A3005 RMK AO2 T00400031,,0.0,4.000000000000002,0.0
UNV,2024-04-09 04:35:00,-77.85,40.85,378.0,38.3,36.7,93.9,0.0,0.0,0.0,30.06,,10.0,,CLR,,,,,,,,,,,,,,,38.3,KUNV 090835Z AUTO 00000KT 10SM CLR 04/03 A3006 RMK AO2 T00350026,,0.0,3.4999999999999982,0.0
UNV,2024-04-09 04:55:00,-77.85,40.85,378.0,39.2,38.0,95.41,0.0,0.0,0.0,30.05,,10.0,,CLR,,,,,,,,,,,,,,,39.2,KUNV 090855Z AUTO 00000KT 10SM CLR 04/03 A3005 RMK AO2 T00400033,,0.0,4.000000000000002,0.0
UNV,2024-04-09 05:15:00,-77.85,40.85,378.0,38.0,37.4,97.67,0.0,0.0,0.0,30.05,,10.0,,CLR,,,,,,,,,,,,,,,38.0,KUNV 090915Z AUTO 00000KT 10SM CLR 03/03 A3005 RMK AO2 T00330030,,0.0,3.3333333333333335,0.0
UNV,2024-04-09 05:35:00,-77.85,40.85,378.0,38.3,38.0,98.83,0.0,0.0,0.0,30.05,,10.0,,CLR,,,,,,,,,,,,,,,38.3,KUNV 090935Z AUTO 00000KT 10SM CLR 04/03 A3005 RMK AO2 T00350034,,0.0,3.4999999999999982,0.0
UNV,2024-04-09 05:53:00,-77.85,40.85,378.0,37.4,37.4,100.0,0.0,0.0,0.0,30.07,,10.0,,CLR,,,,,,,,,,,,,,,37.4,KUNV 090953Z 00000KT 10SM CLR 03/03 A3007,,0.0,2.999999999999999,0.0
UNV,2024-04-09 06:53:00,-77.85,40.85,378.0,37.4,37.4,100.0,0.0,0.0,0.0,30.08,,10.0,,CLR,,,,,,,,,,,,,,,37.4,KUNV 091053Z 00000KT 10SM CLR 03/03 A3008,,0.0,2.999999999999999,0.0
UNV,2024-04-09 07:53:00,-77.85,40.85,378.0,39.2,39.2,100.0,0.0,0.0,0.0,30.1,,10.0,,CLR,,,,,,,,,,,,,,,39.2,KUNV 091153Z 00000KT 10SM CLR 04/04 A3010,,0.0,4.000000000000002,0.0
UNV,2024-04-09 08:53:00,-77.85,40.85,378.0,44.6,41.0,87.09,0.0,0.0,0.0,30.09,,10.0,,CLR,,,,,,,,,,,,,,,44.6,KUNV 091253Z 00000KT 10SM CLR 07/05 A3009,,0.0,7.000000000000001,0.0
UNV,2024-04-09 09:53:00,-77.85,40.85,378.0,50.0,41.0,71.07,0.0,0.0,0.0,30.08,,10.0,,CLR,,,,,,,,,,,,,,,50.0,KUNV 091353Z 00000KT 10SM CLR 10/05 A3008,,0.0,10.0,0.0
UNV,2024-04-09 10:53:00,-77.85,40.85,378.0,57.2,41.0,54.6,0.0,0.0,0.0,30.08,,10.0,,CLR,,,,,,,,,,,,,,,57.2,KUNV 091453Z 00000KT 10SM CLR 14/05 A3008,,0.0,14.000000000000002,0.0
UNV,2024-04-09 11:53:00,-77.85,40.85,378.0,64.4,42.8,45.32,0.0,0.0,0.0,30.07,,10.0,,FEW,,,,4000.0,,,,,,,,,,,64.4,KUNV 091553Z 00000KT 10SM FEW040 18/06 A3007,,0.0,18.000000000000004,2.0
UNV,2024-04-09 12:53:00,-77.85,40.85,378.0,69.8,41.0,35.09,190.0,4.0,0.0,30.06,,10.0,,FEW,,,,7000.0,,,,,,,,,,,69.8,KUNV 091653Z 19004KT 10SM FEW070 21/05 A3006,,2.057776,21.0,2.0
UNV,2024-04-09 13:53:00,-77.85,40.85,378.0,73.4,41.0,31.05,180.0,7.0,0.0,30.03,,10.0,,SCT,,,,8000.0,,,,,,,,,,,73.4,KUNV 091753Z 18007KT 10SM SCT080 23/05 A3003,,3.601108,23.000000000000004,4.0
UNV,2024-04-09 14:53:00,-77.85,40.85,378.0,73.4,42.8,33.29,230.0,8.0,0.0,30.0,,10.0,,SCT,,,,8000.0,,,,,,,,,,,73.4,KUNV 091853Z 23008KT 10SM SCT080 23/06 A3000,,4.115552,23.000000000000004,4.0
UNV,2024-04-09 15:53:00,-77.85,40.85,378.0,75.2,46.4,35.94,210.0,9.0,0.0,29.96,,10.0,,SCT,,,,6000.0,,,,,,,,,,,75.2,KUNV 091953Z 21009KT 10SM SCT060 24/08 A2996,,4.629996,24.0,4.0
UNV,2024-04-09 16:53:00,-77.85,40.85,378.0,73.4,46.4,38.18,220.0,7.0,0.0,29.95,,10.0,,SCT,,,,6000.0,,,,,,,,,,,73.4,KUNV 092053Z 22007KT 10SM SCT060 23/08 A2995,,3.601108,23.000000000000004,4.0
UNV,2024-04-09 17:53:00,-77.85,40.85,378.0,73.4,46.4,38.18,200.0,7.0,0.0,29.94,,10.0,,SCT,,,,6000.0,,,,,,,,,,,73.4,KUNV 092153Z 20007KT 10SM SCT060 23/08 A2994,,3.601108,23.000000000000004,4.0
UNV,2024-04-09 18:53:00,-77.85,40.85,378.0,71.6,42.8,35.37,160.0,4.0,0.0,29.94,,10.0,,SCT,,,,6000.0,,,,,,,,,,,71.6,KUNV 092253Z 16004KT 10SM SCT060 22/06 A2994,,2.057776,21.999999999999996,4.0
UNV,2024-04-09 19:53:00,-77.85,40.85,378.0,69.8,42.8,37.61,160.0,6.0,0.0,29.94,,10.0,,SCT,,,,6000.0,,,,,,,,,,,69.8,KUNV 092353Z 16006KT 10SM SCT060 21/06 A2994,,3.086664,21.0,4.0
UNV,2024-04-09 20:53:00,-77.85,40.85,378.0,68.0,48.2,49.1,190.0,3.0,0.0,29.95,,10.0,,SCT,,,,6500.0,,,,,,,,,,,68.0,KUNV 100053Z 19003KT 10SM SCT065 20/09 A2995,,1.543332,20.0,4.0
UNV,2024-04-09 21:53:00,-77.85,40.85,378.0,66.2,50.0,55.88,230.0,3.0,0.0,29.96,,10.0,,CLR,,,,,,,,,,,,,,,66.2,KUNV 100153Z 23003KT 10SM CLR 19/10 A2996,,1.543332,19.0,0.0
UNV,2024-04-09 22:15:00,-77.85,40.85,378.0,64.8,49.5,57.59,0.0,0.0,0.0,29.96,,10.0,,CLR,,,,,,,,,,,,,,,64.8,KUNV 100215Z AUTO 00000KT 10SM CLR 18/10 A2996 RMK AO2 T01820097,,0.0,18.22222222222222,0.0
UNV,2024-04-09 22:35:00,-77.85,40.85,378.0,64.4,50.0,59.5,220.0,5.0,0.0,29.96,,10.0,,SCT,SCT,SCT,,4500.0,6000.0,8000.0,,,,,,,,,64.4,KUNV 100235Z AUTO 22005KT 10SM SCT045 SCT060 SCT080 18/10 A2996 RMK AO2 T01800100,,2.57222,18.000000000000004,4.0
UNV,2024-04-09 22:55:00,-77.85,40.85,378.0,62.6,50.0,63.38,190.0,3.0,0.0,29.96,,10.0,,CLR,,,,,,,,,,,,,,,62.6,KUNV 100255Z AUTO 19003KT 10SM CLR 17/10 A2996 RMK AO2 T01700100,,1.543332,17.0,0.0
UNV,2024-04-09 23:15:00,-77.85,40.85,378.0,63.5,50.0,61.4,230.0,5.0,0.0,29.96,,10.0,,CLR,,,,,,,,,,,,,,,63.5,KUNV 100315Z AUTO 23005KT 10SM CLR 18/10 A2996 RMK AO2 LTG DSNT NW T01750100,,2.57222,17.5,0.0
UNV,2024-04-09 23:35:00,-77.85,40.85,378.0,62.0,49.5,63.54,220.0,3.0,0.0,29.96,,10.0,,CLR,,,,,,,,,,,,,,,62.0,KUNV 100335Z AUTO 22003KT 10SM CLR 17/10 A2996 RMK AO2 T01660097,,1.543332,16.666666666666668,0.0
UNV,2024-04-09 23:55:00,-77.85,40.85,378.0,62.6,50.0,63.38,240.0,3.0,0.0,29.97,,10.0,,CLR,,,,,,,,,,,,,,,62.6,KUNV 100355Z AUTO 24003KT 10SM CLR 17/10 A2997 RMK AO2 T01700099,,1.543332,17.0,0.0
UNV,2024-04-10 00:15:00,-77.85,40.85,378.0,63.0,50.0,62.49,230.0,3.0,0.0,29.96,,10.0,,CLR,,,,,,,,,,,,,,,63.0,KUNV 100415Z AUTO 23003KT 10SM CLR 17/10 A2996 RMK AO2 T01730100,,1.543332,17.22222222222222,0.0
UNV,2024-04-10 00:35:00,-77.85,40.85,378.0,62.6,50.0,63.38,0.0,0.0,0.0,29.96,,10.0,,CLR,,,,,,,,,,,,,,,62.6,KUNV 100435Z AUTO 00000KT 10SM CLR 17/10 A2996 RMK AO2 T01700100,,0.0,17.0,0.0
UNV,2024-04-10 00:55:00,-77.85,40.85,378.0,62.8,50.0,62.93,0.0,0.0,0.0,29.96,,10.0,,CLR,,,,,,,,,,,,,,,62.8,KUNV 100455Z AUTO 00000KT 10SM CLR 17/10 A2996 RMK AO2 T01710100,,0.0,17.11111111111111,0.0
UNV,2024-04-10 01:15:00,-77.85,40.85,378.0,62.4,50.0,63.82,250.0,3.0,0.0,29.96,,10.0,,CLR,,,,,,,,,,,,,,,62.4,KUNV 100515Z AUTO 25003KT 10SM CLR 17/10 A2996 RMK AO2 T01690100,,1.543332,16.88888888888889,0.0
UNV,2024-04-10 01:35:00,-77.85,40.85,378.0,60.6,50.0,68.02,230.0,3.0,0.0,29.96,,10.0,,CLR,,,,,,,,,,,,,,,60.6,KUNV 100535Z AUTO 23003KT 10SM CLR 16/10 A2996 RMK AO2 T01590100,,1.543332,15.88888888888889,0.0
UNV,2024-04-10 01:55:00,-77.85,40.85,378.0,62.0,50.0,64.73,260.0,3.0,0.0,29.96,,10.0,,CLR,,,,,,,,,,,,,,,62.0,KUNV 100555Z AUTO 26003KT 10SM CLR 17/10 A2996 RMK AO2 T01660100 10206 20158,,1.543332,16.666666666666668,0.0
UNV,2024-04-10 02:15:00,-77.85,40.85,378.0,59.0,49.6,70.95,280.0,4.0,0.0,29.95,,10.0,,CLR,,,,,,,,,,,,,,,59.0,KUNV 100615Z AUTO 28004KT 10SM CLR 15/10 A2995 RMK AO2 T01500098,,2.057776,15.0,0.0
UNV,2024-04-10 02:35:00,-77.85,40.85,378.0,61.0,49.3,65.34,270.0,3.0,0.0,29.95,,10.0,,CLR,,,,,,,,,,,,,,,61.0,KUNV 100635Z AUTO 27003KT 10SM CLR 16/10 A2995 RMK AO2 T01610096,,1.543332,16.11111111111111,0.0
UNV,2024-04-10 02:55:00,-77.85,40.85,378.0,60.6,48.7,64.8,230.0,4.0,0.0,29.95,,10.0,,CLR,,,,,,,,,,,,,,,60.6,KUNV 100655Z AUTO 23004KT 10SM CLR 16/09 A2995 RMK AO2 T01590093,,2.057776,15.88888888888889,0.0
UNV,2024-04-10 03:15:00,-77.85,40.85,378.0,60.8,48.6,64.1,240.0,4.0,0.0,29.95,,10.0,,CLR,,,,,,,,,,,,,,,60.8,KUNV 100715Z AUTO 24004KT 10SM CLR 16/09 A2995 RMK AO2 T01600092,,2.057776,16.0,0.0
UNV,2024-04-10 03:35:00,-77.85,40.85,378.0,60.3,48.6,65.25,250.0,5.0,0.0,29.95,,10.0,,CLR,,,,,,,,,,,,,,,60.3,KUNV 100735Z AUTO 25005KT 10SM CLR 16/09 A2995 RMK AO2 T01570092,,2.57222,15.722222222222221,0.0
UNV,2024-04-10 03:55:00,-77.85,40.85,378.0,59.0,48.7,68.61,240.0,6.0,0.0,29.96,,10.0,,CLR,,,,,,,,,,,,,,,59.0,KUNV 100755Z AUTO 24006KT 10SM CLR 15/09 A2996 RMK AO2 T01500093,,3.086664,15.0,0.0
UNV,2024-04-10 04:15:00,-77.85,40.85,378.0,59.4,48.7,67.63,230.0,5.0,0.0,29.96,,10.0,,SCT,SCT,,,4700.0,5500.0,,,,,,,,,,59.4,KUNV 100815Z AUTO 23005KT 10SM SCT047 SCT055 15/09 A2996 RMK AO2 T01520093,,2.57222,15.222222222222221,4.0
UNV,2024-04-10 04:35:00,-77.85,40.85,378.0,59.0,48.7,68.61,0.0,0.0,0.0,29.95,,10.0,,CLR,,,,,,,,,,,,,,,59.0,KUNV 100835Z AUTO 00000KT 10SM CLR 15/09 A2995 RMK AO2 T01490093,,0.0,15.0,0.0
UNV,2024-04-10 04:55:00,-77.85,40.85,378.0,58.3,48.6,70.09,0.0,0.0,0.0,29.95,,10.0,,SCT,SCT,,,5500.0,7000.0,,,,,,,,,,58.3,KUNV 100855Z AUTO 00000KT 10SM SCT055 SCT070 15/09 A2995 RMK AO2 T01460092,,0.0,14.61111111111111,4.0
UNV,2024-04-10 05:15:00,-77.85,40.85,378.0,59.0,49.0,69.38,230.0,7.0,0.0,29.96,,10.0,,CLR,,,,,,,,,,,,,,,59.0,KUNV 100915Z AUTO 23007KT 10SM CLR 15/10 A2996 RMK AO2 T01510095,,3.601108,15.0,0.0
UNV,2024-04-10 05:35:00,-77.85,40.85,378.0,59.0,49.6,70.95,240.0,7.0,0.0,29.96,,10.0,,CLR,,,,,,,,,,,,,,,59.0,KUNV 100935Z AUTO 24007KT 10SM CLR 15/10 A2996 RMK AO2 T01490098,,3.601108,15.0,0.0
UNV,2024-04-10 05:53:00,-77.85,40.85,378.0,59.0,50.0,72.01,240.0,8.0,0.0,29.97,,10.0,,SCT,,,,6500.0,,,,,,,,,,,59.0,KUNV 100953Z 24008KT 10SM SCT065 15/10 A2997,,4.115552,15.0,4.0
UNV,2024-04-10 06:53:00,-77.85,40.85,378.0,59.0,50.0,72.01,240.0,6.0,0.0,29.99,,10.0,,SCT,BKN,BKN,,2800.0,4900.0,6500.0,,,,,,,,,59.0,KUNV 101053Z 24006KT 10SM SCT028 BKN049 BKN065 15/10 A2999,,3.086664,15.0,6.0
UNV,2024-04-10 07:53:00,-77.85,40.85,378.0,57.2,51.8,82.12,240.0,4.0,0.0,30.0,,10.0,,SCT,OVC,,,3000.0,9000.0,,,,,,,,,,57.2,KUNV 101153Z 24004KT 10SM SCT030 OVC090 14/11 A3000,,2.057776,14.000000000000002,8.0
UNV,2024-04-10 08:53:00,-77.85,40.85,378.0,59.0,53.6,82.25,240.0,3.0,0.0,30.0,,10.0,,SCT,OVC,,,2000.0,9000.0,,,VCSH,,,,,,,59.0,KUNV 101253Z 24003KT 10SM VCSH SCT020 OVC090 15/12 A3000,,1.543332,15.0,8.0
UNV,2024-04-10 09:33:00,-77.85,40.85,378.0,59.0,53.6,82.25,230.0,3.0,0.0,30.0,,10.0,,BKN,,,,1600.0,,,,VCSH,,,,,,,59.0,KUNV 101333Z 23003KT 10SM VCSH BKN016 15/12 A3000,,1.543332,15.0,6.0
UNV,2024-04-10 09:53:00,-77.85,40.85,378.0,59.0,53.6,82.25,0.0,0.0,0.0,30.0,,10.0,,BKN,,,,1600.0,,,,VCSH,,,,,,,59.0,KUNV 101353Z 00000KT 10SM VCSH BKN016 15/12 A3000,,0.0,15.0,6.0
UNV,2024-04-10 10:53:00,-77.85,40.85,378.0,59.0,53.6,82.25,270.0,4.0,0.0,30.01,,10.0,,OVC,,,,1800.0,,,,,,,,,,,59.0,KUNV 101453Z 27004KT 10SM OVC018 15/12 A3001,,2.057776,15.0,8.0
UNV,2024-04-10 11:53:00,-77.85,40.85,378.0,60.8,53.6,77.14,0.0,0.0,0.0,30.0,,10.0,,BKN,BKN,OVC,,1700.0,3900.0,4900.0,,,,,,,,,60.8,KUNV 101553Z 00000KT 10SM BKN017 BKN039 OVC049 16/12 A3000,,0.0,16.0,8.0
UNV,2024-04-10 12:53:00,-77.85,40.85,378.0,62.6,53.6,72.38,280.0,4.0,0.0,30.0,,10.0,,BKN,BKN,OVC,,1900.0,3400.0,7000.0,,,,,,,,,62.6,KUNV 101653Z 28004KT 10SM BKN019 BKN034 OVC070 17/12 A3000,,2.057776,17.0,8.0
UNV,2024-04-10 13:53:00,-77.85,40.85,378.0,62.6,53.6,72.38,0.0,0.0,0.0,29.98,,10.0,,BKN,BKN,,,3000.0,3800.0,,,,,,,,,,62.6,KUNV 101753Z 00000KT 10SM BKN030 BKN038 17/12 A2998,,0.0,17.0,6.0
UNV,2024-04-10 14:53:00,-77.85,40.85,378.0,64.4,51.8,63.6,0.0,0.0,0.0,29.98,,10.0,,BKN,BKN,,,2800.0,3700.0,,,,,,,,,,64.4,KUNV 101853Z 00000KT 10SM BKN028 BKN037 18/11 A2998,,0.0,18.000000000000004,6.0
UNV,2024-04-10 15:53:00,-77.85,40.85,378.0,62.6,53.6,72.38,0.0,0.0,0.0,29.97,,10.0,,SCT,BKN,,,2500.0,3100.0,,,,,,,,,,62.6,KUNV 101953Z 00000KT 10SM SCT025 BKN031 17/12 A2997,,0.0,17.0,6.0
UNV,2024-04-10 16:53:00,-77.85,40.85,378.0,66.2,51.8,59.74,0.0,0.0,0.0,29.96,,10.0,,SCT,SCT,,,4400.0,5000.0,,,,,,,,,,66.2,KUNV 102053Z 00000KT 10SM SCT044 SCT050 19/11 A2996,,0.0,19.0,4.0
UNV,2024-04-10 17:53:00,-77.85,40.85,378.0,66.2,51.8,59.74,0.0,0.0,0.0,29.96,,10.0,,SCT,,,,6000.0,,,,,,,,,,,66.2,KUNV 102153Z 00000KT 10SM SCT060 19/11 A2996,,0.0,19.0,4.0
UNV,2024-04-10 18:53:00,-77.85,40.85,378.0,64.4,53.6,67.95,0.0,0.0,0.0,29.96,,10.0,,SCT,BKN,,,5000.0,8000.0,,,,,,,,,,64.4,KUNV 102253Z 00000KT 10SM SCT050 BKN080 18/12 A2996,,0.0,18.000000000000004,6.0
UNV,2024-04-10 19:53:00,-77.85,40.85,378.0,62.6,53.6,72.38,0.0,0.0,0.0,29.96,,10.0,,OVC,,,,8000.0,,,,,,,,,,,62.6,KUNV 102353Z 00000KT 10SM OVC080 17/12 A2996,,0.0,17.0,8.0
UNV,2024-04-10 20:53:00,-77.85,40.85,378.0,62.6,53.6,72.38,0.0,0.0,0.0,29.97,,10.0,,SCT,,,,4000.0,,,,-RA,,,,,,,62.6,KUNV 110053Z 00000KT 10SM -RA SCT040 17/12 A2997,,0.0,17.0,4.0
UNV,2024-04-10 21:53:00,-77.85,40.85,378.0,60.8,53.6,77.14,0.0,0.0,0.0,29.98,,10.0,,SCT,SCT,BKN,,600.0,2000.0,4000.0,,-RA,,,,,,,60.8,KUNV 110153Z 00000KT 10SM -RA SCT006 SCT020 BKN040 16/12 A2998,,0.0,16.0,6.0
UNV,2024-04-10 22:15:00,-77.85,40.85,378.0,60.6,54.0,78.83,60.0,3.0,0.0,29.97,,10.0,,SCT,SCT,BKN,,100.0,600.0,3600.0,,-DZ,,,,,,,60.6,KUNV 110215Z AUTO 06003KT 10SM -DZ SCT001 SCT006 BKN036 16/12 A2997 RMK AO2 T01590122,,1.543332,15.88888888888889,6.0
UNV,2024-04-10 22:35:00,-77.85,40.85,378.0,60.0,55.0,83.53,40.0,3.0,0.0,29.97,,10.0,,SCT,SCT,,,100.0,3600.0,,,,,,,,,,60.0,KUNV 110235Z AUTO 04003KT 10SM SCT001 SCT036 16/13 A2997 RMK AO2 T01550127,,1.543332,15.555555555555555,4.0
UNV,2024-04-10 22:55:00,-77.85,40.85,378.0,60.0,54.7,82.62,0.0,0.0,0.0,29.96,,10.0,,SCT,,,,4500.0,,,,,,,,,,,60.0,KUNV 110255Z AUTO 00000KT 10SM SCT045 16/13 A2996 RMK AO2 T01550126,,0.0,15.555555555555555,4.0
UNV,2024-04-10 23:15:00,-77.85,40.85,378.0,59.0,55.2,87.19,50.0,3.0,0.0,29.96,,10.0,,SCT,SCT,SCT,,100.0,700.0,4500.0,,RA,,,,,,,59.0,KUNV 110315Z AUTO 05003KT 10SM RA SCT001 SCT007 SCT045 15/13 A2996 RMK AO2 T01510129,,1.543332,15.0,4.0
UNV,2024-04-10 23:35:00,-77.85,40.85,378.0,59.0,56.3,90.74,340.0,3.0,0.0,29.96,,10.0,,SCT,SCT,BKN,,300.0,600.0,6000.0,,DZ,,,,,,,59.0,KUNV 110335Z AUTO 34003KT 10SM DZ SCT003 SCT006 BKN060 15/14 A2996 RMK AO2 T01500135,,1.543332,15.0,6.0
UNV,2024-04-10 23:55:00,-77.85,40.85,378.0,59.0,56.0,89.76,0.0,0.0,0.0,29.95,,10.0,,BKN,BKN,OVC,,300.0,800.0,6000.0,,-DZ,,,,,,,59.0,KUNV 110355Z AUTO 00000KT 10SM -DZ BKN003 BKN008 OVC060 15/13 A2995 RMK AO2 T01510134,,0.0,15.0,8.0
UNV,2024-04-11 00:15:00,-77.85,40.85,378.0,59.0,57.0,93.07,0.0,0.0,0.0,29.95,,10.0,,SCT,BKN,OVC,,300.0,3300.0,4100.0,,DZ,,,,,,,59.0,KUNV 110415Z AUTO 00000KT 10SM DZ SCT003 BKN033 OVC041 15/14 A2995 RMK AO2 T01500138,,0.0,15.0,8.0
UNV,2024-04-11 00:35:00,-77.85,40.85,378.0,58.0,58.0,100.0,360.0,5.0,0.0,29.94,,10.0,,BKN,BKN,,,3500.0,4000.0,,,,,,,,,,58.0,KUNV 110435Z AUTO 36005KT 10SM BKN035 BKN040 15/14 A2994 RMK AO2 T01450144,,2.57222,14.444444444444445,6.0
UNV,2024-04-11 00:55:00,-77.85,40.85,378.0,58.0,58.0,100.0,0.0,0.0,0.0,29.94,,10.0,,SCT,SCT,SCT,,100.0,700.0,1100.0,,-RA,,,,,,,58.0,KUNV 110455Z AUTO 00000KT 10SM -RA SCT001 SCT007 SCT011 15/15 A2994 RMK AO2 T01450145,,0.0,14.444444444444445,4.0
UNV,2024-04-11 01:15:00,-77.85,40.85,378.0,57.4,57.4,100.0,30.0,5.0,0.01,29.93,,10.0,,SCT,SCT,BKN,,900.0,2900.0,3900.0,,DZ,,,,,,,57.4,KUNV 110515Z AUTO 03005KT 10SM DZ SCT009 SCT029 BKN039 14/14 A2993 RMK AO2 P0001 T01410141,,2.57222,14.11111111111111,6.0
UNV,2024-04-11 01:35:00,-77.85,40.85,378.0,57.2,57.0,99.28,40.0,5.0,0.01,29.92,,10.0,,SCT,SCT,BKN,,3900.0,5000.0,6500.0,,,,,,,,,57.2,KUNV 110535Z AUTO 04005KT 10SM SCT039 SCT050 BKN065 14/14 A2992 RMK AO2 P0001 T01400139,,2.57222,14.000000000000002,6.0
UNV,2024-04-11 01:55:00,-77.85,40.85,378.0,56.7,56.7,100.0,30.0,6.0,0.01,29.9,,10.0,,SCT,SCT,SCT,,100.0,3500.0,4800.0,,-RA,,,,,,,56.7,KUNV 110555Z AUTO 03006KT 10SM -RA SCT001 SCT035 SCT048 14/14 A2990 RMK AO2 P0001 60001 T01370137 10173 20137,,3.086664,13.722222222222223,4.0
UNV,2024-04-11 02:15:00,-77.85,40.85,378.0,56.7,56.7,100.0,20.0,4.0,0.0,29.89,,10.0,,BKN,BKN,OVC,,300.0,900.0,7000.0,,RA,,,,,,,56.7,KUNV 110615Z AUTO 02004KT 10SM RA BKN003 BKN009 OVC070 14/14 A2989 RMK AO2 T01370137,,2.057776,13.722222222222223,8.0
UNV,2024-04-11 02:35:00,-77.85,40.85,378.0,56.5,56.5,100.0,40.0,6.0,0.0,29.88,,7.0,,SCT,BKN,BKN,,100.0,600.0,1400.0,,RA,,,,,,,56.5,KUNV 110635Z AUTO 04006KT 7SM RA SCT001 BKN006 BKN014 14/14 A2988 RMK AO2 T01360136,,3.086664,13.61111111111111,6.0
UNV,2024-04-11 02:55:00,-77.85,40.85,378.0,56.5,56.3,99.28,20.0,5.0,0.01,29.87,,7.0,,SCT,SCT,SCT,,100.0,1000.0,1500.0,,,,,,,,,56.5,KUNV 110655Z AUTO 02005KT 7SM SCT001 SCT010 SCT015 14/14 A2987 RMK AO2 P0001 T01360135,,2.57222,13.61111111111111,4.0
UNV,2024-04-11 03:15:00,-77.85,40.85,378.0,56.3,56.3,100.0,20.0,5.0,0.0,29.86,,7.0,,SCT,SCT,SCT,,500.0,4600.0,6500.0,,RA,,,,,,,56.3,KUNV 110715Z AUTO 02005KT 7SM RA SCT005 SCT046 SCT065 14/14 A2986 RMK AO2 T01350135,,2.57222,13.499999999999998,4.0
UNV,2024-04-11 03:35:00,-77.85,40.85,378.0,56.5,56.3,99.28,50.0,4.0,0.0,29.86,,10.0,,BKN,BKN,BKN,,200.0,600.0,3900.0,,RA,,,,,,,56.5,KUNV 110735Z AUTO 05004KT 10SM RA BKN002 BKN006 BKN039 14/14 A2986 RMK AO2 T01360135,,2.057776,13.61111111111111,6.0
UNV,2024-04-11 03:55:00,-77.85,40.85,378.0,57.2,57.0,99.28,30.0,4.0,0.0,29.85,,10.0,,SCT,SCT,SCT,,200.0,700.0,3000.0,,RA,,,,,,,57.2,KUNV 110755Z AUTO 03004KT 10SM RA SCT002 SCT007 SCT030 14/14 A2985 RMK AO2 T01400139,,2.057776,14.000000000000002,4.0
UNV,2024-04-11 04:15:00,-77.85,40.85,378.0,57.4,57.0,98.57,50.0,3.0,0.0,29.85,,10.0,,SCT,SCT,BKN,,200.0,700.0,4700.0,,-RA,,,,,,,57.4,KUNV 110815Z AUTO 05003KT 10SM -RA SCT002 SCT007 BKN047 14/14 A2985 RMK AO2 T01410139,,1.543332,14.11111111111111,6.0
UNV,2024-04-11 04:35:00,-77.85,40.85,378.0,57.2,57.0,99.28,60.0,3.0,0.0,29.85,,10.0,,CLR,,,,,,,,,,,,,,,57.2,KUNV 110835Z AUTO 06003KT 10SM CLR 14/14 A2985 RMK AO2 T01400138,,1.543332,14.000000000000002,0.0
UNV,2024-04-11 04:55:00,-77.85,40.85,378.0,57.4,56.0,95.07,0.0,0.0,0.01,29.84,,10.0,,CLR,,,,,,,,,,,,,,,57.4,KUNV 110855Z AUTO 00000KT 10SM CLR 14/13 A2984 RMK AO2 P0001 60002 T01410134,,0.0,14.11111111111111,0.0
UNV,2024-04-11 05:15:00,-77.85,40.85,378.0,58.0,56.0,93.04,80.0,5.0,0.0,29.83,,10.0,,CLR,,,,,,,,,,,,,,,58.0,KUNV 110915Z AUTO 08005KT 10SM CLR 14/13 A2983 RMK AO2 T01440133,,2.57222,14.444444444444445,0.0
UNV,2024-04-11 05:35:00,-77.85,40.85,378.0,57.7,56.3,95.07,60.0,4.0,0.0,29.82,,10.0,,CLR,,,,,,,,,,,,,,,57.7,KUNV 110935Z AUTO 06004KT 10SM CLR 14/14 A2982 RMK AO2 T01430135,,2.057776,14.277777777777779,0.0
UNV,2024-04-11 05:53:00,-77.85,40.85,378.0,59.0,55.4,87.83,60.0,5.0,0.0,29.82,,10.0,,SCT,,,,3800.0,,,,,,,,,,,59.0,KUNV 110953Z COR 06005KT 10SM SCT038 15/13 A2982,,2.57222,15.0,4.0
UNV,2024-04-11 06:19:00,-77.85,40.85,378.0,59.0,55.4,87.83,60.0,5.0,0.0,29.82,,10.0,,BKN,,,,3600.0,,,,,,,,,,,59.0,KUNV 111019Z 06005KT 10SM BKN036 15/13 A2982,,2.57222,15.0,6.0
UNV,2024-04-11 06:53:00,-77.85,40.85,378.0,59.0,55.4,87.83,130.0,6.0,0.0,29.81,,10.0,,SCT,BKN,,,2400.0,3400.0,,,,,,,,,,59.0,KUNV 111053Z 13006KT 10SM SCT024 BKN034 15/13 A2981,,3.086664,15.0,6.0
UNV,2024-04-11 07:53:00,-77.85,40.85,378.0,59.0,57.2,93.74,130.0,3.0,0.0,29.8,,10.0,,BKN,,,,2100.0,,,,,,,,,,,59.0,KUNV 111153Z 13003KT 10SM BKN021 15/14 A2980,,1.543332,15.0,6.0
UNV,2024-04-11 08:53:00,-77.85,40.85,378.0,60.8,57.2,87.92,0.0,0.0,0.0,29.8,,10.0,,BKN,BKN,,,2300.0,3100.0,,,,,,,,,,60.8,KUNV 111253Z 00000KT 10SM BKN023 BKN031 16/14 A2980,,0.0,16.0,6.0
UNV,2024-04-11 09:53:00,-77.85,40.85,378.0,62.6,57.2,82.5,170.0,5.0,0.0,29.78,,10.0,,SCT,BKN,BKN,,2300.0,3400.0,4700.0,,,,,,,,,62.6,KUNV 111353Z 17005KT 10SM SCT023 BKN034 BKN047 17/14 A2978,,2.57222,17.0,6.0
UNV,2024-04-11 10:53:00,-77.85,40.85,378.0,62.6,57.2,82.5,170.0,8.0,0.0,29.76,,10.0,15.0,BKN,BKN,OVC,,2300.0,3400.0,4500.0,,,,,,,,,62.6,KUNV 111453Z 17008G15KT 10SM BKN023 BKN034 OVC045 17/14 A2976,,4.115552,17.0,8.0
UNV,2024-04-11 11:53:00,-77.85,40.85,378.0,66.2,55.4,68.15,160.0,7.0,0.0,29.73,,10.0,14.0,BKN,BKN,,,2500.0,4900.0,,,,,,,,,,66.2,KUNV 111553Z 16007G14KT 10SM BKN025 BKN049 19/13 A2973,,3.601108,19.0,6.0
UNV,2024-04-11 12:53:00,-77.85,40.85,378.0,66.2,55.4,68.15,150.0,10.0,0.0,29.71,,10.0,16.0,BKN,BKN,,,2900.0,3600.0,,,,,,,,,,66.2,KUNV 111653Z 15010G16KT 10SM BKN029 BKN036 19/13 A2971,,5.14444,19.0,6.0
UNV,2024-04-11 13:53:00,-77.85,40.85,378.0,66.2,53.6,63.82,180.0,14.0,0.0,29.68,,10.0,21.0,BKN,BKN,,,3400.0,3900.0,,,,,,,,,,66.2,KUNV 111753Z 18014G21KT 150V210 10SM BKN034 BKN039 19/12 A2968,,7.202216,19.0,6.0
UNV,2024-04-11 14:53:00,-77.85,40.85,378.0,66.2,53.6,63.82,160.0,7.0,0.0,29.65,,10.0,18.0,OVC,,,,3300.0,,,,VCSH,,,,,,,66.2,KUNV 111853Z 16007G18KT 10SM VCSH OVC033 19/12 A2965,,3.601108,19.0,8.0
UNV,2024-04-11 15:53:00,-77.85,40.85,378.0,64.4,55.4,72.56,160.0,9.0,0.0,29.61,,10.0,20.0,SCT,SCT,OVC,,300.0,1200.0,2800.0,,-DZ BR,,,,,,,64.4,KUNV 111953Z 16009G20KT 10SM -DZ BR SCT003 SCT012 OVC028 18/13 A2961,,4.629996,18.000000000000004,8.0
UNV,2024-04-11 16:53:00,-77.85,40.85,378.0,62.6,57.2,82.5,130.0,7.0,0.0,29.58,,5.0,,SCT,BKN,OVC,,1000.0,1500.0,2300.0,,RA,,,,,,,62.6,KUNV 112053Z 13007KT 5SM RA SCT010 BKN015 OVC023 17/14 A2958,,3.601108,17.0,8.0
UNV,2024-04-11 17:53:00,-77.85,40.85,378.0,62.6,57.2,82.5,140.0,7.0,0.0,29.55,,2.5,14.0,SCT,OVC,,,900.0,1700.0,,,RA,,,,,,,62.6,KUNV 112153Z 14007G14KT 100V170 2 1/2SM RA SCT009 OVC017 17/14 A2955,,3.601108,17.0,8.0
UNV,2024-04-11 18:53:00,-77.85,40.85,378.0,60.8,60.8,100.0,150.0,5.0,0.0,29.51,,5.0,,SCT,BKN,OVC,,500.0,1600.0,2300.0,,-RA,,,,,,,60.8,KUNV 112253Z 15005KT 5SM -RA SCT005 BKN016 OVC023 16/16 A2951,,2.57222,16.0,8.0
UNV,2024-04-11 19:53:00,-77.85,40.85,378.0,62.6,60.8,93.83,150.0,7.0,0.0,29.48,,5.0,17.0,SCT,OVC,,,400.0,1800.0,,,-DZ BR,,,,,,,62.6,KUNV 112353Z 15007G17KT 5SM -DZ BR SCT004 OVC018 17/16 A2948,,3.601108,17.0,8.0
UNV,2024-04-11 20:53:00,-77.85,40.85,378.0,64.4,60.8,88.09,150.0,11.0,0.0,29.45,,7.0,21.0,SCT,OVC,,,2200.0,6000.0,,,-DZ BR,,,,,,,64.4,KUNV 120053Z 15011G21KT 7SM -DZ BR SCT022 OVC060 18/16 A2945,,5.6588840000000005,18.000000000000004,8.0
UNV,2024-04-11 21:53:00,-77.85,40.85,378.0,62.6,62.6,100.0,150.0,5.0,0.0,29.42,,5.0,18.0,SCT,BKN,OVC,,800.0,1800.0,4900.0,,-RA BR,,,,,,,62.6,KUNV 120153Z 15005G18KT 5SM -RA BR SCT008 BKN018 OVC049 17/17 A2942,,2.57222,17.0,8.0
UNV,2024-04-11 22:15:00,-77.85,40.85,378.0,63.0,62.0,96.54,140.0,8.0,0.02,29.41,,7.0,14.0,SCT,BKN,OVC,,500.0,1700.0,6000.0,,+RA,,,,,,,63.0,KUNV 120215Z AUTO 14008G14KT 7SM +RA SCT005 BKN017 OVC060 17/17 A2941 RMK AO2 P0002 T01720167,,4.115552,17.22222222222222,8.0
UNV,2024-04-11 22:35:00,-77.85,40.85,378.0,62.6,62.0,97.91,150.0,5.0,0.04,29.41,,10.0,18.0,SCT,BKN,OVC,,500.0,1300.0,2100.0,,-RA,,,,,,,62.6,KUNV 120235Z AUTO 15005G18KT 10SM -RA SCT005 BKN013 OVC021 17/17 A2941 RMK AO2 P0004 T01700167,,2.57222,17.0,8.0
UNV,2024-04-11 22:55:00,-77.85,40.85,378.0,63.3,61.7,94.52,160.0,9.0,0.05,29.39,,10.0,17.0,SCT,SCT,BKN,,300.0,900.0,1700.0,,RA,,,,,,,63.3,KUNV 120255Z AUTO 16009G17KT 10SM RA SCT003 SCT009 BKN017 17/17 A2939 RMK AO2 P0005 60009 T01740165,,4.629996,17.38888888888889,6.0
UNV,2024-04-11 23:15:00,-77.85,40.85,378.0,63.7,61.0,90.92,160.0,7.0,0.0,29.38,,10.0,14.0,BKN,BKN,BKN,,2000.0,2600.0,5500.0,,,,,,,,,63.7,KUNV 120315Z AUTO 16007G14KT 10SM BKN020 BKN026 BKN055 18/16 A2938 RMK AO2 T01760162,,3.601108,17.61111111111111,6.0
UNV,2024-04-11 23:35:00,-77.85,40.85,378.0,63.7,61.0,90.92,160.0,7.0,0.0,29.36,,10.0,,SCT,SCT,BKN,,500.0,2200.0,4800.0,,-DZ,,,,,,,63.7,KUNV 120335Z AUTO 16007KT 130V190 10SM -DZ SCT005 SCT022 BKN048 18/16 A2936 RMK AO2 T01760162,,3.601108,17.61111111111111,6.0
UNV,2024-04-11 23:55:00,-77.85,40.85,378.0,64.0,61.0,89.97,170.0,8.0,0.02,29.36,,7.0,17.0,SCT,SCT,BKN,,600.0,1300.0,2200.0,,+RA,,,,,,,64.0,KUNV 120355Z AUTO 17008G17KT 7SM +RA SCT006 SCT013 BKN022 18/16 A2936 RMK AO2 P0002 T01780162,,4.115552,17.77777777777778,6.0
UNV,2024-04-12 00:15:00,-77.85,40.85,378.0,62.8,62.2,97.91,140.0,9.0,0.01,29.33,,10.0,,SCT,BKN,BKN,,700.0,1600.0,2500.0,,-RA,,,,,,,62.8,KUNV 120415Z AUTO 14009KT 10SM -RA SCT007 BKN016 BKN025 17/17 A2933 RMK AO2 P0001 T01710168,,4.629996,17.11111111111111,6.0
UNV,2024-04-12 00:35:00,-77.85,40.85,378.0,63.5,61.7,93.86,150.0,8.0,0.01,29.31,,10.0,14.0,SCT,BKN,BKN,,500.0,2100.0,3800.0,,DZ,,,,,,,63.5,KUNV 120435Z AUTO 15008G14KT 10SM DZ SCT005 BKN021 BKN038 18/17 A2931 RMK AO2 P0001 T01750165,,4.115552,17.5,6.0
UNV,2024-04-12 00:55:00,-77.85,40.85,378.0,63.7,61.3,91.89,160.0,10.0,0.02,29.29,,10.0,16.0,SCT,SCT,BKN,,300.0,1100.0,2200.0,,-DZ,,,,,,,63.7,KUNV 120455Z AUTO 16010G16KT 10SM -DZ SCT003 SCT011 BKN022 18/16 A2929 RMK AO2 P0002 T01760163,,5.14444,17.61111111111111,6.0
UNV,2024-04-12 01:15:00,-77.85,40.85,378.0,63.5,61.5,93.19,160.0,8.0,0.01,29.28,,10.0,18.0,SCT,SCT,BKN,,300.0,900.0,1600.0,,-RA,,,,,,,63.5,KUNV 120515Z AUTO 16008G18KT 10SM -RA SCT003 SCT009 BKN016 18/16 A2928 RMK AO2 P0001 T01750164,,4.115552,17.5,6.0
UNV,2024-04-12 01:35:00,-77.85,40.85,378.0,62.6,61.7,96.87,160.0,5.0,0.03,29.26,,10.0,15.0,SCT,BKN,OVC,,600.0,1100.0,4900.0,,-RA,,,,,,,62.6,KUNV 120535Z AUTO 16005G15KT 10SM -RA SCT006 BKN011 OVC049 17/17 A2926 RMK AO2 LTG DSNT S P0003 T01700165,,2.57222,17.0,8.0
UNV,2024-04-12 01:55:00,-77.85,40.85,378.0,63.3,61.3,93.19,160.0,9.0,0.04,29.25,,10.0,,SCT,BKN,BKN,,500.0,1000.0,2200.0,,RA,,,,,,,63.3,KUNV 120555Z AUTO 16009KT 140V210 10SM RA SCT005 BKN010 BKN022 17/16 A2925 RMK AO2 P0004 60018 T01740163 10180 20168,,4.629996,17.38888888888889,6.0
UNV,2024-04-12 02:15:00,-77.85,40.85,378.0,62.6,62.0,97.91,160.0,6.0,0.01,29.23,,10.0,,BKN,BKN,OVC,,700.0,1200.0,2000.0,,-RA,,,,,,,62.6,KUNV 120615Z AUTO 16006KT 10SM -RA BKN007 BKN012 OVC020 17/17 A2923 RMK AO2 P0001 T01700167,,3.086664,17.0,8.0
UNV,2024-04-12 02:35:00,-77.85,40.85,378.0,62.2,62.0,99.3,160.0,7.0,0.06,29.22,,7.0,,BKN,BKN,OVC,,900.0,1200.0,1800.0,,RA,,,,,,,62.2,KUNV 120635Z AUTO 16007KT 7SM RA BKN009 BKN012 OVC018 17/17 A2922 RMK AO2 P0006 T01680166,,3.601108,16.77777777777778,8.0
UNV,2024-04-12 02:55:00,-77.85,40.85,378.0,61.7,61.7,100.0,190.0,4.0,0.18,29.2,,5.0,,BKN,BKN,OVC,,700.0,1500.0,4300.0,,+RA,,,,,,,61.7,KUNV 120655Z AUTO 19004KT 5SM +RA BKN007 BKN015 OVC043 17/17 A2920 RMK AO2 P0018 T01650165,,2.057776,16.5,8.0
UNV,2024-04-12 03:15:00,-77.85,40.85,378.0,59.0,59.0,100.0,230.0,7.0,0.26,29.21,,3.0,17.0,SCT,BKN,BKN,,700.0,1500.0,4700.0,,+RA,,,,,,,59.0,KUNV 120715Z AUTO 23007G17KT 3SM +RA SCT007 BKN015 BKN047 15/15 A2921 RMK AO2 P0026 T01510150,,3.601108,15.0,6.0
UNV,2024-04-12 03:35:00,-77.85,40.85,378.0,58.0,58.0,100.0,220.0,7.0,0.41,29.2,,7.0,,SCT,SCT,SCT,,2700.0,3200.0,7500.0,,RA,,,,,,,58.0,KUNV 120735Z AUTO 22007KT 7SM RA SCT027 SCT032 SCT075 15/14 A2920 RMK AO2 P0041 T01450144,,3.601108,14.444444444444445,4.0
UNV,2024-04-12 03:55:00,-77.85,40.85,378.0,57.2,57.2,100.0,210.0,6.0,0.46,29.2,,10.0,,BKN,OVC,,,2500.0,3100.0,,,RA,,,,,,,57.2,KUNV 120755Z AUTO 21006KT 10SM RA BKN025 OVC031 14/14 A2920 RMK AO2 P0046 T01400140,,3.086664,14.000000000000002,8.0
UNV,2024-04-12 04:15:00,-77.85,40.85,378.0,57.0,57.0,100.0,210.0,8.0,0.01,29.21,,10.0,,SCT,BKN,OVC,,1600.0,2200.0,2700.0,,RA,,,,,,,57.0,KUNV 120815Z AUTO 21008KT 10SM RA SCT016 BKN022 OVC027 14/14 A2921 RMK AO2 P0001 T01380138,,4.115552,13.88888888888889,8.0
UNV,2024-04-12 04:35:00,-77.85,40.85,378.0,56.7,56.7,100.0,210.0,8.0,0.03,29.22,,10.0,,SCT,OVC,,,1600.0,2800.0,,,-RA,,,,,,,56.7,KUNV 120835Z AUTO 21008KT 10SM -RA SCT016 OVC028 14/14 A2922 RMK AO2 P0003 T01370137,,4.115552,13.722222222222223,8.0
UNV,2024-04-12 04:55:00,-77.85,40.85,378.0,56.5,56.5,100.0,210.0,9.0,0.06,29.22,,10.0,,SCT,BKN,OVC,,700.0,2800.0,6000.0,,-RA,,,,,,,56.5,KUNV 120855Z AUTO 21009KT 10SM -RA SCT007 BKN028 OVC060 14/14 A2922 RMK AO2 P0006 60075 T01360136,,4.629996,13.61111111111111,8.0
UNV,2024-04-12 05:15:00,-77.85,40.85,378.0,56.5,56.3,99.28,210.0,7.0,0.01,29.23,,10.0,,SCT,BKN,BKN,,900.0,2900.0,4300.0,,DZ,,,,,,,56.5,KUNV 120915Z AUTO 21007KT 10SM DZ SCT009 BKN029 BKN043 14/14 A2923 RMK AO2 P0001 T01360135,,3.601108,13.61111111111111,6.0
UNV,2024-04-12 05:35:00,-77.85,40.85,378.0,56.3,56.3,100.0,210.0,6.0,0.01,29.23,,7.0,,SCT,BKN,OVC,,600.0,1200.0,6500.0,,DZ,,,,,,,56.3,KUNV 120935Z AUTO 21006KT 7SM DZ SCT006 BKN012 OVC065 14/14 A2923 RMK AO2 P0001 T01350135,,3.086664,13.499999999999998,8.0
UNV,2024-04-12 05:53:00,-77.85,40.85,378.0,57.2,55.4,93.69,220.0,5.0,0.0,29.23,,7.0,,BKN,BKN,OVC,,700.0,1200.0,3100.0,,RA,,,,,,,57.2,KUNV 120953Z 22005KT 7SM RA BKN007 BKN012 OVC031 14/13 A2923,,2.57222,14.000000000000002,8.0
UNV,2024-04-12 06:31:00,-77.85,40.85,378.0,57.2,57.2,100.0,210.0,11.0,0.0,29.24,,2.5,15.0,BKN,BKN,OVC,,700.0,1200.0,2600.0,,RA BR,,,,,,,57.2,KUNV 121031Z 21011G15KT 2 1/2SM RA BR BKN007 BKN012 OVC026 14/14 A2924,,5.6588840000000005,14.000000000000002,8.0
UNV,2024-04-12 06:53:00,-77.85,40.85,378.0,55.4,55.4,100.0,240.0,22.0,0.0,29.27,,7.0,32.0,BKN,OVC,,,1100.0,1600.0,,,RA,,,,,,,55.4,KUNV 121053Z 24022G32KT 7SM RA BKN011 OVC016 13/13 A2927,,11.317768000000001,13.0,8.0
UNV,2024-04-12 07:53:00,-77.85,40.85,378.0,51.8,46.4,81.74,240.0,16.0,0.0,29.34,,10.0,25.0,BKN,,,,2800.0,,,,,,,,,,,51.8,KUNV 121153Z 24016G25KT 10SM BKN028 11/08 A2934,,8.231104,10.999999999999998,6.0
UNV,2024-04-12 08:53:00,-77.85,40.85,378.0,51.8,42.8,71.26,260.0,17.0,0.0,29.36,,10.0,28.0,BKN,BKN,,,2800.0,3600.0,,,,,,,,,,51.8,KUNV 121253Z 26017G28KT 10SM BKN028 BKN036 11/06 A2936,,8.745548,10.999999999999998,6.0
UNV,2024-04-12 09:53:00,-77.85,40.85,378.0,51.8,42.8,71.26,270.0,20.0,0.0,29.37,,10.0,30.0,BKN,BKN,,,3000.0,5000.0,,,,,,,,,,51.8,KUNV 121353Z 27020G30KT 10SM BKN030 BKN050 11/06 A2937,,10.28888,10.999999999999998,6.0
UNV,2024-04-12 10:53:00,-77.85,40.85,378.0,51.8,42.8,71.26,240.0,21.0,0.0,29.37,,10.0,30.0,SCT,BKN,,,1800.0,2800.0,,,,,,,,,,51.8,KUNV 121453Z 24021G30KT 10SM SCT018 BKN028 11/06 A2937,,10.803324,10.999999999999998,6.0
UNV,2024-04-12 11:53:00,-77.85,40.85,378.0,55.4,42.8,62.46,260.0,18.0,0.0,29.38,,10.0,30.0,SCT,BKN,,,2000.0,3200.0,,,VCSH,,,,,,,55.4,KUNV 121553Z 26018G30KT 10SM VCSH SCT020 BKN032 13/06 A2938,,9.259992,13.0,6.0
UNV,2024-04-12 12:53:00,-77.85,40.85,378.0,55.4,42.8,62.46,270.0,17.0,0.0,29.38,,10.0,21.0,SCT,BKN,,,2500.0,3700.0,,,VCSH,,,,,,,55.4,KUNV 121653Z 27017G21KT 10SM VCSH SCT025 BKN037 13/06 A2938,,8.745548,13.0,6.0
UNV,2024-04-12 13:53:00,-77.85,40.85,378.0,51.8,41.0,66.48,260.0,12.0,0.0,29.39,,10.0,26.0,SCT,SCT,BKN,,2400.0,3300.0,3900.0,,-RA,,,,,,,51.8,KUNV 121753Z 26012G26KT 10SM -RA SCT024 SCT033 BKN039 11/05 A2939,,6.173328,10.999999999999998,6.0
UNV,2024-04-12 14:53:00,-77.85,40.85,378.0,50.0,42.8,76.18,230.0,19.0,0.0,29.41,,10.0,25.0,SCT,BKN,,,2900.0,3600.0,,,VCSH,,,,,,,50.0,KUNV 121853Z 23019G25KT 10SM VCSH SCT029 BKN036 10/06 A2941,,9.774436,10.0,6.0
UNV,2024-04-12 15:53:00,-77.85,40.85,378.0,50.0,42.8,76.18,240.0,16.0,0.0,29.41,,10.0,22.0,BKN,,,,3100.0,,,,-RA,,,,,,,50.0,KUNV 121953Z 24016G22KT 10SM -RA BKN031 10/06 A2941,,8.231104,10.0,6.0
UNV,2024-04-12 16:53:00,-77.85,40.85,378.0,51.8,42.8,71.26,240.0,20.0,0.0,29.42,,10.0,26.0,SCT,SCT,SCT,,800.0,1300.0,2900.0,,-RA,,,,,,,51.8,KUNV 122053Z 24020G26KT 10SM -RA SCT008 SCT013 SCT029 11/06 A2942,,10.28888,10.999999999999998,4.0
UNV,2024-04-12 17:53:00,-77.85,40.85,378.0,48.2,44.6,87.28,250.0,15.0,0.0,29.43,,10.0,24.0,SCT,BKN,OVC,,700.0,1200.0,3200.0,,-RA,,,,,,,41.78,KUNV 122153Z 25015G24KT 10SM -RA SCT007 BKN012 OVC032 09/07 A2943,,7.71666,9.000000000000002,8.0
UNV,2024-04-12 18:53:00,-77.85,40.85,378.0,48.2,44.6,87.28,260.0,18.0,0.0,29.45,,10.0,26.0,SCT,BKN,BKN,,700.0,1000.0,1700.0,,-RA,,,,,,,41.07,KUNV 122253Z 26018G26KT 10SM -RA SCT007 BKN010 BKN017 09/07 A2945,,9.259992,9.000000000000002,6.0
UNV,2024-04-12 19:53:00,-77.85,40.85,378.0,46.4,44.6,93.4,250.0,18.0,0.0,29.46,,10.0,26.0,SCT,SCT,SCT,,800.0,1200.0,2800.0,,-RA,,,,,,,38.7,KUNV 122353Z 25018G26KT 10SM -RA SCT008 SCT012 SCT028 08/07 A2946,,9.259992,8.0,4.0
UNV,2024-04-12 20:53:00,-77.85,40.85,378.0,48.2,42.8,81.47,230.0,8.0,0.0,29.47,,10.0,14.0,BKN,BKN,,,2800.0,4300.0,,,,,,,,,,44.07,KUNV 130053Z 23008G14KT 10SM BKN028 BKN043 09/06 A2947,,4.115552,9.000000000000002,6.0
UNV,2024-04-12 21:53:00,-77.85,40.85,378.0,48.2,41.0,76.01,270.0,18.0,0.0,29.48,,10.0,28.0,BKN,BKN,,,2900.0,3600.0,,,,,,,,,,41.07,KUNV 130153Z 27018G28KT 10SM BKN029 BKN036 09/05 A2948,,9.259992,9.000000000000002,6.0
UNV,2024-04-12 22:12:00,-77.85,40.85,378.0,47.3,40.3,76.52,260.0,17.0,0.0,29.49,,10.0,23.0,SCT,,,,2900.0,,,,,,,,,,,40.12,KUNV 130212Z AUTO 26017G23KT 10SM SCT029 09/05 A2949 RMK AO2 T00850046,,8.745548,8.499999999999998,4.0
UNV,2024-04-12 22:35:00,-77.85,40.85,378.0,46.4,41.0,81.34,270.0,12.0,0.0,29.49,,10.0,22.0,SCT,SCT,BKN,,600.0,1000.0,3100.0,,-DZ,,,,,,,40.33,KUNV 130235Z AUTO 27012G22KT 10SM -DZ SCT006 SCT010 BKN031 08/05 A2949 RMK AO2 T00800050,,6.173328,8.0,6.0
UNV,2024-04-12 22:55:00,-77.85,40.85,378.0,46.0,40.3,80.37,290.0,20.0,0.0,29.52,,10.0,25.0,SCT,BKN,BKN,,800.0,2300.0,3200.0,,DZ,,,,,,,37.73,KUNV 130255Z AUTO 29020G25KT 10SM DZ SCT008 BKN023 BKN032 08/05 A2952 RMK AO2 T00780046,,10.28888,7.777777777777778,6.0
UNV,2024-04-12 23:15:00,-77.85,40.85,378.0,44.0,38.0,79.27,290.0,12.0,0.01,29.53,,10.0,21.0,SCT,OVC,,,600.0,1200.0,,,DZ,,,,,,,37.27,KUNV 130315Z AUTO 29012G21KT 10SM DZ SCT006 OVC012 07/03 A2953 RMK AO2 P0001 T00670033,,6.173328,6.666666666666667,8.0
UNV,2024-04-12 23:35:00,-77.85,40.85,378.0,43.0,37.4,80.45,270.0,13.0,0.01,29.55,,10.0,21.0,BKN,OVC,,,1000.0,1500.0,,,DZ,,,,,,,35.66,KUNV 130335Z AUTO 27013G21KT 10SM DZ BKN010 OVC015 06/03 A2955 RMK AO2 P0001 T00610030,,6.687772,6.111111111111111,8.0
UNV,2024-04-12 23:55:00,-77.85,40.85,378.0,42.3,36.7,80.39,280.0,14.0,0.01,29.56,,10.0,23.0,OVC,,,,1100.0,,,,DZ,,,,,,,34.44,KUNV 130355Z AUTO 28014G23KT 10SM DZ OVC011 06/03 A2956 RMK AO2 P0001 T00570026,,7.202216,5.7222222222222205,8.0
UNV,2024-04-13 00:15:00,-77.85,40.85,378.0,41.4,37.4,85.56,270.0,14.0,0.01,29.57,,10.0,19.0,OVC,,,,1100.0,,,,RA,,,,,,,33.28,KUNV 130415Z AUTO 27014G19KT 10SM RA OVC011 05/03 A2957 RMK AO2 P0001 T00520030,,7.202216,5.222222222222221,8.0
UNV,2024-04-13 00:35:00,-77.85,40.85,378.0,41.0,37.8,88.27,260.0,7.0,0.03,29.57,,10.0,,OVC,,,,1100.0,,,,-RA,,,,,,,35.75,KUNV 130435Z AUTO 26007KT 10SM -RA OVC011 05/03 A2957 RMK AO2 P0003 T00500032,,3.601108,5.0,8.0
UNV,2024-04-13 00:55:00,-77.85,40.85,378.0,41.0,39.2,93.24,0.0,0.0,0.05,29.57,,10.0,,SCT,OVC,,,400.0,900.0,,,-RA,,,,,,,41.0,KUNV 130455Z AUTO 00000KT 10SM -RA SCT004 OVC009 05/04 A2957 RMK AO2 P0005 T00490040,,0.0,5.0,8.0
UNV,2024-04-13 01:15:00,-77.85,40.85,378.0,41.0,39.4,93.97,240.0,10.0,0.0,29.56,,10.0,,SCT,SCT,SCT,,400.0,900.0,1900.0,,-RA,,,,,,,34.25,KUNV 130515Z AUTO 24010KT 10SM -RA SCT004 SCT009 SCT019 05/04 A2956 RMK AO2 T00500041,,5.14444,5.0,4.0
UNV,2024-04-13 01:35:00,-77.85,40.85,378.0,42.0,39.2,89.71,250.0,13.0,0.0,29.56,,10.0,20.0,SCT,SCT,SCT,,600.0,1400.0,1900.0,,-DZ,,,,,,,34.38,KUNV 130535Z AUTO 25013G20KT 10SM -DZ SCT006 SCT014 SCT019 06/04 A2956 RMK AO2 T00560040,,6.687772,5.555555555555555,4.0
UNV,2024-04-13 01:55:00,-77.85,40.85,378.0,43.0,38.5,84.0,260.0,19.0,0.0,29.57,,10.0,27.0,SCT,SCT,BKN,,800.0,1600.0,2800.0,,-RA,,,,,,,33.98,KUNV 130555Z AUTO 26019G27KT 10SM -RA SCT008 SCT016 BKN028 06/04 A2957 RMK AO2 60008 T00610036 10087 20048,,9.774436,6.111111111111111,6.0
UNV,2024-04-13 02:15:00,-77.85,40.85,378.0,42.8,37.0,79.8,270.0,16.0,0.01,29.58,,10.0,25.0,SCT,SCT,BKN,,400.0,800.0,2600.0,,,,,,,,,34.5,KUNV 130615Z AUTO 27016G25KT 10SM SCT004 SCT008 BKN026 06/03 A2958 RMK AO2 P0001 T00600028,,8.231104,5.999999999999998,6.0
UNV,2024-04-13 02:35:00,-77.85,40.85,378.0,42.4,37.2,81.68,270.0,22.0,0.01,29.59,,10.0,27.0,SCT,SCT,BKN,,700.0,1100.0,2700.0,,-RA,,,,,,,32.5,KUNV 130635Z AUTO 27022G27KT 10SM -RA SCT007 SCT011 BKN027 06/03 A2959 RMK AO2 P0001 T00580029,,11.317768000000001,5.777777777777777,6.0
UNV,2024-04-13 02:55:00,-77.85,40.85,378.0,42.0,36.3,80.05,290.0,21.0,0.01,29.61,,10.0,32.0,SCT,BKN,BKN,,700.0,1100.0,2200.0,,-DZ,,,,,,,32.19,KUNV 130655Z AUTO 29021G32KT 10SM -DZ SCT007 BKN011 BKN022 06/02 A2961 RMK AO2 P0001 T00550024,,10.803324,5.555555555555555,6.0
UNV,2024-04-13 03:15:00,-77.85,40.85,378.0,41.7,36.0,80.03,270.0,14.0,0.0,29.61,,10.0,25.0,BKN,BKN,OVC,,800.0,1200.0,2400.0,,DZ,,,,,,,33.67,KUNV 130715Z AUTO 27014G25KT 10SM DZ BKN008 BKN012 OVC024 05/02 A2961 RMK AO2 T00540023,,7.202216,5.38888888888889,8.0
UNV,2024-04-13 03:35:00,-77.85,40.85,378.0,41.0,37.0,85.54,260.0,23.0,0.0,29.63,,10.0,33.0,SCT,OVC,,,500.0,800.0,,,DZ,,,,,,,30.41,KUNV 130735Z AUTO 26023G33KT 10SM DZ SCT005 OVC008 05/03 A2963 RMK AO2 T00490027,,11.832212,5.0,8.0
UNV,2024-04-13 03:55:00,-77.85,40.85,378.0,40.0,34.7,81.18,270.0,17.0,0.01,29.63,,10.0,28.0,SCT,SCT,BKN,,800.0,1200.0,2200.0,,-DZ,,,,,,,30.56,KUNV 130755Z AUTO 27017G28KT 10SM -DZ SCT008 SCT012 BKN022 05/02 A2963 RMK AO2 P0001 T00450015,,8.745548,4.444444444444445,6.0
UNV,2024-04-13 04:15:00,-77.85,40.85,378.0,40.3,33.3,75.87,280.0,26.0,0.0,29.64,,10.0,31.0,SCT,,,,2500.0,,,,,,,,,,,28.85,KUNV 130815Z AUTO 28026G31KT 10SM SCT025 05/01 A2964 RMK AO2 T00460007,,13.375544,4.61111111111111,4.0
UNV,2024-04-13 04:35:00,-77.85,40.85,378.0,40.0,33.6,77.69,270.0,16.0,0.0,29.64,,10.0,31.0,SCT,SCT,,,2400.0,2900.0,,,,,,,,,,30.85,KUNV 130835Z AUTO 27016G31KT 10SM SCT024 SCT029 05/01 A2964 RMK AO2 T00450009,,8.231104,4.444444444444445,4.0
UNV,2024-04-13 04:55:00,-77.85,40.85,378.0,39.7,33.8,79.23,270.0,17.0,0.0,29.65,,10.0,34.0,SCT,,,,2400.0,,,,,,,,,,,30.16,KUNV 130855Z AUTO 27017G34KT 10SM SCT024 04/01 A2965 RMK AO2 60002 T00430010,,8.745548,4.2777777777777795,4.0
UNV,2024-04-13 05:15:00,-77.85,40.85,378.0,40.0,32.5,74.33,280.0,23.0,0.0,29.65,,10.0,30.0,BKN,BKN,,,2600.0,3200.0,,,,,,,,,,29.07,KUNV 130915Z AUTO 28023G30KT 10SM BKN026 BKN032 05/00 A2965 RMK AO2 T00450003,,11.832212,4.444444444444445,6.0
UNV,2024-04-13 05:35:00,-77.85,40.85,378.0,40.3,32.0,72.01,280.0,20.0,0.0,29.65,,10.0,31.0,SCT,SCT,,,2800.0,3400.0,,,,,,,,,,30.16,KUNV 130935Z AUTO 28020G31KT 10SM SCT028 SCT034 05/00 A2965 RMK AO2 T00460000,,10.28888,4.61111111111111,4.0
UNV,2024-04-13 05:53:00,-77.85,40.85,378.0,41.0,32.0,70.08,290.0,16.0,0.0,29.65,,10.0,27.0,SCT,BKN,,,2800.0,3400.0,,,,,,,,,,32.15,KUNV 130953Z 29016G27KT 10SM SCT028 BKN034 05/00 A2965,,8.231104,5.0,6.0
UNV,2024-04-13 06:53:00,-77.85,40.85,378.0,41.0,32.0,70.08,290.0,18.0,0.0,29.68,,10.0,31.0,BKN,,,,2800.0,,,,,,,,,,,31.6,KUNV 131053Z 29018G31KT 10SM BKN028 05/00 A2968,,9.259992,5.0,6.0
UNV,2024-04-13 07:53:00,-77.85,40.85,378.0,41.0,32.0,70.08,290.0,18.0,0.0,29.7,,10.0,30.0,BKN,,,,3000.0,,,,,,,,,,,31.6,KUNV 131153Z 29018G30KT 10SM BKN030 05/00 A2970,,9.259992,5.0,6.0
UNV,2024-04-13 08:53:00,-77.85,40.85,378.0,42.8,32.0,65.38,290.0,16.0,0.0,29.72,,10.0,34.0,BKN,,,,3400.0,,,,,,,,,,,34.5,KUNV 131253Z 29016G34KT 10SM BKN034 06/00 A2972,,8.231104,5.999999999999998,6.0
UNV,2024-04-13 09:53:00,-77.85,40.85,378.0,42.8,30.2,60.79,300.0,23.0,0.0,29.75,,10.0,34.0,BKN,,,,3600.0,,,,,,,,,,,32.83,KUNV 131353Z 30023G34KT 10SM BKN036 06/M01 A2975,,11.832212,5.999999999999998,6.0
UNV,2024-04-13 10:53:00,-77.85,40.85,378.0,44.6,30.2,56.74,290.0,221.0,0.0,29.78,,10.0,27.0,BKN,,,,3800.0,,,,,,,,,,,22.95,KUNV 131453Z 290221G27KT 10SM BKN038 07/M01 A2978,,113.692124,7.000000000000001,6.0
UNV,2024-04-13 11:53:00,-77.85,40.85,378.0,46.4,30.2,53.0,280.0,23.0,0.0,29.8,,10.0,30.0,BKN,,,,4100.0,,,,,,,,,,,37.67,KUNV 131553Z 28023G30KT 10SM BKN041 08/M01 A2980,,11.832212,8.0,6.0
UNV,2024-04-13 12:53:00,-77.85,40.85,378.0,48.2,32.0,53.27,290.0,27.0,0.0,29.82,,10.0,33.0,SCT,,,,4300.0,,,,,,,,,,,39.42,KUNV 131653Z 29027G33KT 10SM SCT043 09/00 A2982,,13.889988,9.000000000000002,4.0
UNV,2024-04-13 13:53:00,-77.85,40.85,378.0,48.2,32.0,53.27,300.0,14.0,0.0,29.84,,10.0,26.0,SCT,,,,4500.0,,,,,,,,,,,42.04,KUNV 131753Z 30014G26KT 10SM SCT045 09/00 A2984,,7.202216,9.000000000000002,4.0
UNV,2024-04-13 14:53:00,-77.85,40.85,378.0,51.8,32.0,46.59,290.0,18.0,0.0,29.85,,10.0,25.0,SCT,,,,4500.0,,,,,,,,,,,51.8,KUNV 131853Z 29018G25KT 10SM SCT045 11/00 A2985,,9.259992,10.999999999999998,4.0
UNV,2024-04-13 15:53:00,-77.85,40.85,378.0,51.8,32.0,46.59,290.0,18.0,0.0,29.85,,10.0,30.0,SCT,,,,4500.0,,,,,,,,,,,51.8,KUNV 131953Z 29018G30KT 10SM SCT045 11/00 A2985,,9.259992,10.999999999999998,4.0
UNV,2024-04-13 16:53:00,-77.85,40.85,378.0,53.6,32.0,43.61,290.0,13.0,0.0,29.85,,10.0,26.0,SCT,,,,4500.0,,,,,,,,,,,53.6,KUNV 132053Z 29013G26KT 10SM SCT045 12/00 A2985,,6.687772,12.0,4.0
UNV,2024-04-13 17:53:00,-77.85,40.85,378.0,53.6,32.0,43.61,290.0,19.0,0.0,29.86,,10.0,26.0,SCT,,,,4500.0,,,,,,,,,,,53.6,KUNV 132153Z 29019G26KT 10SM SCT045 12/00 A2986,,9.774436,12.0,4.0
UNV,2024-04-13 18:53:00,-77.85,40.85,378.0,53.6,30.2,40.54,330.0,14.0,0.0,29.88,,10.0,20.0,SCT,,,,6000.0,,,,,,,,,,,53.6,KUNV 132253Z 33014G20KT 10SM SCT060 12/M01 A2988,,7.202216,12.0,4.0
UNV,2024-04-13 19:53:00,-77.85,40.85,378.0,51.8,30.2,43.32,300.0,10.0,0.0,29.9,,10.0,19.0,CLR,,,,,,,,,,,,,,,51.8,KUNV 132353Z 30010G19KT 10SM CLR 11/M01 A2990,,5.14444,10.999999999999998,0.0
UNV,2024-04-13 20:53:00,-77.85,40.85,378.0,50.0,30.2,46.31,280.0,9.0,0.0,29.94,,10.0,16.0,CLR,,,,,,,,,,,,,,,50.0,KUNV 140053Z 28009G16KT 10SM CLR 10/M01 A2994,,4.629996,10.0,0.0
UNV,2024-04-13 21:53:00,-77.85,40.85,378.0,48.2,30.2,49.53,290.0,9.0,0.0,29.96,,10.0,16.0,CLR,,,,,,,,,,,,,,,43.66,KUNV 140153Z 29009G16KT 10SM CLR 09/M01 A2996,,4.629996,9.000000000000002,0.0
UNV,2024-04-13 22:15:00,-77.85,40.85,378.0,48.4,29.5,47.77,260.0,7.0,0.0,29.96,,10.0,,CLR,,,,,,,,,,,,,,,44.77,KUNV 140215Z AUTO 26007KT 10SM CLR 09/M01 A2996 RMK AO2 T00911014,,3.601108,9.11111111111111,0.0
UNV,2024-04-13 22:35:00,-77.85,40.85,378.0,48.6,29.0,46.46,250.0,5.0,0.0,29.96,,10.0,17.0,CLR,,,,,,,,,,,,,,,46.11,KUNV 140235Z AUTO 25005G17KT 10SM CLR 09/M02 A2996 RMK AO2 T00921016,,2.57222,9.222222222222221,0.0
UNV,2024-04-13 22:55:00,-77.85,40.85,378.0,47.7,29.0,48.05,230.0,5.0,0.0,29.96,,10.0,,CLR,,,,,,,,,,,,,,,45.04,KUNV 140255Z AUTO 23005KT 10SM CLR 09/M02 A2996 RMK AO2 T00871017,,2.57222,8.722222222222223,0.0
UNV,2024-04-13 23:15:00,-77.85,40.85,378.0,47.0,29.3,49.95,250.0,9.0,0.0,29.96,,10.0,,CLR,,,,,,,,,,,,,,,42.17,KUNV 140315Z AUTO 25009KT 10SM CLR 08/M01 A2996 RMK AO2 T00841015,,4.629996,8.333333333333334,0.0
UNV,2024-04-13 23:35:00,-77.85,40.85,378.0,48.0,29.3,48.1,270.0,5.0,0.0,29.96,,10.0,,CLR,,,,,,,,,,,,,,,45.4,KUNV 140335Z AUTO 27005KT 10SM CLR 09/M01 A2996 RMK AO2 T00891015,,2.57222,8.88888888888889,0.0
UNV,2024-04-13 23:55:00,-77.85,40.85,378.0,46.4,29.5,51.51,280.0,6.0,0.0,29.96,,10.0,,CLR,,,,,,,,,,,,,,,42.87,KUNV 140355Z AUTO 28006KT 10SM CLR 08/M01 A2996 RMK AO2 T00801014,,3.086664,8.0,0.0
UNV,2024-04-14 00:15:00,-77.85,40.85,378.0,46.8,29.3,50.32,260.0,6.0,0.0,29.96,,10.0,,CLR,,,,,,,,,,,,,,,43.35,KUNV 140415Z AUTO 26006KT 10SM CLR 08/M01 A2996 RMK AO2 T00821015,,3.086664,8.222222222222221,0.0
UNV,2024-04-14 00:35:00,-77.85,40.85,378.0,46.6,29.3,50.7,280.0,7.0,0.0,29.96,,10.0,,CLR,,,,,,,,,,,,,,,42.58,KUNV 140435Z AUTO 28007KT 10SM CLR 08/M01 A2996 RMK AO2 T00811015,,3.601108,8.11111111111111,0.0
UNV,2024-04-14 00:55:00,-77.85,40.85,378.0,46.0,29.3,51.87,260.0,6.0,0.0,29.96,,10.0,,CLR,,,,,,,,,,,,,,,42.39,KUNV 140455Z AUTO 26006KT 10SM CLR 08/M01 A2996 RMK AO2 T00781015,,3.086664,7.777777777777778,0.0
UNV,2024-04-14 01:15:00,-77.85,40.85,378.0,46.0,29.3,51.87,260.0,5.0,0.0,29.96,,10.0,,CLR,,,,,,,,,,,,,,,43.02,KUNV 140515Z AUTO 26005KT 10SM CLR 08/M01 A2996 RMK AO2 T00771015,,2.57222,7.777777777777778,0.0
UNV,2024-04-14 01:35:00,-77.85,40.85,378.0,46.0,29.5,52.29,260.0,4.0,0.0,29.95,,10.0,,CLR,,,,,,,,,,,,,,,43.77,KUNV 140535Z AUTO 26004KT 10SM CLR 08/M01 A2995 RMK AO2 T00771014,,2.057776,7.777777777777778,0.0
UNV,2024-04-14 01:55:00,-77.85,40.85,378.0,42.4,30.0,61.23,240.0,3.0,0.0,29.95,,10.0,,CLR,,,,,,,,,,,,,,,40.58,KUNV 140555Z AUTO 24003KT 10SM CLR 06/M01 A2995 RMK AO2 T00581011 10105 20058,,1.543332,5.777777777777777,0.0
UNV,2024-04-14 02:15:00,-77.85,40.85,378.0,46.0,29.0,51.24,270.0,3.0,0.0,29.95,,10.0,,CLR,,,,,,,,,,,,,,,44.69,KUNV 140615Z AUTO 27003KT 10SM CLR 08/M02 A2995 RMK AO2 T00771016,,1.543332,7.777777777777778,0.0
UNV,2024-04-14 02:35:00,-77.85,40.85,378.0,45.7,30.0,53.98,270.0,6.0,0.0,29.95,,10.0,,CLR,,,,,,,,,,,,,,,42.03,KUNV 140635Z AUTO 27006KT 10SM CLR 08/M01 A2995 RMK AO2 LTG DSNT NW T00761011,,3.086664,7.6111111111111125,0.0
UNV,2024-04-14 02:55:00,-77.85,40.85,378.0,46.2,31.0,55.16,280.0,5.0,0.0,29.95,,10.0,,CLR,,,,,,,,,,,,,,,43.26,KUNV 140655Z AUTO 28005KT 10SM CLR 08/00 A2995 RMK AO2 T00791005,,2.57222,7.88888888888889,0.0
UNV,2024-04-14 03:15:00,-77.85,40.85,378.0,46.2,31.3,55.83,270.0,5.0,0.0,29.95,,10.0,,CLR,,,,,,,,,,,,,,,43.26,KUNV 140715Z AUTO 27005KT 10SM CLR 08/00 A2995 RMK AO2 T00791004,,2.57222,7.88888888888889,0.0
UNV,2024-04-14 03:35:00,-77.85,40.85,378.0,46.6,31.6,55.67,270.0,5.0,0.0,29.95,,10.0,,CLR,,,,,,,,,,,,,,,43.73,KUNV 140735Z AUTO 27005KT 10SM CLR 08/00 A2995 RMK AO2 LTG DSNT NW T00811002,,2.57222,8.11111111111111,0.0
UNV,2024-04-14 03:55:00,-77.85,40.85,378.0,45.3,31.5,58.24,270.0,6.0,0.0,29.95,,10.0,,CLR,,,,,,,,,,,,,,,41.55,KUNV 140755Z AUTO 27006KT 10SM CLR 07/00 A2995 RMK AO2 LTG DSNT NW T00741003,,3.086664,7.3888888888888875,0.0
UNV,2024-04-14 04:15:00,-77.85,40.85,378.0,45.5,32.0,58.98,260.0,6.0,0.0,29.94,,10.0,,CLR,,,,,,,,,,,,,,,41.79,KUNV 140815Z AUTO 26006KT 10SM CLR 08/00 A2994 RMK AO2 T00750000,,3.086664,7.5,0.0
UNV,2024-04-14 04:35:00,-77.85,40.85,378.0,45.0,32.0,60.11,260.0,7.0,0.0,29.95,,10.0,,CLR,,,,,,,,,,,,,,,40.63,KUNV 140835Z AUTO 26007KT 10SM CLR 07/00 A2995 RMK AO2 T00720000,,3.601108,7.222222222222222,0.0
UNV,2024-04-14 04:55:00,-77.85,40.85,378.0,45.7,33.3,61.67,260.0,6.0,0.0,29.95,,10.0,,CLR,,,,,,,,,,,,,,,42.03,KUNV 140855Z AUTO 26006KT 10SM CLR 08/01 A2995 RMK AO2 LTG DSNT NW T00760007,,3.086664,7.6111111111111125,0.0
UNV,2024-04-14 05:15:00,-77.85,40.85,378.0,44.0,33.6,66.59,230.0,6.0,0.0,29.94,,10.0,,CLR,,,,,,,,,,,,,,,39.98,KUNV 140915Z AUTO 23006KT 10SM CLR 07/01 A2994 RMK AO2 T00660009,,3.086664,6.666666666666667,0.0
UNV,2024-04-14 05:35:00,-77.85,40.85,378.0,43.7,33.6,67.36,200.0,3.0,0.0,29.94,,10.0,,CLR,,,,,,,,,,,,,,,42.06,KUNV 140935Z AUTO 20003KT 10SM CLR 07/01 A2994 RMK AO2 T00650009,,1.543332,6.500000000000002,0.0
UNV,2024-04-14 05:53:00,-77.85,40.85,378.0,44.6,33.8,65.61,210.0,3.0,0.0,29.94,,10.0,,CLR,,,,,,,,,,,,,,,43.09,KUNV 140953Z 21003KT 10SM CLR 07/01 A2994,,1.543332,7.000000000000001,0.0
UNV,2024-04-14 06:53:00,-77.85,40.85,378.0,44.6,33.8,65.61,200.0,3.0,0.0,29.93,,10.0,,CLR,,,,,,,,,,,,,,,43.09,KUNV 141053Z 20003KT 10SM CLR 07/01 A2993,,1.543332,7.000000000000001,0.0
UNV,2024-04-14 07:53:00,-77.85,40.85,378.0,48.2,37.4,66.05,0.0,0.0,0.0,29.93,,10.0,,CLR,,,,,,,,,,,,,,,48.2,KUNV 141153Z 00000KT 10SM CLR 09/03 A2993,,0.0,9.000000000000002,0.0
UNV,2024-04-14 08:53:00,-77.85,40.85,378.0,53.6,37.4,54.07,230.0,5.0,0.0,29.91,,10.0,,CLR,,,,,,,,,,,,,,,53.6,KUNV 141253Z 23005KT 10SM CLR 12/03 A2991,,2.57222,12.0,0.0
UNV,2024-04-14 09:53:00,-77.85,40.85,378.0,57.2,37.4,47.44,210.0,7.0,0.0,29.87,,10.0,,CLR,,,,,,,,,,,,,,,57.2,KUNV 141353Z 21007KT 10SM CLR 14/03 A2987,,3.601108,14.000000000000002,0.0
UNV,2024-04-14 10:53:00,-77.85,40.85,378.0,59.0,35.6,41.42,230.0,14.0,0.0,29.82,,10.0,20.0,CLR,,,,,,,,,,,,,,,59.0,KUNV 141453Z 23014G20KT 10SM CLR 15/02 A2982,,7.202216,15.0,0.0
UNV,2024-04-14 11:53:00,-77.85,40.85,378.0,66.2,41.0,39.72,220.0,15.0,0.0,29.79,,10.0,22.0,CLR,,,,,,,,,,,,,,,66.2,KUNV 141553Z 22015G22KT 10SM CLR 19/05 A2979,,7.71666,19.0,0.0
UNV,2024-04-14 12:53:00,-77.85,40.85,378.0,69.8,42.8,37.61,210.0,13.0,0.0,29.73,,10.0,24.0,CLR,,,,,,,,,,,,,,,69.8,KUNV 141653Z 21013G24KT 10SM CLR 21/06 A2973,,6.687772,21.0,0.0
UNV,2024-04-14 13:53:00,-77.85,40.85,378.0,75.2,46.4,35.94,230.0,11.0,0.0,29.69,,10.0,20.0,CLR,,,,,,,,,,,,,,,75.2,KUNV 141753Z 23011G20KT 10SM CLR 24/08 A2969,,5.6588840000000005,24.0,0.0
UNV,2024-04-14 14:53:00,-77.85,40.85,378.0,78.8,42.8,27.81,250.0,23.0,0.0,29.67,,10.0,33.0,CLR,,,,,,,,,,,,,,,78.8,KUNV 141853Z 25023G33KT 10SM CLR 26/06 A2967,,11.832212,26.0,0.0
UNV,2024-04-14 15:53:00,-77.85,40.85,378.0,80.6,44.6,28.08,250.0,22.0,0.0,29.64,,10.0,33.0,CLR,,,,,,,,,,,,,,,79.42,KUNV 141953Z 25022G33KT 10SM CLR 27/07 A2964,,11.317768000000001,26.999999999999996,0.0
UNV,2024-04-14 16:53:00,-77.85,40.85,378.0,78.8,44.6,29.79,240.0,20.0,0.0,29.62,,10.0,30.0,CLR,,,,,,,,,,,,,,,78.8,KUNV 142053Z 24020G30KT 10SM CLR 26/07 A2962,,10.28888,26.0,0.0
UNV,2024-04-14 17:53:00,-77.85,40.85,378.0,78.8,42.8,27.81,250.0,20.0,0.0,29.61,,10.0,31.0,SCT,,,,9500.0,,,,,,,,,,,78.8,KUNV 142153Z 25020G31KT 10SM SCT095 26/06 A2961,,10.28888,26.0,4.0
UNV,2024-04-14 18:53:00,-77.85,40.85,378.0,77.0,42.8,29.51,260.0,14.0,0.0,29.61,,10.0,20.0,SCT,,,,9000.0,,,,VCSH,,,,,,,77.0,KUNV 142253Z 26014G20KT 10SM VCSH SCT090 25/06 A2961 RMK OCNL LTG DSNT W THRU NE,,7.202216,25.0,4.0
UNV,2024-04-14 18:59:00,-77.85,40.85,378.0,77.0,42.8,29.51,260.0,14.0,0.0,29.66,,7.0,25.0,SCT,,,,9000.0,,,,TS,,,,,,,77.0,KUNV 142259Z 26014G25KT 7SM TS SCT090 25/06 A2966 RMK TSB2259 OCNL LTGCCCG W THRU NE  TS NW MOV E.,,7.202216,25.0,4.0
UNV,2024-04-14 19:11:00,-77.85,40.85,378.0,73.4,44.6,35.66,320.0,28.0,0.0,29.69,,4.0,42.0,SCT,BKN,BKN,,800.0,2500.0,9000.0,,+TSRA,,,,,,,73.4,KUNV 142311Z 32028G42KT 4SM +TSRA SCT008 BKN025 BKN090 23/07 A2969 RMK FRQ LTGCCICCG NW THRU E  TS N MOV E,,14.404432,23.000000000000004,6.0
UNV,2024-04-14 19:53:00,-77.85,40.85,378.0,60.8,51.8,72.2,250.0,10.0,0.0,29.75,,5.0,16.0,SCT,BKN,OVC,,2200.0,3800.0,5500.0,,TSRA,,,,,,,60.8,KUNV 142353Z COR 25010G16KT 5SM TSRA SCT022 BKN038 OVC055 16/11 A2975 RMK OCNL LTGCCICCG NE THRU S TS S MOV E,,5.14444,16.0,8.0
UNV,2024-04-14 20:13:00,-77.85,40.85,378.0,59.0,50.0,72.01,240.0,16.0,0.0,29.75,,6.0,22.0,SCT,BKN,OVC,,2600.0,3500.0,4500.0,,RA BR,,,,,,,59.0,KUNV 150013Z 24016G22KT 6SM RA BR SCT026 BKN035 OVC045 15/10 A2975 RMK TSE0013 OCNL LTG DSNT SE,,8.231104,15.0,8.0
UNV,2024-04-14 20:27:00,-77.85,40.85,378.0,59.0,51.8,76.98,210.0,9.0,0.0,29.73,,6.0,15.0,SCT,BKN,BKN,,2400.0,3600.0,5000.0,,-TSRA BR,,,,,,,59.0,KUNV 150027Z 21009G15KT 6SM -TSRA BR SCT024 BKN036 BKN050 15/11 A2973 RMK TSB0027 OCNL LTGICCGCC SW THRU N TS W MOV E,,4.629996,15.0,6.0
UNV,2024-04-14 20:53:00,-77.85,40.85,378.0,57.2,53.6,87.74,250.0,7.0,0.0,29.76,,5.0,,SCT,BKN,BKN,,3000.0,4000.0,9000.0,,TSRA BR,,,,,,,57.2,KUNV 150053Z 25007KT 5SM TSRA BR SCT030 BKN040 BKN090 14/12 A2976 RMK OCNL LTGICCGCC S THRU N TS W MOV E,,3.601108,14.000000000000002,6.0
UNV,2024-04-14 21:53:00,-77.85,40.85,378.0,57.2,55.4,93.69,250.0,8.0,0.0,29.76,,4.0,,SCT,BKN,BKN,,3200.0,4500.0,6000.0,,TSRA BR,,,,,,,57.2,KUNV 150153Z 25008KT 4SM TSRA BR SCT032 BKN045 BKN060 14/13 A2976 RMK FRQ LTGICCGCC ALQDS TS OHD MOV E,,4.115552,14.000000000000002,6.0
UNV,2024-04-14 22:15:00,-77.85,40.85,378.0,56.7,56.3,98.56,0.0,0.0,0.02,29.78,,10.0,,SCT,BKN,OVC,,3100.0,6500.0,10000.0,,VCTSRA,,,,,,,56.7,KUNV 150215Z AUTO 00000KT 10SM VCTSRA SCT031 BKN065 OVC100 14/14 A2978 RMK AO2 LTG DSNT ALQS P0002 T01370135,,0.0,13.722222222222223,8.0
UNV,2024-04-14 22:35:00,-77.85,40.85,378.0,56.5,56.5,100.0,190.0,5.0,0.02,29.76,,10.0,,SCT,BKN,OVC,,3100.0,9000.0,11000.0,,-VCTSRA,,,,,,,56.5,KUNV 150235Z AUTO 19005KT 10SM -VCTSRA SCT031 BKN090 OVC110 14/14 A2976 RMK AO2 LTG DSNT ALQS P0002 T01360136,,2.57222,13.61111111111111,8.0
UNV,2024-04-14 22:55:00,-77.85,40.85,378.0,57.0,56.7,98.92,170.0,4.0,0.07,29.76,,7.0,,SCT,SCT,OVC,,4000.0,7000.0,9000.0,,-TSRA,,,,,,,57.0,KUNV 150255Z AUTO 17004KT 7SM -TSRA SCT040 SCT070 OVC090 14/14 A2976 RMK AO2 LTG DSNT ALQS P0007 60017 T01380137,,2.057776,13.88888888888889,8.0
UNV,2024-04-14 23:15:00,-77.85,40.85,378.0,56.0,56.0,100.0,210.0,4.0,0.02,29.78,,10.0,,SCT,OVC,,,7000.0,8000.0,,,TSRA,,,,,,,56.0,KUNV 150315Z AUTO 21004KT 10SM TSRA SCT070 OVC080 13/13 A2978 RMK AO2 LTG DSNT ALQS P0002 T01340133,,2.057776,13.333333333333334,8.0
UNV,2024-04-14 23:35:00,-77.85,40.85,378.0,56.3,56.3,100.0,200.0,9.0,0.07,29.77,,10.0,,SCT,OVC,,,6000.0,7000.0,,,TS,,,,,,,56.3,KUNV 150335Z AUTO 20009KT 10SM TS SCT060 OVC070 14/14 A2977 RMK AO2 LTG DSNT ALQS P0007 T01350135,,4.629996,13.499999999999998,8.0
UNV,2024-04-14 23:55:00,-77.85,40.85,378.0,56.3,56.3,100.0,220.0,4.0,0.07,29.76,,10.0,,OVC,,,,6000.0,,,,,,,,,,,56.3,KUNV 150355Z AUTO 22004KT 10SM OVC060 14/14 A2976 RMK AO2 LTG DSNT E SW AND W P0007 T01350135,,2.057776,13.499999999999998,8.0
UNV,2024-04-15 00:15:00,-77.85,40.85,378.0,56.5,56.5,100.0,210.0,6.0,0.01,29.76,,10.0,,BKN,BKN,OVC,,6000.0,7000.0,12000.0,,-VCTSRA,,,,,,,56.5,KUNV 150415Z AUTO 21006KT 10SM -VCTSRA BKN060 BKN070 OVC120 14/14 A2976 RMK AO2 LTG DSNT E AND W P0001 T01360136,,3.086664,13.61111111111111,8.0
UNV,2024-04-15 00:35:00,-77.85,40.85,378.0,56.3,56.3,100.0,210.0,7.0,0.01,29.75,,10.0,,SCT,SCT,BKN,,6000.0,7000.0,12000.0,,,,,,,,,56.3,KUNV 150435Z AUTO 21007KT 10SM SCT060 SCT070 BKN120 14/14 A2975 RMK AO2 LTG DSNT SW AND W P0001 T01350135,,3.601108,13.499999999999998,6.0
UNV,2024-04-15 00:55:00,-77.85,40.85,378.0,56.0,56.0,100.0,280.0,4.0,0.01,29.76,,10.0,,SCT,SCT,,,9000.0,12000.0,,,,,,,,,,56.0,KUNV 150455Z AUTO 28004KT 10SM SCT090 SCT120 13/13 A2976 RMK AO2 LTG DSNT E AND SW P0001 T01330133,,2.057776,13.333333333333334,4.0
UNV,2024-04-15 01:15:00,-77.85,40.85,378.0,55.4,55.4,100.0,290.0,3.0,0.0,29.76,,10.0,,SCT,SCT,,,9000.0,11000.0,,,,,,,,,,55.4,KUNV 150515Z AUTO 29003KT 10SM SCT090 SCT110 13/13 A2976 RMK AO2 LTG DSNT S AND SW T01300130,,1.543332,13.0,4.0
UNV,2024-04-15 01:35:00,-77.85,40.85,378.0,56.0,55.8,99.28,260.0,6.0,0.0,29.76,,10.0,,BKN,BKN,,,8000.0,11000.0,,,,,,,,,,56.0,KUNV 150535Z AUTO 26006KT 10SM BKN080 BKN110 13/13 A2976 RMK AO2 LTG DSNT S THRU W T01330132,,3.086664,13.333333333333334,6.0
UNV,2024-04-15 01:55:00,-77.85,40.85,378.0,56.0,56.0,100.0,230.0,4.0,0.0,29.76,,10.0,,SCT,OVC,,,8000.0,11000.0,,,,,,,,,,56.0,KUNV 150555Z AUTO 23004KT 10SM SCT080 OVC110 13/13 A2976 RMK AO2 LTG DSNT W 60025 T01340134 10155 20130,,2.057776,13.333333333333334,8.0
UNV,2024-04-15 02:15:00,-77.85,40.85,378.0,55.2,55.2,100.0,220.0,5.0,0.0,29.76,,10.0,,SCT,OVC,,,9000.0,11000.0,,,,,,,,,,55.2,KUNV 150615Z AUTO 22005KT 10SM SCT090 OVC110 13/13 A2976 RMK AO2 LTG DSNT S AND W T01290129,,2.57222,12.888888888888891,8.0
UNV,2024-04-15 02:35:00,-77.85,40.85,378.0,55.0,55.0,100.0,0.0,0.0,0.0,29.76,,4.0,,SCT,BKN,,,9000.0,11000.0,,,BR,,,,,,,55.0,KUNV 150635Z AUTO 00000KT 4SM BR SCT090 BKN110 13/13 A2976 RMK AO2 LTG DSNT S AND SW T01270127,,0.0,12.777777777777779,6.0
UNV,2024-04-15 02:55:00,-77.85,40.85,378.0,54.0,54.0,100.0,190.0,5.0,0.0,29.77,,10.0,,SCT,BKN,,,9500.0,11000.0,,,,,,,,,,54.0,KUNV 150655Z AUTO 19005KT 10SM SCT095 BKN110 12/12 A2977 RMK AO2 LTG DSNT SW T01230123,,2.57222,12.222222222222221,6.0
UNV,2024-04-15 03:15:00,-77.85,40.85,378.0,55.6,55.4,99.28,210.0,3.0,0.0,29.77,,10.0,,SCT,OVC,,,8000.0,9500.0,,,,,,,,,,55.6,KUNV 150715Z AUTO 21003KT 10SM SCT080 OVC095 13/13 A2977 RMK AO2 LTG DSNT S AND SW T01310130,,1.543332,13.11111111111111,8.0
UNV,2024-04-15 03:35:00,-77.85,40.85,378.0,55.4,55.4,100.0,0.0,0.0,0.0,29.78,,10.0,,BKN,,,,9500.0,,,,,,,,,,,55.4,KUNV 150735Z AUTO 00000KT 10SM BKN095 13/13 A2978 RMK AO2 LTG DSNT SW T01300130,,0.0,13.0,6.0
UNV,2024-04-15 03:55:00,-77.85,40.85,378.0,56.0,56.0,100.0,230.0,3.0,0.0,29.78,,10.0,,BKN,,,,9500.0,,,,,,,,,,,56.0,KUNV 150755Z AUTO 23003KT 10SM BKN095 13/13 A2978 RMK AO2 LTG DSNT SW T01330133,,1.543332,13.333333333333334,6.0
UNV,2024-04-15 04:15:00,-77.85,40.85,378.0,55.0,55.0,100.0,230.0,3.0,0.0,29.78,,10.0,,SCT,SCT,BKN,,7500.0,8000.0,11000.0,,,,,,,,,55.0,KUNV 150815Z AUTO 23003KT 10SM SCT075 SCT080 BKN110 13/13 A2978 RMK AO2 T01280128,,1.543332,12.777777777777779,6.0
UNV,2024-04-15 04:35:00,-77.85,40.85,378.0,54.0,53.8,99.27,200.0,3.0,0.0,29.79,,1.75,,SCT,SCT,BKN,,6500.0,8000.0,10000.0,,BR,,,,,,,54.0,KUNV 150835Z AUTO 20003KT 1 3/4SM BR SCT065 SCT080 BKN100 12/12 A2979 RMK AO2 VIS 1V5 T01220121,,1.543332,12.222222222222221,6.0
UNV,2024-04-15 04:55:00,-77.85,40.85,378.0,53.8,53.8,100.0,250.0,4.0,0.0,29.8,,10.0,,CLR,,,,,,,,,,,,,,,53.8,KUNV 150855Z AUTO 25004KT 10SM CLR 12/12 A2980 RMK AO2 T01210121,,2.057776,12.111111111111109,0.0
UNV,2024-04-15 05:15:00,-77.85,40.85,378.0,52.0,52.0,100.0,0.0,0.0,0.0,29.8,,10.0,,CLR,,,,,,,,,,,,,,,52.0,KUNV 150915Z AUTO 00000KT 10SM CLR 11/11 A2980 RMK AO2 T01110111,,0.0,11.11111111111111,0.0
UNV,2024-04-15 05:35:00,-77.85,40.85,378.0,51.8,51.8,100.0,210.0,3.0,0.0,29.8,,1.0,,VV ,,,,700.0,,,,BR,,,,,,,51.8,KUNV 150935Z AUTO 21003KT 1SM BR VV007 11/11 A2980 RMK AO2 T01100110,,1.543332,10.999999999999998,-1.0
UNV,2024-04-15 05:53:00,-77.85,40.85,378.0,51.8,51.8,100.0,200.0,5.0,0.0,29.81,,10.0,,CLR,,,,,,,,,,,,,,,51.8,KUNV 150953Z 20005KT 10SM CLR 11/11 A2981,,2.57222,10.999999999999998,0.0
UNV,2024-04-15 06:53:00,-77.85,40.85,378.0,51.8,51.8,100.0,0.0,0.0,0.0,29.83,,10.0,,FEW,,,,500.0,,,,,,,,,,,51.8,KUNV 151053Z 00000KT 10SM FEW005 11/11 A2983,,0.0,10.999999999999998,2.0
UNV,2024-04-15 07:53:00,-77.85,40.85,378.0,55.4,55.4,100.0,0.0,0.0,0.0,29.86,,10.0,,SCT,,,,10000.0,,,,,,,,,,,55.4,KUNV 151153Z 00000KT 10SM SCT100 13/13 A2986,,0.0,13.0,4.0
UNV,2024-04-15 08:53:00,-77.85,40.85,378.0,60.8,55.4,82.37,230.0,5.0,0.0,29.89,,10.0,,SCT,,,,11000.0,,,,,,,,,,,60.8,KUNV 151253Z 23005KT 10SM SCT110 16/13 A2989,,2.57222,16.0,4.0
UNV,2024-04-15 09:53:00,-77.85,40.85,378.0,62.6,51.8,67.75,0.0,0.0,0.0,29.89,,10.0,,SCT,,,,11000.0,,,,,,,,,,,62.6,KUNV 151353Z 00000KT 10SM SCT110 17/11 A2989,,0.0,17.0,4.0
UNV,2024-04-15 10:53:00,-77.85,40.85,378.0,66.2,53.6,63.82,,3.0,0.0,29.9,,10.0,,SCT,SCT,,,3500.0,11000.0,,,,,,,,,,66.2,KUNV 151453Z VRB03KT 10SM SCT035 SCT110 19/12 A2990,,1.543332,19.0,4.0
UNV,2024-04-15 11:53:00,-77.85,40.85,378.0,69.8,46.4,43.13,330.0,7.0,0.0,29.89,,10.0,,SCT,,,,3500.0,,,,,,,,,,,69.8,KUNV 151553Z 33007KT 10SM SCT035 21/08 A2989,,3.601108,21.0,4.0
UNV,2024-04-15 12:53:00,-77.85,40.85,378.0,69.8,48.2,46.16,340.0,8.0,0.0,29.89,,10.0,,SCT,,,,5000.0,,,,,,,,,,,69.8,KUNV 151653Z 34008KT 300V360 10SM SCT050 21/09 A2989,,4.115552,21.0,4.0
UNV,2024-04-15 13:53:00,-77.85,40.85,378.0,69.8,48.2,46.16,280.0,8.0,0.0,29.89,,10.0,15.0,SCT,,,,10000.0,,,,,,,,,,,69.8,KUNV 151753Z 28008G15KT 10SM SCT100 21/09 A2989,,4.115552,21.0,4.0
UNV,2024-04-15 14:53:00,-77.85,40.85,378.0,71.6,46.4,40.57,290.0,10.0,0.0,29.88,,10.0,16.0,SCT,,,,8500.0,,,,,,,,,,,71.6,KUNV 151853Z 29010G16KT 10SM SCT085 22/08 A2988,,5.14444,21.999999999999996,4.0
UNV,2024-04-15 15:53:00,-77.85,40.85,378.0,73.4,44.6,35.66,280.0,13.0,0.0,29.87,,10.0,,SCT,,,,9000.0,,,,,,,,,,,73.4,KUNV 151953Z 28013KT 10SM SCT090 23/07 A2987,,6.687772,23.000000000000004,4.0
UNV,2024-04-15 16:53:00,-77.85,40.85,378.0,73.4,41.0,31.05,290.0,17.0,0.0,29.89,,10.0,23.0,SCT,,,,9000.0,,,,,,,,,,,73.4,KUNV 152053Z 29017G23KT 10SM SCT090 23/05 A2989,,8.745548,23.000000000000004,4.0
UNV,2024-04-15 17:53:00,-77.85,40.85,378.0,71.6,37.4,28.68,210.0,12.0,0.0,29.9,,10.0,18.0,SCT,,,,9000.0,,,,,,,,,,,71.6,KUNV 152153Z 21012G18KT 10SM SCT090 22/03 A2990,,6.173328,21.999999999999996,4.0
UNV,2024-04-15 18:53:00,-77.85,40.85,378.0,69.8,33.8,26.43,330.0,9.0,0.0,29.91,,10.0,15.0,CLR,,,,,,,,,,,,,,,69.8,KUNV 152253Z 33009G15KT 10SM CLR 21/01 A2991,,4.629996,21.0,0.0
UNV,2024-04-15 19:53:00,-77.85,40.85,378.0,66.2,30.2,25.88,330.0,7.0,0.0,29.93,,10.0,15.0,CLR,,,,,,,,,,,,,,,66.2,KUNV 152353Z 33007G15KT 10SM CLR 19/M01 A2993,,3.601108,19.0,0.0
UNV,2024-04-15 20:53:00,-77.85,40.85,378.0,64.4,30.2,27.55,320.0,8.0,0.0,29.97,,10.0,16.0,CLR,,,,,,,,,,,,,,,64.4,KUNV 160053Z 32008G16KT 10SM CLR 18/M01 A2997,,4.115552,18.000000000000004,0.0
UNV,2024-04-15 21:53:00,-77.85,40.85,378.0,60.8,28.4,29.06,330.0,13.0,0.0,30.02,,10.0,19.0,CLR,,,,,,,,,,,,,,,60.8,KUNV 160153Z 33013G19KT 10SM CLR 16/M02 A3002,,6.687772,16.0,0.0
UNV,2024-04-15 22:15:00,-77.85,40.85,378.0,58.3,27.0,29.99,340.0,10.0,0.0,30.04,,10.0,18.0,CLR,,,,,,,,,,,,,,,58.3,KUNV 160215Z AUTO 34010G18KT 10SM CLR 15/M03 A3004 RMK AO2 T01461028,,5.14444,14.61111111111111,0.0
UNV,2024-04-15 22:35:00,-77.85,40.85,378.0,57.0,28.0,32.75,340.0,11.0,0.0,30.05,,10.0,,CLR,,,,,,,,,,,,,,,57.0,KUNV 160235Z AUTO 34011KT 10SM CLR 14/M02 A3005 RMK AO2 T01381022,,5.6588840000000005,13.88888888888889,0.0
UNV,2024-04-15 22:55:00,-77.85,40.85,378.0,55.8,28.8,35.34,350.0,9.0,0.0,30.06,,10.0,,CLR,,,,,,,,,,,,,,,55.8,KUNV 160255Z AUTO 35009KT 320V020 10SM CLR 13/M02 A3006 RMK AO2 T01321018,,4.629996,13.222222222222221,0.0
UNV,2024-04-15 23:15:00,-77.85,40.85,378.0,54.3,29.0,37.63,10.0,5.0,0.0,30.07,,10.0,,CLR,,,,,,,,,,,,,,,54.3,KUNV 160315Z AUTO 01005KT 10SM CLR 12/M02 A3007 RMK AO2 T01241016,,2.57222,12.388888888888888,0.0
UNV,2024-04-15 23:35:00,-77.85,40.85,378.0,53.0,29.3,39.95,360.0,4.0,0.0,30.07,,10.0,,SCT,,,,11000.0,,,,,,,,,,,53.0,KUNV 160335Z AUTO 36004KT 10SM SCT110 12/M01 A3007 RMK AO2 T01171015,,2.057776,11.666666666666666,4.0
UNV,2024-04-15 23:55:00,-77.85,40.85,378.0,53.2,29.3,39.66,10.0,3.0,0.0,30.07,,10.0,,CLR,,,,,,,,,,,,,,,53.2,KUNV 160355Z AUTO 01003KT 10SM CLR 12/M01 A3007 RMK AO2 T01181015,,1.543332,11.777777777777779,0.0
UNV,2024-04-16 00:15:00,-77.85,40.85,378.0,53.0,29.0,39.47,0.0,0.0,0.0,30.07,,10.0,,CLR,,,,,,,,,,,,,,,53.0,KUNV 160415Z AUTO 00000KT 10SM CLR 12/M02 A3007 RMK AO2 T01161017,,0.0,11.666666666666666,0.0
UNV,2024-04-16 00:35:00,-77.85,40.85,378.0,53.0,28.8,39.15,0.0,0.0,0.0,30.07,,10.0,,CLR,,,,,,,,,,,,,,,53.0,KUNV 160435Z AUTO 00000KT 10SM CLR 12/M02 A3007 RMK AO2 T01171018,,0.0,11.666666666666666,0.0
UNV,2024-04-16 00:55:00,-77.85,40.85,378.0,50.7,29.0,42.96,0.0,0.0,0.0,30.08,,10.0,,CLR,,,,,,,,,,,,,,,50.7,KUNV 160455Z AUTO 00000KT 10SM CLR 10/M02 A3008 RMK AO2 T01041017,,0.0,10.388888888888891,0.0
UNV,2024-04-16 01:15:00,-77.85,40.85,378.0,52.7,29.0,39.91,0.0,0.0,0.0,30.09,,10.0,,CLR,,,,,,,,,,,,,,,52.7,KUNV 160515Z AUTO 00000KT 10SM CLR 12/M02 A3009 RMK AO2 T01151017,,0.0,11.500000000000002,0.0
UNV,2024-04-16 01:35:00,-77.85,40.85,378.0,50.4,30.6,46.37,0.0,0.0,0.0,30.09,,10.0,,CLR,,,,,,,,,,,,,,,50.4,KUNV 160535Z AUTO 00000KT 10SM CLR 10/M01 A3009 RMK AO2 T01021008,,0.0,10.222222222222221,0.0
UNV,2024-04-16 01:55:00,-77.85,40.85,378.0,50.0,30.2,46.31,280.0,3.0,0.0,30.09,,10.0,,CLR,,,,,,,,,,,,,,,50.0,KUNV 160555Z AUTO 28003KT 10SM CLR 10/M01 A3009 RMK AO2 T01011010 10189 20100,,1.543332,10.0,0.0
UNV,2024-04-16 02:15:00,-77.85,40.85,378.0,46.6,29.5,51.12,0.0,0.0,0.0,30.1,,10.0,,CLR,,,,,,,,,,,,,,,46.6,KUNV 160615Z AUTO 00000KT 10SM CLR 08/M01 A3010 RMK AO2 T00811014,,0.0,8.11111111111111,0.0
UNV,2024-04-16 02:35:00,-77.85,40.85,378.0,47.3,29.3,49.38,0.0,0.0,0.0,30.1,,10.0,,CLR,,,,,,,,,,,,,,,47.3,KUNV 160635Z AUTO 00000KT 10SM CLR 09/M01 A3010 RMK AO2 T00851015,,0.0,8.499999999999998,0.0
UNV,2024-04-16 02:55:00,-77.85,40.85,378.0,47.7,29.0,48.05,0.0,0.0,0.0,30.11,,10.0,,CLR,,,,,,,,,,,,,,,47.7,KUNV 160655Z AUTO 00000KT 10SM CLR 09/M02 A3011 RMK AO2 T00871017,,0.0,8.722222222222223,0.0
UNV,2024-04-16 03:15:00,-77.85,40.85,378.0,45.7,29.5,52.89,0.0,0.0,0.0,30.11,,10.0,,CLR,,,,,,,,,,,,,,,45.7,KUNV 160715Z AUTO 00000KT 10SM CLR 08/M01 A3011 RMK AO2 T00761014,,0.0,7.6111111111111125,0.0
UNV,2024-04-16 03:35:00,-77.85,40.85,378.0,46.0,30.7,54.91,0.0,0.0,0.0,30.11,,10.0,,CLR,,,,,,,,,,,,,,,46.0,KUNV 160735Z AUTO 00000KT 10SM CLR 08/M01 A3011 RMK AO2 T00771007,,0.0,7.777777777777778,0.0
UNV,2024-04-16 03:55:00,-77.85,40.85,378.0,45.7,30.0,53.98,0.0,0.0,0.0,30.11,,10.0,,CLR,,,,,,,,,,,,,,,45.7,KUNV 160755Z AUTO 00000KT 10SM CLR 08/M01 A3011 RMK AO2 T00761012,,0.0,7.6111111111111125,0.0
UNV,2024-04-16 04:15:00,-77.85,40.85,378.0,43.0,30.0,59.83,0.0,0.0,0.0,30.11,,10.0,,CLR,,,,,,,,,,,,,,,43.0,KUNV 160815Z AUTO 00000KT 10SM CLR 06/M01 A3011 RMK AO2 T00621012,,0.0,6.111111111111111,0.0
UNV,2024-04-16 04:35:00,-77.85,40.85,378.0,44.6,31.0,58.62,0.0,0.0,0.0,30.12,,10.0,,CLR,,,,,,,,,,,,,,,44.6,KUNV 160835Z AUTO 00000KT 10SM CLR 07/M01 A3012 RMK AO2 T00701006,,0.0,7.000000000000001,0.0
UNV,2024-04-16 04:55:00,-77.85,40.85,378.0,44.0,31.0,59.97,0.0,0.0,0.0,30.12,,10.0,,CLR,,,,,,,,,,,,,,,44.0,KUNV 160855Z AUTO 00000KT 10SM CLR 07/00 A3012 RMK AO2 T00661005,,0.0,6.666666666666667,0.0
UNV,2024-04-16 05:15:00,-77.85,40.85,378.0,43.3,31.3,62.35,0.0,0.0,0.0,30.13,,10.0,,CLR,,,,,,,,,,,,,,,43.3,KUNV 160915Z AUTO 00000KT 10SM CLR 06/00 A3013 RMK AO2 T00631004,,0.0,6.277777777777776,0.0
UNV,2024-04-16 05:35:00,-77.85,40.85,378.0,42.8,31.5,64.08,0.0,0.0,0.0,30.14,,10.0,,CLR,,,,,,,,,,,,,,,42.8,KUNV 160935Z AUTO 00000KT 10SM CLR 06/00 A3014 RMK AO2 T00601003,,0.0,5.999999999999998,0.0
UNV,2024-04-16 05:53:00,-77.85,40.85,378.0,42.8,32.0,65.38,0.0,0.0,0.0,30.15,,10.0,,CLR,,,,,,,,,,,,,,,42.8,KUNV 160953Z 00000KT 10SM CLR 06/00 A3015,,0.0,5.999999999999998,0.0
UNV,2024-04-16 06:53:00,-77.85,40.85,378.0,41.0,32.0,70.08,0.0,0.0,0.0,30.16,,10.0,,CLR,,,,,,,,,,,,,,,41.0,KUNV 161053Z 00000KT 10SM CLR 05/00 A3016,,0.0,5.0,0.0
UNV,2024-04-16 07:53:00,-77.85,40.85,378.0,44.6,33.8,65.61,0.0,0.0,0.0,30.19,,10.0,,CLR,,,,,,,,,,,,,,,44.6,KUNV 161153Z 00000KT 10SM CLR 07/01 A3019,,0.0,7.000000000000001,0.0
UNV,2024-04-16 08:53:00,-77.85,40.85,378.0,50.0,33.8,53.54,0.0,0.0,0.0,30.2,,10.0,,CLR,,,,,,,,,,,,,,,50.0,KUNV 161253Z 00000KT 10SM CLR 10/01 A3020,,0.0,10.0,0.0
UNV,2024-04-16 09:53:00,-77.85,40.85,378.0,55.4,33.8,43.9,0.0,0.0,0.0,30.2,,10.0,,CLR,,,,,,,,,,,,,,,55.4,KUNV 161353Z 00000KT 10SM CLR 13/01 A3020,,0.0,13.0,0.0
UNV,2024-04-16 10:53:00,-77.85,40.85,378.0,59.0,32.0,35.87,200.0,4.0,0.0,30.2,,10.0,,CLR,,,,,,,,,,,,,,,59.0,KUNV 161453Z 20004KT 10SM CLR 15/00 A3020,,2.057776,15.0,0.0
UNV,2024-04-16 11:53:00,-77.85,40.85,378.0,62.6,33.8,33.93,170.0,5.0,0.0,30.18,,10.0,,CLR,,,,,,,,,,,,,,,62.6,KUNV 161553Z 17005KT 10SM CLR 17/01 A3018,,2.57222,17.0,0.0
UNV,2024-04-16 12:53:00,-77.85,40.85,378.0,64.4,35.6,34.22,0.0,0.0,0.0,30.16,,10.0,,CLR,,,,,,,,,,,,,,,64.4,KUNV 161653Z 00000KT 10SM CLR 18/02 A3016,,0.0,18.000000000000004,0.0
UNV,2024-04-16 13:53:00,-77.85,40.85,378.0,68.0,33.8,28.11,0.0,0.0,0.0,30.15,,10.0,,CLR,,,,,,,,,,,,,,,68.0,KUNV 161753Z 00000KT 10SM CLR 20/01 A3015,,0.0,20.0,0.0
UNV,2024-04-16 14:53:00,-77.85,40.85,378.0,69.8,37.4,30.49,,3.0,0.0,30.13,,10.0,,CLR,,,,,,,,,,,,,,,69.8,KUNV 161853Z VRB03KT 10SM CLR 21/03 A3013,,1.543332,21.0,0.0
UNV,2024-04-16 15:53:00,-77.85,40.85,378.0,71.6,35.6,26.71,230.0,3.0,0.0,30.11,,10.0,,CLR,,,,,,,,,,,,,,,71.6,KUNV 161953Z 23003KT 10SM CLR 22/02 A3011,,1.543332,21.999999999999996,0.0
UNV,2024-04-16 16:53:00,-77.85,40.85,378.0,73.4,35.6,25.13,0.0,0.0,0.0,30.09,,10.0,,CLR,,,,,,,,,,,,,,,73.4,KUNV 162053Z 00000KT 10SM CLR 23/02 A3009,,0.0,23.000000000000004,0.0
UNV,2024-04-16 17:53:00,-77.85,40.85,378.0,73.4,35.6,25.13,0.0,0.0,0.0,30.07,,10.0,,CLR,,,,,,,,,,,,,,,73.4,KUNV 162153Z 00000KT 10SM CLR 23/02 A3007,,0.0,23.000000000000004,0.0
UNV,2024-04-16 18:53:00,-77.85,40.85,378.0,73.4,30.2,20.23,0.0,0.0,0.0,30.07,,10.0,,CLR,,,,,,,,,,,,,,,73.4,KUNV 162253Z 00000KT 10SM CLR 23/M01 A3007,,0.0,23.000000000000004,0.0
UNV,2024-04-16 19:53:00,-77.85,40.85,378.0,69.8,32.0,24.59,0.0,0.0,0.0,30.08,,10.0,,CLR,,,,,,,,,,,,,,,69.8,KUNV 162353Z 00000KT 10SM CLR 21/00 A3008,,0.0,21.0,0.0
UNV,2024-04-16 20:53:00,-77.85,40.85,378.0,68.0,33.8,28.11,0.0,0.0,0.0,30.1,,10.0,,CLR,,,,,,,,,,,,,,,68.0,KUNV 170053Z 00000KT 10SM CLR 20/01 A3010,,0.0,20.0,0.0
UNV,2024-04-16 21:53:00,-77.85,40.85,378.0,62.6,35.6,36.45,220.0,3.0,0.0,30.12,,10.0,,CLR,,,,,,,,,,,,,,,62.6,KUNV 170153Z 22003KT 10SM CLR 17/02 A3012,,1.543332,17.0,0.0
UNV,2024-04-16 22:15:00,-77.85,40.85,378.0,61.3,37.0,40.34,0.0,0.0,0.0,30.12,,10.0,,CLR,,,,,,,,,,,,,,,61.3,KUNV 170215Z AUTO 00000KT 10SM CLR 16/03 A3012 RMK AO2 LTG DSNT W T01630028,,0.0,16.27777777777778,0.0
UNV,2024-04-16 22:35:00,-77.85,40.85,378.0,61.7,36.7,39.3,0.0,0.0,0.0,30.11,,10.0,,CLR,,,,,,,,,,,,,,,61.7,KUNV 170235Z AUTO 00000KT 10SM CLR 17/03 A3011 RMK AO2 T01650026,,0.0,16.5,0.0
UNV,2024-04-16 22:55:00,-77.85,40.85,378.0,61.0,36.5,39.97,0.0,0.0,0.0,30.11,,10.0,,CLR,,,,,,,,,,,,,,,61.0,KUNV 170255Z AUTO 00000KT 10SM CLR 16/03 A3011 RMK AO2 T01610025,,0.0,16.11111111111111,0.0
UNV,2024-04-16 23:15:00,-77.85,40.85,378.0,60.0,34.7,38.56,80.0,3.0,0.0,30.1,,10.0,,CLR,,,,,,,,,,,,,,,60.0,KUNV 170315Z AUTO 08003KT 10SM CLR 16/02 A3010 RMK AO2 T01560015,,1.543332,15.555555555555555,0.0
UNV,2024-04-16 23:35:00,-77.85,40.85,378.0,60.4,35.8,39.72,30.0,5.0,0.0,30.1,,10.0,,CLR,,,,,,,,,,,,,,,60.4,KUNV 170335Z AUTO 03005KT 10SM CLR 16/02 A3010 RMK AO2 T01580021,,2.57222,15.777777777777779,0.0
UNV,2024-04-16 23:55:00,-77.85,40.85,378.0,57.7,37.4,46.6,30.0,6.0,0.0,30.1,,10.0,,CLR,,,,,,,,,,,,,,,57.7,KUNV 170355Z AUTO 03006KT 10SM CLR 14/03 A3010 RMK AO2 T01430030,,3.086664,14.277777777777779,0.0
UNV,2024-04-17 00:15:00,-77.85,40.85,378.0,57.0,37.0,47.04,10.0,4.0,0.0,30.09,,10.0,,CLR,,,,,,,,,,,,,,,57.0,KUNV 170415Z AUTO 01004KT 10SM CLR 14/03 A3009 RMK AO2 T01390028,,2.057776,13.88888888888889,0.0
UNV,2024-04-17 00:35:00,-77.85,40.85,378.0,56.7,37.0,47.55,40.0,5.0,0.0,30.09,,10.0,,CLR,,,,,,,,,,,,,,,56.7,KUNV 170435Z AUTO 04005KT 10SM CLR 14/03 A3009 RMK AO2 T01370027,,2.57222,13.722222222222223,0.0
UNV,2024-04-17 00:55:00,-77.85,40.85,378.0,55.0,37.0,50.58,0.0,0.0,0.0,30.1,,10.0,,CLR,,,,,,,,,,,,,,,55.0,KUNV 170455Z AUTO 00000KT 10SM CLR 13/03 A3010 RMK AO2 T01280027,,0.0,12.777777777777779,0.0
UNV,2024-04-17 01:15:00,-77.85,40.85,378.0,54.3,36.5,50.87,20.0,7.0,0.0,30.09,,10.0,,CLR,,,,,,,,,,,,,,,54.3,KUNV 170515Z AUTO 02007KT 10SM CLR 12/03 A3009 RMK AO2 T01240025,,3.601108,12.388888888888888,0.0
UNV,2024-04-17 01:35:00,-77.85,40.85,378.0,53.8,36.0,50.79,20.0,4.0,0.0,30.1,,10.0,,CLR,,,,,,,,,,,,,,,53.8,KUNV 170535Z AUTO 02004KT 10SM CLR 12/02 A3010 RMK AO2 T01210022,,2.057776,12.111111111111109,0.0
UNV,2024-04-17 01:55:00,-77.85,40.85,378.0,53.2,36.0,51.92,40.0,6.0,0.0,30.1,,10.0,,CLR,,,,,,,,,,,,,,,53.2,KUNV 170555Z AUTO 04006KT 10SM CLR 12/02 A3010 RMK AO2 LTG DSNT SW T01180022 10208 20118,,3.086664,11.777777777777779,0.0
UNV,2024-04-17 02:15:00,-77.85,40.85,378.0,52.5,36.5,54.34,50.0,3.0,0.0,30.08,,10.0,,CLR,,,,,,,,,,,,,,,52.5,KUNV 170615Z AUTO 05003KT 10SM CLR 11/03 A3008 RMK AO2 T01140025,,1.543332,11.38888888888889,0.0
UNV,2024-04-17 02:35:00,-77.85,40.85,378.0,50.0,38.0,63.23,0.0,0.0,0.0,30.09,,10.0,,CLR,,,,,,,,,,,,,,,50.0,KUNV 170635Z AUTO 00000KT 10SM CLR 10/03 A3009 RMK AO2 T01010033,,0.0,10.0,0.0
UNV,2024-04-17 02:55:00,-77.85,40.85,378.0,52.7,36.7,54.37,40.0,4.0,0.0,30.07,,10.0,,CLR,,,,,,,,,,,,,,,52.7,KUNV 170655Z AUTO 04004KT 10SM CLR 12/03 A3007 RMK AO2 T01150026,,2.057776,11.500000000000002,0.0
UNV,2024-04-17 03:15:00,-77.85,40.85,378.0,52.5,35.8,52.85,20.0,3.0,0.0,30.07,,10.0,,CLR,,,,,,,,,,,,,,,52.5,KUNV 170715Z AUTO 02003KT 10SM CLR 11/02 A3007 RMK AO2 T01140021,,1.543332,11.38888888888889,0.0
UNV,2024-04-17 03:35:00,-77.85,40.85,378.0,52.7,35.6,52.05,30.0,4.0,0.0,30.07,,10.0,,CLR,,,,,,,,,,,,,,,52.7,KUNV 170735Z AUTO 03004KT 10SM CLR 12/02 A3007 RMK AO2 T01150020,,2.057776,11.500000000000002,0.0
UNV,2024-04-17 03:55:00,-77.85,40.85,378.0,51.8,35.6,53.81,40.0,4.0,0.0,30.07,,10.0,,CLR,,,,,,,,,,,,,,,51.8,KUNV 170755Z AUTO 04004KT 10SM CLR 11/02 A3007 RMK AO2 T01100020,,2.057776,10.999999999999998,0.0
UNV,2024-04-17 04:15:00,-77.85,40.85,378.0,51.0,35.8,55.86,30.0,5.0,0.0,30.07,,10.0,,CLR,,,,,,,,,,,,,,,51.0,KUNV 170815Z AUTO 03005KT 10SM CLR 11/02 A3007 RMK AO2 T01060021,,2.57222,10.555555555555555,0.0
UNV,2024-04-17 04:35:00,-77.85,40.85,378.0,50.5,35.6,56.46,0.0,0.0,0.0,30.07,,10.0,,CLR,,,,,,,,,,,,,,,50.5,KUNV 170835Z AUTO 00000KT 10SM CLR 10/02 A3007 RMK AO2 T01030020,,0.0,10.277777777777779,0.0
UNV,2024-04-17 04:55:00,-77.85,40.85,378.0,49.3,36.0,59.98,0.0,0.0,0.0,30.07,,10.0,,CLR,,,,,,,,,,,,,,,49.3,KUNV 170855Z AUTO 00000KT 10SM CLR 10/02 A3007 RMK AO2 T00960023,,0.0,9.611111111111109,0.0
UNV,2024-04-17 05:15:00,-77.85,40.85,378.0,50.0,35.6,57.52,40.0,4.0,0.0,30.06,,10.0,,SCT,,,,11000.0,,,,,,,,,,,50.0,KUNV 170915Z AUTO 04004KT 10SM SCT110 10/02 A3006 RMK AO2 T01010020,,2.057776,10.0,4.0
UNV,2024-04-17 05:35:00,-77.85,40.85,378.0,50.7,35.0,54.72,0.0,0.0,0.0,30.06,,10.0,,SCT,,,,11000.0,,,,,,,,,,,50.7,KUNV 170935Z AUTO 00000KT 10SM SCT110 10/02 A3006 RMK AO2 T01040017,,0.0,10.388888888888891,4.0
UNV,2024-04-17 05:53:00,-77.85,40.85,378.0,50.0,35.6,57.52,0.0,0.0,0.0,30.06,,10.0,,SCT,,,,11000.0,,,,,,,,,,,50.0,KUNV 170953Z 00000KT 10SM SCT110 10/02 A3006,,0.0,10.0,4.0
UNV,2024-04-17 06:53:00,-77.85,40.85,378.0,48.2,37.4,66.05,0.0,0.0,0.0,30.05,,10.0,,SCT,,,,11000.0,,,,,,,,,,,48.2,KUNV 171053Z 00000KT 10SM SCT110 09/03 A3005,,0.0,9.000000000000002,4.0
UNV,2024-04-17 07:53:00,-77.85,40.85,378.0,50.0,37.4,61.76,0.0,0.0,0.0,30.06,,10.0,,BKN,,,,10000.0,,,,,,,,,,,50.0,KUNV 171153Z 00000KT 10SM BKN100 10/03 A3006,,0.0,10.0,6.0
UNV,2024-04-17 08:53:00,-77.85,40.85,378.0,51.8,41.0,66.48,,4.0,0.0,30.07,,10.0,,SCT,BKN,BKN,,6000.0,7500.0,9000.0,,VCSH,,,,,,,51.8,KUNV 171253Z VRB04KT 10SM VCSH SCT060 BKN075 BKN090 11/05 A3007,,2.057776,10.999999999999998,6.0
UNV,2024-04-17 09:28:00,-77.85,40.85,378.0,51.8,41.0,66.48,,4.0,0.0,30.06,,6.0,,SCT,BKN,BKN,,3700.0,4500.0,8000.0,,-RA BR,,,,,,,51.8,KUNV 171328Z VRB04KT 6SM -RA BR SCT037 BKN045 BKN080 11/05 A3006,,2.057776,10.999999999999998,6.0
UNV,2024-04-17 09:53:00,-77.85,40.85,378.0,50.0,44.6,81.61,,4.0,0.0,30.05,,8.0,,SCT,BKN,BKN,,4000.0,4900.0,6500.0,,-RA,,,,,,,50.0,KUNV 171353Z VRB04KT 8SM -RA SCT040 BKN049 BKN065 10/07 A3005,,2.057776,10.0,6.0
UNV,2024-04-17 10:53:00,-77.85,40.85,378.0,50.0,46.4,87.37,0.0,0.0,0.0,30.07,,10.0,,SCT,BKN,BKN,,7000.0,8000.0,10000.0,,,,,,,,,50.0,KUNV 171453Z 00000KT 10SM SCT070 BKN080 BKN100 10/08 A3007,,0.0,10.0,6.0
UNV,2024-04-17 11:53:00,-77.85,40.85,378.0,55.4,48.2,76.66,360.0,3.0,0.0,30.06,,7.0,,SCT,,,,10000.0,,,,VCSH,,,,,,,55.4,KUNV 171553Z 36003KT 7SM VCSH SCT100 13/09 A3006,,1.543332,13.0,4.0
UNV,2024-04-17 12:53:00,-77.85,40.85,378.0,55.4,46.4,71.64,,5.0,0.0,29.99,,10.0,,SCT,,,,9500.0,,,,,,,,,,,55.4,KUNV 171653Z VRB05KT 10SM SCT095 13/08 A2999,,2.57222,13.0,4.0
UNV,2024-04-17 13:53:00,-77.85,40.85,378.0,55.4,46.4,71.64,60.0,3.0,0.0,29.97,,10.0,,OVC,,,,8000.0,,,,,,,,,,,55.4,KUNV 171753Z 06003KT 10SM OVC080 13/08 A2997,,1.543332,13.0,8.0
UNV,2024-04-17 14:53:00,-77.85,40.85,378.0,57.2,48.2,71.83,360.0,3.0,0.0,29.97,,10.0,,SCT,,,,8000.0,,,,,,,,,,,57.2,KUNV 171853Z 36003KT 10SM SCT080 14/09 A2997,,1.543332,14.000000000000002,4.0
UNV,2024-04-17 15:53:00,-77.85,40.85,378.0,62.6,50.0,63.38,100.0,3.0,0.0,29.92,,10.0,,SCT,,,,9000.0,,,,,,,,,,,62.6,KUNV 171953Z 10003KT 10SM SCT090 17/10 A2992,,1.543332,17.0,4.0
UNV,2024-04-17 16:53:00,-77.85,40.85,378.0,62.6,51.8,67.75,40.0,3.0,0.0,29.89,,10.0,,OVC,,,,10000.0,,,,,,,,,,,62.6,KUNV 172053Z 04003KT 10SM OVC100 17/11 A2989,,1.543332,17.0,8.0
UNV,2024-04-17 17:53:00,-77.85,40.85,378.0,62.6,48.2,59.26,120.0,4.0,0.0,29.88,,10.0,,BKN,,,,11000.0,,,,,,,,,,,62.6,KUNV 172153Z 12004KT 10SM BKN110 17/09 A2988,,2.057776,17.0,6.0
UNV,2024-04-17 18:53:00,-77.85,40.85,378.0,60.8,48.2,63.15,130.0,6.0,0.0,29.88,,10.0,,SCT,BKN,,,5000.0,9000.0,,,,,,,,,,60.8,KUNV 172253Z 13006KT 10SM SCT050 BKN090 16/09 A2988,,3.086664,16.0,6.0
UNV,2024-04-17 19:53:00,-77.85,40.85,378.0,60.8,48.2,63.15,110.0,4.0,0.0,29.87,,10.0,,SCT,,,,10000.0,,,,,,,,,,,60.8,KUNV 172353Z 11004KT 10SM SCT100 16/09 A2987,,2.057776,16.0,4.0
UNV,2024-04-17 20:53:00,-77.85,40.85,378.0,60.8,50.0,67.54,110.0,5.0,0.0,29.87,,10.0,,SCT,,,,12000.0,,,,,,,,,,,60.8,KUNV 180053Z 11005KT 10SM SCT120 16/10 A2987,,2.57222,16.0,4.0
UNV,2024-04-17 21:53:00,-77.85,40.85,378.0,60.8,53.6,77.14,130.0,6.0,0.0,29.87,,10.0,,OVC,,,,2400.0,,,,VCTS,,,,,,,60.8,KUNV 180153Z 13006KT 10SM VCTS OVC024 16/12 A2987 RMK LTG DSNT SW THRU NW,,3.086664,16.0,8.0
UNV,2024-04-17 22:15:00,-77.85,40.85,378.0,60.0,53.0,77.64,270.0,10.0,0.02,29.93,,10.0,23.0,BKN,OVC,,,2200.0,2700.0,,,,,,,,,,60.0,KUNV 180215Z AUTO 27010G23KT 10SM /VCTSRA BKN022 OVC027 16/12 A2993 RMK AO2 LTG DSNT W THRU N P0002 T01550116,,5.14444,15.555555555555555,8.0
UNV,2024-04-17 22:35:00,-77.85,40.85,378.0,57.6,56.5,96.11,270.0,3.0,0.08,29.92,,10.0,,SCT,BKN,OVC,,2200.0,4000.0,5500.0,,TSRA,,,,,,,57.6,KUNV 180235Z AUTO 27003KT 10SM TSRA SCT022 BKN040 OVC055 14/14 A2992 RMK AO2 LTG DSNT N AND NE P0008 T01420136,,1.543332,14.222222222222221,8.0
UNV,2024-04-17 22:55:00,-77.85,40.85,378.0,56.5,56.5,100.0,0.0,0.0,0.14,29.92,,5.0,,SCT,SCT,BKN,,3100.0,4100.0,6000.0,,RA,,,,,,,56.5,KUNV 180255Z AUTO 00000KT 5SM RA SCT031 SCT041 BKN060 14/14 A2992 RMK AO2 LTG DSNT NE AND SW P0014 60014 T01360136,,0.0,13.61111111111111,6.0
UNV,2024-04-17 23:15:00,-77.85,40.85,378.0,56.3,56.3,100.0,140.0,3.0,0.05,29.89,,5.0,,SCT,BKN,OVC,,3300.0,4500.0,8500.0,,RA,,,,,,,56.3,KUNV 180315Z AUTO 14003KT 5SM RA SCT033 BKN045 OVC085 14/14 A2989 RMK AO2 P0005 T01350135,,1.543332,13.499999999999998,8.0
UNV,2024-04-17 23:35:00,-77.85,40.85,378.0,56.3,56.3,100.0,250.0,6.0,0.06,29.91,,10.0,,SCT,SCT,OVC,,4700.0,6000.0,8500.0,,-RA,,,,,,,56.3,KUNV 180335Z AUTO 25006KT 10SM -RA SCT047 SCT060 OVC085 14/14 A2991 RMK AO2 P0006 T01350135,,3.086664,13.499999999999998,8.0
UNV,2024-04-17 23:55:00,-77.85,40.85,378.0,56.3,56.3,100.0,240.0,6.0,0.08,29.91,,7.0,,SCT,BKN,OVC,,4700.0,6000.0,8500.0,,RA,,,,,,,56.3,KUNV 180355Z AUTO 24006KT 7SM RA SCT047 BKN060 OVC085 14/14 A2991 RMK AO2 P0008 T01350135,,3.086664,13.499999999999998,8.0
UNV,2024-04-18 00:15:00,-77.85,40.85,378.0,56.0,56.0,100.0,190.0,6.0,0.03,29.9,,7.0,,SCT,BKN,OVC,,2700.0,6000.0,8000.0,,RA,,,,,,,56.0,KUNV 180415Z AUTO 19006KT 7SM RA SCT027 BKN060 OVC080 13/13 A2990 RMK AO2 P0003 T01330133,,3.086664,13.333333333333334,8.0
UNV,2024-04-18 00:35:00,-77.85,40.85,378.0,56.0,56.0,100.0,210.0,3.0,0.05,29.89,,7.0,,SCT,SCT,OVC,,3300.0,7000.0,8500.0,,-RA,,,,,,,56.0,KUNV 180435Z AUTO 21003KT 7SM -RA SCT033 SCT070 OVC085 13/13 A2989 RMK AO2 P0005 T01330133,,1.543332,13.333333333333334,8.0
UNV,2024-04-18 00:55:00,-77.85,40.85,378.0,55.6,55.6,100.0,260.0,7.0,0.05,29.9,,10.0,,SCT,,,,8500.0,,,,,,,,,,,55.6,KUNV 180455Z AUTO 26007KT 10SM SCT085 13/13 A2990 RMK AO2 P0005 T01310131,,3.601108,13.11111111111111,4.0
UNV,2024-04-18 01:15:00,-77.85,40.85,378.0,55.4,55.4,100.0,260.0,4.0,0.0,29.91,,10.0,,SCT,,,,9500.0,,,,,,,,,,,55.4,KUNV 180515Z AUTO 26004KT 10SM SCT095 13/13 A2991 RMK AO2 T01300130,,2.057776,13.0,4.0
UNV,2024-04-18 01:35:00,-77.85,40.85,378.0,54.7,54.7,100.0,250.0,4.0,0.0,29.9,,10.0,,SCT,SCT,,,7500.0,9500.0,,,,,,,,,,54.7,KUNV 180535Z AUTO 25004KT 10SM SCT075 SCT095 13/13 A2990 RMK AO2 T01260126,,2.057776,12.611111111111112,4.0
UNV,2024-04-18 01:55:00,-77.85,40.85,378.0,54.5,54.5,100.0,240.0,4.0,0.0,29.9,,10.0,,CLR,,,,,,,,,,,,,,,54.5,KUNV 180555Z AUTO 24004KT 10SM CLR 13/13 A2990 RMK AO2 60027 T01250125 10161 20124,,2.057776,12.5,0.0
UNV,2024-04-18 02:15:00,-77.85,40.85,378.0,54.7,54.7,100.0,240.0,4.0,0.0,29.9,,10.0,,BKN,,,,7500.0,,,,,,,,,,,54.7,KUNV 180615Z AUTO 24004KT 10SM BKN075 13/13 A2990 RMK AO2 T01260126,,2.057776,12.611111111111112,6.0
UNV,2024-04-18 02:35:00,-77.85,40.85,378.0,54.7,54.7,100.0,250.0,3.0,0.0,29.89,,10.0,,OVC,,,,7500.0,,,,,,,,,,,54.7,KUNV 180635Z AUTO 25003KT 10SM OVC075 13/13 A2989 RMK AO2 T01260126,,1.543332,12.611111111111112,8.0
UNV,2024-04-18 02:55:00,-77.85,40.85,378.0,54.7,54.7,100.0,240.0,5.0,0.0,29.89,,10.0,,SCT,SCT,OVC,,2500.0,3500.0,7500.0,,,,,,,,,54.7,KUNV 180655Z AUTO 24005KT 10SM SCT025 SCT035 OVC075 13/13 A2989 RMK AO2 T01260126,,2.57222,12.611111111111112,8.0
UNV,2024-04-18 03:15:00,-77.85,40.85,378.0,54.5,54.3,99.27,0.0,0.0,0.0,29.89,,10.0,,SCT,BKN,OVC,,3300.0,4800.0,6500.0,,,,,,,,,54.5,KUNV 180715Z AUTO 00000KT 10SM SCT033 BKN048 OVC065 13/12 A2989 RMK AO2 T01250124,,0.0,12.5,8.0
UNV,2024-04-18 03:35:00,-77.85,40.85,378.0,54.7,54.5,99.27,230.0,3.0,0.0,29.89,,10.0,,SCT,SCT,OVC,,3300.0,4000.0,4900.0,,,,,,,,,54.7,KUNV 180735Z AUTO 23003KT 10SM SCT033 SCT040 OVC049 13/13 A2989 RMK AO2 T01260125,,1.543332,12.611111111111112,8.0
UNV,2024-04-18 03:55:00,-77.85,40.85,378.0,54.7,54.7,100.0,0.0,0.0,0.0,29.89,,10.0,,SCT,BKN,OVC,,2300.0,3600.0,4700.0,,,,,,,,,54.7,KUNV 180755Z AUTO 00000KT 10SM SCT023 BKN036 OVC047 13/13 A2989 RMK AO2 T01260126,,0.0,12.611111111111112,8.0
UNV,2024-04-18 04:15:00,-77.85,40.85,378.0,55.0,55.0,100.0,240.0,5.0,0.0,29.9,,10.0,,SCT,OVC,,,2200.0,3900.0,,,-RA,,,,,,,55.0,KUNV 180815Z AUTO 24005KT 10SM -RA SCT022 OVC039 13/13 A2990 RMK AO2 T01270127,,2.57222,12.777777777777779,8.0
UNV,2024-04-18 04:35:00,-77.85,40.85,378.0,55.0,55.0,100.0,220.0,4.0,0.01,29.9,,10.0,,BKN,BKN,OVC,,3500.0,4100.0,5500.0,,,,,,,,,55.0,KUNV 180835Z AUTO 22004KT 10SM BKN035 BKN041 OVC055 13/13 A2990 RMK AO2 P0001 T01280128,,2.057776,12.777777777777779,8.0
UNV,2024-04-18 04:55:00,-77.85,40.85,378.0,55.4,55.2,99.28,230.0,5.0,0.01,29.91,,10.0,,SCT,BKN,OVC,,2200.0,3700.0,4300.0,,,,,,,,,55.4,KUNV 180855Z AUTO 23005KT 10SM SCT022 BKN037 OVC043 13/13 A2991 RMK AO2 P0001 60001 T01300129,,2.57222,13.0,8.0
UNV,2024-04-18 05:15:00,-77.85,40.85,378.0,55.6,55.4,99.28,270.0,5.0,0.0,29.92,,10.0,,SCT,SCT,OVC,,2500.0,3700.0,4700.0,,,,,,,,,55.6,KUNV 180915Z AUTO 27005KT 10SM SCT025 SCT037 OVC047 13/13 A2992 RMK AO2 T01310130,,2.57222,13.11111111111111,8.0
UNV,2024-04-18 05:35:00,-77.85,40.85,378.0,56.3,56.3,100.0,260.0,4.0,0.0,29.92,,10.0,,SCT,SCT,OVC,,2800.0,4100.0,4700.0,,,,,,,,,56.3,KUNV 180935Z AUTO 26004KT 10SM SCT028 SCT041 OVC047 14/14 A2992 RMK AO2 T01350135,,2.057776,13.499999999999998,8.0
UNV,2024-04-18 05:53:00,-77.85,40.85,378.0,57.2,55.4,93.69,260.0,6.0,0.0,29.92,,10.0,,SCT,BKN,OVC,,2800.0,4700.0,7000.0,,,,,,,,,57.2,KUNV 180953Z 26006KT 10SM SCT028 BKN047 OVC070 14/13 A2992,,3.086664,14.000000000000002,8.0
UNV,2024-04-18 06:53:00,-77.85,40.85,378.0,57.2,55.4,93.69,290.0,5.0,0.0,29.95,,10.0,,SCT,BKN,BKN,,1700.0,3600.0,6500.0,,,,,,,,,57.2,KUNV 181053Z 29005KT 10SM SCT017 BKN036 BKN065 14/13 A2995,,2.57222,14.000000000000002,6.0
UNV,2024-04-18 07:53:00,-77.85,40.85,378.0,57.2,55.4,93.69,280.0,5.0,0.0,29.97,,10.0,,SCT,BKN,BKN,,2300.0,2700.0,6500.0,,,,,,,,,57.2,KUNV 181153Z 28005KT 10SM SCT023 BKN027 BKN065 14/13 A2997,,2.57222,14.000000000000002,6.0
UNV,2024-04-18 08:53:00,-77.85,40.85,378.0,59.0,55.4,87.83,260.0,4.0,0.0,29.99,,10.0,,SCT,BKN,BKN,,1800.0,3100.0,6500.0,,,,,,,,,59.0,KUNV 181253Z 26004KT 10SM SCT018 BKN031 BKN065 15/13 A2999,,2.057776,15.0,6.0
UNV,2024-04-18 09:53:00,-77.85,40.85,378.0,59.0,53.6,82.25,270.0,5.0,0.0,29.99,,10.0,,SCT,BKN,BKN,,2100.0,2600.0,6000.0,,,,,,,,,59.0,KUNV 181353Z 27005KT 10SM SCT021 BKN026 BKN060 15/12 A2999,,2.57222,15.0,6.0
UNV,2024-04-18 10:53:00,-77.85,40.85,378.0,60.8,50.0,67.54,320.0,6.0,0.0,30.01,,10.0,,SCT,BKN,BKN,,2600.0,4400.0,6000.0,,,,,,,,,60.8,KUNV 181453Z 32006KT 10SM SCT026 BKN044 BKN060 16/10 A3001,,3.086664,16.0,6.0
UNV,2024-04-18 11:53:00,-77.85,40.85,378.0,60.8,50.0,67.54,310.0,9.0,0.0,30.04,,10.0,,SCT,BKN,,,3000.0,6000.0,,,,,,,,,,60.8,KUNV 181553Z 31009KT 10SM SCT030 BKN060 16/10 A3004,,4.629996,16.0,6.0
UNV,2024-04-18 12:53:00,-77.85,40.85,378.0,62.6,50.0,63.38,280.0,9.0,0.0,30.04,,10.0,,SCT,BKN,,,3300.0,4500.0,,,,,,,,,,62.6,KUNV 181653Z 28009KT 10SM SCT033 BKN045 17/10 A3004,,4.629996,17.0,6.0
UNV,2024-04-18 13:53:00,-77.85,40.85,378.0,60.8,48.2,63.15,310.0,9.0,0.0,30.03,,10.0,,BKN,BKN,,,3800.0,4500.0,,,,,,,,,,60.8,KUNV 181753Z 31009KT 10SM BKN038 BKN045 16/09 A3003,,4.629996,16.0,6.0
UNV,2024-04-18 14:53:00,-77.85,40.85,378.0,62.6,48.2,59.26,,3.0,0.0,30.02,,10.0,,BKN,,,,4200.0,,,,,,,,,,,62.6,KUNV 181853Z VRB03KT 10SM BKN042 17/09 A3002,,1.543332,17.0,6.0
UNV,2024-04-18 15:53:00,-77.85,40.85,378.0,64.4,48.2,55.63,300.0,12.0,0.0,30.03,,10.0,,BKN,BKN,,,4400.0,5000.0,,,,,,,,,,64.4,KUNV 181953Z 30012KT 10SM BKN044 BKN050 18/09 A3003,,6.173328,18.000000000000004,6.0
UNV,2024-04-18 16:53:00,-77.85,40.85,378.0,64.4,44.6,48.55,300.0,7.0,0.0,30.03,,10.0,,SCT,,,,5000.0,,,,,,,,,,,64.4,KUNV 182053Z 30007KT 10SM SCT050 18/07 A3003,,3.601108,18.000000000000004,4.0
UNV,2024-04-18 17:53:00,-77.85,40.85,378.0,66.2,46.4,48.83,280.0,8.0,0.0,30.03,,10.0,,SCT,,,,6000.0,,,,,,,,,,,66.2,KUNV 182153Z 28008KT 10SM SCT060 19/08 A3003,,4.115552,19.0,4.0
UNV,2024-04-18 18:53:00,-77.85,40.85,378.0,64.4,44.6,48.55,300.0,7.0,0.0,30.04,,10.0,,SCT,,,,7000.0,,,,,,,,,,,64.4,KUNV 182253Z 30007KT 10SM SCT070 18/07 A3004,,3.601108,18.000000000000004,4.0
UNV,2024-04-18 19:53:00,-77.85,40.85,378.0,62.6,44.6,51.72,300.0,4.0,0.0,30.06,,10.0,,CLR,,,,,,,,,,,,,,,62.6,KUNV 182353Z 30004KT 10SM CLR 17/07 A3006,,2.057776,17.0,0.0
UNV,2024-04-18 20:53:00,-77.85,40.85,378.0,60.8,44.6,55.12,310.0,3.0,0.0,30.07,,10.0,,CLR,,,,,,,,,,,,,,,60.8,KUNV 190053Z 31003KT 10SM CLR 16/07 A3007,,1.543332,16.0,0.0
UNV,2024-04-18 21:53:00,-77.85,40.85,378.0,57.2,44.6,62.69,0.0,0.0,0.0,30.07,,10.0,,CLR,,,,,,,,,,,,,,,57.2,KUNV 190153Z 00000KT 10SM CLR 14/07 A3007,,0.0,14.000000000000002,0.0
UNV,2024-04-18 22:15:00,-77.85,40.85,378.0,54.0,44.8,70.95,0.0,0.0,0.0,30.07,,10.0,,CLR,,,,,,,,,,,,,,,54.0,KUNV 190215Z AUTO 00000KT 10SM CLR 12/07 A3007 RMK AO2 T01230071,,0.0,12.222222222222221,0.0
UNV,2024-04-18 22:35:00,-77.85,40.85,378.0,55.0,45.0,68.93,0.0,0.0,0.0,30.06,,10.0,,CLR,,,,,,,,,,,,,,,55.0,KUNV 190235Z AUTO 00000KT 10SM CLR 13/07 A3006 RMK AO2 T01280072,,0.0,12.777777777777779,0.0
UNV,2024-04-18 22:55:00,-77.85,40.85,378.0,55.4,45.0,67.94,0.0,0.0,0.0,30.06,,10.0,,CLR,,,,,,,,,,,,,,,55.4,KUNV 190255Z AUTO 00000KT 10SM CLR 13/07 A3006 RMK AO2 T01300073,,0.0,13.0,0.0
UNV,2024-04-18 23:15:00,-77.85,40.85,378.0,55.4,44.8,67.42,0.0,0.0,0.0,30.06,,10.0,,CLR,,,,,,,,,,,,,,,55.4,KUNV 190315Z AUTO 00000KT 10SM CLR 13/07 A3006 RMK AO2 T01300071,,0.0,13.0,0.0
UNV,2024-04-18 23:35:00,-77.85,40.85,378.0,52.7,45.3,75.84,200.0,3.0,0.0,30.06,,10.0,,CLR,,,,,,,,,,,,,,,52.7,KUNV 190335Z AUTO 20003KT 10SM CLR 12/07 A3006 RMK AO2 T01150074,,1.543332,11.500000000000002,0.0
UNV,2024-04-18 23:55:00,-77.85,40.85,378.0,52.3,45.5,77.56,0.0,0.0,0.0,30.05,,10.0,,CLR,,,,,,,,,,,,,,,52.3,KUNV 190355Z AUTO 00000KT 10SM CLR 11/08 A3005 RMK AO2 T01130075,,0.0,11.277777777777777,0.0
UNV,2024-04-19 00:15:00,-77.85,40.85,378.0,53.0,45.0,74.16,0.0,0.0,0.0,30.05,,10.0,,CLR,,,,,,,,,,,,,,,53.0,KUNV 190415Z AUTO 00000KT 10SM CLR 12/07 A3005 RMK AO2 T01170072,,0.0,11.666666666666666,0.0
UNV,2024-04-19 00:35:00,-77.85,40.85,378.0,53.0,45.0,74.16,0.0,0.0,0.0,30.05,,10.0,,CLR,,,,,,,,,,,,,,,53.0,KUNV 190435Z AUTO 00000KT 10SM CLR 12/07 A3005 RMK AO2 T01170073,,0.0,11.666666666666666,0.0
UNV,2024-04-19 00:55:00,-77.85,40.85,378.0,53.0,45.3,75.01,0.0,0.0,0.0,30.04,,10.0,,CLR,,,,,,,,,,,,,,,53.0,KUNV 190455Z AUTO 00000KT 10SM CLR 12/07 A3004 RMK AO2 T01170074,,0.0,11.666666666666666,0.0
UNV,2024-04-19 01:15:00,-77.85,40.85,378.0,51.8,45.5,79.0,340.0,5.0,0.0,30.05,,10.0,,CLR,,,,,,,,,,,,,,,51.8,KUNV 190515Z AUTO 34005KT 10SM CLR 11/08 A3005 RMK AO2 T01100075,,2.57222,10.999999999999998,0.0
UNV,2024-04-19 01:35:00,-77.85,40.85,378.0,50.0,47.5,91.07,0.0,0.0,0.0,30.05,,10.0,,CLR,,,,,,,,,,,,,,,50.0,KUNV 190535Z AUTO 00000KT 10SM CLR 10/09 A3005 RMK AO2 T01010086,,0.0,10.0,0.0
UNV,2024-04-19 01:55:00,-77.85,40.85,378.0,50.0,47.0,89.37,80.0,4.0,0.0,30.04,,10.0,,CLR,,,,,,,,,,,,,,,50.0,KUNV 190555Z AUTO 08004KT 10SM CLR 10/08 A3004 RMK AO2 T01000083 10162 20100,,2.057776,10.0,0.0
UNV,2024-04-19 02:15:00,-77.85,40.85,378.0,49.6,49.3,98.89,90.0,3.0,0.0,30.03,,10.0,,CLR,,,,,,,,,,,,,,,48.81,KUNV 190615Z AUTO 09003KT 10SM CLR 10/10 A3003 RMK AO2 T00980096,,1.543332,9.777777777777779,0.0
UNV,2024-04-19 02:35:00,-77.85,40.85,378.0,50.0,49.6,98.52,0.0,0.0,0.0,30.03,,10.0,,CLR,,,,,,,,,,,,,,,50.0,KUNV 190635Z AUTO 00000KT 10SM CLR 10/10 A3003 RMK AO2 T00990098,,0.0,10.0,0.0
UNV,2024-04-19 02:55:00,-77.85,40.85,378.0,49.6,49.5,99.63,0.0,0.0,0.0,30.03,,7.0,,CLR,,,,,,,,,,,,,,,49.6,KUNV 190655Z AUTO 00000KT 7SM CLR 10/10 A3003 RMK AO2 T00980097,,0.0,9.777777777777779,0.0
UNV,2024-04-19 03:15:00,-77.85,40.85,378.0,50.0,49.6,98.52,0.0,0.0,0.0,30.04,,7.0,,CLR,,,,,,,,,,,,,,,50.0,KUNV 190715Z AUTO 00000KT 7SM CLR 10/10 A3004 RMK AO2 T00990098,,0.0,10.0,0.0
UNV,2024-04-19 03:35:00,-77.85,40.85,378.0,49.6,49.5,99.63,0.0,0.0,0.0,30.05,,7.0,,BKN,,,,1300.0,,,,,,,,,,,49.6,KUNV 190735Z AUTO 00000KT 7SM BKN013 10/10 A3005 RMK AO2 T00980097,,0.0,9.777777777777779,6.0
UNV,2024-04-19 03:55:00,-77.85,40.85,378.0,50.0,50.0,100.0,0.0,0.0,0.0,30.05,,7.0,,OVC,,,,1300.0,,,,,,,,,,,50.0,KUNV 190755Z AUTO 00000KT 7SM OVC013 10/10 A3005 RMK AO2 T01000100,,0.0,10.0,8.0
UNV,2024-04-19 04:15:00,-77.85,40.85,378.0,50.0,50.0,100.0,0.0,0.0,0.0,30.06,,7.0,,OVC,,,,1100.0,,,,,,,,,,,50.0,KUNV 190815Z AUTO 00000KT 7SM OVC011 10/10 A3006 RMK AO2 T01010100,,0.0,10.0,8.0
UNV,2024-04-19 04:35:00,-77.85,40.85,378.0,50.0,50.0,100.0,0.0,0.0,0.0,30.05,,7.0,,OVC,,,,1100.0,,,,,,,,,,,50.0,KUNV 190835Z AUTO 00000KT 7SM OVC011 10/10 A3005 RMK AO2 T01010100,,0.0,10.0,8.0
UNV,2024-04-19 04:55:00,-77.85,40.85,378.0,50.0,50.0,100.0,130.0,3.0,0.0,30.04,,7.0,,OVC,,,,900.0,,,,,,,,,,,50.0,KUNV 190855Z AUTO 13003KT 7SM OVC009 10/10 A3004 RMK AO2 T01010100,,1.543332,10.0,8.0
UNV,2024-04-19 05:15:00,-77.85,40.85,378.0,50.0,50.0,100.0,0.0,0.0,0.0,30.03,,7.0,,OVC,,,,900.0,,,,,,,,,,,50.0,KUNV 190915Z AUTO 00000KT 7SM OVC009 10/10 A3003 RMK AO2 LTG DSNT SW T01000100,,0.0,10.0,8.0
UNV,2024-04-19 05:35:00,-77.85,40.85,378.0,49.6,49.6,100.0,0.0,0.0,0.0,30.03,,7.0,,OVC,,,,900.0,,,,,,,,,,,49.6,KUNV 190935Z AUTO 00000KT 7SM OVC009 10/10 A3003 RMK AO2 T00980098,,0.0,9.777777777777779,8.0
UNV,2024-04-19 05:53:00,-77.85,40.85,378.0,50.0,50.0,100.0,150.0,4.0,0.0,30.03,,3.0,,OVC,,,,900.0,,,,BR,,,,,,,50.0,KUNV 190953Z 15004KT 3SM BR OVC009 10/10 A3003,,2.057776,10.0,8.0
UNV,2024-04-19 06:53:00,-77.85,40.85,378.0,50.0,50.0,100.0,,4.0,0.0,30.03,,3.0,,OVC,,,,700.0,,,,BR,,,,,,,50.0,KUNV 191053Z VRB04KT 3SM BR OVC007 10/10 A3003,,2.057776,10.0,8.0
UNV,2024-04-19 07:53:00,-77.85,40.85,378.0,50.0,50.0,100.0,0.0,0.0,0.0,30.03,,3.0,,OVC,,,,700.0,,,,BR,,,,,,,50.0,KUNV 191153Z 00000KT 3SM BR OVC007 10/10 A3003,,0.0,10.0,8.0
UNV,2024-04-19 08:53:00,-77.85,40.85,378.0,48.2,48.2,100.0,,5.0,0.0,30.02,,4.0,,OVC,,,,700.0,,,,BR,,,,,,,45.63,KUNV 191253Z VRB05KT 4SM BR OVC007 09/09 A3002,,2.57222,9.000000000000002,8.0
UNV,2024-04-19 09:53:00,-77.85,40.85,378.0,50.0,48.2,93.5,0.0,0.0,0.0,30.03,,5.0,,OVC,,,,900.0,,,,BR,,,,,,,50.0,KUNV 191353Z 00000KT 5SM BR OVC009 10/09 A3003,,0.0,10.0,8.0
UNV,2024-04-19 10:53:00,-77.85,40.85,378.0,50.0,48.2,93.5,0.0,0.0,0.0,30.04,,7.0,,OVC,,,,900.0,,,,-RA,,,,,,,50.0,KUNV 191453Z 00000KT 7SM -RA OVC009 10/09 A3004,,0.0,10.0,8.0
UNV,2024-04-19 11:10:00,-77.85,40.85,378.0,50.0,48.2,93.5,200.0,8.0,0.0,30.04,,5.0,,OVC,,,,1000.0,,,,-DZ BR,,,,,,,50.0,KUNV 191510Z 20008KT 5SM -DZ BR OVC010 10/09 A3004,,4.115552,10.0,8.0
UNV,2024-04-19 11:53:00,-77.85,40.85,378.0,50.0,48.2,93.5,180.0,6.0,0.0,30.02,,5.0,,OVC,,,,1000.0,,,,BR,,,,,,,50.0,KUNV 191553Z 18006KT 5SM BR OVC010 10/09 A3002,,3.086664,10.0,8.0
UNV,2024-04-19 12:53:00,-77.85,40.85,378.0,50.0,50.0,100.0,200.0,9.0,0.0,30.0,,5.0,,OVC,,,,1100.0,,,,BR,,,,,,,50.0,KUNV 191653Z 20009KT 5SM BR OVC011 10/10 A3000,,4.629996,10.0,8.0
UNV,2024-04-19 13:53:00,-77.85,40.85,378.0,51.8,50.0,93.55,200.0,8.0,0.0,29.98,,6.0,,OVC,,,,1100.0,,,,BR,,,,,,,51.8,KUNV 191753Z COR 20008KT 6SM BR OVC011 11/10 A2998,,4.115552,10.999999999999998,8.0
UNV,2024-04-19 14:53:00,-77.85,40.85,378.0,51.8,50.0,93.55,170.0,7.0,0.0,29.98,,6.0,,OVC,,,,1100.0,,,,BR,,,,,,,51.8,KUNV 191853Z 17007KT 6SM BR OVC011 11/10 A2998,,3.601108,10.999999999999998,8.0
UNV,2024-04-19 15:53:00,-77.85,40.85,378.0,53.6,50.0,87.56,160.0,10.0,0.0,29.96,,10.0,,OVC,,,,1100.0,,,,,,,,,,,53.6,KUNV 191953Z 16010KT 10SM OVC011 12/10 A2996,,5.14444,12.0,8.0
UNV,2024-04-19 16:53:00,-77.85,40.85,378.0,51.8,50.0,93.55,160.0,8.0,0.0,29.97,,10.0,,OVC,,,,1100.0,,,,,,,,,,,51.8,KUNV 192053Z 16008KT 10SM OVC011 11/10 A2997,,4.115552,10.999999999999998,8.0
UNV,2024-04-19 17:53:00,-77.85,40.85,378.0,51.8,51.8,100.0,180.0,7.0,0.0,29.97,,7.0,,OVC,,,,1100.0,,,,,,,,,,,51.8,KUNV 192153Z 18007KT 7SM OVC011 11/11 A2997,,3.601108,10.999999999999998,8.0
UNV,2024-04-19 18:53:00,-77.85,40.85,378.0,51.8,51.8,100.0,0.0,0.0,0.0,29.98,,10.0,,OVC,,,,900.0,,,,,,,,,,,51.8,KUNV 192253Z 00000KT 10SM OVC009 11/11 A2998,,0.0,10.999999999999998,8.0
UNV,2024-04-19 19:53:00,-77.85,40.85,378.0,51.8,51.8,100.0,0.0,0.0,0.0,29.98,,5.0,,OVC,,,,900.0,,,,-RA BR,,,,,,,51.8,KUNV 192353Z 00000KT 5SM -RA BR OVC009 11/11 A2998,,0.0,10.999999999999998,8.0
UNV,2024-04-19 20:53:00,-77.85,40.85,378.0,51.8,51.8,100.0,0.0,0.0,0.0,29.99,,10.0,,OVC,,,,1100.0,,,,,,,,,,,51.8,KUNV 200053Z 00000KT 10SM OVC011 11/11 A2999,,0.0,10.999999999999998,8.0
UNV,2024-04-19 21:53:00,-77.85,40.85,378.0,51.8,51.8,100.0,0.0,0.0,0.0,30.0,,10.0,,OVC,,,,600.0,,,,,,,,,,,51.8,KUNV 200153Z 00000KT 10SM OVC006 11/11 A3000,,0.0,10.999999999999998,8.0
UNV,2024-04-19 22:15:00,-77.85,40.85,378.0,51.4,51.4,100.0,0.0,0.0,0.0,30.01,,7.0,,OVC,,,,700.0,,,,,,,,,,,51.4,KUNV 200215Z AUTO 00000KT 7SM OVC007 11/11 A3001 RMK AO2 T01080108,,0.0,10.777777777777779,8.0
UNV,2024-04-19 22:35:00,-77.85,40.85,378.0,51.3,51.0,98.9,0.0,0.0,0.0,30.01,,7.0,,OVC,,,,700.0,,,,,,,,,,,51.3,KUNV 200235Z AUTO 00000KT 7SM OVC007 11/11 A3001 RMK AO2 T01070106,,0.0,10.722222222222221,8.0
UNV,2024-04-19 22:55:00,-77.85,40.85,378.0,51.3,51.0,98.9,0.0,0.0,0.0,30.01,,7.0,,OVC,,,,700.0,,,,,,,,,,,51.3,KUNV 200255Z AUTO 00000KT 7SM OVC007 11/11 A3001 RMK AO2 T01070106,,0.0,10.722222222222221,8.0
UNV,2024-04-19 23:15:00,-77.85,40.85,378.0,51.3,51.3,100.0,0.0,0.0,0.0,30.01,,7.0,,OVC,,,,700.0,,,,,,,,,,,51.3,KUNV 200315Z AUTO 00000KT 7SM OVC007 11/11 A3001 RMK AO2 T01070107,,0.0,10.722222222222221,8.0
UNV,2024-04-19 23:35:00,-77.85,40.85,378.0,50.5,50.4,99.63,0.0,0.0,0.0,30.0,,5.0,,BKN,,,,500.0,,,,BR,,,,,,,50.5,KUNV 200335Z AUTO 00000KT 5SM BR BKN005 10/10 A3000 RMK AO2 T01030102,,0.0,10.277777777777779,6.0
UNV,2024-04-19 23:55:00,-77.85,40.85,378.0,50.0,50.0,100.0,0.0,0.0,0.0,30.01,,5.0,,BKN,BKN,,,500.0,5000.0,,,BR,,,,,,,50.0,KUNV 200355Z AUTO 00000KT 5SM BR BKN005 BKN050 10/10 A3001 RMK AO2 T01000100,,0.0,10.0,6.0
UNV,2024-04-20 00:15:00,-77.85,40.85,378.0,49.5,49.3,99.26,0.0,0.0,0.0,30.0,,3.0,,SCT,,,,500.0,,,,BR,,,,,,,49.5,KUNV 200415Z AUTO 00000KT 3SM BR SCT005 10/10 A3000 RMK AO2 T00970096,,0.0,9.722222222222221,4.0
UNV,2024-04-20 00:35:00,-77.85,40.85,378.0,48.6,48.6,100.0,0.0,0.0,0.0,30.0,,1.0,,VV ,,,,700.0,,,,BR,,,,,,,48.6,KUNV 200435Z AUTO 00000KT 1SM BR VV007 09/09 A3000 RMK AO2 T00920092,,0.0,9.222222222222221,-1.0
UNV,2024-04-20 00:55:00,-77.85,40.85,378.0,48.2,48.0,99.25,0.0,0.0,0.0,30.0,,0.5,,VV ,,,,500.0,,,,FG,,,,,,,48.2,KUNV 200455Z AUTO 00000KT 1/2SM FG VV005 09/09 A3000 RMK AO2 T00900089,,0.0,9.000000000000002,-1.0
UNV,2024-04-20 01:15:00,-77.85,40.85,378.0,48.2,48.0,99.25,0.0,0.0,0.0,30.0,,5.0,,SCT,,,,9500.0,,,,BR,,,,,,,48.2,KUNV 200515Z AUTO 00000KT 5SM BR SCT095 09/09 A3000 RMK AO2 T00900089,,0.0,9.000000000000002,4.0
UNV,2024-04-20 01:35:00,-77.85,40.85,378.0,48.6,48.6,100.0,0.0,0.0,0.0,29.99,,5.0,,BKN,,,,9500.0,,,,BR,,,,,,,48.6,KUNV 200535Z AUTO 00000KT 5SM BR BKN095 09/09 A2999 RMK AO2 T00920092,,0.0,9.222222222222221,6.0
UNV,2024-04-20 01:55:00,-77.85,40.85,378.0,49.0,49.0,100.0,0.0,0.0,0.0,29.99,,5.0,,BKN,,,,9500.0,,,,BR,,,,,,,49.0,KUNV 200555Z AUTO 00000KT 5SM BR BKN095 10/09 A2999 RMK AO2 T00950094 10112 20088,,0.0,9.444444444444445,6.0
UNV,2024-04-20 02:15:00,-77.85,40.85,378.0,49.0,48.7,98.88,0.0,0.0,0.0,29.98,,7.0,,SCT,,,,9500.0,,,,,,,,,,,49.0,KUNV 200615Z AUTO 00000KT 7SM SCT095 09/09 A2998 RMK AO2 T00940093,,0.0,9.444444444444445,4.0
UNV,2024-04-20 02:35:00,-77.85,40.85,378.0,48.6,48.6,100.0,0.0,0.0,0.0,29.98,,10.0,,SCT,,,,10000.0,,,,,,,,,,,48.6,KUNV 200635Z AUTO 00000KT 10SM SCT100 09/09 A2998 RMK AO2 T00920092,,0.0,9.222222222222221,4.0
UNV,2024-04-20 02:55:00,-77.85,40.85,378.0,49.0,48.7,98.88,0.0,0.0,0.0,29.98,,10.0,,SCT,SCT,,,3700.0,10000.0,,,,,,,,,,49.0,KUNV 200655Z AUTO 00000KT 10SM SCT037 SCT100 10/09 A2998 RMK AO2 T00950093,,0.0,9.444444444444445,4.0
UNV,2024-04-20 03:15:00,-77.85,40.85,378.0,49.3,49.0,98.89,0.0,0.0,0.0,29.98,,10.0,,BKN,BKN,,,3900.0,4500.0,,,,,,,,,,49.3,KUNV 200715Z AUTO 00000KT 10SM BKN039 BKN045 10/09 A2998 RMK AO2 T00960094,,0.0,9.611111111111109,6.0
UNV,2024-04-20 03:35:00,-77.85,40.85,378.0,49.5,47.3,92.09,0.0,0.0,0.0,29.99,,10.0,,SCT,SCT,,,3900.0,11000.0,,,,,,,,,,49.5,KUNV 200735Z AUTO 00000KT 10SM SCT039 SCT110 10/09 A2999 RMK AO2 T00970085,,0.0,9.722222222222221,4.0
UNV,2024-04-20 03:55:00,-77.85,40.85,378.0,50.0,43.0,76.76,0.0,0.0,0.0,29.99,,10.0,,SCT,SCT,,,3900.0,11000.0,,,,,,,,,,50.0,KUNV 200755Z AUTO 00000KT 10SM SCT039 SCT110 10/06 A2999 RMK AO2 T01000061,,0.0,10.0,4.0
UNV,2024-04-20 04:15:00,-77.85,40.85,378.0,50.4,39.2,65.29,0.0,0.0,0.0,30.0,,10.0,,SCT,SCT,,,3900.0,10000.0,,,,,,,,,,50.4,KUNV 200815Z AUTO 00000KT 10SM SCT039 SCT100 10/04 A3000 RMK AO2 T01020040,,0.0,10.222222222222221,4.0
UNV,2024-04-20 04:35:00,-77.85,40.85,378.0,50.0,35.2,56.61,290.0,13.0,0.0,30.0,,10.0,17.0,BKN,,,,10000.0,,,,,,,,,,,50.0,KUNV 200835Z AUTO 29013G17KT 10SM BKN100 10/02 A3000 RMK AO2 T01010018,,6.687772,10.0,6.0
UNV,2024-04-20 04:55:00,-77.85,40.85,378.0,50.0,34.3,54.62,300.0,9.0,0.0,30.0,,10.0,,OVC,,,,10000.0,,,,,,,,,,,50.0,KUNV 200855Z AUTO 30009KT 270V330 10SM OVC100 10/01 A3000 RMK AO2 T00990013,,4.629996,10.0,8.0
UNV,2024-04-20 05:15:00,-77.85,40.85,378.0,49.3,32.0,51.12,310.0,7.0,0.0,30.0,,10.0,,OVC,,,,10000.0,,,,,,,,,,,45.87,KUNV 200915Z AUTO 31007KT 10SM OVC100 10/00 A3000 RMK AO2 T00960001,,3.601108,9.611111111111109,8.0
UNV,2024-04-20 05:35:00,-77.85,40.85,378.0,49.0,32.0,51.7,310.0,6.0,0.0,30.0,,10.0,,OVC,,,,11000.0,,,,,,,,,,,46.0,KUNV 200935Z AUTO 31006KT 10SM OVC110 10/00 A3000 RMK AO2 T00950000,,3.086664,9.444444444444445,8.0
UNV,2024-04-20 05:53:00,-77.85,40.85,378.0,48.2,32.0,53.27,300.0,7.0,0.0,30.0,,10.0,,OVC,,,,11000.0,,,,,,,,,,,44.53,KUNV 200953Z 30007KT 10SM OVC110 09/00 A3000,,3.601108,9.000000000000002,8.0
UNV,2024-04-20 06:53:00,-77.85,40.85,378.0,48.2,32.0,53.27,290.0,4.0,0.0,30.0,,10.0,,BKN,,,,11000.0,,,,,,,,,,,46.34,KUNV 201053Z 29004KT 10SM BKN110 09/00 A3000,,2.057776,9.000000000000002,6.0
UNV,2024-04-20 07:53:00,-77.85,40.85,378.0,50.0,30.2,46.31,280.0,7.0,0.0,30.01,,10.0,,SCT,,,,11000.0,,,,,,,,,,,50.0,KUNV 201153Z 28007KT 10SM SCT110 10/M01 A3001,,3.601108,10.0,4.0
UNV,2024-04-20 08:53:00,-77.85,40.85,378.0,50.0,32.0,49.81,270.0,7.0,0.0,30.01,,10.0,,BKN,,,,10000.0,,,,,,,,,,,50.0,KUNV 201253Z 27007KT 10SM BKN100 10/00 A3001,,3.601108,10.0,6.0
UNV,2024-04-20 09:53:00,-77.85,40.85,378.0,53.6,30.2,40.54,270.0,10.0,0.0,30.0,,10.0,,FEW,,,,5000.0,,,,,,,,,,,53.6,KUNV 201353Z 27010KT 10SM FEW050 12/M01 A3000,,5.14444,12.0,2.0
UNV,2024-04-20 10:53:00,-77.85,40.85,378.0,57.2,32.0,38.26,250.0,14.0,0.0,29.98,,10.0,19.0,SCT,,,,5000.0,,,,,,,,,,,57.2,KUNV 201453Z 25014G19KT 10SM SCT050 14/00 A2998,,7.202216,14.000000000000002,4.0
UNV,2024-04-20 11:53:00,-77.85,40.85,378.0,59.0,32.0,35.87,280.0,14.0,0.0,29.96,,10.0,20.0,SCT,,,,7000.0,,,,,,,,,,,59.0,KUNV 201553Z 28014G20KT 10SM SCT070 15/00 A2996,,7.202216,15.0,4.0
UNV,2024-04-20 12:53:00,-77.85,40.85,378.0,59.0,30.2,33.35,270.0,17.0,0.0,29.95,,10.0,22.0,SCT,,,,7000.0,,,,,,,,,,,59.0,KUNV 201653Z 27017G22KT 10SM SCT070 15/M01 A2995,,8.745548,15.0,4.0
UNV,2024-04-20 13:53:00,-77.85,40.85,378.0,57.2,28.4,33.05,280.0,15.0,0.0,29.94,,10.0,23.0,SCT,SCT,,,7000.0,9000.0,,,,,,,,,,57.2,KUNV 201753Z 28015G23KT 10SM SCT070 SCT090 14/M02 A2994,,7.71666,14.000000000000002,4.0
UNV,2024-04-20 14:53:00,-77.85,40.85,378.0,59.0,28.4,30.98,290.0,18.0,0.0,29.94,,10.0,33.0,BKN,,,,8000.0,,,,,,,,,,,59.0,KUNV 201853Z 29018G33KT 10SM BKN080 15/M02 A2994,,9.259992,15.0,6.0
UNV,2024-04-20 15:53:00,-77.85,40.85,378.0,59.0,24.8,26.7,290.0,20.0,0.0,29.94,,10.0,33.0,SCT,,,,8000.0,,,,,,,,,,,59.0,KUNV 201953Z 29020G33KT 10SM SCT080 15/M04 A2994,,10.28888,15.0,4.0
UNV,2024-04-20 16:53:00,-77.85,40.85,378.0,55.4,24.8,30.4,300.0,14.0,0.0,29.96,,10.0,23.0,SCT,,,,8000.0,,,,,,,,,,,55.4,KUNV 202053Z 30014G23KT 10SM SCT080 13/M04 A2996,,7.202216,13.0,4.0
UNV,2024-04-20 17:53:00,-77.85,40.85,378.0,53.6,26.6,34.98,320.0,11.0,0.0,29.98,,10.0,21.0,SCT,,,,8000.0,,,,,,,,,,,53.6,KUNV 202153Z 32011G21KT 10SM SCT080 12/M03 A2998,,5.6588840000000005,12.0,4.0
UNV,2024-04-20 18:53:00,-77.85,40.85,378.0,50.0,23.0,34.39,300.0,12.0,0.0,30.01,,10.0,21.0,CLR,,,,,,,,,,,,,,,50.0,KUNV 202253Z 30012G21KT 10SM CLR 10/M05 A3001,,6.173328,10.0,0.0
UNV,2024-04-20 19:53:00,-77.85,40.85,378.0,46.4,23.0,39.36,300.0,13.0,0.0,30.03,,10.0,20.0,CLR,,,,,,,,,,,,,,,40.02,KUNV 202353Z 30013G20KT 280V340 10SM CLR 08/M05 A3003,,6.687772,8.0,0.0
UNV,2024-04-20 20:53:00,-77.85,40.85,378.0,44.6,21.2,39.06,330.0,6.0,0.0,30.05,,10.0,,CLR,,,,,,,,,,,,,,,40.71,KUNV 210053Z 33006KT 10SM CLR 07/M06 A3005,,3.086664,7.000000000000001,0.0
UNV,2024-04-20 22:15:00,-77.85,40.85,378.0,41.0,19.4,41.54,330.0,8.0,0.0,30.08,,10.0,,CLR,,,,,,,,,,,,,,,35.2,KUNV 210215Z AUTO 33008KT 10SM CLR 05/M07 A3008 RMK AO2 T00501070,,4.115552,5.0,0.0
UNV,2024-04-20 22:35:00,-77.85,40.85,378.0,40.6,19.4,42.19,350.0,6.0,0.0,30.08,,10.0,,CLR,,,,,,,,,,,,,,,35.89,KUNV 210235Z AUTO 35006KT 10SM CLR 05/M07 A3008 RMK AO2 T00481070,,3.086664,4.777777777777779,0.0
UNV,2024-04-20 22:55:00,-77.85,40.85,378.0,40.0,19.6,43.55,340.0,5.0,0.0,30.08,,10.0,,CLR,,,,,,,,,,,,,,,35.9,KUNV 210255Z AUTO 34005KT 10SM CLR 04/M07 A3008 RMK AO2 T00441069,,2.57222,4.444444444444445,0.0
UNV,2024-04-20 23:15:00,-77.85,40.85,378.0,39.6,19.4,43.86,340.0,5.0,0.0,30.08,,10.0,,CLR,,,,,,,,,,,,,,,35.42,KUNV 210315Z AUTO 34005KT 10SM CLR 04/M07 A3008 RMK AO2 T00421070,,2.57222,4.222222222222223,0.0
UNV,2024-04-20 23:35:00,-77.85,40.85,378.0,39.2,19.4,44.55,310.0,5.0,0.0,30.08,,10.0,,CLR,,,,,,,,,,,,,,,34.95,KUNV 210335Z AUTO 31005KT 10SM CLR 04/M07 A3008 RMK AO2 T00401070,,2.57222,4.000000000000002,0.0
UNV,2024-04-20 23:55:00,-77.85,40.85,378.0,38.5,19.8,46.57,340.0,4.0,0.0,30.08,,10.0,,CLR,,,,,,,,,,,,,,,35.01,KUNV 210355Z AUTO 34004KT 10SM CLR 04/M07 A3008 RMK AO2 T00361068,,2.057776,3.611111111111111,0.0
UNV,2024-04-21 00:15:00,-77.85,40.85,378.0,37.8,20.0,48.28,330.0,5.0,0.0,30.08,,10.0,,CLR,,,,,,,,,,,,,,,33.28,KUNV 210415Z AUTO 33005KT 10SM CLR 03/M07 A3008 RMK AO2 T00321066,,2.57222,3.2222222222222205,0.0
UNV,2024-04-21 00:35:00,-77.85,40.85,378.0,38.0,19.8,47.49,330.0,4.0,0.0,30.07,,10.0,,CLR,,,,,,,,,,,,,,,34.43,KUNV 210435Z AUTO 33004KT 10SM CLR 03/M07 A3007 RMK AO2 T00331068,,2.057776,3.3333333333333335,0.0
UNV,2024-04-21 00:55:00,-77.85,40.85,378.0,37.6,19.4,47.43,310.0,3.0,0.0,30.07,,10.0,,CLR,,,,,,,,,,,,,,,35.09,KUNV 210455Z AUTO 31003KT 10SM CLR 03/M07 A3007 RMK AO2 T00311070,,1.543332,3.111111111111112,0.0
UNV,2024-04-21 01:15:00,-77.85,40.85,378.0,37.4,19.4,47.8,0.0,0.0,0.0,30.07,,10.0,,CLR,,,,,,,,,,,,,,,37.4,KUNV 210515Z AUTO 00000KT 10SM CLR 03/M07 A3007 RMK AO2 T00301070,,0.0,2.999999999999999,0.0
UNV,2024-04-21 01:35:00,-77.85,40.85,378.0,37.2,19.4,48.18,280.0,3.0,0.0,30.06,,10.0,,CLR,,,,,,,,,,,,,,,34.63,KUNV 210535Z AUTO 28003KT 10SM CLR 03/M07 A3006 RMK AO2 T00291070,,1.543332,2.8888888888888906,0.0
UNV,2024-04-21 01:55:00,-77.85,40.85,378.0,36.5,20.7,52.35,0.0,0.0,0.0,30.06,,10.0,,CLR,,,,,,,,,,,,,,,36.5,KUNV 210555Z AUTO 00000KT 10SM CLR 03/M06 A3006 RMK AO2 T00251063 10079 20025,,0.0,2.5,0.0
UNV,2024-04-21 02:15:00,-77.85,40.85,378.0,35.2,20.3,54.19,280.0,4.0,0.0,30.06,,10.0,,CLR,,,,,,,,,,,,,,,31.16,KUNV 210615Z AUTO 28004KT 10SM CLR 02/M06 A3006 RMK AO2 T00181065,,2.057776,1.7777777777777795,0.0
UNV,2024-04-21 02:35:00,-77.85,40.85,378.0,34.0,21.0,58.56,290.0,4.0,0.0,30.05,,10.0,,CLR,,,,,,,,,,,,,,,29.76,KUNV 210635Z AUTO 29004KT 10SM CLR 01/M06 A3005 RMK AO2 T00121062,,2.057776,1.1111111111111112,0.0
UNV,2024-04-21 02:55:00,-77.85,40.85,378.0,35.0,20.0,53.93,290.0,3.0,0.0,30.04,,10.0,,CLR,,,,,,,,,,,,,,,32.12,KUNV 210655Z AUTO 29003KT 10SM CLR 02/M07 A3004 RMK AO2 T00171067,,1.543332,1.6666666666666667,0.0
UNV,2024-04-21 03:15:00,-77.85,40.85,378.0,34.3,20.3,56.17,290.0,4.0,0.0,30.04,,10.0,,CLR,,,,,,,,,,,,,,,30.11,KUNV 210715Z AUTO 29004KT 10SM CLR 01/M06 A3004 RMK AO2 T00131065,,2.057776,1.2777777777777761,0.0
UNV,2024-04-21 03:35:00,-77.85,40.85,378.0,33.8,20.7,58.28,270.0,5.0,0.0,30.04,,10.0,,CLR,,,,,,,,,,,,,,,28.53,KUNV 210735Z AUTO 27005KT 10SM CLR 01/M06 A3004 RMK AO2 T00101063,,2.57222,0.9999999999999984,0.0
UNV,2024-04-21 03:55:00,-77.85,40.85,378.0,33.3,20.5,58.96,280.0,4.0,0.0,30.04,,10.0,,CLR,,,,,,,,,,,,,,,28.94,KUNV 210755Z AUTO 28004KT 10SM CLR 01/M06 A3004 RMK AO2 T00071064,,2.057776,0.7222222222222207,0.0
UNV,2024-04-21 04:15:00,-77.85,40.85,378.0,33.3,20.3,58.46,250.0,4.0,0.0,30.05,,10.0,,CLR,,,,,,,,,,,,,,,28.94,KUNV 210815Z AUTO 25004KT 10SM CLR 01/M06 A3005 RMK AO2 T00071065,,2.057776,0.7222222222222207,0.0
UNV,2024-04-21 04:35:00,-77.85,40.85,378.0,30.4,23.0,73.66,190.0,3.0,0.0,30.06,,10.0,,CLR,,,,,,,,,,,,,,,26.86,KUNV 210835Z AUTO 19003KT 10SM CLR M01/M05 A3006 RMK AO2 T10091050,,1.543332,-0.8888888888888897,0.0
UNV,2024-04-21 04:55:00,-77.85,40.85,378.0,31.0,22.3,69.8,0.0,0.0,0.0,30.06,,10.0,,CLR,,,,,,,,,,,,,,,31.0,KUNV 210855Z AUTO 00000KT 10SM CLR M01/M05 A3006 RMK AO2 T10061054,,0.0,-0.5555555555555556,0.0
UNV,2024-04-21 05:15:00,-77.85,40.85,378.0,30.0,22.5,73.31,190.0,3.0,0.0,30.06,,10.0,,CLR,,,,,,,,,,,,,,,26.4,KUNV 210915Z AUTO 19003KT 10SM CLR M01/M05 A3006 RMK AO2 T10111053,,1.543332,-1.1111111111111112,0.0
UNV,2024-04-21 05:35:00,-77.85,40.85,378.0,30.0,22.5,73.31,200.0,3.0,0.0,30.06,,10.0,,CLR,,,,,,,,,,,,,,,26.4,KUNV 210935Z AUTO 20003KT 10SM CLR M01/M05 A3006 RMK AO2 T10111053,,1.543332,-1.1111111111111112,0.0
UNV,2024-04-21 05:53:00,-77.85,40.85,378.0,30.2,23.0,74.26,200.0,3.0,0.0,30.06,,10.0,,CLR,,,,,,,,,,,,,,,26.63,KUNV 210953Z 20003KT 10SM CLR M01/M05 A3006,,1.543332,-1.0000000000000004,0.0
UNV,2024-04-21 06:53:00,-77.85,40.85,378.0,32.0,23.0,69.04,0.0,0.0,0.0,30.06,,10.0,,BKN,,,,5500.0,,,,,,,,,,,32.0,KUNV 211053Z 00000KT 10SM BKN055 00/M05 A3006,,0.0,0.0,6.0
UNV,2024-04-21 07:53:00,-77.85,40.85,378.0,32.0,24.8,74.44,0.0,0.0,0.0,30.06,,10.0,,BKN,,,,5500.0,,,,,,,,,,,32.0,KUNV 211153Z 00000KT 10SM BKN055 00/M04 A3006,,0.0,0.0,6.0
UNV,2024-04-21 08:53:00,-77.85,40.85,378.0,35.6,24.8,64.46,220.0,4.0,0.0,30.05,,10.0,,OVC,,,,5500.0,,,,,,,,,,,31.62,KUNV 211253Z 22004KT 10SM OVC055 02/M04 A3005,,2.057776,2.000000000000001,8.0
UNV,2024-04-21 09:53:00,-77.85,40.85,378.0,39.2,24.8,55.95,230.0,6.0,0.0,30.06,,10.0,,OVC,,,,5500.0,,,,,,,,,,,34.2,KUNV 211353Z 23006KT 10SM OVC055 04/M04 A3006,,3.086664,4.000000000000002,8.0
UNV,2024-04-21 10:53:00,-77.85,40.85,378.0,41.0,23.0,48.39,240.0,9.0,0.0,30.06,,10.0,,OVC,,,,5500.0,,,,,,,,,,,34.7,KUNV 211453Z 24009KT 10SM OVC055 05/M05 A3006,,4.629996,5.0,8.0
UNV,2024-04-21 11:53:00,-77.85,40.85,378.0,41.0,23.0,48.39,240.0,9.0,0.0,30.05,,10.0,,BKN,,,,4800.0,,,,,,,,,,,34.7,KUNV 211553Z 24009KT 10SM BKN048 05/M05 A3005,,4.629996,5.0,6.0
UNV,2024-04-21 12:53:00,-77.85,40.85,378.0,42.8,24.8,48.67,250.0,6.0,0.0,30.03,,10.0,,OVC,,,,5000.0,,,,,,,,,,,38.54,KUNV 211653Z 25006KT 10SM OVC050 06/M04 A3003,,3.086664,5.999999999999998,8.0
UNV,2024-04-21 13:53:00,-77.85,40.85,378.0,44.6,26.6,48.96,240.0,8.0,0.0,30.0,,10.0,14.0,OVC,,,,5000.0,,,,,,,,,,,39.63,KUNV 211753Z 24008G14KT 10SM OVC050 07/M03 A3000,,4.115552,7.000000000000001,8.0
UNV,2024-04-21 14:53:00,-77.85,40.85,378.0,44.6,24.8,45.44,290.0,10.0,0.0,30.0,,10.0,16.0,OVC,,,,5000.0,,,,,,,,,,,38.77,KUNV 211853Z 29010G16KT 10SM OVC050 07/M04 A3000,,5.14444,7.000000000000001,8.0
UNV,2024-04-21 15:53:00,-77.85,40.85,378.0,46.4,24.8,42.44,300.0,11.0,0.0,29.98,,10.0,17.0,BKN,OVC,,,5000.0,5500.0,,,,,,,,,,40.66,KUNV 211953Z 30011G17KT 10SM BKN050 OVC055 08/M04 A2998,,5.6588840000000005,8.0,8.0
UNV,2024-04-21 16:53:00,-77.85,40.85,378.0,46.4,24.8,42.44,300.0,11.0,0.0,29.97,,10.0,18.0,BKN,BKN,,,5000.0,5500.0,,,,,,,,,,40.66,KUNV 212053Z 30011G18KT 10SM BKN050 BKN055 08/M04 A2997,,5.6588840000000005,8.0,6.0
UNV,2024-04-21 17:53:00,-77.85,40.85,378.0,46.4,26.6,45.73,290.0,10.0,0.0,29.98,,10.0,17.0,BKN,BKN,,,5000.0,6000.0,,,,,,,,,,41.03,KUNV 212153Z 29010G17KT 10SM BKN050 BKN060 08/M03 A2998,,5.14444,8.0,6.0
UNV,2024-04-21 18:53:00,-77.85,40.85,378.0,46.4,24.8,42.44,300.0,10.0,0.0,29.98,,10.0,16.0,BKN,,,,6000.0,,,,,,,,,,,41.03,KUNV 212253Z 30010G16KT 10SM BKN060 08/M04 A2998,,5.14444,8.0,6.0
UNV,2024-04-21 19:53:00,-77.85,40.85,378.0,44.6,23.0,42.14,300.0,8.0,0.0,29.99,,10.0,,BKN,,,,6000.0,,,,,,,,,,,39.63,KUNV 212353Z 30008KT 10SM BKN060 07/M05 A2999,,4.115552,7.000000000000001,6.0
UNV,2024-04-21 20:53:00,-77.85,40.85,378.0,42.8,23.0,45.14,310.0,7.0,0.0,30.01,,10.0,,BKN,,,,6000.0,,,,,,,,,,,37.94,KUNV 220053Z 31007KT 10SM BKN060 06/M05 A3001,,3.601108,5.999999999999998,6.0
UNV,2024-04-21 21:53:00,-77.85,40.85,378.0,41.0,23.0,48.39,320.0,9.0,0.0,30.04,,10.0,,BKN,,,,6000.0,,,,,,,,,,,34.7,KUNV 220153Z 32009KT 10SM BKN060 05/M05 A3004,,4.629996,5.0,6.0
UNV,2024-04-21 22:15:00,-77.85,40.85,378.0,39.6,23.0,51.09,320.0,4.0,0.0,30.05,,10.0,,CLR,,,,,,,,,,,,,,,36.3,KUNV 220215Z AUTO 32004KT 10SM CLR 04/M05 A3005 RMK AO2 T00421050,,2.057776,4.222222222222223,0.0
UNV,2024-04-21 22:35:00,-77.85,40.85,378.0,39.4,22.5,50.42,320.0,7.0,0.0,30.05,,10.0,,CLR,,,,,,,,,,,,,,,33.8,KUNV 220235Z AUTO 32007KT 10SM CLR 04/M05 A3005 RMK AO2 T00411053,,3.601108,4.111111111111111,0.0
UNV,2024-04-21 22:55:00,-77.85,40.85,378.0,39.4,22.0,49.36,310.0,4.0,0.0,30.05,,10.0,,CLR,,,,,,,,,,,,,,,36.06,KUNV 220255Z AUTO 31004KT 10SM CLR 04/M05 A3005 RMK AO2 T00411055,,2.057776,4.111111111111111,0.0
UNV,2024-04-21 23:15:00,-77.85,40.85,378.0,39.2,22.0,49.75,300.0,6.0,0.0,30.05,,10.0,,CLR,,,,,,,,,,,,,,,34.2,KUNV 220315Z AUTO 30006KT 10SM CLR 04/M06 A3005 RMK AO2 LTG DSNT SE T00401056,,3.086664,4.000000000000002,0.0
UNV,2024-04-21 23:35:00,-77.85,40.85,378.0,39.2,22.0,49.75,300.0,4.0,0.0,30.05,,10.0,,CLR,,,,,,,,,,,,,,,35.83,KUNV 220335Z AUTO 30004KT 10SM CLR 04/M05 A3005 RMK AO2 T00401055,,2.057776,4.000000000000002,0.0
UNV,2024-04-21 23:55:00,-77.85,40.85,378.0,38.3,22.0,51.53,0.0,0.0,0.0,30.05,,10.0,,CLR,,,,,,,,,,,,,,,38.3,KUNV 220355Z AUTO 00000KT 10SM CLR 04/M05 A3005 RMK AO2 T00351055,,0.0,3.4999999999999982,0.0
UNV,2024-04-22 00:15:00,-77.85,40.85,378.0,37.6,22.5,54.1,290.0,3.0,0.0,30.06,,10.0,,CLR,,,,,,,,,,,,,,,35.09,KUNV 220415Z AUTO 29003KT 10SM CLR 03/M05 A3006 RMK AO2 T00311053,,1.543332,3.111111111111112,0.0
UNV,2024-04-22 00:35:00,-77.85,40.85,378.0,38.3,22.0,51.53,290.0,3.0,0.0,30.05,,10.0,,CLR,,,,,,,,,,,,,,,35.89,KUNV 220435Z AUTO 29003KT 10SM CLR 04/M05 A3005 RMK AO2 T00351055,,1.543332,3.4999999999999982,0.0
UNV,2024-04-22 00:55:00,-77.85,40.85,378.0,37.6,22.0,52.97,290.0,3.0,0.0,30.05,,10.0,,CLR,,,,,,,,,,,,,,,35.09,KUNV 220455Z AUTO 29003KT 10SM CLR 03/M05 A3005 RMK AO2 T00311055,,1.543332,3.111111111111112,0.0
UNV,2024-04-22 01:15:00,-77.85,40.85,378.0,37.4,22.0,53.39,0.0,0.0,0.0,30.05,,10.0,,CLR,,,,,,,,,,,,,,,37.4,KUNV 220515Z AUTO 00000KT 10SM CLR 03/M05 A3005 RMK AO2 T00301055,,0.0,2.999999999999999,0.0
UNV,2024-04-22 01:35:00,-77.85,40.85,378.0,37.0,22.0,54.23,290.0,3.0,0.0,30.05,,10.0,,CLR,,,,,,,,,,,,,,,34.4,KUNV 220535Z AUTO 29003KT 10SM CLR 03/M05 A3005 RMK AO2 T00271055,,1.543332,2.7777777777777777,0.0
UNV,2024-04-22 01:55:00,-77.85,40.85,378.0,36.5,22.3,56.02,290.0,4.0,0.0,30.04,,10.0,,CLR,,,,,,,,,,,,,,,32.68,KUNV 220555Z AUTO 29004KT 10SM CLR 03/M05 A3004 RMK AO2 T00251054 10062 20025,,2.057776,2.5,0.0
UNV,2024-04-22 02:15:00,-77.85,40.85,378.0,35.6,22.5,58.54,240.0,4.0,0.0,30.04,,10.0,,CLR,,,,,,,,,,,,,,,31.62,KUNV 220615Z AUTO 24004KT 10SM CLR 02/M05 A3004 RMK AO2 T00201053,,2.057776,2.000000000000001,0.0
UNV,2024-04-22 02:35:00,-77.85,40.85,378.0,33.8,23.0,64.23,240.0,6.0,0.0,30.04,,10.0,,CLR,,,,,,,,,,,,,,,27.7,KUNV 220635Z AUTO 24006KT 10SM CLR 01/M05 A3004 RMK AO2 T00101050,,3.086664,0.9999999999999984,0.0
UNV,2024-04-22 02:55:00,-77.85,40.85,378.0,34.7,23.0,61.96,260.0,3.0,0.0,30.04,,10.0,,CLR,,,,,,,,,,,,,,,31.78,KUNV 220655Z AUTO 26003KT 10SM CLR 02/M05 A3004 RMK AO2 T00151050,,1.543332,1.5000000000000016,0.0
UNV,2024-04-22 03:15:00,-77.85,40.85,378.0,33.0,23.0,66.32,250.0,3.0,0.0,30.04,,10.0,,CLR,,,,,,,,,,,,,,,29.83,KUNV 220715Z AUTO 25003KT 10SM CLR 01/M05 A3004 RMK AO2 T00051050,,1.543332,0.5555555555555556,0.0
UNV,2024-04-22 03:35:00,-77.85,40.85,378.0,31.6,23.5,71.65,220.0,4.0,0.0,30.04,,10.0,,CLR,,,,,,,,,,,,,,,26.95,KUNV 220735Z AUTO 22004KT 10SM CLR 00/M05 A3004 RMK AO2 T10021047,,2.057776,-0.22222222222222143,0.0
UNV,2024-04-22 03:55:00,-77.85,40.85,378.0,30.7,23.4,74.0,190.0,4.0,0.0,30.04,,10.0,,CLR,,,,,,,,,,,,,,,25.9,KUNV 220755Z AUTO 19004KT 10SM CLR M01/M05 A3004 RMK AO2 T10071048,,2.057776,-0.7222222222222227,0.0
UNV,2024-04-22 04:15:00,-77.85,40.85,378.0,31.0,23.4,73.11,200.0,3.0,0.0,30.05,,10.0,,CLR,,,,,,,,,,,,,,,27.55,KUNV 220815Z AUTO 20003KT 10SM CLR M01/M05 A3005 RMK AO2 T10061048,,1.543332,-0.5555555555555556,0.0
UNV,2024-04-22 04:35:00,-77.85,40.85,378.0,32.0,23.0,69.04,220.0,4.0,0.0,30.05,,10.0,,CLR,,,,,,,,,,,,,,,27.42,KUNV 220835Z AUTO 22004KT 10SM CLR 00/M05 A3005 RMK AO2 T10011049,,2.057776,0.0,0.0
UNV,2024-04-22 04:55:00,-77.85,40.85,378.0,31.6,23.0,70.17,230.0,6.0,0.0,30.06,,10.0,,CLR,,,,,,,,,,,,,,,25.05,KUNV 220855Z AUTO 23006KT 10SM CLR 00/M05 A3006 RMK AO2 T10021050,,3.086664,-0.22222222222222143,0.0
UNV,2024-04-22 05:15:00,-77.85,40.85,378.0,32.0,23.0,69.04,250.0,6.0,0.0,30.06,,10.0,,CLR,,,,,,,,,,,,,,,25.53,KUNV 220915Z AUTO 25006KT 10SM CLR 00/M05 A3006 RMK AO2 T00011049,,3.086664,0.0,0.0
UNV,2024-04-22 05:35:00,-77.85,40.85,378.0,32.4,23.4,69.09,0.0,0.0,0.0,30.06,,10.0,,CLR,,,,,,,,,,,,,,,32.4,KUNV 220935Z AUTO 00000KT 10SM CLR 00/M05 A3006 RMK AO2 T00021048,,0.0,0.22222222222222143,0.0
UNV,2024-04-22 05:53:00,-77.85,40.85,378.0,32.0,23.0,69.04,0.0,0.0,0.0,30.07,,10.0,,CLR,,,,,,,,,,,,,,,32.0,KUNV 220953Z 00000KT 10SM CLR 00/M05 A3007,,0.0,0.0,0.0
UNV,2024-04-22 06:53:00,-77.85,40.85,378.0,33.8,24.8,69.25,0.0,0.0,0.0,30.08,,10.0,,CLR,,,,,,,,,,,,,,,33.8,KUNV 221053Z 00000KT 10SM CLR 01/M04 A3008,,0.0,0.9999999999999984,0.0
UNV,2024-04-22 07:53:00,-77.85,40.85,378.0,37.4,24.8,60.04,0.0,0.0,0.0,30.09,,10.0,,CLR,,,,,,,,,,,,,,,37.4,KUNV 221153Z 00000KT 10SM CLR 03/M04 A3009,,0.0,2.999999999999999,0.0
UNV,2024-04-22 08:53:00,-77.85,40.85,378.0,42.8,28.4,56.48,280.0,6.0,0.0,30.1,,10.0,11.0,CLR,,,,,,,,,,,,,,,38.54,KUNV 221253Z 28006G11KT 10SM CLR 06/M02 A3010,,3.086664,5.999999999999998,0.0
UNV,2024-04-22 09:53:00,-77.85,40.85,378.0,48.2,30.2,49.53,260.0,7.0,0.0,30.11,,10.0,,CLR,,,,,,,,,,,,,,,44.53,KUNV 221353Z 26007KT 10SM CLR 09/M01 A3011,,3.601108,9.000000000000002,0.0
UNV,2024-04-22 10:53:00,-77.85,40.85,378.0,50.0,28.4,43.03,270.0,10.0,0.0,30.11,,10.0,,FEW,,,,4500.0,,,,,,,,,,,50.0,KUNV 221453Z 27010KT 10SM FEW045 10/M02 A3011,,5.14444,10.0,2.0
UNV,2024-04-22 11:53:00,-77.85,40.85,378.0,53.6,23.0,30.11,330.0,7.0,0.0,30.11,,10.0,18.0,CLR,,,,,,,,,,,,,,,53.6,KUNV 221553Z 33007G18KT 300V010 10SM CLR 12/M05 A3011,,3.601108,12.0,0.0
UNV,2024-04-22 12:53:00,-77.85,40.85,378.0,55.4,23.0,28.2,300.0,14.0,0.0,30.1,,10.0,20.0,FEW,,,,6500.0,,,,,,,,,,,55.4,KUNV 221653Z 30014G20KT 10SM FEW065 13/M05 A3010,,7.202216,13.0,2.0
UNV,2024-04-22 13:53:00,-77.85,40.85,378.0,57.2,23.0,26.42,330.0,10.0,0.0,30.09,,10.0,,FEW,,,,6500.0,,,,,,,,,,,57.2,KUNV 221753Z 33010KT 300V360 10SM FEW065 14/M05 A3009,,5.14444,14.000000000000002,2.0
UNV,2024-04-22 14:53:00,-77.85,40.85,378.0,57.2,21.2,24.49,320.0,9.0,0.0,30.07,,10.0,,FEW,,,,7500.0,,,,,,,,,,,57.2,KUNV 221853Z 32009KT 300V360 10SM FEW075 14/M06 A3007,,4.629996,14.000000000000002,2.0
UNV,2024-04-22 15:53:00,-77.85,40.85,378.0,59.0,21.2,22.95,330.0,10.0,0.0,30.05,,10.0,16.0,FEW,,,,7500.0,,,,,,,,,,,59.0,KUNV 221953Z 33010G16KT 270V030 10SM FEW075 15/M06 A3005,,5.14444,15.0,2.0
UNV,2024-04-22 16:53:00,-77.85,40.85,378.0,60.8,23.0,23.23,300.0,11.0,0.0,30.04,,10.0,20.0,FEW,,,,7500.0,,,,,,,,,,,60.8,KUNV 222053Z 30011G20KT 10SM FEW075 16/M05 A3004,,5.6588840000000005,16.0,2.0
UNV,2024-04-22 17:53:00,-77.85,40.85,378.0,59.0,21.2,22.95,310.0,8.0,0.0,30.05,,10.0,15.0,FEW,,,,7500.0,,,,,,,,,,,59.0,KUNV 222153Z 31008G15KT 10SM FEW075 15/M06 A3005,,4.115552,15.0,2.0
UNV,2024-04-22 18:53:00,-77.85,40.85,378.0,59.0,21.2,22.95,290.0,8.0,0.0,30.05,,10.0,,FEW,,,,7500.0,,,,,,,,,,,59.0,KUNV 222253Z 29008KT 10SM FEW075 15/M06 A3005,,4.115552,15.0,2.0
UNV,2024-04-22 19:53:00,-77.85,40.85,378.0,55.4,23.0,28.2,280.0,5.0,0.0,30.05,,10.0,,CLR,,,,,,,,,,,,,,,55.4,KUNV 222353Z 28005KT 10SM CLR 13/M05 A3005,,2.57222,13.0,0.0
UNV,2024-04-22 20:53:00,-77.85,40.85,378.0,51.8,24.8,34.69,270.0,5.0,0.0,30.07,,10.0,,CLR,,,,,,,,,,,,,,,51.8,KUNV 230053Z 27005KT 10SM CLR 11/M04 A3007,,2.57222,10.999999999999998,0.0
UNV,2024-04-22 21:53:00,-77.85,40.85,378.0,51.8,23.0,32.17,250.0,5.0,0.0,30.1,,10.0,,CLR,,,,,,,,,,,,,,,51.8,KUNV 230153Z 25005KT 10SM CLR 11/M05 A3010,,2.57222,10.999999999999998,0.0
UNV,2024-04-22 22:15:00,-77.85,40.85,378.0,48.4,24.6,39.03,0.0,0.0,0.0,30.1,,10.0,,CLR,,,,,,,,,,,,,,,48.4,KUNV 230215Z AUTO 00000KT 10SM CLR 09/M04 A3010 RMK AO2 T00911041,,0.0,9.11111111111111,0.0
UNV,2024-04-22 22:35:00,-77.85,40.85,378.0,47.0,24.8,41.49,180.0,3.0,0.0,30.1,,10.0,,CLR,,,,,,,,,,,,,,,45.84,KUNV 230235Z AUTO 18003KT 10SM CLR 08/M04 A3010 RMK AO2 T00841040,,1.543332,8.333333333333334,0.0
UNV,2024-04-22 22:55:00,-77.85,40.85,378.0,46.2,25.5,44.02,190.0,3.0,0.0,30.1,,10.0,,CLR,,,,,,,,,,,,,,,44.92,KUNV 230255Z AUTO 19003KT 10SM CLR 08/M04 A3010 RMK AO2 T00791036,,1.543332,7.88888888888889,0.0
UNV,2024-04-22 23:15:00,-77.85,40.85,378.0,45.5,25.7,45.58,190.0,3.0,0.0,30.1,,10.0,,CLR,,,,,,,,,,,,,,,44.12,KUNV 230315Z AUTO 19003KT 10SM CLR 08/M03 A3010 RMK AO2 T00751035,,1.543332,7.5,0.0
UNV,2024-04-22 23:35:00,-77.85,40.85,378.0,46.6,24.8,42.12,0.0,0.0,0.0,30.1,,10.0,,CLR,,,,,,,,,,,,,,,46.6,KUNV 230335Z AUTO 00000KT 10SM CLR 08/M04 A3010 RMK AO2 T00811040,,0.0,8.11111111111111,0.0
UNV,2024-04-22 23:55:00,-77.85,40.85,378.0,45.7,25.0,43.94,0.0,0.0,0.0,30.1,,10.0,,CLR,,,,,,,,,,,,,,,45.7,KUNV 230355Z AUTO 00000KT 10SM CLR 08/M04 A3010 RMK AO2 T00761038,,0.0,7.6111111111111125,0.0
UNV,2024-04-23 00:15:00,-77.85,40.85,378.0,44.8,25.3,46.04,0.0,0.0,0.0,30.1,,10.0,,CLR,,,,,,,,,,,,,,,44.8,KUNV 230415Z AUTO 00000KT 10SM CLR 07/M04 A3010 RMK AO2 T00711037,,0.0,7.11111111111111,0.0
UNV,2024-04-23 00:35:00,-77.85,40.85,378.0,46.0,25.0,43.44,0.0,0.0,0.0,30.1,,10.0,,CLR,,,,,,,,,,,,,,,46.0,KUNV 230435Z AUTO 00000KT 10SM CLR 08/M04 A3010 RMK AO2 T00771038,,0.0,7.777777777777778,0.0
UNV,2024-04-23 00:55:00,-77.85,40.85,378.0,46.4,25.0,42.79,0.0,0.0,0.0,30.1,,10.0,,CLR,,,,,,,,,,,,,,,46.4,KUNV 230455Z AUTO 00000KT 10SM CLR 08/M04 A3010 RMK AO2 T00801039,,0.0,8.0,0.0
UNV,2024-04-23 01:15:00,-77.85,40.85,378.0,44.8,25.5,46.42,190.0,3.0,0.0,30.1,,10.0,,CLR,,,,,,,,,,,,,,,43.32,KUNV 230515Z AUTO 19003KT 10SM CLR 07/M04 A3010 RMK AO2 T00711036,,1.543332,7.11111111111111,0.0
UNV,2024-04-23 01:35:00,-77.85,40.85,378.0,45.0,25.7,46.46,0.0,0.0,0.0,30.1,,10.0,,CLR,,,,,,,,,,,,,,,45.0,KUNV 230535Z AUTO 00000KT 10SM CLR 07/M03 A3010 RMK AO2 T00731035,,0.0,7.222222222222222,0.0
UNV,2024-04-23 01:55:00,-77.85,40.85,378.0,43.3,26.0,50.19,260.0,3.0,0.0,30.09,,10.0,,CLR,,,,,,,,,,,,,,,41.61,KUNV 230555Z AUTO 26003KT 10SM CLR 06/M03 A3009 RMK AO2 T00631033 10126 20063,,1.543332,6.277777777777776,0.0
UNV,2024-04-23 02:15:00,-77.85,40.85,378.0,43.5,26.0,49.81,0.0,0.0,0.0,30.08,,10.0,,CLR,,,,,,,,,,,,,,,43.5,KUNV 230615Z AUTO 00000KT 10SM CLR 06/M03 A3008 RMK AO2 T00641034,,0.0,6.388888888888889,0.0
UNV,2024-04-23 02:35:00,-77.85,40.85,378.0,42.6,26.0,51.56,0.0,0.0,0.0,30.08,,10.0,,CLR,,,,,,,,,,,,,,,42.6,KUNV 230635Z AUTO 00000KT 10SM CLR 06/M03 A3008 RMK AO2 T00591034,,0.0,5.888888888888889,0.0
UNV,2024-04-23 02:55:00,-77.85,40.85,378.0,42.8,25.3,49.7,0.0,0.0,0.0,30.08,,10.0,,CLR,,,,,,,,,,,,,,,42.8,KUNV 230655Z AUTO 00000KT 10SM CLR 06/M04 A3008 RMK AO2 T00601037,,0.0,5.999999999999998,0.0
UNV,2024-04-23 03:15:00,-77.85,40.85,378.0,41.0,25.5,53.71,0.0,0.0,0.0,30.08,,10.0,,CLR,,,,,,,,,,,,,,,41.0,KUNV 230715Z AUTO 00000KT 10SM CLR 05/M04 A3008 RMK AO2 T00501036,,0.0,5.0,0.0
UNV,2024-04-23 03:35:00,-77.85,40.85,378.0,39.2,27.0,61.29,0.0,0.0,0.0,30.09,,10.0,,CLR,,,,,,,,,,,,,,,39.2,KUNV 230735Z AUTO 00000KT 10SM CLR 04/M03 A3009 RMK AO2 T00401027,,0.0,4.000000000000002,0.0
UNV,2024-04-23 03:55:00,-77.85,40.85,378.0,39.0,27.3,62.54,0.0,0.0,0.0,30.09,,10.0,,CLR,,,,,,,,,,,,,,,39.0,KUNV 230755Z AUTO 00000KT 10SM CLR 04/M03 A3009 RMK AO2 T00391026,,0.0,3.888888888888889,0.0
UNV,2024-04-23 04:15:00,-77.85,40.85,378.0,40.0,27.5,60.65,0.0,0.0,0.0,30.09,,10.0,,CLR,,,,,,,,,,,,,,,40.0,KUNV 230815Z AUTO 00000KT 10SM CLR 05/M02 A3009 RMK AO2 T00451025,,0.0,4.444444444444445,0.0
UNV,2024-04-23 04:35:00,-77.85,40.85,378.0,38.7,27.3,63.28,0.0,0.0,0.0,30.1,,10.0,,CLR,,,,,,,,,,,,,,,38.7,KUNV 230835Z AUTO 00000KT 10SM CLR 04/M03 A3010 RMK AO2 T00371026,,0.0,3.7222222222222237,0.0
UNV,2024-04-23 04:55:00,-77.85,40.85,378.0,37.6,27.5,66.62,0.0,0.0,0.0,30.1,,10.0,,CLR,,,,,,,,,,,,,,,37.6,KUNV 230855Z AUTO 00000KT 10SM CLR 03/M02 A3010 RMK AO2 T00311025,,0.0,3.111111111111112,0.0
UNV,2024-04-23 05:15:00,-77.85,40.85,378.0,35.6,27.5,72.09,0.0,0.0,0.0,30.1,,10.0,,CLR,,,,,,,,,,,,,,,35.6,KUNV 230915Z AUTO 00000KT 10SM CLR 02/M02 A3010 RMK AO2 T00201025,,0.0,2.000000000000001,0.0
UNV,2024-04-23 05:35:00,-77.85,40.85,378.0,37.4,27.0,65.77,0.0,0.0,0.0,30.1,,10.0,,CLR,,,,,,,,,,,,,,,37.4,KUNV 230935Z AUTO 00000KT 10SM CLR 03/M03 A3010 RMK AO2 T00301028,,0.0,2.999999999999999,0.0
UNV,2024-04-23 05:53:00,-77.85,40.85,378.0,35.6,26.6,69.46,0.0,0.0,0.0,30.1,,10.0,,CLR,,,,,,,,,,,,,,,35.6,KUNV 230953Z 00000KT 10SM CLR 02/M03 A3010,,0.0,2.000000000000001,0.0
UNV,2024-04-23 06:53:00,-77.85,40.85,378.0,37.4,26.6,64.7,0.0,0.0,0.0,30.12,,10.0,,CLR,,,,,,,,,,,,,,,37.4,KUNV 231053Z 00000KT 10SM CLR 03/M03 A3012,,0.0,2.999999999999999,0.0
UNV,2024-04-23 07:53:00,-77.85,40.85,378.0,39.2,30.2,69.88,0.0,0.0,0.0,30.12,,10.0,,CLR,,,,,,,,,,,,,,,39.2,KUNV 231153Z 00000KT 10SM CLR 04/M01 A3012,,0.0,4.000000000000002,0.0
UNV,2024-04-23 08:53:00,-77.85,40.85,378.0,46.4,32.0,57.0,0.0,0.0,0.0,30.12,,10.0,,CLR,,,,,,,,,,,,,,,46.4,KUNV 231253Z 00000KT 10SM CLR 08/00 A3012,,0.0,8.0,0.0
UNV,2024-04-23 09:53:00,-77.85,40.85,378.0,53.6,32.0,43.61,210.0,5.0,0.0,30.1,,10.0,,CLR,,,,,,,,,,,,,,,53.6,KUNV 231353Z 21005KT 10SM CLR 12/00 A3010,,2.57222,12.0,0.0
UNV,2024-04-23 10:53:00,-77.85,40.85,378.0,59.0,30.2,33.35,220.0,14.0,0.0,30.07,,10.0,19.0,CLR,,,,,,,,,,,,,,,59.0,KUNV 231453Z 22014G19KT 10SM CLR 15/M01 A3007,,7.202216,15.0,0.0
UNV,2024-04-23 11:53:00,-77.85,40.85,378.0,60.8,30.2,31.28,210.0,10.0,0.0,30.03,,10.0,16.0,CLR,,,,,,,,,,,,,,,60.8,KUNV 231553Z 21010G16KT 10SM CLR 16/M01 A3003,,5.14444,16.0,0.0
UNV,2024-04-23 12:53:00,-77.85,40.85,378.0,62.6,28.4,27.27,190.0,11.0,0.0,29.99,,10.0,18.0,CLR,,,,,,,,,,,,,,,62.6,KUNV 231653Z 19011G18KT 10SM CLR 17/M02 A2999,,5.6588840000000005,17.0,0.0
UNV,2024-04-23 13:53:00,-77.85,40.85,378.0,64.4,28.4,25.6,220.0,11.0,0.0,29.98,,10.0,20.0,CLR,,,,,,,,,,,,,,,64.4,KUNV 231753Z 22011G20KT 10SM CLR 18/M02 A2998,,5.6588840000000005,18.000000000000004,0.0
UNV,2024-04-23 14:53:00,-77.85,40.85,378.0,64.4,28.4,25.6,210.0,10.0,0.0,29.94,,10.0,17.0,CLR,,,,,,,,,,,,,,,64.4,KUNV 231853Z 21010G17KT 10SM CLR 18/M02 A2994,,5.14444,18.000000000000004,0.0
UNV,2024-04-23 15:53:00,-77.85,40.85,378.0,68.0,30.2,24.32,190.0,9.0,0.0,29.89,,10.0,14.0,CLR,,,,,,,,,,,,,,,68.0,KUNV 231953Z 19009G14KT 150V220 10SM CLR 20/M01 A2989,,4.629996,20.0,0.0
UNV,2024-04-23 16:53:00,-77.85,40.85,378.0,66.2,28.4,24.04,240.0,11.0,0.0,29.88,,10.0,,CLR,,,,,,,,,,,,,,,66.2,KUNV 232053Z 24011KT 10SM CLR 19/M02 A2988,,5.6588840000000005,19.0,0.0
UNV,2024-04-23 17:53:00,-77.85,40.85,378.0,66.2,28.4,24.04,220.0,11.0,0.0,29.87,,10.0,15.0,CLR,,,,,,,,,,,,,,,66.2,KUNV 232153Z 22011G15KT 10SM CLR 19/M02 A2987,,5.6588840000000005,19.0,0.0
UNV,2024-04-23 18:53:00,-77.85,40.85,378.0,64.4,28.4,25.6,270.0,7.0,0.0,29.86,,10.0,,CLR,,,,,,,,,,,,,,,64.4,KUNV 232253Z 27007KT 10SM CLR 18/M02 A2986,,3.601108,18.000000000000004,0.0
UNV,2024-04-23 19:53:00,-77.85,40.85,378.0,62.6,26.6,25.32,270.0,5.0,0.0,29.86,,10.0,,CLR,,,,,,,,,,,,,,,62.6,KUNV 232353Z 27005KT 10SM CLR 17/M03 A2986,,2.57222,17.0,0.0
UNV,2024-04-23 20:53:00,-77.85,40.85,378.0,60.8,28.4,29.06,0.0,0.0,0.0,29.88,,10.0,,CLR,,,,,,,,,,,,,,,60.8,KUNV 240053Z 00000KT 10SM CLR 16/M02 A2988,,0.0,16.0,0.0
UNV,2024-04-23 21:53:00,-77.85,40.85,378.0,60.8,28.4,29.06,0.0,0.0,0.0,29.87,,10.0,,CLR,,,,,,,,,,,,,,,60.8,KUNV 240153Z 00000KT 10SM CLR 16/M02 A2987,,0.0,16.0,0.0
UNV,2024-04-23 22:15:00,-77.85,40.85,378.0,58.0,32.0,37.18,320.0,3.0,0.0,29.86,,10.0,,CLR,,,,,,,,,,,,,,,58.0,KUNV 240215Z AUTO 32003KT 10SM CLR 14/00 A2986 RMK AO2 T01440001,,1.543332,14.444444444444445,0.0
UNV,2024-04-23 22:35:00,-77.85,40.85,378.0,57.4,31.0,36.48,0.0,0.0,0.0,29.86,,7.0,,CLR,,,,,,,,,,,,,,,57.4,KUNV 240235Z AUTO 00000KT 7SM CLR 14/M01 A2986 RMK AO2 LTG DSNT W T01411006,,0.0,14.11111111111111,0.0
UNV,2024-04-23 22:55:00,-77.85,40.85,378.0,58.0,31.0,35.7,0.0,0.0,0.0,29.85,,10.0,,CLR,,,,,,,,,,,,,,,58.0,KUNV 240255Z AUTO 00000KT 10SM CLR 15/00 A2985 RMK AO2 T01451005,,0.0,14.444444444444445,0.0
UNV,2024-04-23 23:15:00,-77.85,40.85,378.0,56.0,33.6,42.61,0.0,0.0,0.0,29.83,,7.0,,CLR,,,,,,,,,,,,,,,56.0,KUNV 240315Z AUTO 00000KT 7SM CLR 13/01 A2983 RMK AO2 T01340009,,0.0,13.333333333333334,0.0
UNV,2024-04-23 23:35:00,-77.85,40.85,378.0,56.0,32.0,39.96,290.0,3.0,0.0,29.83,,7.0,,CLR,,,,,,,,,,,,,,,56.0,KUNV 240335Z AUTO 29003KT 7SM CLR 13/00 A2983 RMK AO2 T01340000,,1.543332,13.333333333333334,0.0
UNV,2024-04-23 23:55:00,-77.85,40.85,378.0,57.2,30.2,35.57,280.0,6.0,0.0,29.84,,10.0,,CLR,,,,,,,,,,,,,,,57.2,KUNV 240355Z AUTO 28006KT 10SM CLR 14/M01 A2984 RMK AO2 T01401010,,3.086664,14.000000000000002,0.0
UNV,2024-04-24 00:15:00,-77.85,40.85,378.0,57.6,30.6,35.64,290.0,5.0,0.0,29.84,,10.0,,CLR,,,,,,,,,,,,,,,57.6,KUNV 240415Z AUTO 29005KT 10SM CLR 14/M01 A2984 RMK AO2 T01421008,,2.57222,14.222222222222221,0.0
UNV,2024-04-24 00:35:00,-77.85,40.85,378.0,57.7,32.0,37.58,300.0,12.0,0.0,29.85,,10.0,22.0,CLR,,,,,,,,,,,,,,,57.7,KUNV 240435Z AUTO 30012G22KT 10SM CLR 14/00 A2985 RMK AO2 T01430000,,6.173328,14.277777777777779,0.0
UNV,2024-04-24 00:55:00,-77.85,40.85,378.0,56.3,34.5,43.69,270.0,10.0,0.0,29.86,,10.0,14.0,SCT,,,,9000.0,,,,,,,,,,,56.3,KUNV 240455Z AUTO 27010G14KT 10SM SCT090 14/01 A2986 RMK AO2 T01350014,,5.14444,13.499999999999998,4.0
UNV,2024-04-24 01:15:00,-77.85,40.85,378.0,55.6,36.3,48.14,250.0,9.0,0.0,29.87,,10.0,14.0,SCT,,,,8000.0,,,,,,,,,,,55.6,KUNV 240515Z AUTO 25009G14KT 10SM SCT080 13/02 A2987 RMK AO2 T01310024,,4.629996,13.11111111111111,4.0
UNV,2024-04-24 01:35:00,-77.85,40.85,378.0,55.4,37.2,50.24,260.0,11.0,0.0,29.86,,10.0,14.0,SCT,,,,8000.0,,,,,,,,,,,55.4,KUNV 240535Z AUTO 26011G14KT 10SM SCT080 13/03 A2986 RMK AO2 T01300029,,5.6588840000000005,13.0,4.0
UNV,2024-04-24 01:55:00,-77.85,40.85,378.0,54.7,37.4,51.94,240.0,8.0,0.0,29.85,,10.0,,SCT,SCT,,,7500.0,9000.0,,,,,,,,,,54.7,KUNV 240555Z AUTO 24008KT 10SM SCT075 SCT090 13/03 A2985 RMK AO2 T01260030 10167 20123,,4.115552,12.611111111111112,4.0
UNV,2024-04-24 02:15:00,-77.85,40.85,378.0,54.5,37.8,53.15,240.0,8.0,0.0,29.84,,10.0,,SCT,,,,7500.0,,,,,,,,,,,54.5,KUNV 240615Z AUTO 24008KT 10SM SCT075 13/03 A2984 RMK AO2 T01250032,,4.115552,12.5,4.0
UNV,2024-04-24 02:35:00,-77.85,40.85,378.0,53.8,38.3,55.61,240.0,6.0,0.0,29.83,,10.0,,CLR,,,,,,,,,,,,,,,53.8,KUNV 240635Z AUTO 24006KT 10SM CLR 12/04 A2983 RMK AO2 T01210035,,3.086664,12.111111111111109,0.0
UNV,2024-04-24 02:55:00,-77.85,40.85,378.0,53.6,38.3,56.02,240.0,6.0,0.0,29.83,,10.0,,SCT,,,,6500.0,,,,,,,,,,,53.6,KUNV 240655Z AUTO 24006KT 10SM SCT065 12/04 A2983 RMK AO2 T01200035,,3.086664,12.0,4.0
UNV,2024-04-24 03:15:00,-77.85,40.85,378.0,54.5,38.0,53.57,230.0,12.0,0.0,29.82,,10.0,16.0,SCT,SCT,,,5500.0,6500.0,,,,,,,,,,54.5,KUNV 240715Z AUTO 23012G16KT 10SM SCT055 SCT065 13/03 A2982 RMK AO2 T01250034,,6.173328,12.5,4.0
UNV,2024-04-24 03:35:00,-77.85,40.85,378.0,54.0,38.3,55.2,250.0,6.0,0.0,29.82,,10.0,,SCT,BKN,,,4900.0,5500.0,,,,,,,,,,54.0,KUNV 240735Z AUTO 25006KT 10SM SCT049 BKN055 12/04 A2982 RMK AO2 T01230035,,3.086664,12.222222222222221,6.0
UNV,2024-04-24 03:55:00,-77.85,40.85,378.0,53.0,38.3,57.26,240.0,8.0,0.0,29.83,,10.0,,SCT,SCT,,,4700.0,5500.0,,,,,,,,,,53.0,KUNV 240755Z AUTO 24008KT 10SM SCT047 SCT055 12/04 A2983 RMK AO2 T01160035,,4.115552,11.666666666666666,4.0
UNV,2024-04-24 04:15:00,-77.85,40.85,378.0,52.7,40.0,61.87,250.0,9.0,0.0,29.83,,10.0,,SCT,SCT,BKN,,1100.0,2300.0,3900.0,,-RA,,,,,,,52.7,KUNV 240815Z AUTO 25009KT 10SM -RA SCT011 SCT023 BKN039 12/05 A2983 RMK AO2 T01150045,,4.629996,11.500000000000002,6.0
UNV,2024-04-24 04:35:00,-77.85,40.85,378.0,53.0,41.0,63.61,280.0,6.0,0.0,29.84,,10.0,,SCT,SCT,BKN,,900.0,1500.0,3700.0,,RA,,,,,,,53.0,KUNV 240835Z AUTO 28006KT 10SM RA SCT009 SCT015 BKN037 12/05 A2984 RMK AO2 T01170051,,3.086664,11.666666666666666,6.0
UNV,2024-04-24 04:55:00,-77.85,40.85,378.0,51.0,43.5,75.4,250.0,12.0,0.0,29.85,,10.0,,SCT,BKN,OVC,,1000.0,1500.0,3600.0,,-RA,,,,,,,51.0,KUNV 240855Z AUTO 25012KT 10SM -RA SCT010 BKN015 OVC036 11/06 A2985 RMK AO2 T01060064,,6.173328,10.555555555555555,8.0
UNV,2024-04-24 05:15:00,-77.85,40.85,378.0,51.0,43.7,75.98,250.0,8.0,0.0,29.84,,10.0,,SCT,SCT,BKN,,1200.0,2000.0,3400.0,,,,,,,,,51.0,KUNV 240915Z AUTO 25008KT 10SM SCT012 SCT020 BKN034 11/07 A2984 RMK AO2 T01050065,,4.115552,10.555555555555555,6.0
UNV,2024-04-24 05:35:00,-77.85,40.85,378.0,51.0,43.3,74.82,260.0,8.0,0.0,29.84,,10.0,,SCT,SCT,,,3700.0,6500.0,,,,,,,,,,51.0,KUNV 240935Z AUTO 26008KT 10SM SCT037 SCT065 11/06 A2984 RMK AO2 T01050063,,4.115552,10.555555555555555,4.0
UNV,2024-04-24 05:53:00,-77.85,40.85,378.0,51.8,42.8,71.26,280.0,8.0,0.0,29.84,,10.0,,SCT,,,,3900.0,,,,,,,,,,,51.8,KUNV 240953Z 28008KT 10SM SCT039 11/06 A2984,,4.115552,10.999999999999998,4.0
UNV,2024-04-24 06:53:00,-77.85,40.85,378.0,50.0,42.8,76.18,280.0,10.0,0.0,29.86,,10.0,,SCT,SCT,,,3500.0,4500.0,,,,,,,,,,50.0,KUNV 241053Z 28010KT 10SM SCT035 SCT045 10/06 A2986,,5.14444,10.0,4.0
UNV,2024-04-24 07:53:00,-77.85,40.85,378.0,51.8,42.8,71.26,200.0,5.0,0.0,29.88,,10.0,,SCT,,,,3800.0,,,,,,,,,,,51.8,KUNV 241153Z 20005KT 10SM SCT038 11/06 A2988,,2.57222,10.999999999999998,4.0
UNV,2024-04-24 08:53:00,-77.85,40.85,378.0,51.8,42.8,71.26,270.0,5.0,0.0,29.89,,10.0,,BKN,BKN,,,3000.0,4500.0,,,,,,,,,,51.8,KUNV 241253Z 27005KT 10SM BKN030 BKN045 11/06 A2989,,2.57222,10.999999999999998,6.0
UNV,2024-04-24 09:53:00,-77.85,40.85,378.0,53.6,41.0,62.23,330.0,5.0,0.0,29.89,,10.0,,BKN,BKN,,,2800.0,3700.0,,,,,,,,,,53.6,KUNV 241353Z 33005KT 10SM BKN028 BKN037 12/05 A2989,,2.57222,12.0,6.0
UNV,2024-04-24 10:05:00,-77.85,40.85,378.0,50.0,42.8,76.18,280.0,9.0,0.0,29.91,,,,BKN,BKN,,,1400.0,2900.0,,,-RA,,,,,,,50.0,KUNV 241405Z 28009KT 7 SM -RA BKN014 BKN029 10/06 A2991 RMK VIS SE THRU SW 2 1/2,,4.629996,10.0,6.0
UNV,2024-04-24 10:53:00,-77.85,40.85,378.0,50.0,46.4,87.37,240.0,8.0,0.0,29.92,,10.0,,SCT,SCT,,,1000.0,3900.0,,,VCSH,,,,,,,50.0,KUNV 241453Z 24008KT 10SM VCSH SCT010 SCT039 10/08 A2992,,4.115552,10.0,4.0
UNV,2024-04-24 11:53:00,-77.85,40.85,378.0,53.6,44.6,71.45,300.0,4.0,0.0,29.94,,10.0,,SCT,SCT,BKN,,800.0,2000.0,2500.0,,VCSH,,,,,,,53.6,KUNV 241553Z 30004KT 10SM VCSH SCT008 SCT020 BKN025 12/07 A2994,,2.057776,12.0,6.0
UNV,2024-04-24 12:53:00,-77.85,40.85,378.0,57.2,42.8,58.52,290.0,12.0,0.0,29.95,,10.0,18.0,SCT,BKN,,,3400.0,3900.0,,,VCSH,,,,,,,57.2,KUNV 241653Z 29012G18KT 10SM VCSH SCT034 BKN039 14/06 A2995,,6.173328,14.000000000000002,6.0
UNV,2024-04-24 13:53:00,-77.85,40.85,378.0,60.8,42.8,51.45,300.0,10.0,0.0,29.95,,10.0,15.0,BKN,,,,3600.0,,,,-RA,,,,,,,60.8,KUNV 241753Z 30010G15KT 10SM -RA BKN036 16/06 A2995,,5.14444,16.0,6.0
UNV,2024-04-24 14:53:00,-77.85,40.85,378.0,60.8,44.6,55.12,280.0,13.0,0.0,29.96,,10.0,18.0,BKN,,,,4500.0,,,,,,,,,,,60.8,KUNV 241853Z 28013G18KT 10SM BKN045 16/07 A2996,,6.687772,16.0,6.0
UNV,2024-04-24 15:53:00,-77.85,40.85,378.0,60.8,37.4,41.71,330.0,13.0,0.0,29.97,,10.0,19.0,BKN,BKN,,,4500.0,5000.0,,,,,,,,,,60.8,KUNV 241953Z 33013G19KT 10SM BKN045 BKN050 16/03 A2997,,6.687772,16.0,6.0
UNV,2024-04-24 16:53:00,-77.85,40.85,378.0,59.0,37.4,44.47,300.0,14.0,0.0,29.98,,10.0,19.0,BKN,BKN,,,4000.0,4500.0,,,,,,,,,,59.0,KUNV 242053Z 30014G19KT 10SM BKN040 BKN045 15/03 A2998,,7.202216,15.0,6.0
UNV,2024-04-24 17:53:00,-77.85,40.85,378.0,59.0,37.4,44.47,330.0,7.0,0.0,30.01,,10.0,15.0,BKN,BKN,,,4000.0,4500.0,,,,,,,,,,59.0,KUNV 242153Z 33007G15KT 10SM BKN040 BKN045 15/03 A3001,,3.601108,15.0,6.0
UNV,2024-04-24 18:53:00,-77.85,40.85,378.0,57.2,37.4,47.44,320.0,10.0,0.0,30.03,,10.0,,BKN,BKN,,,4800.0,6000.0,,,,,,,,,,57.2,KUNV 242253Z 32010KT 10SM BKN048 BKN060 14/03 A3003,,5.14444,14.000000000000002,6.0
UNV,2024-04-24 19:53:00,-77.85,40.85,378.0,55.4,39.2,54.34,330.0,10.0,0.0,30.06,,10.0,17.0,BKN,BKN,,,4000.0,5000.0,,,,,,,,,,55.4,KUNV 242353Z 33010G17KT 10SM BKN040 BKN050 13/04 A3006,,5.14444,13.0,6.0
UNV,2024-04-24 20:53:00,-77.85,40.85,378.0,51.8,37.4,57.77,330.0,10.0,0.0,30.1,,10.0,,SCT,SCT,,,4000.0,5000.0,,,,,,,,,,51.8,KUNV 250053Z 33010KT 10SM SCT040 SCT050 11/03 A3010,,5.14444,10.999999999999998,4.0
UNV,2024-04-24 21:53:00,-77.85,40.85,378.0,48.2,39.2,70.88,330.0,6.0,0.0,30.13,,10.0,,SCT,SCT,,,2800.0,4000.0,,,,,,,,,,45.04,KUNV 250153Z 33006KT 270V360 10SM SCT028 SCT040 09/04 A3013,,3.086664,9.000000000000002,4.0
UNV,2024-04-24 22:15:00,-77.85,40.85,378.0,48.6,38.3,67.41,330.0,5.0,0.0,30.14,,10.0,,SCT,,,,3000.0,,,,,,,,,,,46.11,KUNV 250215Z AUTO 33005KT 10SM SCT030 09/04 A3014 RMK AO2 T00920035,,2.57222,9.222222222222221,4.0
UNV,2024-04-24 22:35:00,-77.85,40.85,378.0,48.7,38.3,67.16,340.0,4.0,0.0,30.14,,10.0,,BKN,BKN,,,3400.0,4200.0,,,,,,,,,,46.92,KUNV 250235Z AUTO 34004KT 10SM BKN034 BKN042 09/04 A3014 RMK AO2 T00930035,,2.057776,9.277777777777779,6.0
UNV,2024-04-24 22:55:00,-77.85,40.85,378.0,47.3,39.2,73.31,40.0,8.0,0.0,30.15,,10.0,,SCT,OVC,,,2500.0,3200.0,,,,,,,,,,42.96,KUNV 250255Z AUTO 04008KT 10SM SCT025 OVC032 09/04 A3015 RMK AO2 T00850040,,4.115552,8.499999999999998,8.0
UNV,2024-04-24 23:15:00,-77.85,40.85,378.0,46.4,38.7,74.38,50.0,7.0,0.0,30.15,,10.0,,BKN,BKN,BKN,,2500.0,3200.0,4300.0,,,,,,,,,42.33,KUNV 250315Z AUTO 05007KT 10SM BKN025 BKN032 BKN043 08/04 A3015 RMK AO2 T00800037,,3.601108,8.0,6.0
UNV,2024-04-24 23:35:00,-77.85,40.85,378.0,45.5,38.0,74.87,50.0,4.0,0.0,30.16,,10.0,8.0,OVC,,,,2100.0,,,,,,,,,,,43.18,KUNV 250335Z AUTO 05004G08KT 10SM OVC021 08/03 A3016 RMK AO2 T00750034,,2.057776,7.5,8.0
UNV,2024-04-24 23:55:00,-77.85,40.85,378.0,44.8,36.5,72.48,40.0,8.0,0.0,30.17,,10.0,,OVC,,,,2100.0,,,,,,,,,,,39.88,KUNV 250355Z AUTO 04008KT 10SM OVC021 07/03 A3017 RMK AO2 T00710025,,4.115552,7.11111111111111,8.0
UNV,2024-04-25 00:15:00,-77.85,40.85,378.0,44.4,35.6,71.02,0.0,0.0,0.0,30.17,,10.0,,BKN,OVC,,,2100.0,2900.0,,,,,,,,,,44.4,KUNV 250415Z AUTO 00000KT 10SM BKN021 OVC029 07/02 A3017 RMK AO2 T00690020,,0.0,6.888888888888888,8.0
UNV,2024-04-25 00:35:00,-77.85,40.85,378.0,44.0,35.0,70.42,40.0,9.0,0.0,30.17,,10.0,,BKN,BKN,BKN,,2100.0,2900.0,3400.0,,,,,,,,,38.44,KUNV 250435Z AUTO 04009KT 10SM BKN021 BKN029 BKN034 07/02 A3017 RMK AO2 T00670017,,4.629996,6.666666666666667,6.0
UNV,2024-04-25 00:55:00,-77.85,40.85,378.0,44.0,34.7,69.58,40.0,7.0,0.0,30.18,,10.0,,BKN,BKN,BKN,,2300.0,3300.0,4200.0,,,,,,,,,39.41,KUNV 250455Z AUTO 04007KT 10SM BKN023 BKN033 BKN042 07/02 A3018 RMK AO2 T00670015,,3.601108,6.666666666666667,6.0
UNV,2024-04-25 01:15:00,-77.85,40.85,378.0,43.3,35.6,74.07,50.0,8.0,0.0,30.18,,10.0,,SCT,BKN,BKN,,2300.0,2900.0,4500.0,,,,,,,,,38.03,KUNV 250515Z AUTO 05008KT 10SM SCT023 BKN029 BKN045 06/02 A3018 RMK AO2 T00630020,,4.115552,6.277777777777776,6.0
UNV,2024-04-25 01:35:00,-77.85,40.85,378.0,42.8,35.4,74.91,50.0,7.0,0.0,30.18,,10.0,,BKN,BKN,BKN,,2100.0,3100.0,3600.0,,,,,,,,,37.94,KUNV 250535Z AUTO 05007KT 10SM BKN021 BKN031 BKN036 06/02 A3018 RMK AO2 T00600019,,3.601108,5.999999999999998,6.0
UNV,2024-04-25 01:55:00,-77.85,40.85,378.0,41.5,35.6,79.38,80.0,4.0,0.0,30.18,,10.0,,OVC,,,,2100.0,,,,,,,,,,,38.51,KUNV 250555Z AUTO 08004KT 10SM OVC021 05/02 A3018 RMK AO2 T00530020 10121 20053,,2.057776,5.277777777777778,8.0
UNV,2024-04-25 02:15:00,-77.85,40.85,378.0,41.0,34.7,78.09,60.0,8.0,0.0,30.19,,10.0,,OVC,,,,1900.0,,,,,,,,,,,35.2,KUNV 250615Z AUTO 06008KT 10SM OVC019 05/02 A3019 RMK AO2 T00500015,,4.115552,5.0,8.0
UNV,2024-04-25 02:35:00,-77.85,40.85,378.0,40.3,34.7,80.23,60.0,3.0,0.0,30.2,,10.0,,BKN,BKN,,,1600.0,2100.0,,,-DZ,,,,,,,38.18,KUNV 250635Z AUTO 06003KT 10SM -DZ BKN016 BKN021 05/02 A3020 RMK AO2 T00460015,,1.543332,4.61111111111111,6.0
UNV,2024-04-25 02:55:00,-77.85,40.85,378.0,39.6,34.0,80.18,40.0,10.0,0.0,30.2,,10.0,14.0,BKN,,,,1600.0,,,,-DZ,,,,,,,32.5,KUNV 250655Z AUTO 04010G14KT 10SM -DZ BKN016 04/01 A3020 RMK AO2 T00420012,,5.14444,4.222222222222223,6.0
UNV,2024-04-25 03:15:00,-77.85,40.85,378.0,39.2,31.0,72.18,50.0,10.0,0.0,30.21,,10.0,14.0,OVC,,,,1800.0,,,,,,,,,,,32.0,KUNV 250715Z AUTO 05010G14KT 10SM OVC018 04/00 A3021 RMK AO2 T00401005,,5.14444,4.000000000000002,8.0
UNV,2024-04-25 03:35:00,-77.85,40.85,378.0,39.2,29.0,66.54,40.0,8.0,0.0,30.22,,10.0,,OVC,,,,1800.0,,,,,,,,,,,32.98,KUNV 250735Z AUTO 04008KT 10SM OVC018 04/M02 A3022 RMK AO2 T00401016,,4.115552,4.000000000000002,8.0
UNV,2024-04-25 03:55:00,-77.85,40.85,378.0,39.2,27.5,62.57,0.0,0.0,0.0,30.23,,10.0,,OVC,,,,2200.0,,,,,,,,,,,39.2,KUNV 250755Z AUTO 00000KT 10SM OVC022 04/M02 A3023 RMK AO2 T00401025,,0.0,4.000000000000002,8.0
UNV,2024-04-25 04:15:00,-77.85,40.85,378.0,38.5,26.2,60.95,50.0,9.0,0.0,30.23,,10.0,14.0,BKN,,,,2400.0,,,,,,,,,,,31.6,KUNV 250815Z AUTO 05009G14KT 10SM BKN024 04/M03 A3023 RMK AO2 T00361032,,4.629996,3.611111111111111,6.0
UNV,2024-04-25 04:35:00,-77.85,40.85,378.0,38.0,25.5,60.37,0.0,0.0,0.0,30.24,,10.0,,BKN,,,,2400.0,,,,,,,,,,,38.0,KUNV 250835Z AUTO 00000KT 10SM BKN024 03/M04 A3024 RMK AO2 T00341036,,0.0,3.3333333333333335,6.0
UNV,2024-04-25 04:55:00,-77.85,40.85,378.0,38.0,23.7,56.01,50.0,11.0,0.0,30.24,,10.0,15.0,BKN,OVC,,,2600.0,5000.0,,,,,,,,,,30.05,KUNV 250855Z AUTO 05011G15KT 10SM BKN026 OVC050 03/M05 A3024 RMK AO2 T00331046,,5.6588840000000005,3.3333333333333335,8.0
UNV,2024-04-25 05:15:00,-77.85,40.85,378.0,37.4,23.0,55.68,40.0,4.0,0.0,30.26,,10.0,,SCT,OVC,,,2600.0,5000.0,,,,,,,,,,33.73,KUNV 250915Z AUTO 04004KT 10SM SCT026 OVC050 03/M05 A3026 RMK AO2 T00301049,,2.057776,2.999999999999999,8.0
UNV,2024-04-25 05:35:00,-77.85,40.85,378.0,37.4,23.0,55.68,40.0,9.0,0.0,30.26,,10.0,,OVC,,,,5000.0,,,,,,,,,,,30.23,KUNV 250935Z AUTO 04009KT 10SM OVC050 03/M05 A3026 RMK AO2 T00301051,,4.629996,2.999999999999999,8.0
UNV,2024-04-25 05:53:00,-77.85,40.85,378.0,37.4,21.2,51.61,50.0,7.0,0.0,30.26,,10.0,,OVC,,,,5000.0,,,,,,,,,,,31.36,KUNV 250953Z 05007KT 10SM OVC050 03/M06 A3026,,3.601108,2.999999999999999,8.0
UNV,2024-04-25 06:53:00,-77.85,40.85,378.0,37.4,23.0,55.68,50.0,7.0,0.0,30.29,,10.0,,OVC,,,,5000.0,,,,,,,,,,,31.36,KUNV 251053Z 05007KT 10SM OVC050 03/M05 A3029,,3.601108,2.999999999999999,8.0
UNV,2024-04-25 07:53:00,-77.85,40.85,378.0,37.4,23.0,55.68,50.0,8.0,0.0,30.31,,10.0,,SCT,,,,5000.0,,,,,,,,,,,30.76,KUNV 251153Z 05008KT 10SM SCT050 03/M05 A3031,,4.115552,2.999999999999999,4.0
UNV,2024-04-25 08:53:00,-77.85,40.85,378.0,39.2,21.2,48.1,70.0,5.0,0.0,30.33,,10.0,,SCT,,,,5000.0,,,,,,,,,,,34.95,KUNV 251253Z 07005KT 10SM SCT050 04/M06 A3033,,2.57222,4.000000000000002,4.0
UNV,2024-04-25 09:53:00,-77.85,40.85,378.0,41.0,21.2,44.85,80.0,5.0,0.0,30.33,,10.0,,CLR,,,,,,,,,,,,,,,37.08,KUNV 251353Z 08005KT 10SM CLR 05/M06 A3033,,2.57222,5.0,0.0
UNV,2024-04-25 10:53:00,-77.85,40.85,378.0,44.6,21.2,39.06,60.0,5.0,0.0,30.33,,10.0,,CLR,,,,,,,,,,,,,,,41.36,KUNV 251453Z 06005KT 10SM CLR 07/M06 A3033,,2.57222,7.000000000000001,0.0
UNV,2024-04-25 11:53:00,-77.85,40.85,378.0,48.2,21.2,34.09,40.0,5.0,0.0,30.32,,10.0,,CLR,,,,,,,,,,,,,,,45.63,KUNV 251553Z COR 04005KT 10SM CLR 09/M06 A3032,,2.57222,9.000000000000002,0.0
UNV,2024-04-25 12:53:00,-77.85,40.85,378.0,51.8,23.0,32.17,20.0,8.0,0.0,30.3,,10.0,,CLR,,,,,,,,,,,,,,,51.8,KUNV 251653Z 02008KT 10SM CLR 11/M05 A3030,,4.115552,10.999999999999998,0.0
UNV,2024-04-25 13:53:00,-77.85,40.85,378.0,53.6,24.8,32.46,10.0,3.0,0.0,30.28,,10.0,,CLR,,,,,,,,,,,,,,,53.6,KUNV 251753Z 01003KT 10SM CLR 12/M04 A3028,,1.543332,12.0,0.0
UNV,2024-04-25 14:53:00,-77.85,40.85,378.0,53.6,26.6,34.98,330.0,4.0,0.0,30.27,,10.0,,CLR,,,,,,,,,,,,,,,53.6,KUNV 251853Z 33004KT 10SM CLR 12/M03 A3027,,2.057776,12.0,0.0
UNV,2024-04-25 15:53:00,-77.85,40.85,378.0,55.4,26.6,32.76,,4.0,0.0,30.24,,10.0,,FEW,,,,6000.0,,,,,,,,,,,55.4,KUNV 251953Z VRB04KT 10SM FEW060 13/M03 A3024,,2.057776,13.0,2.0
UNV,2024-04-25 16:53:00,-77.85,40.85,378.0,55.4,28.4,35.28,,5.0,0.0,30.24,,10.0,,SCT,,,,6000.0,,,,,,,,,,,55.4,KUNV 252053Z VRB05KT 10SM SCT060 13/M02 A3024,,2.57222,13.0,4.0
UNV,2024-04-25 17:53:00,-77.85,40.85,378.0,55.4,23.0,28.2,,3.0,0.0,30.24,,10.0,,SCT,,,,6500.0,,,,,,,,,,,55.4,KUNV 252153Z VRB03KT 10SM SCT065 13/M05 A3024,,1.543332,13.0,4.0
UNV,2024-04-25 18:53:00,-77.85,40.85,378.0,55.4,23.0,28.2,0.0,0.0,0.0,30.25,,10.0,,FEW,,,,6500.0,,,,,,,,,,,55.4,KUNV 252253Z 00000KT 10SM FEW065 13/M05 A3025,,0.0,13.0,2.0
UNV,2024-04-25 19:53:00,-77.85,40.85,378.0,53.6,21.2,27.91,0.0,0.0,0.0,30.25,,10.0,,CLR,,,,,,,,,,,,,,,53.6,KUNV 252353Z 00000KT 10SM CLR 12/M06 A3025,,0.0,12.0,0.0
UNV,2024-04-25 20:53:00,-77.85,40.85,378.0,53.6,23.0,30.11,0.0,0.0,0.0,30.26,,10.0,,CLR,,,,,,,,,,,,,,,53.6,KUNV 260053Z 00000KT 10SM CLR 12/M05 A3026,,0.0,12.0,0.0
UNV,2024-04-25 21:53:00,-77.85,40.85,378.0,50.0,24.8,37.08,0.0,0.0,0.0,30.27,,10.0,,CLR,,,,,,,,,,,,,,,50.0,KUNV 260153Z 00000KT 10SM CLR 10/M04 A3027,,0.0,10.0,0.0
UNV,2024-04-25 22:15:00,-77.85,40.85,378.0,48.0,25.5,41.13,360.0,3.0,0.0,30.28,,10.0,,CLR,,,,,,,,,,,,,,,46.98,KUNV 260215Z AUTO 36003KT 10SM CLR 09/M04 A3028 RMK AO2 T00881036,,1.543332,8.88888888888889,0.0
UNV,2024-04-25 22:35:00,-77.85,40.85,378.0,48.4,24.0,38.07,0.0,0.0,0.0,30.28,,10.0,,CLR,,,,,,,,,,,,,,,48.4,KUNV 260235Z AUTO 00000KT 10SM CLR 09/M04 A3028 RMK AO2 T00911044,,0.0,9.11111111111111,0.0
UNV,2024-04-25 22:55:00,-77.85,40.85,378.0,46.8,24.3,40.94,20.0,8.0,0.0,30.29,,10.0,,CLR,,,,,,,,,,,,,,,42.34,KUNV 260255Z AUTO 02008KT 10SM CLR 08/M04 A3029 RMK AO2 T00821043,,4.115552,8.222222222222221,0.0
UNV,2024-04-25 23:15:00,-77.85,40.85,378.0,47.0,22.0,36.89,30.0,5.0,0.0,30.29,,10.0,,CLR,,,,,,,,,,,,,,,44.21,KUNV 260315Z AUTO 03005KT 10SM CLR 08/M05 A3029 RMK AO2 T00841055,,2.57222,8.333333333333334,0.0
UNV,2024-04-25 23:35:00,-77.85,40.85,378.0,45.0,22.0,39.79,30.0,5.0,0.0,30.3,,10.0,,CLR,,,,,,,,,,,,,,,41.83,KUNV 260335Z AUTO 03005KT 10SM CLR 07/M05 A3030 RMK AO2 T00731055,,2.57222,7.222222222222222,0.0
UNV,2024-04-25 23:55:00,-77.85,40.85,378.0,43.0,23.0,44.8,40.0,8.0,0.0,30.3,,10.0,,CLR,,,,,,,,,,,,,,,37.66,KUNV 260355Z AUTO 04008KT 10SM CLR 06/M05 A3030 RMK AO2 T00621049,,4.115552,6.111111111111111,0.0
UNV,2024-04-26 00:15:00,-77.85,40.85,378.0,43.0,22.0,42.95,40.0,11.0,0.0,30.31,,10.0,,CLR,,,,,,,,,,,,,,,36.37,KUNV 260415Z AUTO 04011KT 10SM CLR 06/M05 A3031 RMK AO2 T00611055,,5.6588840000000005,6.111111111111111,0.0
UNV,2024-04-26 00:35:00,-77.85,40.85,378.0,43.0,20.3,39.96,40.0,9.0,0.0,30.32,,10.0,,CLR,,,,,,,,,,,,,,,37.19,KUNV 260435Z AUTO 04009KT 10SM CLR 06/M06 A3032 RMK AO2 T00621065,,4.629996,6.111111111111111,0.0
UNV,2024-04-26 00:55:00,-77.85,40.85,378.0,42.3,20.5,41.4,40.0,8.0,0.0,30.32,,10.0,,CLR,,,,,,,,,,,,,,,36.8,KUNV 260455Z AUTO 04008KT 10SM CLR 06/M06 A3032 RMK AO2 T00571064,,4.115552,5.7222222222222205,0.0
UNV,2024-04-26 01:15:00,-77.85,40.85,378.0,41.0,20.7,43.9,40.0,7.0,0.0,30.32,,10.0,,CLR,,,,,,,,,,,,,,,35.75,KUNV 260515Z AUTO 04007KT 10SM CLR 05/M06 A3032 RMK AO2 T00511063,,3.601108,5.0,0.0
UNV,2024-04-26 01:35:00,-77.85,40.85,378.0,41.0,20.3,43.16,20.0,4.0,0.0,30.33,,10.0,,CLR,,,,,,,,,,,,,,,37.93,KUNV 260535Z AUTO 02004KT 10SM CLR 05/M06 A3033 RMK AO2 T00491065,,2.057776,5.0,0.0
UNV,2024-04-26 01:55:00,-77.85,40.85,378.0,40.0,21.2,46.62,40.0,6.0,0.0,30.33,,10.0,,CLR,,,,,,,,,,,,,,,35.17,KUNV 260555Z AUTO 04006KT 10SM CLR 05/M06 A3033 RMK AO2 T00451060 10125 20045,,3.086664,4.444444444444445,0.0
UNV,2024-04-26 02:15:00,-77.85,40.85,378.0,39.7,20.5,45.79,0.0,0.0,0.0,30.33,,10.0,,CLR,,,,,,,,,,,,,,,39.7,KUNV 260615Z AUTO 00000KT 10SM CLR 04/M06 A3033 RMK AO2 T00431064,,0.0,4.2777777777777795,0.0
UNV,2024-04-26 02:35:00,-77.85,40.85,378.0,39.7,20.3,45.4,0.0,0.0,0.0,30.33,,10.0,,CLR,,,,,,,,,,,,,,,39.7,KUNV 260635Z AUTO 00000KT 10SM CLR 04/M06 A3033 RMK AO2 T00431065,,0.0,4.2777777777777795,0.0
UNV,2024-04-26 02:55:00,-77.85,40.85,378.0,38.5,21.0,49.01,0.0,0.0,0.0,30.33,,10.0,,CLR,,,,,,,,,,,,,,,38.5,KUNV 260655Z AUTO 00000KT 10SM CLR 04/M06 A3033 RMK AO2 T00361062,,0.0,3.611111111111111,0.0
UNV,2024-04-26 03:15:00,-77.85,40.85,378.0,38.0,19.4,46.69,0.0,0.0,0.0,30.34,,10.0,,CLR,,,,,,,,,,,,,,,38.0,KUNV 260715Z AUTO 00000KT 10SM CLR 03/M07 A3034 RMK AO2 T00341070,,0.0,3.3333333333333335,0.0
UNV,2024-04-26 03:35:00,-77.85,40.85,378.0,38.3,20.0,47.34,0.0,0.0,0.0,30.35,,10.0,,CLR,,,,,,,,,,,,,,,38.3,KUNV 260735Z AUTO 00000KT 10SM CLR 04/M07 A3035 RMK AO2 T00351066,,0.0,3.4999999999999982,0.0
UNV,2024-04-26 03:55:00,-77.85,40.85,378.0,37.0,21.2,52.43,40.0,4.0,0.0,30.35,,10.0,,CLR,,,,,,,,,,,,,,,33.26,KUNV 260755Z AUTO 04004KT 10SM CLR 03/M06 A3035 RMK AO2 T00281060,,2.057776,2.7777777777777777,0.0
UNV,2024-04-26 04:15:00,-77.85,40.85,378.0,37.4,21.0,51.17,50.0,3.0,0.0,30.36,,10.0,,CLR,,,,,,,,,,,,,,,34.86,KUNV 260815Z AUTO 05003KT 10SM CLR 03/M06 A3036 RMK AO2 T00301062,,1.543332,2.999999999999999,0.0
UNV,2024-04-26 04:35:00,-77.85,40.85,378.0,36.0,21.4,55.01,30.0,5.0,0.0,30.36,,10.0,,CLR,,,,,,,,,,,,,,,31.15,KUNV 260835Z AUTO 03005KT 10SM CLR 02/M06 A3036 RMK AO2 T00221059,,2.57222,2.2222222222222223,0.0
UNV,2024-04-26 04:55:00,-77.85,40.85,378.0,36.5,21.0,53.02,20.0,5.0,0.0,30.36,,10.0,,CLR,,,,,,,,,,,,,,,31.74,KUNV 260855Z AUTO 02005KT 10SM CLR 03/M06 A3036 RMK AO2 T00251062,,2.57222,2.5,0.0
UNV,2024-04-26 05:15:00,-77.85,40.85,378.0,35.8,21.0,54.51,20.0,3.0,0.0,30.37,,10.0,,CLR,,,,,,,,,,,,,,,33.03,KUNV 260915Z AUTO 02003KT 10SM CLR 02/M06 A3037 RMK AO2 T00211061,,1.543332,2.1111111111111094,0.0
UNV,2024-04-26 05:35:00,-77.85,40.85,378.0,35.6,20.7,54.25,40.0,4.0,0.0,30.37,,10.0,,CLR,,,,,,,,,,,,,,,31.62,KUNV 260935Z AUTO 04004KT 10SM CLR 02/M06 A3037 RMK AO2 T00201063,,2.057776,2.000000000000001,0.0
UNV,2024-04-26 05:53:00,-77.85,40.85,378.0,35.6,21.2,55.41,50.0,5.0,0.0,30.37,,10.0,,CLR,,,,,,,,,,,,,,,30.67,KUNV 260953Z 05005KT 10SM CLR 02/M06 A3037,,2.57222,2.000000000000001,0.0
UNV,2024-04-26 06:53:00,-77.85,40.85,378.0,35.6,21.2,55.41,50.0,5.0,0.0,30.38,,10.0,,CLR,,,,,,,,,,,,,,,30.67,KUNV 261053Z 05005KT 10SM CLR 02/M06 A3038,,2.57222,2.000000000000001,0.0
UNV,2024-04-26 07:53:00,-77.85,40.85,378.0,39.2,23.0,51.89,40.0,4.0,0.0,30.39,,10.0,,CLR,,,,,,,,,,,,,,,35.83,KUNV 261153Z 04004KT 10SM CLR 04/M05 A3039,,2.057776,4.000000000000002,0.0
UNV,2024-04-26 08:53:00,-77.85,40.85,378.0,42.8,23.0,45.14,30.0,6.0,0.0,30.4,,10.0,,CLR,,,,,,,,,,,,,,,38.54,KUNV 261253Z 03006KT 10SM CLR 06/M05 A3040,,3.086664,5.999999999999998,0.0
UNV,2024-04-26 09:53:00,-77.85,40.85,378.0,48.2,26.6,42.73,0.0,0.0,0.0,30.39,,10.0,,CLR,,,,,,,,,,,,,,,48.2,KUNV 261353Z 00000KT 10SM CLR 09/M03 A3039,,0.0,9.000000000000002,0.0
UNV,2024-04-26 10:53:00,-77.85,40.85,378.0,53.6,32.0,43.61,130.0,5.0,0.0,30.4,,10.0,,CLR,,,,,,,,,,,,,,,53.6,KUNV 261453Z 13005KT 10SM CLR 12/00 A3040,,2.57222,12.0,0.0
UNV,2024-04-26 11:53:00,-77.85,40.85,378.0,57.2,33.8,41.13,180.0,9.0,0.0,30.39,,10.0,16.0,CLR,,,,,,,,,,,,,,,57.2,KUNV 261553Z 18009G16KT 150V210 10SM CLR 14/01 A3039,,4.629996,14.000000000000002,0.0
UNV,2024-04-26 12:53:00,-77.85,40.85,378.0,57.2,35.6,44.19,210.0,7.0,0.0,30.39,,10.0,17.0,CLR,,,,,,,,,,,,,,,57.2,KUNV 261653Z 21007G17KT 10SM CLR 14/02 A3039,,3.601108,14.000000000000002,0.0
UNV,2024-04-26 13:53:00,-77.85,40.85,378.0,59.0,37.4,44.47,180.0,9.0,0.0,30.38,,10.0,,SCT,,,,9000.0,,,,,,,,,,,59.0,KUNV 261753Z 18009KT 10SM SCT090 15/03 A3038,,4.629996,15.0,4.0
UNV,2024-04-26 14:53:00,-77.85,40.85,378.0,60.8,35.6,38.85,140.0,5.0,0.0,30.37,,10.0,,SCT,,,,9000.0,,,,,,,,,,,60.8,KUNV 261853Z 14005KT 10SM SCT090 16/02 A3037,,2.57222,16.0,4.0
UNV,2024-04-26 15:53:00,-77.85,40.85,378.0,60.8,35.6,38.85,160.0,9.0,0.0,30.33,,10.0,,CLR,,,,,,,,,,,,,,,60.8,KUNV 261953Z 16009KT 10SM CLR 16/02 A3033,,4.629996,16.0,0.0
UNV,2024-04-26 16:53:00,-77.85,40.85,378.0,62.6,35.6,36.45,200.0,8.0,0.0,30.32,,10.0,,CLR,,,,,,,,,,,,,,,62.6,KUNV 262053Z 20008KT 10SM CLR 17/02 A3032,,4.115552,17.0,0.0
UNV,2024-04-26 17:53:00,-77.85,40.85,378.0,62.6,33.8,33.93,170.0,10.0,0.0,30.32,,10.0,,CLR,,,,,,,,,,,,,,,62.6,KUNV 262153Z 17010KT 10SM CLR 17/01 A3032,,5.14444,17.0,0.0
UNV,2024-04-26 18:53:00,-77.85,40.85,378.0,60.8,33.8,36.16,170.0,10.0,0.0,30.31,,10.0,,CLR,,,,,,,,,,,,,,,60.8,KUNV 262253Z 17010KT 10SM CLR 16/01 A3031,,5.14444,16.0,0.0
UNV,2024-04-26 19:53:00,-77.85,40.85,378.0,57.2,32.0,38.26,160.0,8.0,0.0,30.32,,10.0,,CLR,,,,,,,,,,,,,,,57.2,KUNV 262353Z 16008KT 130V190 10SM CLR 14/00 A3032,,4.115552,14.000000000000002,0.0
UNV,2024-04-26 20:53:00,-77.85,40.85,378.0,55.4,30.2,37.97,170.0,6.0,0.0,30.34,,10.0,,CLR,,,,,,,,,,,,,,,55.4,KUNV 270053Z 17006KT 10SM CLR 13/M01 A3034,,3.086664,13.0,0.0
UNV,2024-04-26 21:53:00,-77.85,40.85,378.0,53.6,28.4,37.67,170.0,4.0,0.0,30.35,,10.0,,CLR,,,,,,,,,,,,,,,53.6,KUNV 270153Z 17004KT 10SM CLR 12/M02 A3035,,2.057776,12.0,0.0
UNV,2024-04-26 22:15:00,-77.85,40.85,378.0,54.0,29.0,38.05,170.0,6.0,0.0,30.35,,10.0,,CLR,,,,,,,,,,,,,,,54.0,KUNV 270215Z AUTO 17006KT 10SM CLR 12/M02 A3035 RMK AO2 T01221016,,3.086664,12.222222222222221,0.0
UNV,2024-04-26 22:35:00,-77.85,40.85,378.0,53.6,29.7,39.73,180.0,4.0,0.0,30.35,,10.0,,CLR,,,,,,,,,,,,,,,53.6,KUNV 270235Z AUTO 18004KT 10SM CLR 12/M01 A3035 RMK AO2 T01201013,,2.057776,12.0,0.0
UNV,2024-04-26 22:55:00,-77.85,40.85,378.0,53.2,30.0,40.81,180.0,7.0,0.0,30.36,,10.0,,CLR,,,,,,,,,,,,,,,53.2,KUNV 270255Z AUTO 18007KT 10SM CLR 12/M01 A3036 RMK AO2 T01181011,,3.601108,11.777777777777779,0.0
UNV,2024-04-26 23:15:00,-77.85,40.85,378.0,53.2,30.0,40.81,170.0,6.0,0.0,30.37,,10.0,14.0,CLR,,,,,,,,,,,,,,,53.2,KUNV 270315Z AUTO 17006G14KT 10SM CLR 12/M01 A3037 RMK AO2 T01181011,,3.086664,11.777777777777779,0.0
UNV,2024-04-26 23:35:00,-77.85,40.85,378.0,52.7,30.0,41.57,180.0,6.0,0.0,30.37,,10.0,,CLR,,,,,,,,,,,,,,,52.7,KUNV 270335Z AUTO 18006KT 10SM CLR 12/M01 A3037 RMK AO2 T01151012,,3.086664,11.500000000000002,0.0
UNV,2024-04-26 23:55:00,-77.85,40.85,378.0,52.0,29.3,41.45,150.0,8.0,0.0,30.35,,10.0,,CLR,,,,,,,,,,,,,,,52.0,KUNV 270355Z AUTO 15008KT 120V180 10SM CLR 11/M01 A3035 RMK AO2 T01121015,,4.115552,11.11111111111111,0.0
UNV,2024-04-27 00:15:00,-77.85,40.85,378.0,52.0,29.0,40.95,180.0,5.0,0.0,30.35,,10.0,,CLR,,,,,,,,,,,,,,,52.0,KUNV 270415Z AUTO 18005KT 10SM CLR 11/M02 A3035 RMK AO2 T01121017,,2.57222,11.11111111111111,0.0
UNV,2024-04-27 00:35:00,-77.85,40.85,378.0,51.6,28.8,41.22,190.0,10.0,0.0,30.36,,10.0,,CLR,,,,,,,,,,,,,,,51.6,KUNV 270435Z AUTO 19010KT 10SM CLR 11/M02 A3036 RMK AO2 T01091018,,5.14444,10.88888888888889,0.0
UNV,2024-04-27 00:55:00,-77.85,40.85,378.0,51.8,28.2,39.92,190.0,6.0,0.0,30.37,,10.0,,CLR,,,,,,,,,,,,,,,51.8,KUNV 270455Z AUTO 19006KT 10SM CLR 11/M02 A3037 RMK AO2 T01101021,,3.086664,10.999999999999998,0.0
UNV,2024-04-27 01:15:00,-77.85,40.85,378.0,51.4,27.7,39.69,150.0,8.0,0.0,30.37,,10.0,,CLR,,,,,,,,,,,,,,,51.4,KUNV 270515Z AUTO 15008KT 10SM CLR 11/M02 A3037 RMK AO2 T01081024,,4.115552,10.777777777777779,0.0
UNV,2024-04-27 01:35:00,-77.85,40.85,378.0,51.0,27.5,39.95,160.0,5.0,0.0,30.37,,10.0,,CLR,,,,,,,,,,,,,,,51.0,KUNV 270535Z AUTO 16005KT 10SM CLR 11/M02 A3037 RMK AO2 T01061025,,2.57222,10.555555555555555,0.0
UNV,2024-04-27 01:55:00,-77.85,40.85,378.0,50.4,28.0,41.7,190.0,4.0,0.0,30.37,,10.0,,CLR,,,,,,,,,,,,,,,50.4,KUNV 270555Z AUTO 19004KT 10SM CLR 10/M02 A3037 RMK AO2 T01021023 10143 20102,,2.057776,10.222222222222221,0.0
UNV,2024-04-27 02:15:00,-77.85,40.85,378.0,50.0,28.2,42.67,190.0,6.0,0.0,30.35,,10.0,,CLR,,,,,,,,,,,,,,,50.0,KUNV 270615Z AUTO 19006KT 10SM CLR 10/M02 A3035 RMK AO2 T01011021,,3.086664,10.0,0.0
UNV,2024-04-27 02:35:00,-77.85,40.85,378.0,50.0,28.4,43.03,170.0,6.0,0.0,30.35,,10.0,,CLR,,,,,,,,,,,,,,,50.0,KUNV 270635Z AUTO 17006KT 10SM CLR 10/M02 A3035 RMK AO2 T01001020,,3.086664,10.0,0.0
UNV,2024-04-27 02:55:00,-77.85,40.85,378.0,50.0,28.8,43.74,170.0,8.0,0.0,30.36,,10.0,,CLR,,,,,,,,,,,,,,,50.0,KUNV 270655Z AUTO 17008KT 10SM CLR 10/M02 A3036 RMK AO2 T00991018,,4.115552,10.0,0.0
UNV,2024-04-27 03:15:00,-77.85,40.85,378.0,49.3,29.0,45.26,180.0,7.0,0.0,30.36,,10.0,,CLR,,,,,,,,,,,,,,,45.87,KUNV 270715Z AUTO 18007KT 10SM CLR 10/M02 A3036 RMK AO2 T00961016,,3.601108,9.611111111111109,0.0
UNV,2024-04-27 03:35:00,-77.85,40.85,378.0,49.5,29.0,44.92,170.0,7.0,0.0,30.37,,10.0,,CLR,,,,,,,,,,,,,,,46.11,KUNV 270735Z AUTO 17007KT 10SM CLR 10/M02 A3037 RMK AO2 T00971017,,3.601108,9.722222222222221,0.0
UNV,2024-04-27 03:55:00,-77.85,40.85,378.0,49.0,29.0,45.77,0.0,0.0,0.0,30.36,,10.0,,CLR,,,,,,,,,,,,,,,49.0,KUNV 270755Z AUTO 00000KT 10SM CLR 10/M02 A3036 RMK AO2 T00951016,,0.0,9.444444444444445,0.0
UNV,2024-04-27 04:15:00,-77.85,40.85,378.0,49.0,29.0,45.77,0.0,0.0,0.0,30.36,,10.0,,CLR,,,,,,,,,,,,,,,49.0,KUNV 270815Z AUTO 00000KT 10SM CLR 10/M02 A3036 RMK AO2 T00951017,,0.0,9.444444444444445,0.0
UNV,2024-04-27 04:35:00,-77.85,40.85,378.0,48.7,29.0,46.29,190.0,4.0,0.0,30.37,,10.0,,CLR,,,,,,,,,,,,,,,46.92,KUNV 270835Z AUTO 19004KT 10SM CLR 09/M02 A3037 RMK AO2 T00931017,,2.057776,9.277777777777779,0.0
UNV,2024-04-27 04:55:00,-77.85,40.85,378.0,48.4,28.6,46.05,190.0,5.0,0.0,30.37,,10.0,,CLR,,,,,,,,,,,,,,,45.87,KUNV 270855Z AUTO 19005KT 10SM CLR 09/M02 A3037 RMK AO2 T00911019,,2.57222,9.11111111111111,0.0
UNV,2024-04-27 05:15:00,-77.85,40.85,378.0,48.2,28.4,46.02,0.0,0.0,0.0,30.37,,10.0,,CLR,,,,,,,,,,,,,,,48.2,KUNV 270915Z AUTO 00000KT 10SM CLR 09/M02 A3037 RMK AO2 T00901020,,0.0,9.000000000000002,0.0
UNV,2024-04-27 05:35:00,-77.85,40.85,378.0,47.7,28.6,47.27,0.0,0.0,0.0,30.37,,10.0,,CLR,,,,,,,,,,,,,,,47.7,KUNV 270935Z AUTO 00000KT 10SM CLR 09/M02 A3037 RMK AO2 T00871019,,0.0,8.722222222222223,0.0
UNV,2024-04-27 05:53:00,-77.85,40.85,378.0,48.2,28.4,46.02,180.0,9.0,0.0,30.37,,10.0,,CLR,,,,,,,,,,,,,,,43.66,KUNV 270953Z 18009KT 10SM CLR 09/M02 A3037,,4.629996,9.000000000000002,0.0
UNV,2024-04-27 06:53:00,-77.85,40.85,378.0,48.2,28.4,46.02,170.0,5.0,0.0,30.38,,10.0,,CLR,,,,,,,,,,,,,,,45.63,KUNV 271053Z 17005KT 10SM CLR 09/M02 A3038,,2.57222,9.000000000000002,0.0
UNV,2024-04-27 07:53:00,-77.85,40.85,378.0,48.2,30.2,49.53,180.0,6.0,0.0,30.38,,10.0,,CLR,,,,,,,,,,,,,,,45.04,KUNV 271153Z 18006KT 10SM CLR 09/M01 A3038,,3.086664,9.000000000000002,0.0
UNV,2024-04-27 08:53:00,-77.85,40.85,378.0,50.0,32.0,49.81,180.0,6.0,0.0,30.39,,10.0,,CLR,,,,,,,,,,,,,,,50.0,KUNV 271253Z 18006KT 10SM CLR 10/00 A3039 RMK LTG DSNT NW,,3.086664,10.0,0.0
UNV,2024-04-27 09:53:00,-77.85,40.85,378.0,48.2,33.8,57.26,200.0,5.0,0.0,30.37,,10.0,,SCT,,,,1200.0,,,,-DZ,,,,,,,45.63,KUNV 271353Z 20005KT 10SM -DZ SCT012 09/01 A3037 RMK LTG DSNT W,,2.57222,9.000000000000002,4.0
UNV,2024-04-27 10:53:00,-77.85,40.85,378.0,48.2,37.4,66.05,190.0,6.0,0.0,30.39,,10.0,,SCT,SCT,BKN,,1200.0,1700.0,3100.0,,-RA,,,,,,,45.04,KUNV 271453Z 19006KT 10SM -RA SCT012 SCT017 BKN031 09/03 A3039,,3.086664,9.000000000000002,6.0
UNV,2024-04-27 11:53:00,-77.85,40.85,378.0,46.4,41.0,81.34,200.0,8.0,0.0,30.4,,3.0,,BKN,BKN,OVC,,1200.0,1400.0,2800.0,,RA,,,,,,,41.85,KUNV 271553Z 20008KT 3SM RA BKN012 BKN014 OVC028 08/05 A3040,,4.115552,8.0,8.0
UNV,2024-04-27 12:53:00,-77.85,40.85,378.0,48.2,44.6,87.28,220.0,4.0,0.0,30.38,,10.0,,OVC,,,,1500.0,,,,-RA,,,,,,,46.34,KUNV 271653Z 22004KT 10SM -RA OVC015 09/07 A3038,,2.057776,9.000000000000002,8.0
UNV,2024-04-27 13:53:00,-77.85,40.85,378.0,46.4,46.4,100.0,180.0,6.0,0.0,30.37,,10.0,,OVC,,,,1300.0,,,,-DZ,,,,,,,42.87,KUNV 271753Z 18006KT 10SM -DZ OVC013 08/08 A3037,,3.086664,8.0,8.0
UNV,2024-04-27 14:53:00,-77.85,40.85,378.0,48.2,46.4,93.45,200.0,6.0,0.0,30.34,,10.0,,OVC,,,,1600.0,,,,,,,,,,,45.04,KUNV 271853Z 20006KT 10SM OVC016 09/08 A3034,,3.086664,9.000000000000002,8.0
UNV,2024-04-27 15:53:00,-77.85,40.85,378.0,48.2,46.4,93.45,200.0,8.0,0.0,30.32,,8.0,,OVC,,,,1300.0,,,,,,,,,,,44.07,KUNV 271953Z 20008KT 8SM OVC013 09/08 A3032,,4.115552,9.000000000000002,8.0
UNV,2024-04-27 16:53:00,-77.85,40.85,378.0,50.0,46.4,87.37,190.0,6.0,0.0,30.31,,8.0,,OVC,,,,1100.0,,,,,,,,,,,50.0,KUNV 272053Z 19006KT 8SM OVC011 10/08 A3031,,3.086664,10.0,8.0
UNV,2024-04-27 17:53:00,-77.85,40.85,378.0,48.2,46.4,93.45,170.0,6.0,0.0,30.3,,6.0,,OVC,,,,1100.0,,,,BR,,,,,,,45.04,KUNV 272153Z 17006KT 6SM BR OVC011 09/08 A3030,,3.086664,9.000000000000002,8.0
UNV,2024-04-27 18:53:00,-77.85,40.85,378.0,48.2,48.2,100.0,180.0,6.0,0.0,30.29,,6.0,,OVC,,,,900.0,,,,BR,,,,,,,45.04,KUNV 272253Z 18006KT 6SM BR OVC009 09/09 A3029,,3.086664,9.000000000000002,8.0
UNV,2024-04-27 19:53:00,-77.85,40.85,378.0,48.2,48.2,100.0,160.0,8.0,0.0,30.28,,4.0,,OVC,,,,700.0,,,,BR,,,,,,,44.07,KUNV 272353Z 16008KT 4SM BR OVC007 09/09 A3028,,4.115552,9.000000000000002,8.0
UNV,2024-04-27 20:53:00,-77.85,40.85,378.0,48.2,48.2,100.0,160.0,5.0,0.0,30.27,,4.0,,OVC,,,,500.0,,,,-DZ BR,,,,,,,45.63,KUNV 280053Z 16005KT 4SM -DZ BR OVC005 09/09 A3027,,2.57222,9.000000000000002,8.0
UNV,2024-04-27 21:53:00,-77.85,40.85,378.0,48.2,48.2,100.0,170.0,4.0,0.0,30.27,,3.0,,OVC,,,,500.0,,,,-DZ BR,,,,,,,46.34,KUNV 280153Z 17004KT 3SM -DZ BR OVC005 09/09 A3027,,2.057776,9.000000000000002,8.0
UNV,2024-04-27 22:15:00,-77.85,40.85,378.0,48.2,48.2,100.0,0.0,0.0,0.0,30.27,,5.0,,OVC,,,,500.0,,,,-RA,,,,,,,48.2,KUNV 280215Z AUTO 00000KT 5SM -RA OVC005 09/09 A3027 RMK AO2 T00900090,,0.0,9.000000000000002,8.0
UNV,2024-04-27 22:35:00,-77.85,40.85,378.0,48.2,48.2,100.0,0.0,0.0,0.0,30.26,,5.0,,OVC,,,,500.0,,,,BR,,,,,,,48.2,KUNV 280235Z AUTO 00000KT 5SM BR OVC005 09/09 A3026 RMK AO2 T00900090,,0.0,9.000000000000002,8.0
UNV,2024-04-27 22:55:00,-77.85,40.85,378.0,48.4,48.4,100.0,0.0,0.0,0.0,30.27,,5.0,,OVC,,,,500.0,,,,BR,,,,,,,48.4,KUNV 280255Z AUTO 00000KT 5SM BR OVC005 09/09 A3027 RMK AO2 T00910091,,0.0,9.11111111111111,8.0
UNV,2024-04-27 23:15:00,-77.85,40.85,378.0,48.6,48.4,99.25,0.0,0.0,0.0,30.26,,5.0,,OVC,,,,500.0,,,,BR,,,,,,,48.6,KUNV 280315Z AUTO 00000KT 5SM BR OVC005 09/09 A3026 RMK AO2 T00920091,,0.0,9.222222222222221,8.0
UNV,2024-04-27 23:35:00,-77.85,40.85,378.0,48.6,48.4,99.25,0.0,0.0,0.0,30.26,,4.0,,OVC,,,,500.0,,,,BR,,,,,,,48.6,KUNV 280335Z AUTO 00000KT 4SM BR OVC005 09/09 A3026 RMK AO2 T00920091,,0.0,9.222222222222221,8.0
UNV,2024-04-27 23:55:00,-77.85,40.85,378.0,48.6,48.6,100.0,0.0,0.0,0.0,30.25,,3.0,,OVC,,,,300.0,,,,BR,,,,,,,48.6,KUNV 280355Z AUTO 00000KT 3SM BR OVC003 09/09 A3025 RMK AO2 T00920092,,0.0,9.222222222222221,8.0
UNV,2024-04-28 00:15:00,-77.85,40.85,378.0,48.6,48.6,100.0,0.0,0.0,0.0,30.25,,2.5,,OVC,,,,300.0,,,,BR,,,,,,,48.6,KUNV 280415Z AUTO 00000KT 2 1/2SM BR OVC003 09/09 A3025 RMK AO2 T00920092,,0.0,9.222222222222221,8.0
UNV,2024-04-28 00:35:00,-77.85,40.85,378.0,48.7,48.7,100.0,0.0,0.0,0.0,30.25,,2.5,,OVC,,,,300.0,,,,BR,,,,,,,48.7,KUNV 280435Z AUTO 00000KT 2 1/2SM BR OVC003 09/09 A3025 RMK AO2 T00930093,,0.0,9.277777777777779,8.0
UNV,2024-04-28 00:55:00,-77.85,40.85,378.0,48.7,48.7,100.0,0.0,0.0,0.0,30.25,,1.75,,OVC,,,,100.0,,,,BR,,,,,,,48.7,KUNV 280455Z AUTO 00000KT 1 3/4SM BR OVC001 09/09 A3025 RMK AO2 T00930093,,0.0,9.277777777777779,8.0
UNV,2024-04-28 01:15:00,-77.85,40.85,378.0,49.0,49.0,100.0,0.0,0.0,0.0,30.24,,2.0,,OVC,,,,100.0,,,,BR,,,,,,,49.0,KUNV 280515Z AUTO 00000KT 2SM BR OVC001 10/10 A3024 RMK AO2 T00950095,,0.0,9.444444444444445,8.0
UNV,2024-04-28 01:35:00,-77.85,40.85,378.0,49.0,49.0,100.0,0.0,0.0,0.0,30.23,,2.0,,OVC,,,,100.0,,,,BR,,,,,,,49.0,KUNV 280535Z AUTO 00000KT 2SM BR OVC001 10/10 A3023 RMK AO2 T00950095,,0.0,9.444444444444445,8.0
UNV,2024-04-28 01:55:00,-77.85,40.85,378.0,49.5,49.5,100.0,0.0,0.0,0.0,30.22,,3.0,,OVC,,,,100.0,,,,BR,,,,,,,49.5,KUNV 280555Z AUTO 00000KT 3SM BR OVC001 10/10 A3022 RMK AO2 T00970097 10097 20088,,0.0,9.722222222222221,8.0
UNV,2024-04-28 02:15:00,-77.85,40.85,378.0,49.6,49.5,99.63,0.0,0.0,0.0,30.22,,3.0,,OVC,,,,300.0,,,,BR,,,,,,,49.6,KUNV 280615Z AUTO 00000KT 3SM BR OVC003 10/10 A3022 RMK AO2 T00980097,,0.0,9.777777777777779,8.0
UNV,2024-04-28 02:35:00,-77.85,40.85,378.0,49.6,49.5,99.63,0.0,0.0,0.0,30.21,,2.5,,OVC,,,,300.0,,,,BR,,,,,,,49.6,KUNV 280635Z AUTO 00000KT 2 1/2SM BR OVC003 10/10 A3021 RMK AO2 T00980097,,0.0,9.777777777777779,8.0
UNV,2024-04-28 02:55:00,-77.85,40.85,378.0,50.0,49.6,98.52,0.0,0.0,0.0,30.2,,3.0,,OVC,,,,300.0,,,,BR,,,,,,,50.0,KUNV 280655Z AUTO 00000KT 3SM BR OVC003 10/10 A3020 RMK AO2 T00990098,,0.0,10.0,8.0
UNV,2024-04-28 03:15:00,-77.85,40.85,378.0,50.0,50.0,100.0,0.0,0.0,0.0,30.2,,4.0,,OVC,,,,300.0,,,,BR,,,,,,,50.0,KUNV 280715Z AUTO 00000KT 4SM BR OVC003 10/10 A3020 RMK AO2 T01000100,,0.0,10.0,8.0
UNV,2024-04-28 03:35:00,-77.85,40.85,378.0,50.0,50.0,100.0,0.0,0.0,0.0,30.2,,3.0,,OVC,,,,300.0,,,,BR,,,,,,,50.0,KUNV 280735Z AUTO 00000KT 3SM BR OVC003 10/10 A3020 RMK AO2 T01000100,,0.0,10.0,8.0
UNV,2024-04-28 03:55:00,-77.85,40.85,378.0,50.0,50.0,100.0,0.0,0.0,0.0,30.21,,3.0,,OVC,,,,300.0,,,,BR,,,,,,,50.0,KUNV 280755Z AUTO 00000KT 3SM BR OVC003 10/10 A3021 RMK AO2 T01010100,,0.0,10.0,8.0
UNV,2024-04-28 04:15:00,-77.85,40.85,378.0,50.0,50.0,100.0,0.0,0.0,0.0,30.2,,2.0,,OVC,,,,300.0,,,,BR,,,,,,,50.0,KUNV 280815Z AUTO 00000KT 2SM BR OVC003 10/10 A3020 RMK AO2 T01000100,,0.0,10.0,8.0
UNV,2024-04-28 04:35:00,-77.85,40.85,378.0,50.0,50.0,100.0,0.0,0.0,0.0,30.2,,1.5,,OVC,,,,300.0,,,,BR,,,,,,,50.0,KUNV 280835Z AUTO 00000KT 1 1/2SM BR OVC003 10/10 A3020 RMK AO2 T01000100,,0.0,10.0,8.0
UNV,2024-04-28 04:55:00,-77.85,40.85,378.0,50.0,50.0,100.0,0.0,0.0,0.0,30.19,,1.25,,OVC,,,,300.0,,,,BR,,,,,,,50.0,KUNV 280855Z AUTO 00000KT 1 1/4SM BR OVC003 10/10 A3019 RMK AO2 T01010100,,0.0,10.0,8.0
UNV,2024-04-28 05:15:00,-77.85,40.85,378.0,50.0,50.0,100.0,0.0,0.0,0.0,30.19,,2.0,,OVC,,,,300.0,,,,BR,,,,,,,50.0,KUNV 280915Z AUTO 00000KT 2SM BR OVC003 10/10 A3019 RMK AO2 T01010100,,0.0,10.0,8.0
UNV,2024-04-28 05:35:00,-77.85,40.85,378.0,50.0,50.0,100.0,0.0,0.0,0.0,30.19,,4.0,,OVC,,,,300.0,,,,BR,,,,,,,50.0,KUNV 280935Z AUTO 00000KT 4SM BR OVC003 10/10 A3019 RMK AO2 T01000100,,0.0,10.0,8.0
UNV,2024-04-28 05:53:00,-77.85,40.85,378.0,50.0,50.0,100.0,0.0,0.0,0.0,30.18,,2.0,,OVC,,,,300.0,,,,BR,,,,,,,50.0,KUNV 280953Z 00000KT 2SM BR OVC003 10/10 A3018,,0.0,10.0,8.0
UNV,2024-04-28 06:53:00,-77.85,40.85,378.0,50.0,50.0,100.0,0.0,0.0,0.0,30.18,,0.5,,OVC,,,,300.0,,,,FG,,,,,,,50.0,KUNV 281053Z 00000KT 1/2SM RY24/6000FT FG OVC003 10/10 A3018,,0.0,10.0,8.0
UNV,2024-04-28 07:53:00,-77.85,40.85,378.0,50.0,50.0,100.0,0.0,0.0,0.0,30.19,,0.75,,OVC,,,,300.0,,,,BR,,,,,,,50.0,KUNV 281153Z 00000KT 3/4SM RY24/6000FT BR OVC003 10/10 A3019,,0.0,10.0,8.0
UNV,2024-04-28 08:32:00,-77.85,40.85,378.0,50.0,50.0,100.0,200.0,4.0,0.0,30.19,,3.0,,OVC,,,,300.0,,,,BR,,,,,,,50.0,KUNV 281232Z 20004KT 3SM BR OVC003 10/10 A3019,,2.057776,10.0,8.0
UNV,2024-04-28 08:53:00,-77.85,40.85,378.0,51.8,51.8,100.0,0.0,0.0,0.0,30.19,,4.0,,OVC,,,,300.0,,,,BR,,,,,,,51.8,KUNV 281253Z 00000KT 4SM BR OVC003 11/11 A3019,,0.0,10.999999999999998,8.0
UNV,2024-04-28 09:53:00,-77.85,40.85,378.0,57.2,55.4,93.69,0.0,0.0,0.0,30.17,,10.0,,SCT,,,,500.0,,,,,,,,,,,57.2,KUNV 281353Z 00000KT 10SM SCT005 14/13 A3017,,0.0,14.000000000000002,4.0
UNV,2024-04-28 10:53:00,-77.85,40.85,378.0,62.6,55.4,77.29,0.0,0.0,0.0,30.16,,10.0,,CLR,,,,,,,,,,,,,,,62.6,KUNV 281453Z 00000KT 10SM CLR 17/13 A3016,,0.0,17.0,0.0
UNV,2024-04-28 11:53:00,-77.85,40.85,378.0,69.8,57.2,64.26,0.0,0.0,0.0,30.15,,10.0,,CLR,,,,,,,,,,,,,,,69.8,KUNV 281553Z 00000KT 10SM CLR 21/14 A3015,,0.0,21.0,0.0
UNV,2024-04-28 12:53:00,-77.85,40.85,378.0,77.0,59.0,53.8,250.0,6.0,0.0,30.11,,10.0,,CLR,,,,,,,,,,,,,,,77.0,KUNV 281653Z 25006KT 10SM CLR 25/15 A3011,,3.086664,25.0,0.0
UNV,2024-04-28 13:53:00,-77.85,40.85,378.0,78.8,57.2,47.52,250.0,9.0,0.0,30.1,,10.0,15.0,BKN,,,,5500.0,,,,,,,,,,,78.8,KUNV 281753Z 25009G15KT 10SM BKN055 26/14 A3010,,4.629996,26.0,6.0
UNV,2024-04-28 14:53:00,-77.85,40.85,378.0,82.4,55.4,39.58,270.0,14.0,0.0,30.08,,10.0,21.0,BKN,,,,6500.0,,,,,,,,,,,81.75,KUNV 281853Z 27014G21KT 10SM BKN065 28/13 A3008,,7.202216,28.000000000000004,6.0
UNV,2024-04-28 15:53:00,-77.85,40.85,378.0,80.6,53.6,39.3,270.0,11.0,0.0,30.07,,10.0,18.0,BKN,,,,7000.0,,,,,,,,,,,80.29,KUNV 281953Z 27011G18KT 10SM BKN070 27/12 A3007,,5.6588840000000005,26.999999999999996,6.0
UNV,2024-04-28 16:53:00,-77.85,40.85,378.0,80.6,53.6,39.3,270.0,12.0,0.0,30.06,,10.0,20.0,BKN,,,,7500.0,,,,,,,,,,,80.29,KUNV 282053Z 27012G20KT 10SM BKN075 27/12 A3006,,6.173328,26.999999999999996,6.0
UNV,2024-04-28 17:53:00,-77.85,40.85,378.0,80.6,51.8,36.79,290.0,11.0,0.0,30.06,,10.0,18.0,BKN,,,,7500.0,,,,,,,,,,,80.08,KUNV 282153Z 29011G18KT 10SM BKN075 27/11 A3006,,5.6588840000000005,26.999999999999996,6.0
UNV,2024-04-28 18:53:00,-77.85,40.85,378.0,78.8,53.6,41.69,280.0,9.0,0.0,30.06,,10.0,16.0,SCT,,,,7500.0,,,,,,,,,,,78.8,KUNV 282253Z 28009G16KT 10SM SCT075 26/12 A3006,,4.629996,26.0,4.0
UNV,2024-04-28 19:53:00,-77.85,40.85,378.0,75.2,55.4,50.17,260.0,6.0,0.0,30.06,,10.0,,SCT,,,,7500.0,,,,,,,,,,,75.2,KUNV 282353Z 26006KT 10SM SCT075 24/13 A3006,,3.086664,24.0,4.0
UNV,2024-04-28 20:53:00,-77.85,40.85,378.0,73.4,53.6,49.9,250.0,5.0,0.0,30.07,,10.0,,CLR,,,,,,,,,,,,,,,73.4,KUNV 290053Z 25005KT 10SM CLR 23/12 A3007,,2.57222,23.000000000000004,0.0
UNV,2024-04-28 21:53:00,-77.85,40.85,378.0,73.4,53.6,49.9,250.0,4.0,0.0,30.07,,10.0,,CLR,,,,,,,,,,,,,,,73.4,KUNV 290153Z 25004KT 10SM CLR 23/12 A3007,,2.057776,23.000000000000004,0.0
UNV,2024-04-28 22:21:00,-77.85,40.85,378.0,68.0,53.6,59.97,0.0,0.0,0.0,30.08,,10.0,,CLR,,,,,,,,,,,,,,,68.0,KUNV 290221Z AUTO 00000KT 10SM CLR 20/12 A3008 RMK AO2,,0.0,20.0,0.0
UNV,2024-04-28 22:41:00,-77.85,40.85,378.0,68.0,53.6,59.97,0.0,0.0,0.0,30.07,,10.0,,SCT,,,,6000.0,,,,,,,,,,,68.0,KUNV 290241Z AUTO 00000KT 10SM SCT060 20/12 A3007 RMK AO2,,0.0,20.0,4.0
UNV,2024-04-28 22:59:00,-77.85,40.85,378.0,68.0,53.6,59.97,40.0,3.0,0.0,30.07,,10.0,,SCT,,,,6000.0,,,,,,,,,,,68.0,KUNV 290259Z AUTO 04003KT 10SM SCT060 20/12 A3007 RMK AO2,,1.543332,20.0,4.0
UNV,2024-04-28 23:19:00,-77.85,40.85,378.0,69.8,55.4,60.21,0.0,0.0,0.0,30.07,,10.0,,SCT,,,,6000.0,,,,,,,,,,,69.8,KUNV 290319Z AUTO 00000KT 10SM SCT060 21/13 A3007 RMK AO2,,0.0,21.0,4.0
UNV,2024-04-28 23:40:00,-77.85,40.85,378.0,66.2,53.6,63.82,0.0,0.0,0.0,30.06,,10.0,,CLR,,,,,,,,,,,,,,,66.2,KUNV 290340Z AUTO 00000KT 10SM CLR 19/12 A3006 RMK AO2,,0.0,19.0,0.0
UNV,2024-04-28 23:59:00,-77.85,40.85,378.0,66.2,55.4,68.15,10.0,5.0,0.0,30.06,,10.0,,CLR,,,,,,,,,,,,,,,66.2,KUNV 290359Z AUTO 01005KT 10SM CLR 19/13 A3006 RMK AO2,,2.57222,19.0,0.0
UNV,2024-04-29 00:19:00,-77.85,40.85,378.0,64.4,57.2,77.45,0.0,0.0,0.0,30.07,,10.0,,CLR,,,,,,,,,,,,,,,64.4,KUNV 290419Z AUTO 00000KT 10SM CLR 18/14 A3007 RMK AO2,,0.0,18.000000000000004,0.0
UNV,2024-04-29 00:52:00,-77.85,40.85,378.0,64.4,57.2,77.45,0.0,0.0,0.0,30.07,,10.0,,SCT,,,,6000.0,,,,,,,,,,,64.4,KUNV 290452Z AUTO 00000KT 10SM SCT060 18/14 A3007 RMK AO2,,0.0,18.000000000000004,4.0
UNV,2024-04-29 01:19:00,-77.85,40.85,378.0,60.8,55.4,82.37,0.0,0.0,0.0,30.07,,10.0,,CLR,,,,,,,,,,,,,,,60.8,KUNV 290519Z AUTO 00000KT 10SM CLR 16/13 A3007 RMK AO2,,0.0,16.0,0.0
UNV,2024-04-29 01:39:00,-77.85,40.85,378.0,64.4,55.4,72.56,0.0,0.0,0.0,30.07,,10.0,,SCT,,,,6000.0,,,,,,,,,,,64.4,KUNV 290539Z AUTO 00000KT 10SM SCT060 18/13 A3007 RMK AO2,,0.0,18.000000000000004,4.0
UNV,2024-04-29 01:59:00,-77.85,40.85,378.0,62.6,55.4,77.29,0.0,0.0,0.0,30.06,,10.0,,SCT,,,,6000.0,,,,,,,,,,,62.6,KUNV 290559Z AUTO 00000KT 10SM SCT060 17/13 A3006 RMK AO2,,0.0,17.0,4.0
UNV,2024-04-29 02:19:00,-77.85,40.85,378.0,62.6,55.4,77.29,0.0,0.0,0.0,30.06,,10.0,,SCT,,,,6000.0,,,,,,,,,,,62.6,KUNV 290619Z AUTO 00000KT 10SM SCT060 17/13 A3006 RMK AO2,,0.0,17.0,4.0
UNV,2024-04-29 02:40:00,-77.85,40.85,378.0,62.6,55.4,77.29,0.0,0.0,0.0,30.05,,10.0,,CLR,,,,,,,,,,,,,,,62.6,KUNV 290640Z AUTO 00000KT 10SM CLR 17/13 A3005 RMK AO2,,0.0,17.0,0.0
UNV,2024-04-29 02:59:00,-77.85,40.85,378.0,60.8,55.4,82.37,0.0,0.0,0.0,30.05,,10.0,,CLR,,,,,,,,,,,,,,,60.8,KUNV 290659Z AUTO 00000KT 10SM CLR 16/13 A3005 RMK AO2,,0.0,16.0,0.0
UNV,2024-04-29 03:19:00,-77.85,40.85,378.0,60.8,55.4,82.37,0.0,0.0,0.0,30.05,,10.0,,CLR,,,,,,,,,,,,,,,60.8,KUNV 290719Z AUTO 00000KT 10SM CLR 16/13 A3005 RMK AO2,,0.0,16.0,0.0
UNV,2024-04-29 03:40:00,-77.85,40.85,378.0,60.8,55.4,82.37,0.0,0.0,0.0,30.05,,10.0,,CLR,,,,,,,,,,,,,,,60.8,KUNV 290740Z AUTO 00000KT 10SM CLR 16/13 A3005 RMK AO2,,0.0,16.0,0.0
UNV,2024-04-29 03:59:00,-77.85,40.85,378.0,60.8,55.4,82.37,0.0,0.0,0.0,30.04,,10.0,,CLR,,,,,,,,,,,,,,,60.8,KUNV 290759Z AUTO 00000KT 10SM CLR 16/13 A3004 RMK AO2,,0.0,16.0,0.0
UNV,2024-04-29 04:19:00,-77.85,40.85,378.0,59.0,37.4,44.47,0.0,0.0,0.0,30.05,,10.0,,CLR,,,,,,,,,,,,,,,59.0,KUNV 290819Z AUTO 00000KT 10SM CLR 15/03 A3005 RMK AO2,,0.0,15.0,0.0
UNV,2024-04-29 04:40:00,-77.85,40.85,378.0,59.0,55.4,87.83,0.0,0.0,0.0,30.05,,10.0,,CLR,,,,,,,,,,,,,,,59.0,KUNV 290840Z AUTO 00000KT 10SM CLR 15/13 A3005 RMK AO2,,0.0,15.0,0.0
UNV,2024-04-29 04:59:00,-77.85,40.85,378.0,59.0,55.4,87.83,0.0,0.0,0.0,30.04,,10.0,,CLR,,,,,,,,,,,,,,,59.0,KUNV 290859Z AUTO 00000KT 10SM CLR 15/13 A3004 RMK AO2,,0.0,15.0,0.0
UNV,2024-04-29 05:20:00,-77.85,40.85,378.0,59.0,55.4,87.83,0.0,0.0,0.0,30.05,,10.0,,CLR,,,,,,,,,,,,,,,59.0,KUNV 290920Z AUTO 00000KT 10SM CLR 15/13 A3005 RMK AO2,,0.0,15.0,0.0
UNV,2024-04-29 05:53:00,-77.85,40.85,378.0,59.0,55.4,87.83,0.0,0.0,0.0,30.05,,10.0,,CLR,,,,,,,,,,,,,,,59.0,KUNV 290953Z 00000KT 10SM CLR 15/13 A3005,,0.0,15.0,0.0
UNV,2024-04-29 06:53:00,-77.85,40.85,378.0,57.2,57.2,100.0,0.0,0.0,0.0,30.04,,10.0,,CLR,,,,,,,,,,,,,,,57.2,KUNV 291053Z 00000KT 10SM CLR 14/14 A3004,,0.0,14.000000000000002,0.0
UNV,2024-04-29 07:53:00,-77.85,40.85,378.0,60.8,57.2,87.92,0.0,0.0,0.0,30.05,,10.0,,CLR,,,,,,,,,,,,,,,60.8,KUNV 291153Z 00000KT 10SM CLR 16/14 A3005,,0.0,16.0,0.0
UNV,2024-04-29 08:53:00,-77.85,40.85,378.0,68.0,55.4,64.04,230.0,4.0,0.0,30.06,,10.0,,CLR,,,,,,,,,,,,,,,68.0,KUNV 291253Z 23004KT 10SM CLR 20/13 A3006,,2.057776,20.0,0.0
UNV,2024-04-29 09:53:00,-77.85,40.85,378.0,75.2,57.2,53.55,270.0,5.0,0.0,30.06,,10.0,,CLR,,,,,,,,,,,,,,,75.2,KUNV 291353Z 27005KT 10SM CLR 24/14 A3006,,2.57222,24.0,0.0
UNV,2024-04-29 10:53:00,-77.85,40.85,378.0,78.8,55.4,44.52,310.0,9.0,0.0,30.06,,10.0,,BKN,,,,6000.0,,,,,,,,,,,78.8,KUNV 291453Z 31009KT 10SM BKN060 26/13 A3006,,4.629996,26.0,6.0
UNV,2024-04-29 11:53:00,-77.85,40.85,378.0,80.6,57.2,44.8,240.0,9.0,0.0,30.05,,10.0,15.0,BKN,,,,7000.0,,,,,,,,,,,80.81,KUNV 291553Z 24009G15KT 10SM BKN070 27/14 A3005,,4.629996,26.999999999999996,6.0
UNV,2024-04-29 12:53:00,-77.85,40.85,378.0,80.6,55.4,41.97,230.0,6.0,0.0,30.04,,10.0,12.0,BKN,,,,7000.0,,,,,,,,,,,80.53,KUNV 291653Z 23006G12KT 10SM BKN070 27/13 A3004,,3.086664,26.999999999999996,6.0
UNV,2024-04-29 13:53:00,-77.85,40.85,378.0,82.4,55.4,39.58,280.0,6.0,0.0,30.02,,10.0,12.0,BKN,,,,7000.0,,,,,,,,,,,81.75,KUNV 291753Z 28006G12KT 10SM BKN070 28/13 A3002,,3.086664,28.000000000000004,6.0
UNV,2024-04-29 14:53:00,-77.85,40.85,378.0,84.2,55.4,37.35,240.0,8.0,0.0,30.0,,10.0,14.0,BKN,,,,8000.0,,,,,,,,,,,83.09,KUNV 291853Z 24008G14KT 10SM BKN080 29/13 A3000,,4.115552,29.0,6.0
UNV,2024-04-29 15:53:00,-77.85,40.85,378.0,82.4,55.4,39.58,250.0,9.0,0.0,29.99,,10.0,15.0,BKN,,,,8000.0,,,,,,,,,,,81.75,KUNV 291953Z 25009G15KT 10SM BKN080 28/13 A2999,,4.629996,28.000000000000004,6.0
UNV,2024-04-29 16:53:00,-77.85,40.85,378.0,82.4,53.6,37.07,230.0,10.0,0.0,29.97,,10.0,,BKN,,,,8000.0,,,,,,,,,,,81.46,KUNV 292053Z 23010KT 10SM BKN080 28/12 A2997,,5.14444,28.000000000000004,6.0
UNV,2024-04-29 17:53:00,-77.85,40.85,378.0,82.4,55.4,39.58,240.0,8.0,0.0,29.95,,10.0,,SCT,,,,7000.0,,,,,,,,,,,81.75,KUNV 292153Z 24008KT 10SM SCT070 28/13 A2995,,4.115552,28.000000000000004,4.0
UNV,2024-04-29 18:53:00,-77.85,40.85,378.0,80.6,51.8,36.79,250.0,8.0,0.0,29.94,,10.0,,CLR,,,,,,,,,,,,,,,80.08,KUNV 292253Z 25008KT 10SM CLR 27/11 A2994,,4.115552,26.999999999999996,0.0
UNV,2024-04-29 19:53:00,-77.85,40.85,378.0,78.8,51.8,39.02,0.0,0.0,0.0,29.93,,10.0,,CLR,,,,,,,,,,,,,,,78.8,KUNV 292353Z 00000KT 10SM CLR 26/11 A2993,,0.0,26.0,0.0
UNV,2024-04-29 20:53:00,-77.85,40.85,378.0,75.2,53.6,46.98,0.0,0.0,0.0,29.93,,10.0,,CLR,,,,,,,,,,,,,,,75.2,KUNV 300053Z 00000KT 10SM CLR 24/12 A2993,,0.0,24.0,0.0
UNV,2024-04-29 21:53:00,-77.85,40.85,378.0,71.6,53.6,53.03,0.0,0.0,0.0,29.93,,10.0,,CLR,,,,,,,,,,,,,,,71.6,KUNV 300153Z 00000KT 10SM CLR 22/12 A2993,,0.0,21.999999999999996,0.0
UNV,2024-04-29 22:29:00,-77.85,40.85,378.0,71.6,53.6,53.03,0.0,0.0,0.0,29.93,,10.0,,CLR,,,,,,,,,,,,,,,71.6,KUNV 300229Z AUTO 00000KT 10SM CLR 22/12 A2993 RMK AO2,,0.0,21.999999999999996,0.0
UNV,2024-04-29 22:59:00,-77.85,40.85,378.0,69.8,53.6,56.38,0.0,0.0,0.0,29.92,,10.0,,CLR,,,,,,,,,,,,,,,69.8,KUNV 300259Z AUTO 00000KT 10SM CLR 21/12 A2992 RMK AO2,,0.0,21.0,0.0
UNV,2024-04-29 23:19:00,-77.85,40.85,378.0,71.6,53.6,53.03,0.0,0.0,0.0,29.91,,10.0,,CLR,,,,,,,,,,,,,,,71.6,KUNV 300319Z AUTO 00000KT 10SM CLR 22/12 A2991 RMK AO2,,0.0,21.999999999999996,0.0
UNV,2024-04-29 23:39:00,-77.85,40.85,378.0,71.6,53.6,53.03,0.0,0.0,0.0,29.9,,10.0,,CLR,,,,,,,,,,,,,,,71.6,KUNV 300339Z AUTO 00000KT 10SM CLR 22/12 A2990 RMK AO2,,0.0,21.999999999999996,0.0
UNV,2024-04-30 01:36:00,-77.85,40.85,378.0,69.8,55.4,60.21,220.0,3.0,0.0,29.89,,10.0,,CLR,,,,,,,,,,,,,,,69.8,KUNV 300536Z AUTO 22003KT 10SM CLR 21/13 A2989 RMK AO2,,1.543332,21.0,0.0
UNV,2024-04-30 01:40:00,-77.85,40.85,378.0,69.8,55.4,60.21,220.0,3.0,0.0,29.89,,10.0,,CLR,,,,,,,,,,,,,,,69.8,KUNV 300540Z AUTO 22003KT 10SM CLR 21/13 A2989 RMK AO2,,1.543332,21.0,0.0
UNV,2024-04-30 02:00:00,-77.85,40.85,378.0,68.0,55.4,64.04,0.0,0.0,0.0,29.88,,10.0,,CLR,,,,,,,,,,,,,,,68.0,KUNV 300600Z AUTO 00000KT 10SM CLR 20/13 A2988 RMK AO2,,0.0,20.0,0.0
UNV,2024-04-30 02:19:00,-77.85,40.85,378.0,32.0,35.6,,0.0,0.0,0.0,29.87,,7.0,,CLR,,,,,,,,,,,,,,,,KUNV 300619Z AUTO 00000KT 7SM CLR 00/02 A2987 RMK AO2,,0.0,0.0,0.0
UNV,2024-04-30 02:40:00,-77.85,40.85,378.0,69.8,55.4,60.21,0.0,0.0,0.0,29.87,,10.0,,CLR,,,,,,,,,,,,,,,69.8,KUNV 300640Z AUTO 00000KT 10SM CLR 21/13 A2987 RMK AO2,,0.0,21.0,0.0
UNV,2024-04-30 03:00:00,-77.85,40.85,378.0,68.0,55.4,64.04,270.0,3.0,0.0,29.87,,7.0,,CLR,,,,,,,,,,,,,,,68.0,KUNV 300700Z AUTO 27003KT 7SM CLR 20/13 A2987 RMK AO2,,1.543332,20.0,0.0
UNV,2024-04-30 03:20:00,-77.85,40.85,378.0,68.0,55.4,64.04,260.0,4.0,0.0,29.87,,10.0,,CLR,,,,,,,,,,,,,,,68.0,KUNV 300720Z AUTO 26004KT 10SM CLR 20/13 A2987 RMK AO2 LTG DSNT NE,,2.057776,20.0,0.0
UNV,2024-04-30 03:39:00,-77.85,40.85,378.0,68.0,55.4,64.04,260.0,5.0,0.0,29.86,,10.0,,CLR,,,,,,,,,,,,,,,68.0,KUNV 300739Z AUTO 26005KT 10SM CLR 20/13 A2986 RMK AO2,,2.57222,20.0,0.0
UNV,2024-04-30 03:59:00,-77.85,40.85,378.0,66.2,55.4,68.15,290.0,4.0,0.0,29.86,,10.0,,CLR,,,,,,,,,,,,,,,66.2,KUNV 300759Z AUTO 29004KT 10SM CLR 19/13 A2986 RMK AO2,,2.057776,19.0,0.0
UNV,2024-04-30 04:36:00,-77.85,40.85,378.0,62.6,55.4,77.29,0.0,0.0,0.0,29.86,,10.0,,CLR,,,,,,,,,,,,,,,62.6,KUNV 300836Z AUTO 00000KT 10SM CLR 17/13 A2986 RMK AO2,,0.0,17.0,0.0
UNV,2024-04-30 04:59:00,-77.85,40.85,378.0,66.2,55.4,68.15,0.0,0.0,0.0,29.86,,10.0,,SCT,SCT,,,5500.0,7000.0,,,,,,,,,,66.2,KUNV 300859Z AUTO 00000KT 10SM SCT055 SCT070 19/13 A2986 RMK AO2,,0.0,19.0,4.0
UNV,2024-04-30 05:29:00,-77.85,40.85,378.0,62.6,55.4,77.29,270.0,3.0,0.0,29.87,,10.0,,SCT,SCT,,,5500.0,7000.0,,,,,,,,,,62.6,KUNV 300929Z AUTO 27003KT 10SM SCT055 SCT070 17/13 A2987 RMK AO2,,1.543332,17.0,4.0
UNV,2024-04-30 05:53:00,-77.85,40.85,378.0,66.2,55.4,68.15,260.0,3.0,0.0,29.87,,10.0,,CLR,,,,,,,,,,,,,,,66.2,KUNV 300953Z 26003KT 10SM CLR 19/13 A2987,,1.543332,19.0,0.0
UNV,2024-04-30 06:53:00,-77.85,40.85,378.0,60.8,57.2,87.92,190.0,3.0,0.0,29.88,,10.0,,CLR,,,,,,,,,,,,,,,60.8,KUNV 301053Z 19003KT 10SM CLR 16/14 A2988,,1.543332,16.0,0.0
UNV,2024-04-30 08:53:00,-77.85,40.85,378.0,71.6,57.2,60.44,0.0,0.0,0.0,29.9,,10.0,,CLR,,,,,,,,,,,,,,,71.6,KUNV 301253Z 00000KT 10SM CLR 22/14 A2990,,0.0,21.999999999999996,0.0
UNV,2024-04-30 09:53:00,-77.85,40.85,378.0,75.2,55.4,50.17,230.0,3.0,0.0,29.9,,10.0,,CLR,,,,,,,,,,,,,,,75.2,KUNV 301353Z 23003KT 10SM CLR 24/13 A2990,,1.543332,24.0,0.0
UNV,2024-04-30 10:53:00,-77.85,40.85,378.0,77.0,57.2,50.43,210.0,8.0,0.0,29.88,,10.0,,FEW,,,,3500.0,,,,,,,,,,,77.0,KUNV 301453Z 21008KT 10SM FEW035 25/14 A2988,,4.115552,25.0,2.0
UNV,2024-04-30 11:53:00,-77.85,40.85,378.0,80.6,55.4,41.97,250.0,8.0,0.0,29.86,,10.0,,SCT,,,,4500.0,,,,,,,,,,,80.53,KUNV 301553Z 25008KT 10SM SCT045 27/13 A2986,,4.115552,26.999999999999996,4.0
UNV,2024-04-30 12:53:00,-77.85,40.85,378.0,80.6,55.4,41.97,250.0,11.0,0.0,29.85,,10.0,18.0,BKN,,,,4500.0,,,,,,,,,,,80.53,KUNV 301653Z 25011G18KT 10SM BKN045 27/13 A2985,,5.6588840000000005,26.999999999999996,6.0
UNV,2024-04-30 13:53:00,-77.85,40.85,378.0,78.8,53.6,41.69,240.0,13.0,0.0,29.83,,10.0,20.0,BKN,BKN,,,4500.0,6000.0,,,-DZ,,,,,,,78.8,KUNV 301753Z 24013G20KT 10SM -DZ BKN045 BKN060 26/12 A2983,,6.687772,26.0,6.0
UNV,2024-04-30 14:53:00,-77.85,40.85,378.0,77.0,57.2,50.43,250.0,8.0,0.0,29.83,,10.0,,BKN,,,,4500.0,,,,VCSH,,,,,,,77.0,KUNV 301853Z 25008KT 10SM VCSH BKN045 25/14 A2983,,4.115552,25.0,6.0
UNV,2024-04-30 15:53:00,-77.85,40.85,378.0,71.6,57.2,60.44,290.0,14.0,0.0,29.84,,10.0,24.0,BKN,,,,4500.0,,,,,,,,,,,71.6,KUNV 301953Z 29014G24KT 10SM BKN045 22/14 A2984,,7.202216,21.999999999999996,6.0
UNV,2024-04-30 16:53:00,-77.85,40.85,378.0,68.0,57.2,68.35,300.0,8.0,0.0,29.88,,10.0,,BKN,,,,5000.0,,,,,,,,,,,68.0,KUNV 302053Z 30008KT 10SM BKN050 20/14 A2988,,4.115552,20.0,6.0
UNV,2024-04-30 17:53:00,-77.85,40.85,378.0,64.4,57.2,77.45,270.0,5.0,0.0,29.9,,10.0,,BKN,OVC,,,1800.0,6000.0,,,-RA,,,,,,,64.4,KUNV 302153Z 27005KT 10SM -RA BKN018 OVC060 18/14 A2990,,2.57222,18.000000000000004,8.0
UNV,2024-04-30 18:53:00,-77.85,40.85,378.0,62.6,62.6,100.0,0.0,0.0,0.0,29.9,,10.0,,SCT,,,,2000.0,,,,-RA,,,,,,,62.6,KUNV 302253Z 00000KT 10SM -RA SCT020 17/17 A2990,,0.0,17.0,4.0
UNV,2024-04-30 19:53:00,-77.85,40.85,378.0,62.6,62.6,100.0,0.0,0.0,0.0,29.9,,10.0,,SCT,,,,2000.0,,,,-RA,,,,,,,62.6,KUNV 302353Z COR 00000KT 10SM -RA SCT020 17/17 A2990,,0.0,17.0,4.0
UNV,2024-04-30 20:53:00,-77.85,40.85,378.0,60.8,60.8,100.0,0.0,0.0,0.0,29.9,,10.0,,CLR,,,,,,,,,,,,,,,60.8,KUNV 010053Z 00000KT 10SM CLR 16/16 A2990,,0.0,16.0,0.0
UNV,2024-04-30 21:53:00,-77.85,40.85,378.0,59.0,59.0,100.0,0.0,0.0,0.0,29.92,,10.0,,CLR,,,,,,,,,,,,,,,59.0,KUNV 010153Z 00000KT 10SM CLR 15/15 A2992,,0.0,15.0,0.0
UNV,2024-04-30 22:28:00,-77.85,40.85,378.0,59.0,59.0,100.0,0.0,0.0,0.0,29.93,,7.0,,CLR,,,,,,,,,,,,,,,59.0,KUNV 010228Z AUTO 00000KT 7SM CLR 15/15 A2993 RMK AO2,,0.0,15.0,0.0
UNV,2024-04-30 22:46:00,-77.85,40.85,378.0,59.0,59.0,100.0,0.0,0.0,0.0,29.93,,3.0,,SCT,SCT,SCT,,1600.0,2500.0,4400.0,,BR,,,,,,,59.0,KUNV 010246Z AUTO 00000KT 3SM BR SCT016 SCT025 SCT044 15/15 A2993 RMK AO2,,0.0,15.0,4.0
UNV,2024-05-01 00:19:00,-77.85,40.85,378.0,59.0,59.0,100.0,0.0,0.0,0.0,29.92,,7.0,,BKN,BKN,OVC,,1200.0,2100.0,4800.0,,,,,,,,,59.0,KUNV 010419Z AUTO 00000KT 7SM BKN012 BKN021 OVC048 15/15 A2992 RMK AO2,,0.0,15.0,8.0
UNV,2024-05-01 00:39:00,-77.85,40.85,378.0,59.0,59.0,100.0,0.0,0.0,0.0,29.93,,10.0,,BKN,BKN,OVC,,1200.0,4100.0,6500.0,,,,,,,,,59.0,KUNV 010439Z AUTO 00000KT 10SM BKN012 BKN041 OVC065 15/15 A2993 RMK AO2,,0.0,15.0,8.0
UNV,2024-05-01 01:00:00,-77.85,40.85,378.0,57.2,57.2,100.0,0.0,0.0,0.0,29.92,,7.0,,SCT,SCT,BKN,,1200.0,4100.0,6000.0,,,,,,,,,57.2,KUNV 010500Z AUTO 00000KT 7SM SCT012 SCT041 BKN060 14/14 A2992 RMK AO2,,0.0,14.000000000000002,6.0
UNV,2024-05-01 01:19:00,-77.85,40.85,378.0,57.2,57.2,100.0,0.0,0.0,0.0,29.92,,7.0,,BKN,BKN,BKN,,1200.0,3400.0,5000.0,,,,,,,,,57.2,KUNV 010519Z AUTO 00000KT 7SM BKN012 BKN034 BKN050 14/14 A2992 RMK AO2,,0.0,14.000000000000002,6.0
UNV,2024-05-01 01:39:00,-77.85,40.85,378.0,57.2,33.8,41.13,0.0,0.0,0.0,29.92,,10.0,,OVC,,,,1200.0,,,,,,,,,,,57.2,KUNV 010539Z AUTO 00000KT 10SM OVC012 14/01 A2992 RMK AO2,,0.0,14.000000000000002,8.0
UNV,2024-05-01 02:09:00,-77.85,40.85,378.0,57.2,57.2,100.0,0.0,0.0,0.0,29.92,,10.0,,BKN,BKN,OVC,,1000.0,4300.0,6000.0,,,,,,,,,57.2,KUNV 010609Z AUTO 00000KT 10SM BKN010 BKN043 OVC060 14/14 A2992 RMK AO2,,0.0,14.000000000000002,8.0
UNV,2024-05-01 02:39:00,-77.85,40.85,378.0,57.2,57.2,100.0,0.0,0.0,0.0,29.92,,5.0,,SCT,,,,1000.0,,,,BR,,,,,,,57.2,KUNV 010639Z AUTO 00000KT 5SM BR SCT010 14/14 A2992 RMK AO2,,0.0,14.000000000000002,4.0
UNV,2024-05-01 03:00:00,-77.85,40.85,378.0,55.4,55.4,100.0,0.0,0.0,0.0,29.92,,7.0,,BKN,,,,1700.0,,,,,,,,,,,55.4,KUNV 010700Z AUTO 00000KT 7SM BKN017 13/13 A2992 RMK AO2,,0.0,13.0,6.0
UNV,2024-05-01 03:20:00,-77.85,40.85,378.0,57.2,57.2,100.0,0.0,0.0,0.0,29.93,,10.0,,SCT,SCT,,,1500.0,6000.0,,,,,,,,,,57.2,KUNV 010720Z AUTO 00000KT 10SM SCT015 SCT060 14/14 A2993 RMK AO2,,0.0,14.000000000000002,4.0
UNV,2024-05-01 03:53:00,-77.85,40.85,378.0,55.4,55.4,100.0,0.0,0.0,0.0,29.93,,2.5,,BKN,SCT,,,1100.0,7000.0,,,BR,,,,,,,55.4,KUNV 010753Z AUTO 00000KT 2 1/2SM BR BKN011 SCT070 13/13 A2993 RMK AO2,,0.0,13.0,6.0
UNV,2024-05-01 04:19:00,-77.85,40.85,378.0,55.4,55.4,100.0,0.0,0.0,0.0,29.93,,3.0,,SCT,,,,900.0,,,,BR,,,,,,,55.4,KUNV 010819Z AUTO 00000KT 3SM BR SCT009 13/13 A2993 RMK AO2,,0.0,13.0,4.0
UNV,2024-05-01 04:49:00,-77.85,40.85,378.0,53.6,53.6,100.0,0.0,0.0,0.0,29.94,,10.0,,SCT,,,,900.0,,,,,,,,,,,53.6,KUNV 010849Z AUTO 00000KT 10SM SCT009 12/12 A2994 RMK AO2,,0.0,12.0,4.0
UNV,2024-05-01 05:53:00,-77.85,40.85,378.0,51.8,51.8,100.0,230.0,6.0,0.0,29.95,,10.0,,FEW,SCT,,,1100.0,4300.0,,,BCFG,,,,,,,51.8,KUNV 010953Z 23006KT 10SM BCFG FEW011 SCT043 11/11 A2995,,3.086664,10.999999999999998,4.0
UNV,2024-05-01 06:53:00,-77.85,40.85,378.0,53.6,53.6,100.0,220.0,4.0,0.0,29.96,,10.0,,FEW,,,,400.0,,,,BCFG,,,,,,,53.6,KUNV 011053Z 22004KT 10SM BCFG FEW004 12/12 A2996,,2.057776,12.0,2.0
UNV,2024-05-01 07:53:00,-77.85,40.85,378.0,55.4,55.4,100.0,230.0,3.0,0.0,29.98,,10.0,,FEW,,,,400.0,,,,,,,,,,,55.4,KUNV 011153Z 23003KT 10SM FEW004 13/13 A2998,,1.543332,13.0,2.0
UNV,2024-05-01 08:53:00,-77.85,40.85,378.0,60.8,53.6,77.14,220.0,5.0,0.0,29.99,,10.0,,CLR,,,,,,,,,,,,,,,60.8,KUNV 011253Z 22005KT 10SM CLR 16/12 A2999,,2.57222,16.0,0.0
UNV,2024-05-01 09:53:00,-77.85,40.85,378.0,66.2,50.0,55.88,260.0,6.0,0.0,29.98,,10.0,,CLR,,,,,,,,,,,,,,,66.2,KUNV 011353Z 26006KT 10SM CLR 19/10 A2998,,3.086664,19.0,0.0
UNV,2024-05-01 10:53:00,-77.85,40.85,378.0,68.0,46.4,45.88,290.0,8.0,0.0,29.98,,10.0,,SCT,,,,4500.0,,,,,,,,,,,68.0,KUNV 011453Z 29008KT 10SM SCT045 20/08 A2998,,4.115552,20.0,4.0
UNV,2024-05-01 11:53:00,-77.85,40.85,378.0,71.6,48.2,43.42,290.0,8.0,0.0,29.96,,10.0,,SCT,,,,4500.0,,,,,,,,,,,71.6,KUNV 011553Z 29008KT 10SM SCT045 22/09 A2996,,4.115552,21.999999999999996,4.0
UNV,2024-05-01 12:53:00,-77.85,40.85,378.0,73.4,46.4,38.18,280.0,6.0,0.0,29.95,,10.0,,CLR,,,,,,,,,,,,,,,73.4,KUNV 011653Z 28006KT 10SM CLR 23/08 A2995,,3.086664,23.000000000000004,0.0
UNV,2024-05-01 13:53:00,-77.85,40.85,378.0,75.2,42.8,31.34,280.0,4.0,0.0,29.93,,10.0,14.0,CLR,,,,,,,,,,,,,,,75.2,KUNV 011753Z 28004G14KT 10SM CLR 24/06 A2993,,2.057776,24.0,0.0
UNV,2024-05-01 14:53:00,-77.85,40.85,378.0,77.0,42.8,29.51,360.0,5.0,0.0,29.92,,10.0,,CLR,,,,,,,,,,,,,,,77.0,KUNV 011853Z 36005KT 10SM CLR 25/06 A2992,,2.57222,25.0,0.0
UNV,2024-05-01 15:53:00,-77.85,40.85,378.0,77.0,44.6,31.62,260.0,9.0,0.0,29.91,,10.0,,CLR,,,,,,,,,,,,,,,77.0,KUNV 011953Z 26009KT 10SM CLR 25/07 A2991,,4.629996,25.0,0.0
UNV,2024-05-01 16:53:00,-77.85,40.85,378.0,77.0,42.8,29.51,260.0,10.0,0.0,29.91,,10.0,,CLR,,,,,,,,,,,,,,,77.0,KUNV 012053Z 26010KT 10SM CLR 25/06 A2991,,5.14444,25.0,0.0
UNV,2024-05-01 17:53:00,-77.85,40.85,378.0,78.8,42.8,27.81,280.0,10.0,0.0,29.91,,10.0,,CLR,,,,,,,,,,,,,,,78.8,KUNV 012153Z 28010KT 10SM CLR 26/06 A2991,,5.14444,26.0,0.0
UNV,2024-05-01 18:53:00,-77.85,40.85,378.0,75.2,44.6,33.57,250.0,7.0,0.0,29.91,,10.0,,CLR,,,,,,,,,,,,,,,75.2,KUNV 012253Z 25007KT 10SM CLR 24/07 A2991,,3.601108,24.0,0.0
UNV,2024-05-01 19:53:00,-77.85,40.85,378.0,73.4,42.8,33.29,270.0,5.0,0.0,29.92,,10.0,,CLR,,,,,,,,,,,,,,,73.4,KUNV 012353Z COR 27005KT 10SM CLR 23/06 A2992,,2.57222,23.000000000000004,0.0
UNV,2024-05-01 20:53:00,-77.85,40.85,378.0,71.6,42.8,35.37,0.0,0.0,0.0,29.93,,10.0,,CLR,,,,,,,,,,,,,,,71.6,KUNV 020053Z 00000KT 10SM CLR 22/06 A2993,,0.0,21.999999999999996,0.0
UNV,2024-05-01 21:53:00,-77.85,40.85,378.0,69.8,42.8,37.61,260.0,6.0,0.0,29.96,,10.0,,CLR,,,,,,,,,,,,,,,69.8,KUNV 020153Z 26006KT 10SM CLR 21/06 A2996,,3.086664,21.0,0.0
UNV,2024-05-01 22:20:00,-77.85,40.85,378.0,66.2,42.8,42.57,0.0,0.0,0.0,29.96,,10.0,,CLR,,,,,,,,,,,,,,,66.2,KUNV 020220Z AUTO 00000KT 10SM CLR 19/06 A2996 RMK AO2,,0.0,19.0,0.0
UNV,2024-05-01 22:59:00,-77.85,40.85,378.0,64.4,42.8,45.32,0.0,0.0,0.0,29.96,,10.0,,CLR,,,,,,,,,,,,,,,64.4,KUNV 020259Z AUTO 00000KT 10SM CLR 18/06 A2996 RMK AO2,,0.0,18.000000000000004,0.0
UNV,2024-05-01 23:20:00,-77.85,40.85,378.0,64.4,42.8,45.32,0.0,0.0,0.0,29.96,,10.0,,SCT,SCT,,,5500.0,7000.0,,,,,,,,,,64.4,KUNV 020320Z AUTO 00000KT 10SM SCT055 SCT070 18/06 A2996 RMK AO2,,0.0,18.000000000000004,4.0
UNV,2024-05-01 23:39:00,-77.85,40.85,378.0,64.4,42.8,45.32,0.0,0.0,0.0,29.96,,10.0,,SCT,,,,5500.0,,,,,,,,,,,64.4,KUNV 020339Z AUTO 00000KT 10SM SCT055 18/06 A2996 RMK AO2,,0.0,18.000000000000004,4.0
UNV,2024-05-02 01:39:00,-77.85,40.85,378.0,62.6,42.8,48.28,0.0,0.0,0.0,29.96,,10.0,,CLR,,,,,,,,,,,,,,,62.6,KUNV 020539Z AUTO 00000KT 10SM CLR 17/06 A2996 RMK AO2,,0.0,17.0,0.0
UNV,2024-05-02 02:06:00,-77.85,40.85,378.0,62.6,44.6,51.72,0.0,0.0,0.0,29.95,,10.0,,CLR,,,,,,,,,,,,,,,62.6,KUNV 020606Z AUTO 00000KT 10SM CLR 17/07 A2995 RMK AO2,,0.0,17.0,0.0
UNV,2024-05-02 02:39:00,-77.85,40.85,378.0,60.8,44.6,55.12,0.0,0.0,0.0,29.95,,10.0,,CLR,,,,,,,,,,,,,,,60.8,KUNV 020639Z AUTO 00000KT 10SM CLR 16/07 A2995 RMK AO2,,0.0,16.0,0.0
UNV,2024-05-02 03:25:00,-77.85,40.85,378.0,60.8,44.6,55.12,0.0,0.0,0.0,29.94,,10.0,,CLR,,,,,,,,,,,,,,,60.8,KUNV 020725Z AUTO 00000KT 10SM CLR 16/07 A2994 RMK AO2,,0.0,16.0,0.0
UNV,2024-05-02 03:40:00,-77.85,40.85,378.0,59.0,44.6,58.77,0.0,0.0,0.0,29.95,,10.0,,CLR,,,,,,,,,,,,,,,59.0,KUNV 020740Z AUTO 00000KT 10SM CLR 15/07 A2995 RMK AO2,,0.0,15.0,0.0
UNV,2024-05-02 04:07:00,-77.85,40.85,378.0,59.0,46.4,62.92,0.0,0.0,0.0,29.95,,10.0,,CLR,,,,,,,,,,,,,,,59.0,KUNV 020807Z AUTO 00000KT 10SM CLR 15/08 A2995 RMK AO2,,0.0,15.0,0.0
UNV,2024-05-02 04:40:00,-77.85,40.85,378.0,59.0,44.6,58.77,0.0,0.0,0.0,29.95,,10.0,,CLR,,,,,,,,,,,,,,,59.0,KUNV 020840Z AUTO 00000KT 10SM CLR 15/07 A2995 RMK AO2,,0.0,15.0,0.0
UNV,2024-05-02 05:15:00,-77.85,40.85,378.0,55.4,46.4,71.64,0.0,0.0,0.0,29.95,,10.0,,CLR,,,,,,,,,,,,,,,55.4,KUNV 020915Z AUTO 00000KT 10SM CLR 13/08 A2995 RMK AO2,,0.0,13.0,0.0
UNV,2024-05-02 05:53:00,-77.85,40.85,378.0,57.2,46.4,67.12,220.0,8.0,0.0,29.96,,10.0,,SCT,,,,4000.0,,,,,,,,,,,57.2,KUNV 020953Z 22008KT 10SM SCT040 14/08 A2996,,4.115552,14.000000000000002,4.0
UNV,2024-05-02 06:53:00,-77.85,40.85,378.0,59.0,48.2,67.33,220.0,8.0,0.0,29.99,,10.0,,SCT,,,,10000.0,,,,,,,,,,,59.0,KUNV 021053Z 22008KT 10SM SCT100 15/09 A2999,,4.115552,15.0,4.0
UNV,2024-05-02 07:53:00,-77.85,40.85,378.0,64.4,53.6,67.95,230.0,7.0,0.0,30.01,,10.0,,CLR,,,,,,,,,,,,,,,64.4,KUNV 021153Z 23007KT 10SM CLR 18/12 A3001,,3.601108,18.000000000000004,0.0
UNV,2024-05-02 08:53:00,-77.85,40.85,378.0,66.2,51.8,59.74,220.0,7.0,0.0,30.01,,10.0,,CLR,,,,,,,,,,,,,,,66.2,KUNV 021253Z 22007KT 10SM CLR 19/11 A3001,,3.601108,19.0,0.0
UNV,2024-05-02 09:53:00,-77.85,40.85,378.0,69.8,48.2,46.16,,5.0,0.0,30.03,,10.0,,FEW,,,,6000.0,,,,,,,,,,,69.8,KUNV 021353Z VRB05KT 10SM FEW060 21/09 A3003,,2.57222,21.0,2.0
UNV,2024-05-02 10:53:00,-77.85,40.85,378.0,73.4,48.2,40.85,230.0,4.0,0.0,30.02,,10.0,,CLR,,,,,,,,,,,,,,,73.4,KUNV 021453Z 23004KT 10SM CLR 23/09 A3002,,2.057776,23.000000000000004,0.0
UNV,2024-05-02 11:53:00,-77.85,40.85,378.0,77.0,44.6,31.62,250.0,8.0,0.0,30.0,,10.0,,CLR,,,,,,,,,,,,,,,77.0,KUNV 021553Z 25008KT 10SM CLR 25/07 A3000,,4.115552,25.0,0.0
UNV,2024-05-02 12:53:00,-77.85,40.85,378.0,78.8,41.0,25.95,280.0,9.0,0.0,30.0,,10.0,,CLR,,,,,,,,,,,,,,,78.8,KUNV 021653Z 28009KT 10SM CLR 26/05 A3000,,4.629996,26.0,0.0
UNV,2024-05-02 13:53:00,-77.85,40.85,378.0,82.4,39.2,21.51,260.0,9.0,0.0,29.97,,10.0,15.0,CLR,,,,,,,,,,,,,,,80.21,KUNV 021753Z 26009G15KT 220V300 10SM CLR 28/04 A2997,,4.629996,28.000000000000004,0.0
UNV,2024-05-02 14:53:00,-77.85,40.85,378.0,84.2,37.4,18.91,270.0,12.0,0.0,29.96,,10.0,,CLR,,,,,,,,,,,,,,,81.38,KUNV 021853Z 27012KT 10SM CLR 29/03 A2996,,6.173328,29.0,0.0
UNV,2024-05-02 15:53:00,-77.85,40.85,378.0,84.2,39.2,20.29,270.0,9.0,0.0,29.95,,10.0,15.0,CLR,,,,,,,,,,,,,,,81.44,KUNV 021953Z 27009G15KT 10SM CLR 29/04 A2995,,4.629996,29.0,0.0
UNV,2024-05-02 16:53:00,-77.85,40.85,378.0,84.2,33.8,16.39,270.0,10.0,0.0,29.94,,10.0,,CLR,,,,,,,,,,,,,,,81.3,KUNV 022053Z 27010KT 10SM CLR 29/01 A2994,,5.14444,29.0,0.0
UNV,2024-05-02 17:53:00,-77.85,40.85,378.0,84.2,35.6,17.61,290.0,9.0,0.0,29.94,,10.0,,CLR,,,,,,,,,,,,,,,81.34,KUNV 022153Z 29009KT 10SM CLR 29/02 A2994,,4.629996,29.0,0.0
UNV,2024-05-02 18:53:00,-77.85,40.85,378.0,82.4,32.0,16.17,300.0,10.0,0.0,29.95,,10.0,,CLR,,,,,,,,,,,,,,,80.0,KUNV 022253Z 30010KT 10SM CLR 28/00 A2995,,5.14444,28.000000000000004,0.0
UNV,2024-05-02 19:53:00,-77.85,40.85,378.0,78.8,33.8,19.55,300.0,7.0,0.0,29.96,,10.0,,CLR,,,,,,,,,,,,,,,78.8,KUNV 022353Z 30007KT 10SM CLR 26/01 A2996,,3.601108,26.0,0.0
UNV,2024-05-02 20:53:00,-77.85,40.85,378.0,78.8,32.0,18.18,0.0,0.0,0.0,29.98,,10.0,,CLR,,,,,,,,,,,,,,,78.8,KUNV 030053Z 00000KT 10SM CLR 26/00 A2998,,0.0,26.0,0.0
UNV,2024-05-02 21:53:00,-77.85,40.85,378.0,73.4,33.8,23.39,0.0,0.0,0.0,30.0,,10.0,,CLR,,,,,,,,,,,,,,,73.4,KUNV 030153Z 00000KT 10SM CLR 23/01 A3000,,0.0,23.000000000000004,0.0
UNV,2024-05-02 22:25:00,-77.85,40.85,378.0,66.2,37.4,34.51,110.0,4.0,0.0,30.02,,10.0,,CLR,,,,,,,,,,,,,,,66.2,KUNV 030225Z AUTO 11004KT 10SM CLR 19/03 A3002 RMK AO2,,2.057776,19.0,0.0
UNV,2024-05-02 22:40:00,-77.85,40.85,378.0,66.2,37.4,34.51,60.0,10.0,0.0,30.02,,10.0,,CLR,,,,,,,,,,,,,,,66.2,KUNV 030240Z AUTO 06010KT 10SM CLR 19/03 A3002 RMK AO2,,5.14444,19.0,0.0
UNV,2024-05-02 23:00:00,-77.85,40.85,378.0,66.2,37.4,34.51,70.0,7.0,0.0,30.02,,10.0,,CLR,,,,,,,,,,,,,,,66.2,KUNV 030300Z AUTO 07007KT 10SM CLR 19/03 A3002 RMK AO2,,3.601108,19.0,0.0
UNV,2024-05-02 23:20:00,-77.85,40.85,378.0,66.2,39.2,37.03,50.0,8.0,0.0,30.02,,10.0,,CLR,,,,,,,,,,,,,,,66.2,KUNV 030320Z AUTO 05008KT 10SM CLR 19/04 A3002 RMK AO2,,4.115552,19.0,0.0
UNV,2024-05-02 23:47:00,-77.85,40.85,378.0,64.4,39.2,39.43,50.0,8.0,0.0,30.02,,10.0,,CLR,,,,,,,,,,,,,,,64.4,KUNV 030347Z AUTO 05008KT 10SM CLR 18/04 A3002 RMK AO2,,4.115552,18.000000000000004,0.0
UNV,2024-05-03 00:07:00,-77.85,40.85,378.0,64.4,41.0,42.28,50.0,10.0,0.0,30.02,,10.0,,CLR,,,,,,,,,,,,,,,64.4,KUNV 030407Z AUTO 05010KT 10SM CLR 18/05 A3002 RMK AO2,,5.14444,18.000000000000004,0.0
UNV,2024-05-03 00:19:00,-77.85,40.85,378.0,64.4,42.8,45.32,50.0,8.0,0.0,30.03,,7.0,,CLR,,,,,,,,,,,,,,,64.4,KUNV 030419Z AUTO 05008KT 7SM CLR 18/06 A3003 RMK AO2,,4.115552,18.000000000000004,0.0
UNV,2024-05-03 00:40:00,-77.85,40.85,378.0,62.6,42.8,48.28,40.0,7.0,0.0,30.03,,10.0,,CLR,,,,,,,,,,,,,,,62.6,KUNV 030440Z AUTO 04007KT 10SM CLR 17/06 A3003 RMK AO2,,3.601108,17.0,0.0
UNV,2024-05-03 01:05:00,-77.85,40.85,378.0,60.8,42.8,51.45,50.0,4.0,0.0,30.03,,10.0,,CLR,,,,,,,,,,,,,,,60.8,KUNV 030505Z AUTO 05004KT 10SM CLR 16/06 A3003 RMK AO2,,2.057776,16.0,0.0
UNV,2024-05-03 02:40:00,-77.85,40.85,378.0,60.8,42.8,51.45,0.0,0.0,0.0,30.03,,10.0,,CLR,,,,,,,,,,,,,,,60.8,KUNV 030640Z AUTO 00000KT 10SM CLR 16/06 A3003 RMK AO2,,0.0,16.0,0.0
UNV,2024-05-03 03:12:00,-77.85,40.85,378.0,59.0,42.8,54.86,0.0,0.0,0.0,30.03,,10.0,,SCT,,,,8000.0,,,,,,,,,,,59.0,KUNV 030712Z AUTO 00000KT 10SM SCT080 15/06 A3003 RMK AO2,,0.0,15.0,4.0
UNV,2024-05-03 03:40:00,-77.85,40.85,378.0,57.2,44.6,62.69,0.0,0.0,0.0,30.03,,10.0,,CLR,,,,,,,,,,,,,,,57.2,KUNV 030740Z AUTO 00000KT 10SM CLR 14/07 A3003 RMK AO2,,0.0,14.000000000000002,0.0
UNV,2024-05-03 04:00:00,-77.85,40.85,378.0,55.4,44.6,66.91,0.0,0.0,0.0,30.04,,10.0,,CLR,,,,,,,,,,,,,,,55.4,KUNV 030800Z AUTO 00000KT 10SM CLR 13/07 A3004 RMK AO2,,0.0,13.0,0.0
UNV,2024-05-03 04:19:00,-77.85,40.85,378.0,57.2,44.6,62.69,0.0,0.0,0.0,30.04,,10.0,,CLR,,,,,,,,,,,,,,,57.2,KUNV 030819Z AUTO 00000KT 10SM CLR 14/07 A3004 RMK AO2,,0.0,14.000000000000002,0.0
UNV,2024-05-03 04:48:00,-77.85,40.85,378.0,55.4,44.6,66.91,30.0,6.0,0.0,30.04,,10.0,,CLR,,,,,,,,,,,,,,,55.4,KUNV 030848Z AUTO 03006KT 10SM CLR 13/07 A3004 RMK AO2,,3.086664,13.0,0.0
UNV,2024-05-03 05:00:00,-77.85,40.85,378.0,55.4,44.6,66.91,30.0,5.0,0.0,30.04,,10.0,,CLR,,,,,,,,,,,,,,,55.4,KUNV 030900Z AUTO 03005KT 10SM CLR 13/07 A3004 RMK AO2,,2.57222,13.0,0.0
UNV,2024-05-03 05:20:00,-77.85,40.85,378.0,55.4,42.8,62.46,40.0,5.0,0.0,30.04,,10.0,,CLR,,,,,,,,,,,,,,,55.4,KUNV 030920Z AUTO 04005KT 10SM CLR 13/06 A3004 RMK AO2,,2.57222,13.0,0.0
UNV,2024-05-03 05:40:00,-77.85,40.85,378.0,53.6,42.8,66.7,0.0,0.0,0.0,30.04,,10.0,,CLR,,,,,,,,,,,,,,,53.6,KUNV 030940Z AUTO 00000KT 10SM CLR 12/06 A3004 RMK AO2,,0.0,12.0,0.0
UNV,2024-05-03 05:53:00,-77.85,40.85,378.0,50.0,44.6,81.61,0.0,0.0,0.0,30.05,,10.0,,CLR,,,,,,,,,,,,,,,50.0,KUNV 030953Z 00000KT 10SM CLR 10/07 A3005,,0.0,10.0,0.0
UNV,2024-05-03 06:53:00,-77.85,40.85,378.0,53.6,44.6,71.45,0.0,0.0,0.0,30.07,,10.0,,CLR,,,,,,,,,,,,,,,53.6,KUNV 031053Z 00000KT 10SM CLR 12/07 A3007,,0.0,12.0,0.0
UNV,2024-05-03 07:53:00,-77.85,40.85,378.0,59.0,44.6,58.77,,4.0,0.0,30.09,,10.0,,CLR,,,,,,,,,,,,,,,59.0,KUNV 031153Z VRB04KT 10SM CLR 15/07 A3009,,2.057776,15.0,0.0
UNV,2024-05-03 08:53:00,-77.85,40.85,378.0,62.6,44.6,51.72,,4.0,0.0,30.1,,10.0,,CLR,,,,,,,,,,,,,,,62.6,KUNV 031253Z VRB04KT 10SM CLR 17/07 A3010,,2.057776,17.0,0.0
UNV,2024-05-03 09:53:00,-77.85,40.85,378.0,66.2,44.6,45.6,150.0,4.0,0.0,30.09,,10.0,,CLR,,,,,,,,,,,,,,,66.2,KUNV 031353Z 15004KT 10SM CLR 19/07 A3009,,2.057776,19.0,0.0
UNV,2024-05-03 10:53:00,-77.85,40.85,378.0,69.8,46.4,43.13,0.0,0.0,0.0,30.08,,10.0,,CLR,,,,,,,,,,,,,,,69.8,KUNV 031453Z 00000KT 10SM CLR 21/08 A3008,,0.0,21.0,0.0
UNV,2024-05-03 11:53:00,-77.85,40.85,378.0,71.6,46.4,40.57,190.0,5.0,0.0,30.08,,10.0,,CLR,,,,,,,,,,,,,,,71.6,KUNV 031553Z 19005KT 10SM CLR 22/08 A3008,,2.57222,21.999999999999996,0.0
UNV,2024-05-03 12:53:00,-77.85,40.85,378.0,71.6,48.2,43.42,160.0,6.0,0.0,30.07,,10.0,,CLR,,,,,,,,,,,,,,,71.6,KUNV 031653Z 16006KT 10SM CLR 22/09 A3007,,3.086664,21.999999999999996,0.0
UNV,2024-05-03 13:53:00,-77.85,40.85,378.0,73.4,50.0,43.69,210.0,5.0,0.0,30.06,,10.0,,CLR,,,,,,,,,,,,,,,73.4,KUNV 031753Z 21005KT 10SM CLR 23/10 A3006,,2.57222,23.000000000000004,0.0
UNV,2024-05-03 14:53:00,-77.85,40.85,378.0,73.4,50.0,43.69,170.0,9.0,0.0,30.05,,10.0,,CLR,,,,,,,,,,,,,,,73.4,KUNV 031853Z 17009KT 10SM CLR 23/10 A3005,,4.629996,23.000000000000004,0.0
UNV,2024-05-03 15:53:00,-77.85,40.85,378.0,75.2,51.8,43.97,190.0,6.0,0.0,30.04,,10.0,,CLR,,,,,,,,,,,,,,,75.2,KUNV 031953Z 19006KT 10SM CLR 24/11 A3004,,3.086664,24.0,0.0
UNV,2024-05-03 16:53:00,-77.85,40.85,378.0,75.2,53.6,46.98,150.0,6.0,0.0,30.04,,10.0,,CLR,,,,,,,,,,,,,,,75.2,KUNV 032053Z 15006KT 10SM CLR 24/12 A3004,,3.086664,24.0,0.0
UNV,2024-05-03 17:53:00,-77.85,40.85,378.0,73.4,51.8,46.71,170.0,7.0,0.0,30.03,,10.0,,CLR,,,,,,,,,,,,,,,73.4,KUNV 032153Z 17007KT 10SM CLR 23/11 A3003,,3.601108,23.000000000000004,0.0
UNV,2024-05-03 18:53:00,-77.85,40.85,378.0,71.6,51.8,49.64,0.0,0.0,0.0,30.04,,10.0,,CLR,,,,,,,,,,,,,,,71.6,KUNV 032253Z 00000KT 10SM CLR 22/11 A3004,,0.0,21.999999999999996,0.0
UNV,2024-05-03 19:53:00,-77.85,40.85,378.0,69.8,51.8,52.77,150.0,6.0,0.0,30.07,,10.0,,CLR,,,,,,,,,,,,,,,69.8,KUNV 032353Z 15006KT 10SM CLR 21/11 A3007,,3.086664,21.0,0.0
UNV,2024-05-03 20:53:00,-77.85,40.85,378.0,66.2,51.8,59.74,120.0,6.0,0.0,30.09,,10.0,,CLR,,,,,,,,,,,,,,,66.2,KUNV 040053Z 12006KT 10SM CLR 19/11 A3009,,3.086664,19.0,0.0
UNV,2024-05-03 21:53:00,-77.85,40.85,378.0,62.6,51.8,67.75,0.0,0.0,0.0,30.12,,10.0,,CLR,,,,,,,,,,,,,,,62.6,KUNV 040153Z 00000KT 10SM CLR 17/11 A3012,,0.0,17.0,0.0
UNV,2024-05-03 22:20:00,-77.85,40.85,378.0,62.6,51.8,67.75,120.0,4.0,0.0,30.13,,10.0,,CLR,,,,,,,,,,,,,,,62.6,KUNV 040220Z AUTO 12004KT 10SM CLR 17/11 A3013 RMK AO2,,2.057776,17.0,0.0
UNV,2024-05-03 22:40:00,-77.85,40.85,378.0,62.6,51.8,67.75,140.0,3.0,0.0,30.13,,10.0,,SCT,,,,100.0,,,,RA,,,,,,,62.6,KUNV 040240Z AUTO 14003KT 10SM RA SCT001 17/11 A3013 RMK AO2,,1.543332,17.0,4.0
UNV,2024-05-04 00:20:00,-77.85,40.85,378.0,59.0,51.8,76.98,0.0,0.0,0.0,30.13,,10.0,,SCT,SCT,SCT,,100.0,800.0,5000.0,,,,,,,,,59.0,KUNV 040420Z AUTO 00000KT 10SM SCT001 SCT008 SCT050 15/11 A3013 RMK AO2,,0.0,15.0,4.0
UNV,2024-05-04 00:40:00,-77.85,40.85,378.0,59.0,51.8,76.98,0.0,0.0,0.0,30.13,,10.0,,CLR,,,,,,,,-RA,,,,,,,59.0,KUNV 040440Z AUTO 00000KT 10SM -RA CLR 15/11 A3013 RMK AO2,,0.0,15.0,0.0
UNV,2024-05-04 01:00:00,-77.85,40.85,378.0,59.0,51.8,76.98,0.0,0.0,0.0,30.13,,10.0,,SCT,SCT,SCT,,5000.0,6500.0,7500.0,,RA,,,,,,,59.0,KUNV 040500Z AUTO 00000KT 10SM RA SCT050 SCT065 SCT075 15/11 A3013 RMK AO2,,0.0,15.0,4.0
UNV,2024-05-04 01:20:00,-77.85,40.85,378.0,57.2,53.6,87.74,0.0,0.0,0.0,30.13,,10.0,,SCT,BKN,BKN,,4900.0,6500.0,7500.0,,-DZ,,,,,,,57.2,KUNV 040520Z AUTO 00000KT 10SM -DZ SCT049 BKN065 BKN075 14/12 A3013 RMK AO2,,0.0,14.000000000000002,6.0
UNV,2024-05-04 01:40:00,-77.85,40.85,378.0,57.2,51.8,82.12,0.0,0.0,0.0,30.13,,10.0,,SCT,SCT,SCT,,6500.0,7500.0,9000.0,,DZ,,,,,,,57.2,KUNV 040540Z AUTO 00000KT 10SM DZ SCT065 SCT075 SCT090 14/11 A3013 RMK AO2,,0.0,14.000000000000002,4.0
UNV,2024-05-04 02:00:00,-77.85,40.85,378.0,57.2,51.8,82.12,0.0,0.0,0.0,30.13,,10.0,,CLR,,,,,,,,-DZ,,,,,,,57.2,KUNV 040600Z AUTO 00000KT 10SM -DZ CLR 14/11 A3013 RMK AO2,,0.0,14.000000000000002,0.0
UNV,2024-05-04 02:40:00,-77.85,40.85,378.0,55.4,51.8,87.65,150.0,3.0,0.0,30.14,,10.0,,BKN,OVC,,,100.0,2700.0,,,RA,,,,,,,55.4,KUNV 040640Z AUTO 15003KT 10SM RA BKN001 OVC027 13/11 A3014 RMK AO2,,1.543332,13.0,8.0
UNV,2024-05-04 04:26:00,-77.85,40.85,378.0,53.6,51.8,93.6,0.0,0.0,0.0,30.15,,10.0,,SCT,SCT,BKN,,100.0,4000.0,6000.0,,-RA,,,,,,,53.6,KUNV 040826Z AUTO 00000KT 10SM -RA SCT001 SCT040 BKN060 12/11 A3015 RMK AO2,,0.0,12.0,6.0
UNV,2024-05-04 04:40:00,-77.85,40.85,378.0,53.6,51.8,93.6,0.0,0.0,0.0,30.15,,10.0,,SCT,SCT,BKN,,100.0,3900.0,6000.0,,RA,,,,,,,53.6,KUNV 040840Z AUTO 00000KT 10SM RA SCT001 SCT039 BKN060 12/11 A3015 RMK AO2,,0.0,12.0,6.0
UNV,2024-05-04 05:20:00,-77.85,40.85,378.0,51.8,51.8,100.0,0.0,0.0,0.0,30.16,,10.0,,SCT,SCT,BKN,,100.0,500.0,5500.0,,-RA,,,,,,,51.8,KUNV 040920Z AUTO 00000KT 10SM -RA SCT001 SCT005 BKN055 11/11 A3016 RMK AO2,,0.0,10.999999999999998,6.0
UNV,2024-05-04 05:55:00,-77.85,40.85,378.0,51.8,51.8,100.0,0.0,1.0,0.0,30.17,,4.0,,SCT,,,,,,,,-RA -BR,,,,,,,51.8,KUNV 040955Z VRB 04KT 4SM -RA -BR SCT 001 BKN047 11/11 A3017,,0.514444,10.999999999999998,4.0
UNV,2024-05-04 06:53:00,-77.85,40.85,378.0,51.8,51.8,100.0,90.0,5.0,0.0,30.18,,4.0,,OVC,,,,3500.0,,,,RA BR,,,,,,,51.8,KUNV 041053Z 09005KT 4SM RA BR OVC035 11/11 A3018,,2.57222,10.999999999999998,8.0
UNV,2024-05-04 07:53:00,-77.85,40.85,378.0,51.8,51.8,100.0,90.0,6.0,0.0,30.19,,5.0,,SCT,BKN,OVC,,400.0,1000.0,1800.0,,-DZ,,,,,,,51.8,KUNV 041153Z 09006KT 5SM -DZ SCT004 BKN010 OVC018 11/11 A3019,,3.086664,10.999999999999998,8.0
UNV,2024-05-04 08:53:00,-77.85,40.85,378.0,51.8,51.8,100.0,90.0,6.0,0.0,30.19,,5.0,,SCT,BKN,OVC,,400.0,900.0,1800.0,,-RA BR,,,,,,,51.8,KUNV 041253Z 09006KT 5SM -RA BR SCT004 BKN009 OVC018 11/11 A3019,,3.086664,10.999999999999998,8.0
UNV,2024-05-04 09:53:00,-77.85,40.85,378.0,51.8,50.0,93.55,0.0,0.0,0.0,30.2,,6.0,,BKN,OVC,,,900.0,1200.0,,,-DZ,,,,,,,51.8,KUNV 041353Z 00000KT 6SM -DZ BKN009 OVC012 11/10 A3020,,0.0,10.999999999999998,8.0
UNV,2024-05-04 10:53:00,-77.85,40.85,378.0,50.0,50.0,100.0,90.0,8.0,0.0,30.21,,6.0,,OVC,,,,900.0,,,,-DZ BR,,,,,,,50.0,KUNV 041453Z COR 09008KT 6SM -DZ BR OVC009 10/10 A3021,,4.115552,10.0,8.0
UNV,2024-05-04 11:53:00,-77.85,40.85,378.0,51.8,50.0,93.55,110.0,4.0,0.0,30.21,,6.0,,OVC,,,,1000.0,,,,-DZ BR,,,,,,,51.8,KUNV 041553Z 11004KT 6SM -DZ BR OVC010 11/10 A3021,,2.057776,10.999999999999998,8.0
UNV,2024-05-04 12:53:00,-77.85,40.85,378.0,50.0,50.0,100.0,130.0,4.0,0.0,30.21,,6.0,,OVC,,,,800.0,,,,BR,,,,,,,50.0,KUNV 041653Z 13004KT 6SM BR OVC008 10/10 A3021,,2.057776,10.0,8.0
UNV,2024-05-04 13:53:00,-77.85,40.85,378.0,50.0,50.0,100.0,90.0,4.0,0.0,30.21,,4.0,,OVC,,,,500.0,,,,-DZ BR,,,,,,,50.0,KUNV 041753Z 09004KT 4SM -DZ BR OVC005 10/10 A3021,,2.057776,10.0,8.0
UNV,2024-05-04 14:53:00,-77.85,40.85,378.0,50.0,50.0,100.0,110.0,4.0,0.0,30.21,,6.0,,OVC,,,,800.0,,,,-DZ BR,,,,,,,50.0,KUNV 041853Z 11004KT 6SM -DZ BR OVC008 10/10 A3021,,2.057776,10.0,8.0
UNV,2024-05-04 15:53:00,-77.85,40.85,378.0,50.0,50.0,100.0,90.0,5.0,0.0,30.2,,2.5,,SCT,OVC,,,200.0,700.0,,,-RA BR,,,,,,,50.0,KUNV 041953Z 09005KT 2 1/2SM -RA BR SCT002 OVC007 10/10 A3020,,2.57222,10.0,8.0
UNV,2024-05-04 16:53:00,-77.85,40.85,378.0,50.0,50.0,100.0,110.0,5.0,0.0,30.2,,2.5,,SCT,OVC,,,300.0,900.0,,,-RA BR,,,,,,,50.0,KUNV 042053Z 11005KT 2 1/2SM -RA BR SCT003 OVC009 10/10 A3020,,2.57222,10.0,8.0
UNV,2024-05-04 17:53:00,-77.85,40.85,378.0,50.0,50.0,100.0,110.0,5.0,0.0,30.19,,4.0,,SCT,OVC,,,300.0,900.0,,,-RA BR,,,,,,,50.0,KUNV 042153Z 11005KT 4SM -RA BR SCT003 OVC009 10/10 A3019,,2.57222,10.0,8.0
UNV,2024-05-04 18:53:00,-77.85,40.85,378.0,50.0,50.0,100.0,140.0,3.0,0.0,30.19,,4.0,,SCT,OVC,,,300.0,900.0,,,-RA BR,,,,,,,50.0,KUNV 042253Z 14003KT 4SM -RA BR SCT003 OVC009 10/10 A3019,,1.543332,10.0,8.0
UNV,2024-05-04 19:53:00,-77.85,40.85,378.0,50.0,48.2,93.5,130.0,6.0,0.0,30.18,,3.0,,SCT,OVC,,,300.0,900.0,,,-DZ,,,,,,,50.0,KUNV 042353Z 13006KT 3SM -DZ SCT003 OVC009 10/09 A3018,,3.086664,10.0,8.0
UNV,2024-05-04 20:53:00,-77.85,40.85,378.0,50.0,50.0,100.0,0.0,0.0,0.0,30.18,,3.0,,SCT,OVC,,,300.0,900.0,,,-DZ,,,,,,,50.0,KUNV 050053Z 00000KT 3SM -DZ SCT003 OVC009 10/10 A3018,,0.0,10.0,8.0
UNV,2024-05-04 21:53:00,-77.85,40.85,378.0,50.0,50.0,100.0,0.0,0.0,0.0,30.18,,5.0,,OVC,,,,1600.0,,,,-DZ,,,,,,,50.0,KUNV 050153Z 00000KT 5SM -DZ OVC016 10/10 A3018,,0.0,10.0,8.0
UNV,2024-05-04 22:20:00,-77.85,40.85,378.0,50.0,50.0,100.0,160.0,6.0,0.0,30.18,,10.0,,SCT,OVC,,,300.0,1600.0,,,,,,,,,,50.0,KUNV 050220Z AUTO 16006KT 10SM SCT003 OVC016 10/10 A3018 RMK AO2,,3.086664,10.0,8.0
UNV,2024-05-04 22:46:00,-77.85,40.85,378.0,50.0,50.0,100.0,170.0,4.0,0.0,30.18,,10.0,,SCT,SCT,OVC,,300.0,600.0,1600.0,,,,,,,,,50.0,KUNV 050246Z AUTO 17004KT 10SM SCT003 SCT006 OVC016 10/10 A3018 RMK AO2,,2.057776,10.0,8.0
UNV,2024-05-04 23:20:00,-77.85,40.85,378.0,50.0,50.0,100.0,170.0,5.0,0.0,30.17,,10.0,,BKN,BKN,OVC,,300.0,700.0,1600.0,,DZ,,,,,,,50.0,KUNV 050320Z AUTO 17005KT 10SM DZ BKN003 BKN007 OVC016 10/10 A3017 RMK AO2,,2.57222,10.0,8.0
UNV,2024-05-04 23:59:00,-77.85,40.85,378.0,50.0,50.0,100.0,170.0,3.0,0.0,30.16,,10.0,,BKN,BKN,OVC,,300.0,800.0,1600.0,,,,,,,,,50.0,KUNV 050359Z AUTO 17003KT 10SM BKN003 BKN008 OVC016 10/10 A3016 RMK AO2,,1.543332,10.0,8.0
UNV,2024-05-05 01:40:00,-77.85,40.85,378.0,48.2,48.2,100.0,160.0,5.0,0.0,30.16,,10.0,,SCT,SCT,OVC,,200.0,700.0,1400.0,,-RA,,,,,,,45.63,KUNV 050540Z AUTO 16005KT 10SM -RA SCT002 SCT007 OVC014 09/09 A3016 RMK AO2,,2.57222,9.000000000000002,8.0
UNV,2024-05-05 02:00:00,-77.85,40.85,378.0,48.2,48.2,100.0,170.0,8.0,0.0,30.16,,10.0,,OVC,,,,1200.0,,,,,,,,,,,44.07,KUNV 050600Z AUTO 17008KT 10SM OVC012 09/09 A3016 RMK AO2,,4.115552,9.000000000000002,8.0
UNV,2024-05-05 02:20:00,-77.85,40.85,378.0,48.2,48.2,100.0,190.0,5.0,0.0,30.15,,10.0,,OVC,,,,1200.0,,,,DZ,,,,,,,45.63,KUNV 050620Z AUTO 19005KT 10SM DZ OVC012 09/09 A3015 RMK AO2,,2.57222,9.000000000000002,8.0
UNV,2024-05-05 02:40:00,-77.85,40.85,378.0,48.2,48.2,100.0,0.0,0.0,0.0,30.15,,10.0,,OVC,,,,1200.0,,,,-RA,,,,,,,48.2,KUNV 050640Z AUTO 00000KT 10SM -RA OVC012 09/09 A3015 RMK AO2 LTG DSNT W,,0.0,9.000000000000002,8.0
UNV,2024-05-05 03:28:00,-77.85,40.85,378.0,48.2,48.2,100.0,0.0,0.0,0.0,30.14,,10.0,,SCT,OVC,,,100.0,1400.0,,,DZ,,,,,,,48.2,KUNV 050728Z AUTO 00000KT 10SM DZ SCT001 OVC014 09/09 A3014 RMK AO2,,0.0,9.000000000000002,8.0
UNV,2024-05-05 03:50:00,-77.85,40.85,378.0,48.2,48.2,100.0,0.0,0.0,0.0,30.14,,10.0,,SCT,BKN,OVC,,100.0,500.0,1400.0,,+DZ,,,,,,,48.2,KUNV 050750Z AUTO 00000KT 10SM +DZ SCT001 BKN005 OVC014 09/09 A3014 RMK AO2,,0.0,9.000000000000002,8.0
UNV,2024-05-05 05:53:00,-77.85,40.85,378.0,48.2,48.2,100.0,0.0,0.0,0.0,30.13,,10.0,,SCT,OVC,,,1000.0,1400.0,,,-DZ,,,,,,,48.2,KUNV 050953Z 00000KT 10SM -DZ SCT010 OVC014 09/09 A3013,,0.0,9.000000000000002,8.0
UNV,2024-05-05 06:53:00,-77.85,40.85,378.0,48.2,48.2,100.0,160.0,4.0,0.0,30.13,,6.0,,SCT,OVC,,,500.0,,,,-DZ,,,,,,,46.34,KUNV 051053Z 16004KT 6SM -DZ SCT005 OVC C012 09/09 A3013,,2.057776,9.000000000000002,8.0
UNV,2024-05-05 07:53:00,-77.85,40.85,378.0,48.2,48.2,100.0,170.0,3.0,0.0,30.13,,7.0,,SCT,OVC,,,200.0,1200.0,,,-DZ,,,,,,,47.21,KUNV 051153Z 17003KT 7SM -DZ SCT002 OVC012 09/09 A3013,,1.543332,9.000000000000002,8.0
UNV,2024-05-05 08:53:00,-77.85,40.85,378.0,50.0,50.0,100.0,0.0,0.0,0.0,30.14,,6.0,,OVC,,,,800.0,,,,-RA,,,,,,,50.0,KUNV 051253Z COR 00000KT 6SM -RA OVC008 10/10 A3014,,0.0,10.0,8.0
UNV,2024-05-05 09:12:00,-77.85,40.85,378.0,50.0,50.0,100.0,0.0,0.0,0.0,30.14,,2.0,,OVC,,,,800.0,,,,-RA BR,,,,,,,50.0,KUNV 051312Z 00000KT 2SM -RA BR OVC008 10/10 A3014,,0.0,10.0,8.0
UNV,2024-05-05 09:53:00,-77.85,40.85,378.0,50.0,50.0,100.0,170.0,5.0,0.0,30.14,,3.0,,OVC,,,,800.0,,,,-RA BR,,,,,,,50.0,KUNV 051353Z 17005KT 3SM -RA BR OVC008 10/10 A3014,,2.57222,10.0,8.0
UNV,2024-05-05 10:53:00,-77.85,40.85,378.0,50.0,50.0,100.0,0.0,0.0,0.0,30.14,,5.0,,OVC,,,,800.0,,,,-DZ,,,,,,,50.0,KUNV 051453Z 00000KT 5SM -DZ OVC008 10/10 A3014,,0.0,10.0,8.0
UNV,2024-05-05 11:53:00,-77.85,40.85,378.0,51.8,51.8,100.0,200.0,5.0,0.0,30.14,,5.0,,SCT,OVC,,,600.0,1000.0,,,-DZ,,,,,,,51.8,KUNV 051553Z 20005KT 5SM -DZ SCT006 OVC010 11/11 A3014,,2.57222,10.999999999999998,8.0
UNV,2024-05-05 12:53:00,-77.85,40.85,378.0,51.8,51.8,100.0,210.0,5.0,0.0,30.12,,5.0,,OVC,,,,700.0,,,,-RA BR,,,,,,,51.8,KUNV 051653Z 21005KT 5SM -RA BR OVC007 11/11 A3012,,2.57222,10.999999999999998,8.0
UNV,2024-05-05 13:53:00,-77.85,40.85,378.0,53.6,53.6,100.0,0.0,0.0,0.0,30.11,,10.0,,OVC,,,,900.0,,,,,,,,,,,53.6,KUNV 051753Z 00000KT 10SM OVC009 12/12 A3011,,0.0,12.0,8.0
UNV,2024-05-05 14:53:00,-77.85,40.85,378.0,53.6,53.6,100.0,0.0,0.0,0.0,30.11,,10.0,,OVC,,,,900.0,,,,,,,,,,,53.6,KUNV 051853Z 00000KT 10SM OVC009 12/12 A3011,,0.0,12.0,8.0
UNV,2024-05-05 15:53:00,-77.85,40.85,378.0,55.4,55.4,100.0,180.0,4.0,0.0,30.09,,8.0,,BKN,OVC,,,900.0,1000.0,,,,,,,,,,55.4,KUNV 051953Z 18004KT 8SM BKN009 OVC010 13/13 A3009,,2.057776,13.0,8.0
UNV,2024-05-05 16:53:00,-77.85,40.85,378.0,57.2,55.4,93.69,190.0,6.0,0.0,30.08,,8.0,,BKN,OVC,,,800.0,1000.0,,,,,,,,,,57.2,KUNV 052053Z 19006KT 8SM BKN008 OVC010 14/13 A3008,,3.086664,14.000000000000002,8.0
UNV,2024-05-05 17:53:00,-77.85,40.85,378.0,57.2,55.4,93.69,230.0,6.0,0.0,30.09,,8.0,,BKN,OVC,,,700.0,1000.0,,,,,,,,,,57.2,KUNV 052153Z 23006KT 8SM BKN007 OVC010 14/13 A3009,,3.086664,14.000000000000002,8.0
UNV,2024-05-05 18:53:00,-77.85,40.85,378.0,57.2,55.4,93.69,210.0,4.0,0.0,30.1,,8.0,,BKN,OVC,,,700.0,1000.0,,,,,,,,,,57.2,KUNV 052253Z 21004KT 8SM BKN007 OVC010 14/13 A3010,,2.057776,14.000000000000002,8.0
UNV,2024-05-05 19:53:00,-77.85,40.85,378.0,57.2,57.2,100.0,0.0,0.0,0.0,30.08,,8.0,,BKN,OVC,,,700.0,1000.0,,,,,,,,,,57.2,KUNV 052353Z 00000KT 8SM BKN007 OVC010 14/14 A3008,,0.0,14.000000000000002,8.0
UNV,2024-05-05 20:53:00,-77.85,40.85,378.0,57.2,57.2,100.0,0.0,0.0,0.0,30.1,,8.0,,OVC,,,,800.0,,,,VCSH,,,,,,,57.2,KUNV 060053Z 00000KT 8SM VCSH OVC008 14/14 A3010,,0.0,14.000000000000002,8.0
UNV,2024-05-05 21:53:00,-77.85,40.85,378.0,55.4,55.4,100.0,,3.0,0.0,30.1,,8.0,,OVC,,,,800.0,,,,VCSH,,,,,,,55.4,KUNV 060153Z VRB03KT 8SM VCSH OVC008 13/13 A3010,,1.543332,13.0,8.0
UNV,2024-05-05 22:39:00,-77.85,40.85,378.0,55.4,55.4,100.0,0.0,0.0,0.0,30.09,,4.0,,OVC,,,,800.0,,,,BR,,,,,,,55.4,KUNV 060239Z AUTO 00000KT 4SM BR OVC008 13/13 A3009 RMK AO2,,0.0,13.0,8.0
UNV,2024-05-05 23:00:00,-77.85,40.85,378.0,55.4,55.4,100.0,0.0,0.0,0.0,30.08,,3.0,,OVC,,,,400.0,,,,BR,,,,,,,55.4,KUNV 060300Z AUTO 00000KT 3SM BR OVC004 13/13 A3008 RMK AO2,,0.0,13.0,8.0
UNV,2024-05-05 23:20:00,-77.85,40.85,378.0,55.4,55.4,100.0,0.0,0.0,0.0,30.08,,2.0,,OVC,,,,200.0,,,,BR,,,,,,,55.4,KUNV 060320Z AUTO 00000KT 2SM BR OVC002 13/13 A3008 RMK AO2,,0.0,13.0,8.0
UNV,2024-05-05 23:40:00,-77.85,40.85,378.0,55.4,55.4,100.0,0.0,0.0,0.0,30.07,,2.0,,OVC,,,,200.0,,,,BR,,,,,,,55.4,KUNV 060340Z AUTO 00000KT 2SM BR OVC002 13/13 A3007 RMK AO2,,0.0,13.0,8.0
UNV,2024-05-06 01:40:00,-77.85,40.85,378.0,55.4,55.4,100.0,0.0,0.0,0.0,30.05,,2.0,,OVC,,,,200.0,,,,BR,,,,,,,55.4,KUNV 060540Z AUTO 00000KT 2SM BR OVC002 13/13 A3005 RMK AO2,,0.0,13.0,8.0
UNV,2024-05-06 01:59:00,-77.85,40.85,378.0,55.4,55.4,100.0,0.0,0.0,0.0,30.04,,2.0,,OVC,,,,200.0,,,,BR,,,,,,,55.4,KUNV 060559Z AUTO 00000KT 2SM BR OVC002 13/13 A3004 RMK AO2,,0.0,13.0,8.0
UNV,2024-05-06 02:21:00,-77.85,40.85,378.0,55.4,55.4,100.0,0.0,0.0,0.0,30.04,,2.0,,OVC,,,,400.0,,,,BR,,,,,,,55.4,KUNV 060621Z AUTO 00000KT 2SM BR OVC004 13/13 A3004 RMK AO2 LTG DSNT SW,,0.0,13.0,8.0
UNV,2024-05-06 02:40:00,-77.85,40.85,378.0,55.4,55.4,100.0,0.0,0.0,0.0,30.03,,2.0,,OVC,,,,200.0,,,,BR,,,,,,,55.4,KUNV 060640Z AUTO 00000KT 2SM BR OVC002 13/13 A3003 RMK AO2,,0.0,13.0,8.0
UNV,2024-05-06 03:00:00,-77.85,40.85,378.0,55.4,55.4,100.0,0.0,0.0,0.0,30.03,,1.75,,OVC,,,,200.0,,,,BR,,,,,,,55.4,KUNV 060700Z AUTO 00000KT 1 3/4SM BR OVC002 13/13 A3003 RMK AO2,,0.0,13.0,8.0
UNV,2024-05-06 03:20:00,-77.85,40.85,378.0,55.4,55.4,100.0,0.0,0.0,0.0,30.03,,2.0,,OVC,,,,200.0,,,,BR,,,,,,,55.4,KUNV 060720Z AUTO 00000KT 2SM BR OVC002 13/13 A3003 RMK AO2,,0.0,13.0,8.0
UNV,2024-05-06 03:48:00,-77.85,40.85,378.0,55.4,55.4,100.0,0.0,0.0,0.0,30.03,,0.5,,OVC,,,,200.0,,,,FG,,,,,,,55.4,KUNV 060748Z AUTO 00000KT 1/2SM FG OVC002 13/13 A3003 RMK AO2,,0.0,13.0,8.0
UNV,2024-05-06 04:20:00,-77.85,40.85,378.0,55.4,55.4,100.0,0.0,0.0,0.0,30.03,,0.25,,OVC,,,,200.0,,,,FG,,,,,,,55.4,KUNV 060820Z AUTO 00000KT 1/4SM FG OVC002 13/13 A3003 RMK AO2,,0.0,13.0,8.0
UNV,2024-05-06 04:47:00,-77.85,40.85,378.0,55.4,53.6,93.65,0.0,0.0,0.0,30.03,,0.25,,OVC,,,,200.0,,,,FG,,,,,,,55.4,KUNV 060847Z AUTO 00000KT 1/4SM FG OVC002 13/12 A3003 RMK AO2,,0.0,13.0,8.0
UNV,2024-05-06 05:25:00,-77.85,40.85,378.0,53.6,53.6,100.0,0.0,0.0,0.0,30.02,,0.25,,OVC,,,,200.0,,,,BR,,,,,,,53.6,KUNV 060925Z AUTO 00000KT 1/4SM BR OVC002 12/12 A3002 RMK AO2,,0.0,12.0,8.0
UNV,2024-05-06 05:53:00,-77.85,40.85,378.0,55.4,55.4,100.0,0.0,0.0,0.0,30.02,,0.75,,OVC,,,,200.0,,,,BR,,,,,,,55.4,KUNV 060953Z 00000KT 3/4SM R24/P6000FT BR OVC002 13/13 A3002,,0.0,13.0,8.0
UNV,2024-05-06 06:53:00,-77.85,40.85,378.0,53.6,53.6,100.0,0.0,0.0,0.0,30.03,,0.25,,OVC,,,,200.0,,,,FG,,,,,,,53.6,KUNV 061053Z 00000KT 1/4SM R24/4000FT FG OVC002 12/12 A3003,,0.0,12.0,8.0
UNV,2024-05-06 07:53:00,-77.85,40.85,378.0,55.4,55.4,100.0,0.0,0.0,0.0,30.03,,0.5,,OVC,,,,200.0,,,,FG,,,,,,,55.4,KUNV 061153Z 00000KT 1/2SM R24/P6000FT FG OVC002 13/13 A3003,,0.0,13.0,8.0
UNV,2024-05-06 08:53:00,-77.85,40.85,378.0,57.2,57.2,100.0,0.0,0.0,0.0,30.03,,0.75,,OVC,,,,200.0,,,,BR,,,,,,,57.2,KUNV 061253Z 00000KT 3/4SM R24/6000FT BR OVC002 14/14 A3003,,0.0,14.000000000000002,8.0
UNV,2024-05-06 09:53:00,-77.85,40.85,378.0,57.2,57.2,100.0,0.0,0.0,0.0,30.04,,2.0,,OVC,,,,200.0,,,,BR,,,,,,,57.2,KUNV 061353Z 00000KT 2SM BR OVC002 14/14 A3004,,0.0,14.000000000000002,8.0
UNV,2024-05-06 10:53:00,-77.85,40.85,378.0,59.0,59.0,100.0,0.0,0.0,0.0,30.04,,3.0,,OVC,,,,300.0,,,,BR,,,,,,,59.0,KUNV 061453Z 00000KT 3SM BR OVC003 15/15 A3004,,0.0,15.0,8.0
UNV,2024-05-06 11:53:00,-77.85,40.85,378.0,62.6,60.8,93.83,0.0,0.0,0.0,30.03,,10.0,,OVC,,,,600.0,,,,,,,,,,,62.6,KUNV 061553Z 00000KT 10SM OVC006 17/16 A3003,,0.0,17.0,8.0
UNV,2024-05-06 12:53:00,-77.85,40.85,378.0,64.4,60.8,88.09,0.0,0.0,0.0,30.02,,10.0,,BKN,,,,1200.0,,,,,,,,,,,64.4,KUNV 061653Z 00000KT 10SM BKN012 18/16 A3002,,0.0,18.000000000000004,6.0
UNV,2024-05-06 13:53:00,-77.85,40.85,378.0,66.2,59.0,77.6,0.0,0.0,0.0,30.0,,10.0,,BKN,,,,1400.0,,,,,,,,,,,66.2,KUNV 061753Z 00000KT 10SM BKN014 19/15 A3000,,0.0,19.0,6.0
UNV,2024-05-06 14:53:00,-77.85,40.85,378.0,69.8,59.0,68.55,0.0,0.0,0.0,29.99,,10.0,,BKN,,,,3000.0,,,,,,,,,,,69.8,KUNV 061853Z 00000KT 10SM BKN030 21/15 A2999,,0.0,21.0,6.0
UNV,2024-05-06 15:53:00,-77.85,40.85,378.0,71.6,57.2,60.44,0.0,0.0,0.0,29.95,,10.0,,BKN,,,,4000.0,,,,,,,,,,,71.6,KUNV 061953Z 00000KT 10SM BKN040 22/14 A2995,,0.0,21.999999999999996,6.0
UNV,2024-05-06 16:53:00,-77.85,40.85,378.0,73.4,57.2,56.88,0.0,0.0,0.0,29.93,,10.0,,BKN,,,,4000.0,,,,,,,,,,,73.4,KUNV 062053Z 00000KT 10SM BKN040 23/14 A2993,,0.0,23.000000000000004,6.0
UNV,2024-05-06 17:53:00,-77.85,40.85,378.0,73.4,57.2,56.88,,4.0,0.0,29.91,,10.0,,SCT,,,,4500.0,,,,,,,,,,,73.4,KUNV 062153Z VRB04KT 10SM SCT045 23/14 A2991,,2.057776,23.000000000000004,4.0
UNV,2024-05-06 18:53:00,-77.85,40.85,378.0,73.4,57.2,56.88,,3.0,0.0,29.9,,10.0,,SCT,,,,5000.0,,,,,,,,,,,73.4,KUNV 062253Z VRB03KT 10SM SCT050 23/14 A2990,,1.543332,23.000000000000004,4.0
UNV,2024-05-06 19:53:00,-77.85,40.85,378.0,69.8,59.0,68.55,190.0,4.0,0.0,29.9,,10.0,,SCT,OVC,,,4000.0,9500.0,,,,,,,,,,69.8,KUNV 062353Z 19004KT 10SM SCT040 OVC095 21/15 A2990,,2.057776,21.0,8.0
UNV,2024-05-06 20:53:00,-77.85,40.85,378.0,68.0,60.8,77.75,210.0,7.0,0.0,29.9,,10.0,,SCT,OVC,,,4000.0,9500.0,,,,,,,,,,68.0,KUNV 070053Z 21007KT 10SM SCT040 OVC095 20/16 A2990,,3.601108,20.0,8.0
UNV,2024-05-06 21:53:00,-77.85,40.85,378.0,66.2,60.8,82.74,300.0,4.0,0.0,29.9,,10.0,,SCT,OVC,,,4000.0,10000.0,,,,,,,,,,66.2,KUNV 070153Z 30004KT 10SM SCT040 OVC100 19/16 A2990,,2.057776,19.0,8.0
UNV,2024-05-06 22:29:00,-77.85,40.85,378.0,66.2,59.0,77.6,0.0,0.0,0.0,29.9,,10.0,,CLR,,,,,,,,,,,,,,,66.2,KUNV 070229Z AUTO 00000KT 10SM CLR 19/15 A2990 RMK AO2,,0.0,19.0,0.0
UNV,2024-05-06 23:00:00,-77.85,40.85,378.0,64.4,59.0,82.62,250.0,5.0,0.0,29.89,,10.0,,CLR,,,,,,,,,,,,,,,64.4,KUNV 070300Z AUTO 25005KT 10SM CLR 18/15 A2989 RMK AO2,,2.57222,18.000000000000004,0.0
UNV,2024-05-06 23:21:00,-77.85,40.85,378.0,62.6,60.8,93.83,230.0,4.0,0.0,29.89,,10.0,,CLR,,,,,,,,,,,,,,,62.6,KUNV 070321Z AUTO 23004KT 10SM CLR 17/16 A2989 RMK AO2,,2.057776,17.0,0.0
UNV,2024-05-06 23:40:00,-77.85,40.85,378.0,62.6,60.8,93.83,0.0,0.0,0.0,29.88,,10.0,,CLR,,,,,,,,,,,,,,,62.6,KUNV 070340Z AUTO 00000KT 10SM CLR 17/16 A2988 RMK AO2,,0.0,17.0,0.0
UNV,2024-05-07 00:00:00,-77.85,40.85,378.0,64.4,60.8,88.09,0.0,0.0,0.0,29.88,,10.0,,CLR,,,,,,,,,,,,,,,64.4,KUNV 070400Z AUTO 00000KT 10SM CLR 18/16 A2988 RMK AO2,,0.0,18.000000000000004,0.0
UNV,2024-05-07 00:20:00,-77.85,40.85,378.0,64.4,60.8,88.09,0.0,0.0,0.0,29.88,,10.0,,CLR,,,,,,,,,,,,,,,64.4,KUNV 070420Z AUTO 00000KT 10SM CLR 18/16 A2988 RMK AO2,,0.0,18.000000000000004,0.0
UNV,2024-05-07 00:40:00,-77.85,40.85,378.0,64.4,60.8,88.09,0.0,0.0,0.0,29.88,,10.0,,CLR,,,,,,,,,,,,,,,64.4,KUNV 070440Z AUTO 00000KT 10SM CLR 18/16 A2988 RMK AO2,,0.0,18.000000000000004,0.0
UNV,2024-05-07 01:00:00,-77.85,40.85,378.0,62.6,62.6,100.0,0.0,0.0,0.0,29.88,,10.0,,SCT,,,,3300.0,,,,,,,,,,,62.6,KUNV 070500Z AUTO 00000KT 10SM SCT033 17/17 A2988 RMK AO2,,0.0,17.0,4.0
UNV,2024-05-07 01:33:00,-77.85,40.85,378.0,60.8,60.8,100.0,50.0,7.0,0.0,29.88,,10.0,,SCT,SCT,,,2100.0,3500.0,,,,,,,,,,60.8,KUNV 070533Z AUTO 05007KT 10SM SCT021 SCT035 16/16 A2988 RMK AO2,,3.601108,16.0,4.0
UNV,2024-05-07 02:01:00,-77.85,40.85,378.0,60.8,60.8,100.0,0.0,0.0,0.0,29.87,,10.0,,CLR,,,,,,,,,,,,,,,60.8,KUNV 070601Z AUTO 00000KT 10SM CLR 16/16 A2987 RMK AO2,,0.0,16.0,0.0
UNV,2024-05-07 02:20:00,-77.85,40.85,378.0,60.8,60.8,100.0,0.0,0.0,0.0,29.86,,10.0,,CLR,,,,,,,,,,,,,,,60.8,KUNV 070620Z AUTO 00000KT 10SM CLR 16/16 A2986 RMK AO2,,0.0,16.0,0.0
UNV,2024-05-07 02:40:00,-77.85,40.85,378.0,60.8,59.0,93.79,0.0,0.0,0.0,29.86,,10.0,,CLR,,,,,,,,,,,,,,,60.8,KUNV 070640Z AUTO 00000KT 10SM CLR 16/15 A2986 RMK AO2,,0.0,16.0,0.0
UNV,2024-05-07 03:00:00,-77.85,40.85,378.0,60.8,57.2,87.92,0.0,0.0,0.0,29.86,,10.0,,CLR,,,,,,,,,,,,,,,60.8,KUNV 070700Z AUTO 00000KT 10SM CLR 16/14 A2986 RMK AO2,,0.0,16.0,0.0
UNV,2024-05-07 03:21:00,-77.85,40.85,378.0,59.0,57.2,93.74,40.0,6.0,0.0,29.86,,10.0,,CLR,,,,,,,,,,,,,,,59.0,KUNV 070721Z AUTO 04006KT 10SM CLR 15/14 A2986 RMK AO2,,3.086664,15.0,0.0
UNV,2024-05-07 03:47:00,-77.85,40.85,378.0,59.0,55.4,87.83,0.0,0.0,0.0,29.85,,10.0,,CLR,,,,,,,,,,,,,,,59.0,KUNV 070747Z AUTO 00000KT 10SM CLR 15/13 A2985 RMK AO2,,0.0,15.0,0.0
UNV,2024-05-07 04:21:00,-77.85,40.85,378.0,59.0,55.4,87.83,0.0,0.0,0.0,29.85,,10.0,,BKN,,,,1600.0,,,,,,,,,,,59.0,KUNV 070821Z AUTO 00000KT 10SM BKN016 15/13 A2985 RMK AO2,,0.0,15.0,6.0
UNV,2024-05-07 04:40:00,-77.85,40.85,378.0,59.0,55.4,87.83,0.0,0.0,0.0,29.85,,10.0,,OVC,,,,1400.0,,,,,,,,,,,59.0,KUNV 070840Z AUTO 00000KT 10SM OVC014 15/13 A2985 RMK AO2,,0.0,15.0,8.0
UNV,2024-05-07 05:53:00,-77.85,40.85,378.0,57.2,53.6,87.74,0.0,0.0,0.0,29.84,,10.0,,OVC,,,,1400.0,,,,,,,,,,,57.2,KUNV 070953Z 00000KT 10SM OVC014 14/12 A2984,,0.0,14.000000000000002,8.0
UNV,2024-05-07 06:53:00,-77.85,40.85,378.0,57.2,53.6,87.74,0.0,0.0,0.0,29.85,,10.0,,OVC,,,,1200.0,,,,,,,,,,,57.2,KUNV 071053Z 00000KT 10SM OVC012 14/12 A2985,,0.0,14.000000000000002,8.0
UNV,2024-05-07 07:53:00,-77.85,40.85,378.0,59.0,50.0,72.01,0.0,0.0,0.0,29.86,,10.0,,OVC,,,,1700.0,,,,,,,,,,,59.0,KUNV 071153Z 00000KT 10SM OVC017 15/10 A2986,,0.0,15.0,8.0
UNV,2024-05-07 08:53:00,-77.85,40.85,378.0,57.2,48.2,71.83,30.0,6.0,0.0,29.87,,10.0,,OVC,,,,1600.0,,,,,,,,,,,57.2,KUNV 071253Z 03006KT 10SM OVC016 14/09 A2987 RMK LTG DSNT W,,3.086664,14.000000000000002,8.0
UNV,2024-05-07 09:53:00,-77.85,40.85,378.0,60.8,48.2,63.15,10.0,5.0,0.0,29.87,,10.0,,OVC,,,,1400.0,,,,,,,,,,,60.8,KUNV 071353Z 01005KT 10SM OVC014 16/09 A2987,,2.57222,16.0,8.0
UNV,2024-05-07 10:35:00,-77.85,40.85,378.0,62.6,50.0,63.38,0.0,0.0,0.0,29.87,,10.0,,OVC,,,,1500.0,,,,,,,,,,,62.6,KUNV 071435Z 00000KT 10SM OVC015 17/10 A2987,,0.0,17.0,8.0
UNV,2024-05-07 10:53:00,-77.85,40.85,378.0,62.6,50.0,63.38,0.0,0.0,0.0,29.87,,10.0,,OVC,,,,1600.0,,,,,,,,,,,62.6,KUNV 071453Z 00000KT 10SM OVC016 17/10 A2987,,0.0,17.0,8.0
UNV,2024-05-07 11:53:00,-77.85,40.85,378.0,66.2,53.6,63.82,0.0,0.0,0.0,29.85,,10.0,,OVC,,,,2000.0,,,,,,,,,,,66.2,KUNV 071553Z 00000KT 10SM OVC020 19/12 A2985,,0.0,19.0,8.0
UNV,2024-05-07 12:53:00,-77.85,40.85,378.0,69.8,57.2,64.26,0.0,0.0,0.0,29.82,,10.0,,BKN,,,,2000.0,,,,,,,,,,,69.8,KUNV 071653Z 00000KT 10SM BKN020 21/14 A2982,,0.0,21.0,6.0
UNV,2024-05-07 13:30:00,-77.85,40.85,378.0,69.8,59.0,68.55,0.0,0.0,0.0,29.8,,10.0,,SCT,BKN,,,2200.0,5000.0,,,,,,,,,,69.8,KUNV 071730Z 00000KT 10SM SCT022 BKN050 21/15 A2980,,0.0,21.0,6.0
UNV,2024-05-07 13:53:00,-77.85,40.85,378.0,71.6,59.0,64.48,200.0,6.0,0.0,29.79,,10.0,,SCT,,,,2500.0,,,,,,,,,,,71.6,KUNV 071753Z 20006KT 10SM SCT025 22/15 A2979,,3.086664,21.999999999999996,4.0
UNV,2024-05-07 14:53:00,-77.85,40.85,378.0,73.4,60.8,64.69,240.0,6.0,0.0,29.77,,10.0,,SCT,,,,2600.0,,,,,,,,,,,73.4,KUNV 071853Z 24006KT 10SM SCT026 23/16 A2977,,3.086664,23.000000000000004,4.0
UNV,2024-05-07 15:53:00,-77.85,40.85,378.0,73.4,59.0,60.67,240.0,6.0,0.0,29.75,,10.0,,SCT,,,,2600.0,,,,,,,,,,,73.4,KUNV 071953Z 24006KT 10SM SCT026 23/15 A2975,,3.086664,23.000000000000004,4.0
UNV,2024-05-07 16:53:00,-77.85,40.85,378.0,73.4,59.0,60.67,230.0,8.0,0.0,29.75,,10.0,,SCT,,,,2600.0,,,,,,,,,,,73.4,KUNV 072053Z 23008KT 10SM SCT026 23/15 A2975,,4.115552,23.000000000000004,4.0
UNV,2024-05-07 17:53:00,-77.85,40.85,378.0,69.8,60.8,73.09,220.0,6.0,0.0,29.75,,10.0,,SCT,,,,5000.0,,,,,,,,,,,69.8,KUNV 072153Z 22006KT 10SM SCT050 21/16 A2975,,3.086664,21.0,4.0
UNV,2024-05-07 18:53:00,-77.85,40.85,378.0,71.6,60.8,68.75,220.0,6.0,0.0,29.74,,10.0,,CLR,,,,,,,,,,,,,,,71.6,KUNV 072253Z 22006KT 10SM CLR 22/16 A2974,,3.086664,21.999999999999996,0.0
UNV,2024-05-07 19:53:00,-77.85,40.85,378.0,69.8,60.8,73.09,200.0,3.0,0.0,29.71,,10.0,,CLR,,,,,,,,,,,,,,,69.8,KUNV 072353Z 20003KT 10SM CLR 21/16 A2971,,1.543332,21.0,0.0
UNV,2024-05-07 20:53:00,-77.85,40.85,378.0,68.0,60.8,77.75,270.0,5.0,0.0,29.71,,10.0,,CLR,,,,,,,,,,,,,,,68.0,KUNV 080053Z 27005KT 10SM CLR 20/16 A2971,,2.57222,20.0,0.0
UNV,2024-05-07 21:53:00,-77.85,40.85,378.0,66.2,60.8,82.74,250.0,5.0,0.0,29.73,,10.0,,CLR,,,,,,,,,,,,,,,66.2,KUNV 080153Z 25005KT 10SM CLR 19/16 A2973,,2.57222,19.0,0.0
UNV,2024-05-07 22:21:00,-77.85,40.85,378.0,64.4,62.6,93.88,0.0,0.0,0.0,29.07,,10.0,,CLR,,,,,,,,,,,,,,,64.4,KUNV 080221Z AUTO 00000KT 10SM CLR 18/17 A2907 RMK AO2,,0.0,18.000000000000004,0.0
UNV,2024-05-08 01:01:00,-77.85,40.85,378.0,64.4,64.4,100.0,0.0,0.0,0.0,29.71,,10.0,,CLR,,,,,,,,,,,,,,,64.4,KUNV 080501Z AUTO 00000KT 10SM CLR 18/18 A2971 RMK AO2,,0.0,18.000000000000004,0.0
UNV,2024-05-08 01:21:00,-77.85,40.85,378.0,64.4,64.4,100.0,250.0,6.0,0.0,29.7,,10.0,,CLR,,,,,,,,,,,,,,,64.4,KUNV 080521Z AUTO 25006KT 10SM CLR 18/18 A2970 RMK AO2,,3.086664,18.000000000000004,0.0
UNV,2024-05-08 01:51:00,-77.85,40.85,378.0,62.6,62.6,100.0,0.0,0.0,0.0,29.69,,10.0,,CLR,,,,,,,,,,,,,,,62.6,KUNV 080551Z AUTO 00000KT 10SM CLR 17/17 A2969 RMK AO2,,0.0,17.0,0.0
UNV,2024-05-08 02:01:00,-77.85,40.85,378.0,62.6,62.6,100.0,0.0,0.0,0.0,29.68,,10.0,,CLR,,,,,,,,,,,,,,,62.6,KUNV 080601Z AUTO 00000KT 10SM CLR 17/17 A2968 RMK AO2,,0.0,17.0,0.0
UNV,2024-05-08 02:21:00,-77.85,40.85,378.0,62.6,62.6,100.0,0.0,0.0,0.0,29.67,,10.0,,CLR,,,,,,,,VCTS,,,,,,,62.6,KUNV 080621Z AUTO 00000KT 10SM VCTS CLR 17/17 A2967 RMK AO2 LTG DSNT W AND NW,,0.0,17.0,0.0
UNV,2024-05-08 02:42:00,-77.85,40.85,378.0,62.6,62.6,100.0,0.0,0.0,0.0,29.66,,10.0,,CLR,,,,,,,,,,,,,,,62.6,KUNV 080642Z AUTO 00000KT 10SM CLR 17/17 A2966 RMK AO2 LTG DSNT W AND NW,,0.0,17.0,0.0
UNV,2024-05-08 03:00:00,-77.85,40.85,378.0,62.6,62.6,100.0,250.0,4.0,0.0,29.66,,10.0,,CLR,,,,,,,,VCTS -RA,,,,,,,62.6,KUNV 080700Z AUTO 25004KT 10SM VCTS -RA CLR 17/17 A2966 RMK AO2 LTG DSNT SW THRU N,,2.057776,17.0,0.0
UNV,2024-05-08 03:21:00,-77.85,40.85,378.0,62.6,62.6,100.0,230.0,7.0,0.0,29.66,,10.0,,SCT,SCT,,,100.0,800.0,,,TS -RA,,,,,,,62.6,KUNV 080721Z AUTO 23007KT 10SM TS -RA SCT001 SCT008 17/17 A2966 RMK AO2 LTG DSNT N AND NE,,3.601108,17.0,4.0
UNV,2024-05-08 03:47:00,-77.85,40.85,378.0,64.4,64.4,100.0,250.0,7.0,0.0,29.66,,10.0,,SCT,,,,100.0,,,,-RA,,,,,,,64.4,KUNV 080747Z AUTO 25007KT 10SM -RA SCT001 18/18 A2966 RMK AO2 LTG DSNT NE AND SW,,3.601108,18.000000000000004,4.0
UNV,2024-05-08 04:02:00,-77.85,40.85,378.0,62.6,62.6,100.0,220.0,14.0,0.0,29.67,,7.0,20.0,BKN,BKN,BKN,,100.0,700.0,1200.0,,TSRA,,,,,,,62.6,KUNV 080802Z AUTO 22014G20KT 7SM TSRA BKN001 BKN007 BKN012 17/17 A2967 RMK AO2 LTG DSNT ALQDS,,7.202216,17.0,6.0
UNV,2024-05-08 04:20:00,-77.85,40.85,378.0,62.6,62.6,100.0,240.0,6.0,0.0,29.68,,10.0,14.0,BKN,BKN,BKN,,100.0,700.0,1000.0,,VCTS -RA,,,,,,,62.6,KUNV 080820Z AUTO 24006G14KT 10SM VCTS -RA BKN001 BKN007 BKN010 17/17 A2968 RMK AO2 LTG DSNT SE AND SW,,3.086664,17.0,6.0
UNV,2024-05-08 05:12:00,-77.85,40.85,378.0,62.6,62.6,100.0,230.0,8.0,0.0,29.64,,10.0,,CLR,,,,,,,,,,,,,,,62.6,KUNV 080912Z AUTO 23008KT 10SM CLR 17/17 A2964 RMK AO2 LTG DSNT SE,,4.115552,17.0,0.0
UNV,2024-05-08 05:23:00,-77.85,40.85,378.0,62.6,62.6,100.0,230.0,4.0,0.0,29.63,,10.0,,CLR,,,,,,,,,,,,,,,62.6,KUNV 080923Z AUTO 23004KT 10SM CLR 17/17 A2963 RMK AO2 LTG DSNT SE,,2.057776,17.0,0.0
UNV,2024-05-08 05:53:00,-77.85,40.85,378.0,62.6,62.6,100.0,0.0,0.0,0.0,29.64,,10.0,,FEW,,,,4500.0,,,,,,,,,,,62.6,KUNV 080953Z 00000KT 10SM FEW045 17/17 A2964,,0.0,17.0,2.0
UNV,2024-05-08 06:53:00,-77.85,40.85,378.0,64.4,64.4,100.0,240.0,10.0,0.0,29.64,,10.0,,BKN,,,,2200.0,,,,,,,,,,,64.4,KUNV 081053Z 24010KT 10SM BKN022 18/18 A2964 RMK LTG DSNT SE,,5.14444,18.000000000000004,6.0
UNV,2024-05-08 07:53:00,-77.85,40.85,378.0,66.2,66.2,100.0,260.0,12.0,0.0,29.67,,10.0,,SCT,,,,2000.0,,,,,,,,,,,66.2,KUNV 081153Z 26012KT 10SM SCT020 19/19 A2967,,6.173328,19.0,4.0
UNV,2024-05-08 08:53:00,-77.85,40.85,378.0,69.8,62.6,77.9,270.0,12.0,0.0,29.68,,10.0,20.0,SCT,,,,2000.0,,,,,,,,,,,69.8,KUNV 081253Z 27012G20KT 10SM SCT020 21/17 A2968,,6.173328,21.0,4.0
UNV,2024-05-08 09:53:00,-77.85,40.85,378.0,71.6,57.2,60.44,290.0,21.0,0.0,29.67,,10.0,27.0,SCT,,,,3500.0,,,,,,,,,,,71.6,KUNV 081353Z 29021G27KT 10SM SCT035 22/14 A2967,,10.803324,21.999999999999996,4.0
UNV,2024-05-08 10:53:00,-77.85,40.85,378.0,73.4,57.2,56.88,280.0,14.0,0.0,29.67,,10.0,23.0,SCT,,,,2500.0,,,,,,,,,,,73.4,KUNV 081453Z 28014G23KT 10SM SCT025 23/14 A2967,,7.202216,23.000000000000004,4.0
UNV,2024-05-08 11:53:00,-77.85,40.85,378.0,77.0,55.4,47.25,270.0,9.0,0.0,29.67,,10.0,20.0,SCT,,,,4000.0,,,,,,,,,,,77.0,KUNV 081553Z 27009G20KT 10SM SCT040 25/13 A2967,,4.629996,25.0,4.0
UNV,2024-05-08 12:53:00,-77.85,40.85,378.0,78.8,53.6,41.69,280.0,15.0,0.0,29.65,,10.0,23.0,SCT,,,,4000.0,,,,,,,,,,,78.8,KUNV 081653Z 28015G23KT 10SM SCT040 26/12 A2965,,7.71666,26.0,4.0
UNV,2024-05-08 13:53:00,-77.85,40.85,378.0,78.8,46.4,31.9,300.0,14.0,0.0,29.64,,10.0,21.0,SCT,,,,4000.0,,,,,,,,,,,78.8,KUNV 081753Z 30014G21KT 10SM SCT040 26/08 A2964,,7.202216,26.0,4.0
UNV,2024-05-08 14:53:00,-77.85,40.85,378.0,80.6,46.4,30.07,290.0,15.0,0.0,29.66,,10.0,22.0,SCT,,,,5000.0,,,,,,,,,,,79.56,KUNV 081853Z 29015G22KT 10SM SCT050 27/08 A2966,,7.71666,26.999999999999996,4.0
UNV,2024-05-08 15:53:00,-77.85,40.85,378.0,80.6,46.4,30.07,280.0,23.0,0.0,29.66,,10.0,33.0,SCT,,,,5000.0,,,,,,,,,,,79.56,KUNV 081953Z 28023G33KT 10SM SCT050 27/08 A2966,,11.832212,26.999999999999996,4.0
UNV,2024-05-08 16:53:00,-77.85,40.85,378.0,80.6,46.4,30.07,260.0,14.0,0.0,29.65,,10.0,17.0,SCT,,,,9000.0,,,,,,,,,,,79.56,KUNV 082053Z 26014G17KT 10SM SCT090 27/08 A2965,,7.202216,26.999999999999996,4.0
UNV,2024-05-08 17:53:00,-77.85,40.85,378.0,78.8,44.6,29.79,270.0,20.0,0.0,29.66,,10.0,27.0,SCT,,,,9000.0,,,,,,,,,,,78.8,KUNV 082153Z 27020G27KT 10SM SCT090 26/07 A2966,,10.28888,26.0,4.0
UNV,2024-05-08 18:53:00,-77.85,40.85,378.0,77.0,44.6,31.62,290.0,14.0,0.0,29.66,,10.0,25.0,CLR,,,,,,,,,,,,,,,77.0,KUNV 082253Z 29014G25KT 10SM CLR 25/07 A2966,,7.202216,25.0,0.0
UNV,2024-05-08 19:53:00,-77.85,40.85,378.0,75.2,39.2,27.26,290.0,14.0,0.0,29.68,,10.0,23.0,CLR,,,,,,,,,,,,,,,75.2,KUNV 082353Z 29014G23KT 10SM CLR 24/04 A2968,,7.202216,24.0,0.0
UNV,2024-05-08 20:53:00,-77.85,40.85,378.0,71.6,33.8,24.86,310.0,7.0,0.0,29.69,,10.0,,CLR,,,,,,,,,,,,,,,71.6,KUNV 090053Z 31007KT 10SM CLR 22/01 A2969,,3.601108,21.999999999999996,0.0
UNV,2024-05-08 21:53:00,-77.85,40.85,378.0,69.8,32.0,24.59,300.0,9.0,0.0,29.72,,10.0,15.0,CLR,,,,,,,,,,,,,,,69.8,KUNV 090153Z 30009G15KT 10SM CLR 21/00 A2972,,4.629996,21.0,0.0
UNV,2024-05-08 22:31:00,-77.85,40.85,378.0,68.0,32.0,26.15,0.0,0.0,0.0,29.73,,10.0,,CLR,,,,,,,,,,,,,,,68.0,KUNV 090231Z AUTO 00000KT 10SM CLR 20/00 A2973 RMK AO2,,0.0,20.0,0.0
UNV,2024-05-08 23:00:00,-77.85,40.85,378.0,66.2,32.0,27.83,290.0,3.0,0.0,29.74,,10.0,,CLR,,,,,,,,,,,,,,,66.2,KUNV 090300Z AUTO 29003KT 10SM CLR 19/00 A2974 RMK AO2,,1.543332,19.0,0.0
UNV,2024-05-08 23:40:00,-77.85,40.85,378.0,66.2,33.8,29.92,0.0,0.0,0.0,29.75,,10.0,,CLR,,,,,,,,,,,,,,,66.2,KUNV 090340Z AUTO 00000KT 10SM CLR 19/01 A2975 RMK AO2,,0.0,19.0,0.0
UNV,2024-05-09 00:00:00,-77.85,40.85,378.0,66.2,33.8,29.92,290.0,3.0,0.0,29.75,,10.0,,CLR,,,,,,,,,,,,,,,66.2,KUNV 090400Z AUTO 29003KT 10SM CLR 19/01 A2975 RMK AO2,,1.543332,19.0,0.0
UNV,2024-05-09 00:20:00,-77.85,40.85,378.0,64.4,35.6,34.22,300.0,4.0,0.0,29.76,,10.0,,CLR,,,,,,,,,,,,,,,64.4,KUNV 090420Z AUTO 30004KT 10SM CLR 18/02 A2976 RMK AO2,,2.057776,18.000000000000004,0.0
UNV,2024-05-09 00:42:00,-77.85,40.85,378.0,64.4,35.6,34.22,0.0,0.0,0.0,29.76,,10.0,,CLR,,,,,,,,,,,,,,,64.4,KUNV 090442Z AUTO 00000KT 10SM CLR 18/02 A2976 RMK AO2,,0.0,18.000000000000004,0.0
UNV,2024-05-09 01:12:00,-77.85,40.85,378.0,60.8,37.4,41.71,0.0,0.0,0.0,29.76,,10.0,,CLR,,,,,,,,,,,,,,,60.8,KUNV 090512Z AUTO 00000KT 10SM CLR 16/03 A2976 RMK AO2,,0.0,16.0,0.0
UNV,2024-05-09 01:40:00,-77.85,40.85,378.0,60.8,39.2,44.76,0.0,0.0,0.0,29.75,,10.0,,CLR,,,,,,,,,,,,,,,60.8,KUNV 090540Z AUTO 00000KT 10SM CLR 16/04 A2975 RMK AO2,,0.0,16.0,0.0
UNV,2024-05-09 02:01:00,-77.85,40.85,378.0,60.8,42.8,51.45,0.0,0.0,0.0,29.75,,10.0,,CLR,,,,,,,,,,,,,,,60.8,KUNV 090601Z AUTO 00000KT 10SM CLR 16/06 A2975 RMK AO2,,0.0,16.0,0.0
UNV,2024-05-09 02:21:00,-77.85,40.85,378.0,59.0,44.6,58.77,0.0,0.0,0.0,29.75,,10.0,,CLR,,,,,,,,,,,,,,,59.0,KUNV 090621Z AUTO 00000KT 10SM CLR 15/07 A2975 RMK AO2,,0.0,15.0,0.0
UNV,2024-05-09 02:42:00,-77.85,40.85,378.0,59.0,44.6,58.77,0.0,0.0,0.0,29.75,,10.0,,CLR,,,,,,,,,,,,,,,59.0,KUNV 090642Z AUTO 00000KT 10SM CLR 15/07 A2975 RMK AO2,,0.0,15.0,0.0
UNV,2024-05-09 03:00:00,-77.85,40.85,378.0,59.0,44.6,58.77,0.0,0.0,0.0,29.75,,10.0,,CLR,,,,,,,,,,,,,,,59.0,KUNV 090700Z AUTO 00000KT 10SM CLR 15/07 A2975 RMK AO2,,0.0,15.0,0.0
UNV,2024-05-09 03:42:00,-77.85,40.85,378.0,59.0,44.6,58.77,0.0,0.0,0.0,29.74,,10.0,,CLR,,,,,,,,,,,,,,,59.0,KUNV 090742Z AUTO 00000KT 10SM CLR 15/07 A2974 RMK AO2 LTG DSNT SW,,0.0,15.0,0.0
UNV,2024-05-09 04:00:00,-77.85,40.85,378.0,57.2,44.6,62.69,0.0,0.0,0.0,29.75,,10.0,,CLR,,,,,,,,,,,,,,,57.2,KUNV 090800Z AUTO 00000KT 10SM CLR 14/07 A2975 RMK AO2,,0.0,14.000000000000002,0.0
UNV,2024-05-09 04:40:00,-77.85,40.85,378.0,55.4,44.6,66.91,0.0,0.0,0.0,29.75,,10.0,,CLR,,,,,,,,,,,,,,,55.4,KUNV 090840Z AUTO 00000KT 10SM CLR 13/07 A2975 RMK AO2,,0.0,13.0,0.0
UNV,2024-05-09 05:00:00,-77.85,40.85,378.0,55.4,44.6,66.91,0.0,0.0,0.0,29.76,,10.0,,CLR,,,,,,,,,,,,,,,55.4,KUNV 090900Z AUTO 00000KT 10SM CLR 13/07 A2976 RMK AO2,,0.0,13.0,0.0
UNV,2024-05-09 05:20:00,-77.85,40.85,378.0,55.4,44.6,66.91,0.0,0.0,0.0,29.76,,10.0,,CLR,,,,,,,,,,,,,,,55.4,KUNV 090920Z AUTO 00000KT 10SM CLR 13/07 A2976 RMK AO2,,0.0,13.0,0.0
UNV,2024-05-09 05:41:00,-77.85,40.85,378.0,55.4,44.6,66.91,0.0,0.0,0.0,29.76,,10.0,,CLR,,,,,,,,,,,,,,,55.4,KUNV 090941Z AUTO 00000KT 10SM CLR 13/07 A2976 RMK AO2,,0.0,13.0,0.0
UNV,2024-05-09 05:53:00,-77.85,40.85,378.0,53.6,46.4,76.5,0.0,0.0,0.0,29.76,,10.0,,CLR,,,,,,,,,,,,,,,53.6,KUNV 090953Z 00000KT 10SM CLR 12/08 A2976,,0.0,12.0,0.0
UNV,2024-05-09 06:53:00,-77.85,40.85,378.0,53.6,46.4,76.5,50.0,6.0,0.0,29.78,,10.0,,CLR,,,,,,,,,,,,,,,53.6,KUNV 091053Z 05006KT 10SM CLR 12/08 A2978,,3.086664,12.0,0.0
UNV,2024-05-09 07:53:00,-77.85,40.85,378.0,55.4,46.4,71.64,40.0,6.0,0.0,29.8,,10.0,,CLR,,,,,,,,,,,,,,,55.4,KUNV 091153Z 04006KT 10SM CLR 13/08 A2980,,3.086664,13.0,0.0
UNV,2024-05-09 08:53:00,-77.85,40.85,378.0,55.4,46.4,71.64,40.0,5.0,0.0,29.8,,10.0,,CLR,,,,,,,,,,,,,,,55.4,KUNV 091253Z 04005KT 10SM CLR 13/08 A2980,,2.57222,13.0,0.0
UNV,2024-05-09 09:53:00,-77.85,40.85,378.0,59.0,46.4,62.92,50.0,6.0,0.0,29.79,,10.0,,BKN,,,,11000.0,,,,,,,,,,,59.0,KUNV 091353Z 05006KT 10SM BKN110 15/08 A2979,,3.086664,15.0,6.0
UNV,2024-05-09 10:53:00,-77.85,40.85,378.0,57.2,46.4,67.12,40.0,6.0,0.0,29.79,,10.0,,OVC,,,,12000.0,,,,,,,,,,,57.2,KUNV 091453Z 04006KT 10SM OVC120 14/08 A2979,,3.086664,14.000000000000002,8.0
UNV,2024-05-09 11:53:00,-77.85,40.85,378.0,57.2,46.4,67.12,30.0,6.0,0.0,29.79,,10.0,,OVC,,,,11000.0,,,,,,,,,,,57.2,KUNV 091553Z 03006KT 10SM OVC110 14/08 A2979,,3.086664,14.000000000000002,8.0
UNV,2024-05-09 12:53:00,-77.85,40.85,378.0,59.0,46.4,62.92,360.0,9.0,0.0,29.77,,10.0,,OVC,,,,10000.0,,,,,,,,,,,59.0,KUNV 091653Z 36009KT 10SM OVC100 15/08 A2977,,4.629996,15.0,8.0
UNV,2024-05-09 13:53:00,-77.85,40.85,378.0,59.0,48.2,67.33,80.0,5.0,0.0,29.76,,10.0,,BKN,,,,7000.0,,,,-RA,,,,,,,59.0,KUNV 091753Z 08005KT 10SM -RA BKN070 15/09 A2976,,2.57222,15.0,6.0
UNV,2024-05-09 14:53:00,-77.85,40.85,378.0,60.8,48.2,63.15,50.0,7.0,0.0,29.75,,10.0,,SCT,BKN,,,3600.0,9000.0,,,,,,,,,,60.8,KUNV 091853Z 05007KT 10SM SCT036 BKN090 16/09 A2975,,3.601108,16.0,6.0
UNV,2024-05-09 15:53:00,-77.85,40.85,378.0,59.0,46.4,62.92,30.0,8.0,0.0,29.74,,10.0,,OVC,,,,8000.0,,,,,,,,,,,59.0,KUNV 091953Z 03008KT 10SM OVC080 15/08 A2974,,4.115552,15.0,8.0
UNV,2024-05-09 16:53:00,-77.85,40.85,378.0,57.2,48.2,71.83,50.0,6.0,0.0,29.73,,10.0,,OVC,,,,3300.0,,,,,,,,,,,57.2,KUNV 092053Z 05006KT 10SM OVC033 14/09 A2973,,3.086664,14.000000000000002,8.0
UNV,2024-05-09 17:53:00,-77.85,40.85,378.0,55.4,50.0,81.99,80.0,7.0,0.0,29.72,,5.0,,SCT,BKN,OVC,,2600.0,3400.0,7000.0,,RA BR,,,,,,,55.4,KUNV 092153Z 08007KT 5SM RA BR SCT026 BKN034 OVC070 13/10 A2972,,3.601108,13.0,8.0
UNV,2024-05-09 18:53:00,-77.85,40.85,378.0,53.6,51.8,93.6,50.0,8.0,0.0,29.72,,3.0,,SCT,OVC,,,3100.0,4100.0,,,RA BR,,,,,,,53.6,KUNV 092253Z 05008KT 3SM RA BR SCT031 OVC041 12/11 A2972,,4.115552,12.0,8.0
UNV,2024-05-09 19:53:00,-77.85,40.85,378.0,51.8,51.8,100.0,60.0,6.0,0.0,29.74,,5.0,,BKN,BKN,OVC,,2600.0,3200.0,6000.0,,-RA BR,,,,,,,51.8,KUNV 092353Z 06006KT 5SM -RA BR BKN026 BKN032 OVC060 11/11 A2974,,3.086664,10.999999999999998,8.0
UNV,2024-05-09 20:53:00,-77.85,40.85,378.0,51.8,51.8,100.0,60.0,10.0,0.0,29.73,,7.0,,SCT,BKN,OVC,,2800.0,4800.0,6500.0,,-RA,,,,,,,51.8,KUNV 100053Z 06010KT 7SM -RA SCT028 BKN048 OVC065 11/11 A2973,,5.14444,10.999999999999998,8.0
UNV,2024-05-09 21:53:00,-77.85,40.85,378.0,51.8,51.8,100.0,50.0,8.0,0.0,29.73,,10.0,,OVC,,,,5000.0,,,,RA,,,,,,,51.8,KUNV 100153Z 05008KT 10SM RA OVC050 11/11 A2973,,4.115552,10.999999999999998,8.0
UNV,2024-05-09 22:20:00,-77.85,40.85,378.0,50.0,50.0,100.0,20.0,9.0,0.0,29.72,,10.0,,SCT,BKN,OVC,,2400.0,3100.0,4000.0,,RA,,,,,,,50.0,KUNV 100220Z AUTO 02009KT 10SM RA SCT024 BKN031 OVC040 10/10 A2972 RMK AO2 LTG DSNT S AND SW,,4.629996,10.0,8.0
UNV,2024-05-09 22:40:00,-77.85,40.85,378.0,50.0,50.0,100.0,40.0,11.0,0.0,29.72,,10.0,,SCT,BKN,OVC,,1000.0,2400.0,3700.0,,RA,,,,,,,50.0,KUNV 100240Z AUTO 04011KT 10SM RA SCT010 BKN024 OVC037 10/10 A2972 RMK AO2,,5.6588840000000005,10.0,8.0
UNV,2024-05-09 23:00:00,-77.85,40.85,378.0,50.0,50.0,100.0,70.0,7.0,0.0,29.71,,10.0,,SCT,BKN,OVC,,500.0,2400.0,3700.0,,-RA,,,,,,,50.0,KUNV 100300Z AUTO 07007KT 10SM -RA SCT005 BKN024 OVC037 10/10 A2971 RMK AO2,,3.601108,10.0,8.0
UNV,2024-05-09 23:21:00,-77.85,40.85,378.0,50.0,50.0,100.0,60.0,8.0,0.0,29.71,,7.0,,SCT,BKN,OVC,,500.0,3700.0,4900.0,,RA,,,,,,,50.0,KUNV 100321Z AUTO 06008KT 7SM RA SCT005 BKN037 OVC049 10/10 A2971 RMK AO2,,4.115552,10.0,8.0
UNV,2024-05-09 23:41:00,-77.85,40.85,378.0,50.0,50.0,100.0,30.0,7.0,0.0,29.72,,7.0,,SCT,BKN,OVC,,500.0,3700.0,4600.0,,RA,,,,,,,50.0,KUNV 100341Z AUTO 03007KT 7SM RA SCT005 BKN037 OVC046 10/10 A2972 RMK AO2,,3.601108,10.0,8.0
UNV,2024-05-10 00:00:00,-77.85,40.85,378.0,50.0,50.0,100.0,0.0,0.0,0.0,29.71,,5.0,,SCT,BKN,OVC,,200.0,700.0,3700.0,,+RA,,,,,,,50.0,KUNV 100400Z AUTO 00000KT 5SM +RA SCT002 BKN007 OVC037 10/10 A2971 RMK AO2,,0.0,10.0,8.0
UNV,2024-05-10 00:20:00,-77.85,40.85,378.0,50.0,50.0,100.0,0.0,0.0,0.0,29.71,,7.0,,SCT,BKN,OVC,,400.0,3600.0,4700.0,,RA,,,,,,,50.0,KUNV 100420Z AUTO 00000KT 7SM RA SCT004 BKN036 OVC047 10/10 A2971 RMK AO2,,0.0,10.0,8.0
UNV,2024-05-10 02:00:00,-77.85,40.85,378.0,50.0,50.0,100.0,40.0,6.0,0.0,29.69,,10.0,,SCT,OVC,,,600.0,1700.0,,,RA,,,,,,,50.0,KUNV 100600Z AUTO 04006KT 10SM RA SCT006 OVC017 10/10 A2969 RMK AO2,,3.086664,10.0,8.0
UNV,2024-05-10 02:20:00,-77.85,40.85,378.0,50.0,50.0,100.0,40.0,8.0,0.0,29.69,,7.0,,BKN,OVC,,,600.0,1700.0,,,+DZ,,,,,,,50.0,KUNV 100620Z AUTO 04008KT 7SM +DZ BKN006 OVC017 10/10 A2969 RMK AO2,,4.115552,10.0,8.0
UNV,2024-05-10 02:41:00,-77.85,40.85,378.0,48.2,48.2,100.0,30.0,8.0,0.0,29.69,,7.0,,SCT,BKN,OVC,,400.0,1000.0,2300.0,,RA,,,,,,,44.07,KUNV 100641Z AUTO 03008KT 7SM RA SCT004 BKN010 OVC023 09/09 A2969 RMK AO2,,4.115552,9.000000000000002,8.0
UNV,2024-05-10 03:00:00,-77.85,40.85,378.0,48.2,48.2,100.0,40.0,9.0,0.0,29.68,,10.0,,BKN,OVC,,,400.0,1000.0,,,-RA,,,,,,,43.66,KUNV 100700Z AUTO 04009KT 10SM -RA BKN004 OVC010 09/09 A2968 RMK AO2,,4.629996,9.000000000000002,8.0
UNV,2024-05-10 03:20:00,-77.85,40.85,378.0,48.2,48.2,100.0,50.0,7.0,0.0,29.68,,10.0,,BKN,OVC,,,400.0,800.0,,,RA,,,,,,,44.53,KUNV 100720Z AUTO 05007KT 10SM RA BKN004 OVC008 09/09 A2968 RMK AO2,,3.601108,9.000000000000002,8.0
UNV,2024-05-10 03:40:00,-77.85,40.85,378.0,48.2,48.2,100.0,40.0,5.0,0.0,29.68,,7.0,,BKN,OVC,,,400.0,800.0,,,RA,,,,,,,45.63,KUNV 100740Z AUTO 04005KT 7SM RA BKN004 OVC008 09/09 A2968 RMK AO2,,2.57222,9.000000000000002,8.0
UNV,2024-05-10 04:22:00,-77.85,40.85,378.0,48.2,48.2,100.0,30.0,8.0,0.0,29.68,,7.0,,BKN,OVC,,,400.0,1000.0,,,+RA,,,,,,,44.07,KUNV 100822Z AUTO 03008KT 7SM +RA BKN004 OVC010 09/09 A2968 RMK AO2,,4.115552,9.000000000000002,8.0
UNV,2024-05-10 04:40:00,-77.85,40.85,378.0,48.2,48.2,100.0,30.0,8.0,0.0,29.68,,5.0,,BKN,BKN,OVC,,400.0,1000.0,2200.0,,RA,,,,,,,44.07,KUNV 100840Z AUTO 03008KT 5SM RA BKN004 BKN010 OVC022 09/09 A2968 RMK AO2,,4.115552,9.000000000000002,8.0
UNV,2024-05-10 05:01:00,-77.85,40.85,378.0,48.2,48.2,100.0,40.0,7.0,0.0,29.67,,7.0,,BKN,OVC,,,400.0,800.0,,,-RA,,,,,,,44.53,KUNV 100901Z AUTO 04007KT 7SM -RA BKN004 OVC008 09/09 A2967 RMK AO2,,3.601108,9.000000000000002,8.0
UNV,2024-05-10 05:53:00,-77.85,40.85,378.0,48.2,48.2,100.0,50.0,7.0,0.0,29.67,,3.0,,BKN,OVC,,,200.0,800.0,,,+RA BR,,,,,,,44.53,KUNV 100953Z 05007KT 3SM +RA BR BKN002 OVC008 09/09 A2967,,3.601108,9.000000000000002,8.0
UNV,2024-05-10 06:53:00,-77.85,40.85,378.0,48.2,48.2,100.0,60.0,6.0,0.0,29.68,,2.0,,OVC,,,,400.0,,,,RA BR,,,,,,,45.04,KUNV 101053Z 06006KT 2SM RA BR OVC004 09/09 A2968,,3.086664,9.000000000000002,8.0
UNV,2024-05-10 07:53:00,-77.85,40.85,378.0,48.2,48.2,100.0,30.0,8.0,0.0,29.68,,2.0,,BKN,BKN,OVC,,400.0,800.0,1400.0,,+RA BR,,,,,,,44.07,KUNV 101153Z 03008KT 2SM +RA BR BKN004 BKN008 OVC014 09/09 A2968,,4.115552,9.000000000000002,8.0
UNV,2024-05-10 08:53:00,-77.85,40.85,378.0,50.0,50.0,100.0,40.0,7.0,0.0,29.68,,2.0,,BKN,OVC,,,400.0,1800.0,,,RA BR,,,,,,,50.0,KUNV 101253Z 04007KT 2SM RA BR BKN004 OVC018 10/10 A2968,,3.601108,10.0,8.0
UNV,2024-05-10 09:53:00,-77.85,40.85,378.0,50.0,50.0,100.0,30.0,9.0,0.0,29.68,,2.0,,OVC,,,,400.0,,,,-DZ,,,,,,,50.0,KUNV 101353Z 03009KT 2SM -DZ OVC004 10/10 A2968,,4.629996,10.0,8.0
UNV,2024-05-10 10:53:00,-77.85,40.85,378.0,50.0,50.0,100.0,30.0,5.0,0.0,29.7,,3.0,,OVC,,,,400.0,,,,RA,,,,,,,50.0,KUNV 101453Z 03005KT 3SM RA OVC004 10/10 A2970,,2.57222,10.0,8.0
UNV,2024-05-10 11:53:00,-77.85,40.85,378.0,50.0,50.0,100.0,90.0,5.0,0.0,29.72,,2.5,,BKN,OVC,,,400.0,800.0,,,RA,,,,,,,50.0,KUNV 101553Z 09005KT 2 1/2SM RA BKN004 OVC008 10/10 A2972,,2.57222,10.0,8.0
UNV,2024-05-10 12:53:00,-77.85,40.85,378.0,50.0,50.0,100.0,100.0,6.0,0.0,29.73,,5.0,,SCT,OVC,,,600.0,1000.0,,,RA,,,,,,,50.0,KUNV 101653Z 10006KT 5SM RA SCT006 OVC010 10/10 A2973,,3.086664,10.0,8.0
UNV,2024-05-10 13:53:00,-77.85,40.85,378.0,50.0,50.0,100.0,100.0,7.0,0.0,29.74,,10.0,,BKN,OVC,,,1600.0,2300.0,,,-RA,,,,,,,50.0,KUNV 101753Z 10007KT 070V130 10SM -RA BKN016 OVC023 10/10 A2974,,3.601108,10.0,8.0
UNV,2024-05-10 14:53:00,-77.85,40.85,378.0,50.0,50.0,100.0,80.0,5.0,0.0,29.75,,5.0,,BKN,OVC,,,1000.0,1500.0,,,RA,,,,,,,50.0,KUNV 101853Z 08005KT 5SM RA BKN010 OVC015 10/10 A2975,,2.57222,10.0,8.0
UNV,2024-05-10 15:53:00,-77.85,40.85,378.0,50.0,48.2,93.5,80.0,5.0,0.0,29.76,,7.0,,OVC,,,,1600.0,,,,-RA,,,,,,,50.0,KUNV 101953Z 08005KT 7SM -RA OVC016 10/09 A2976,,2.57222,10.0,8.0
UNV,2024-05-10 16:53:00,-77.85,40.85,378.0,50.0,48.2,93.5,60.0,5.0,0.0,29.77,,5.0,,SCT,BKN,OVC,,1200.0,1800.0,2500.0,,-RA BR,,,,,,,50.0,KUNV 102053Z 06005KT 5SM -RA BR SCT012 BKN018 OVC025 10/09 A2977,,2.57222,10.0,8.0
UNV,2024-05-10 17:53:00,-77.85,40.85,378.0,50.0,48.2,93.5,60.0,3.0,0.0,29.79,,10.0,,BKN,OVC,,,1800.0,3600.0,,,-RA,,,,,,,50.0,KUNV 102153Z 06003KT 10SM -RA BKN018 OVC036 10/09 A2979,,1.543332,10.0,8.0
UNV,2024-05-10 18:53:00,-77.85,40.85,378.0,50.0,50.0,100.0,0.0,0.0,0.0,29.8,,10.0,,BKN,BKN,OVC,,1600.0,2300.0,2700.0,,-RA,,,,,,,50.0,KUNV 102253Z 00000KT 10SM -RA BKN016 BKN023 OVC027 10/10 A2980,,0.0,10.0,8.0
UNV,2024-05-10 19:53:00,-77.85,40.85,378.0,50.0,48.2,93.5,0.0,0.0,0.0,29.81,,10.0,,SCT,OVC,,,4300.0,6500.0,,,,,,,,,,50.0,KUNV 102353Z 00000KT 10SM SCT043 OVC065 10/09 A2981,,0.0,10.0,8.0
UNV,2024-05-10 20:53:00,-77.85,40.85,378.0,48.2,48.2,100.0,0.0,0.0,0.0,29.82,,10.0,,OVC,,,,4100.0,,,,,,,,,,,48.2,KUNV 110053Z 00000KT 10SM OVC041 09/09 A2982,,0.0,9.000000000000002,8.0
UNV,2024-05-10 21:53:00,-77.85,40.85,378.0,48.2,48.2,100.0,0.0,0.0,0.0,29.83,,10.0,,SCT,SCT,BKN,OVC,300.0,1000.0,1300.0,1800.0,,,,,,,,48.2,KUNV 110153Z 00000KT 10SM SCT003 SCT010 BKN013 OVC018 09/09 A2983,,0.0,9.000000000000002,6.0
UNV,2024-05-10 23:40:00,-77.85,40.85,378.0,48.2,48.2,100.0,0.0,0.0,0.0,29.84,,10.0,,SCT,OVC,,,200.0,800.0,,,,,,,,,,48.2,KUNV 110340Z AUTO 00000KT 10SM SCT002 OVC008 09/09 A2984 RMK AO2,,0.0,9.000000000000002,8.0
UNV,2024-05-11 00:00:00,-77.85,40.85,378.0,48.2,48.2,100.0,0.0,0.0,0.0,29.84,,10.0,,BKN,OVC,,,800.0,1300.0,,,,,,,,,,48.2,KUNV 110400Z AUTO 00000KT 10SM BKN008 OVC013 09/09 A2984 RMK AO2,,0.0,9.000000000000002,8.0
UNV,2024-05-11 00:29:00,-77.85,40.85,378.0,46.4,46.4,100.0,0.0,0.0,0.0,29.85,,5.0,,BKN,OVC,,,1000.0,1300.0,,,+RA,,,,,,,46.4,KUNV 110429Z AUTO 00000KT 5SM +RA BKN010 OVC013 08/08 A2985 RMK AO2,,0.0,8.0,8.0
UNV,2024-05-11 01:00:00,-77.85,40.85,378.0,46.4,46.4,100.0,0.0,0.0,0.0,29.85,,7.0,,SCT,BKN,OVC,,300.0,1400.0,2400.0,,-DZ,,,,,,,46.4,KUNV 110500Z AUTO 00000KT 7SM -DZ SCT003 BKN014 OVC024 08/08 A2985 RMK AO2,,0.0,8.0,8.0
UNV,2024-05-11 01:30:00,-77.85,40.85,378.0,46.4,46.4,100.0,0.0,0.0,0.0,29.85,,10.0,,SCT,BKN,OVC,,200.0,1600.0,2200.0,,,,,,,,,46.4,KUNV 110530Z AUTO 00000KT 10SM SCT002 BKN016 OVC022 08/08 A2985 RMK AO2,,0.0,8.0,8.0
UNV,2024-05-11 02:09:00,-77.85,40.85,378.0,46.4,46.4,100.0,180.0,5.0,0.0,29.84,,10.0,,SCT,BKN,OVC,,400.0,3200.0,4100.0,,,,,,,,,43.5,KUNV 110609Z AUTO 18005KT 10SM SCT004 BKN032 OVC041 08/08 A2984 RMK AO2,,2.57222,8.0,8.0
UNV,2024-05-11 03:47:00,-77.85,40.85,378.0,46.4,46.4,100.0,0.0,0.0,0.0,29.83,,10.0,,OVC,,,,1100.0,,,,,,,,,,,46.4,KUNV 110747Z AUTO 00000KT 10SM OVC011 08/08 A2983 RMK AO2,,0.0,8.0,8.0
UNV,2024-05-11 04:00:00,-77.85,40.85,378.0,46.4,46.4,100.0,0.0,0.0,0.0,29.83,,10.0,,OVC,,,,1100.0,,,,,,,,,,,46.4,KUNV 110800Z AUTO 00000KT 10SM OVC011 08/08 A2983 RMK AO2,,0.0,8.0,8.0
UNV,2024-05-11 04:20:00,-77.85,40.85,378.0,46.4,46.4,100.0,0.0,0.0,0.0,29.83,,10.0,,OVC,,,,1300.0,,,,,,,,,,,46.4,KUNV 110820Z AUTO 00000KT 10SM OVC013 08/08 A2983 RMK AO2,,0.0,8.0,8.0
UNV,2024-05-11 04:59:00,-77.85,40.85,378.0,46.4,46.4,100.0,220.0,3.0,0.0,29.83,,10.0,,SCT,SCT,OVC,,700.0,1200.0,2100.0,,,,,,,,,45.15,KUNV 110859Z AUTO 22003KT 10SM SCT007 SCT012 OVC021 08/08 A2983 RMK AO2,,1.543332,8.0,8.0
UNV,2024-05-11 05:53:00,-77.85,40.85,378.0,46.4,46.4,100.0,260.0,4.0,0.0,29.83,,10.0,,SCT,OVC,,,300.0,1900.0,,,,,,,,,,44.24,KUNV 110953Z 26004KT 10SM SCT003 OVC019 08/08 A2983,,2.057776,8.0,8.0
UNV,2024-05-11 06:53:00,-77.85,40.85,378.0,46.4,46.4,100.0,240.0,3.0,0.0,29.84,,10.0,,SCT,BKN,BKN,,200.0,600.0,2100.0,,,,,,,,,45.15,KUNV 111053Z 24003KT 10SM SCT002 BKN006 BKN021 08/08 A2984,,1.543332,8.0,6.0
UNV,2024-05-11 07:53:00,-77.85,40.85,378.0,48.2,48.2,100.0,230.0,4.0,0.0,29.84,,7.0,,BKN,BKN,,,600.0,1100.0,,,,,,,,,,46.34,KUNV 111153Z 23004KT 7SM BKN006 BKN011 09/09 A2984,,2.057776,9.000000000000002,6.0
UNV,2024-05-11 08:53:00,-77.85,40.85,378.0,50.0,48.2,93.5,210.0,5.0,0.0,29.84,,7.0,,BKN,OVC,,,1000.0,2400.0,,,,,,,,,,50.0,KUNV 111253Z 21005KT 7SM BKN010 OVC024 10/09 A2984,,2.57222,10.0,8.0
UNV,2024-05-11 09:53:00,-77.85,40.85,378.0,50.0,46.4,87.37,230.0,5.0,0.0,29.83,,10.0,,BKN,BKN,BKN,,1300.0,2200.0,2800.0,,,,,,,,,50.0,KUNV 111353Z 23005KT 10SM BKN013 BKN022 BKN028 10/08 A2983,,2.57222,10.0,6.0
UNV,2024-05-11 10:53:00,-77.85,40.85,378.0,51.8,44.6,76.34,230.0,6.0,0.0,29.83,,10.0,,BKN,BKN,,,2200.0,2900.0,,,,,,,,,,51.8,KUNV 111453Z 23006KT 10SM BKN022 BKN029 11/07 A2983,,3.086664,10.999999999999998,6.0
UNV,2024-05-11 11:53:00,-77.85,40.85,378.0,57.2,44.6,62.69,220.0,8.0,0.0,29.81,,10.0,,SCT,SCT,,,3000.0,3900.0,,,,,,,,,,57.2,KUNV 111553Z 22008KT 10SM SCT030 SCT039 14/07 A2981,,4.115552,14.000000000000002,4.0
UNV,2024-05-11 12:53:00,-77.85,40.85,378.0,59.0,42.8,54.86,180.0,8.0,0.0,29.78,,10.0,,SCT,SCT,,,3800.0,4800.0,,,,,,,,,,59.0,KUNV 111653Z 18008KT 150V210 10SM SCT038 SCT048 15/06 A2978,,4.115552,15.0,4.0
UNV,2024-05-11 13:53:00,-77.85,40.85,378.0,59.0,41.0,51.18,180.0,8.0,0.0,29.76,,10.0,,SCT,SCT,,,3900.0,5000.0,,,,,,,,,,59.0,KUNV 111753Z 18008KT 10SM SCT039 SCT050 15/05 A2976,,4.115552,15.0,4.0
UNV,2024-05-11 14:53:00,-77.85,40.85,378.0,57.2,41.0,54.6,160.0,7.0,0.0,29.74,,10.0,,BKN,,,,6500.0,,,,,,,,,,,57.2,KUNV 111853Z 16007KT 10SM BKN065 14/05 A2974,,3.601108,14.000000000000002,6.0
UNV,2024-05-11 15:53:00,-77.85,40.85,378.0,55.4,42.8,62.46,210.0,7.0,0.0,29.74,,10.0,,BKN,OVC,,,4600.0,5000.0,,,-RA,,,,,,,55.4,KUNV 111953Z 21007KT 10SM -RA BKN046 OVC050 13/06 A2974 RMK LTG DSNT SW,,3.601108,13.0,8.0
UNV,2024-05-11 16:20:00,-77.85,40.85,378.0,55.4,42.8,62.46,240.0,8.0,0.0,29.74,,2.0,,SCT,BKN,OVC,,2900.0,3600.0,4600.0,,RA BR,,,,,,,55.4,KUNV 112020Z 24008KT 2SM RA BR SCT029 BKN036 OVC046 13/06 A2974,,4.115552,13.0,8.0
UNV,2024-05-11 16:53:00,-77.85,40.85,378.0,50.0,48.2,93.5,260.0,13.0,0.0,29.76,,2.5,20.0,SCT,BKN,OVC,,1400.0,2900.0,4400.0,,RA BR,,,,,,,50.0,KUNV 112053Z 26013G20KT 2 1/2SM RA BR SCT014 BKN029 OVC044 10/09 A2976,,6.687772,10.0,8.0
UNV,2024-05-11 17:53:00,-77.85,40.85,378.0,50.0,48.2,93.5,0.0,0.0,0.0,29.76,,10.0,,SCT,SCT,OVC,,500.0,2000.0,6500.0,,-RA,,,,,,,50.0,KUNV 112153Z 00000KT 10SM -RA SCT005 SCT020 OVC065 10/09 A2976,,0.0,10.0,8.0
UNV,2024-05-11 18:53:00,-77.85,40.85,378.0,50.0,50.0,100.0,0.0,0.0,0.0,29.74,,10.0,,SCT,BKN,,,500.0,5000.0,,,,,,,,,,50.0,KUNV 112253Z 00000KT 10SM SCT005 BKN050 10/10 A2974,,0.0,10.0,6.0
UNV,2024-05-11 19:53:00,-77.85,40.85,378.0,50.0,50.0,100.0,0.0,0.0,0.0,29.75,,10.0,,SCT,OVC,,,1400.0,3400.0,,,,,,,,,,50.0,KUNV 112353Z 00000KT 10SM SCT014 OVC034 10/10 A2975,,0.0,10.0,8.0
UNV,2024-05-11 20:53:00,-77.85,40.85,378.0,48.2,48.2,100.0,0.0,0.0,0.0,29.75,,10.0,,SCT,,,,3100.0,,,,,,,,,,,48.2,KUNV 120053Z 00000KT 10SM SCT031 09/09 A2975,,0.0,9.000000000000002,4.0
UNV,2024-05-11 21:53:00,-77.85,40.85,378.0,50.0,48.2,93.5,0.0,0.0,0.0,29.75,,10.0,,SCT,BKN,OVC,,2900.0,3300.0,4300.0,,-RA,,,,,,,50.0,KUNV 120153Z 00000KT 10SM -RA SCT029 BKN033 OVC043 10/09 A2975,,0.0,10.0,8.0
UNV,2024-05-11 22:22:00,-77.85,40.85,378.0,48.2,48.2,100.0,0.0,0.0,0.0,29.75,,10.0,,SCT,BKN,OVC,,2400.0,5000.0,5500.0,,,,,,,,,48.2,KUNV 120222Z AUTO 00000KT 10SM SCT024 BKN050 OVC055 09/09 A2975 RMK AO2,,0.0,9.000000000000002,8.0
UNV,2024-05-11 22:40:00,-77.85,40.85,378.0,48.2,48.2,100.0,0.0,0.0,0.0,29.76,,10.0,,BKN,BKN,OVC,,2200.0,4800.0,5000.0,,,,,,,,,48.2,KUNV 120240Z AUTO 00000KT 10SM BKN022 BKN048 OVC050 09/09 A2976 RMK AO2,,0.0,9.000000000000002,8.0
UNV,2024-05-11 23:01:00,-77.85,40.85,378.0,48.2,48.2,100.0,0.0,0.0,0.0,29.75,,10.0,,SCT,BKN,OVC,,1800.0,2300.0,6000.0,,,,,,,,,48.2,KUNV 120301Z AUTO 00000KT 10SM SCT018 BKN023 OVC060 09/09 A2975 RMK AO2,,0.0,9.000000000000002,8.0
UNV,2024-05-11 23:53:00,-77.85,40.85,378.0,48.2,48.2,100.0,0.0,0.0,0.0,29.75,,10.0,,SCT,BKN,OVC,,1600.0,6000.0,7000.0,,,,,,,,,48.2,KUNV 120353Z AUTO 00000KT 10SM SCT016 BKN060 OVC070 09/09 A2975 RMK AO2,,0.0,9.000000000000002,8.0
UNV,2024-05-12 00:20:00,-77.85,40.85,378.0,48.2,48.2,100.0,0.0,0.0,0.0,29.75,,10.0,,SCT,SCT,OVC,,2200.0,4600.0,6000.0,,,,,,,,,48.2,KUNV 120420Z AUTO 00000KT 10SM SCT022 SCT046 OVC060 09/09 A2975 RMK AO2,,0.0,9.000000000000002,8.0
UNV,2024-05-12 00:43:00,-77.85,40.85,378.0,48.2,48.2,100.0,0.0,0.0,0.0,29.75,,10.0,,OVC,,,,6000.0,,,,,,,,,,,48.2,KUNV 120443Z AUTO 00000KT 10SM OVC060 09/09 A2975 RMK AO2,,0.0,9.000000000000002,8.0
UNV,2024-05-12 01:01:00,-77.85,40.85,378.0,48.2,48.2,100.0,0.0,0.0,0.0,29.75,,10.0,,SCT,BKN,OVC,,1800.0,5000.0,6000.0,,,,,,,,,48.2,KUNV 120501Z AUTO 00000KT 10SM SCT018 BKN050 OVC060 09/09 A2975 RMK AO2,,0.0,9.000000000000002,8.0
UNV,2024-05-12 01:22:00,-77.85,40.85,378.0,48.2,48.2,100.0,0.0,0.0,0.0,29.75,,10.0,,SCT,BKN,OVC,,1800.0,3800.0,5000.0,,,,,,,,,48.2,KUNV 120522Z AUTO 00000KT 10SM SCT018 BKN038 OVC050 09/09 A2975 RMK AO2,,0.0,9.000000000000002,8.0
UNV,2024-05-12 01:40:00,-77.85,40.85,378.0,48.2,48.2,100.0,0.0,0.0,0.0,29.75,,10.0,,BKN,OVC,,,3800.0,4400.0,,,,,,,,,,48.2,KUNV 120540Z AUTO 00000KT 10SM BKN038 OVC044 09/09 A2975 RMK AO2,,0.0,9.000000000000002,8.0
UNV,2024-05-12 02:10:00,-77.85,40.85,378.0,48.2,48.2,100.0,0.0,0.0,0.0,29.74,,10.0,,SCT,BKN,OVC,,2300.0,4000.0,6000.0,,,,,,,,,48.2,KUNV 120610Z AUTO 00000KT 10SM SCT023 BKN040 OVC060 09/09 A2974 RMK AO2,,0.0,9.000000000000002,8.0
UNV,2024-05-12 02:40:00,-77.85,40.85,378.0,48.2,48.2,100.0,0.0,0.0,0.0,29.74,,10.0,,BKN,BKN,OVC,,1900.0,2400.0,3400.0,,,,,,,,,48.2,KUNV 120640Z AUTO 00000KT 10SM BKN019 BKN024 OVC034 09/09 A2974 RMK AO2,,0.0,9.000000000000002,8.0
UNV,2024-05-12 03:02:00,-77.85,40.85,378.0,48.2,48.2,100.0,0.0,0.0,0.0,29.74,,10.0,,SCT,BKN,OVC,,1700.0,3500.0,4300.0,,,,,,,,,48.2,KUNV 120702Z AUTO 00000KT 10SM SCT017 BKN035 OVC043 09/09 A2974 RMK AO2,,0.0,9.000000000000002,8.0
UNV,2024-05-12 03:21:00,-77.85,40.85,378.0,48.2,48.2,100.0,0.0,0.0,0.0,29.74,,10.0,,SCT,BKN,OVC,,2600.0,3500.0,5500.0,,-DZ,,,,,,,48.2,KUNV 120721Z AUTO 00000KT 10SM -DZ SCT026 BKN035 OVC055 09/09 A2974 RMK AO2,,0.0,9.000000000000002,8.0
UNV,2024-05-12 03:41:00,-77.85,40.85,378.0,48.2,48.2,100.0,0.0,0.0,0.0,29.74,,10.0,,SCT,SCT,OVC,,2600.0,3400.0,5500.0,,,,,,,,,48.2,KUNV 120741Z AUTO 00000KT 10SM SCT026 SCT034 OVC055 09/09 A2974 RMK AO2,,0.0,9.000000000000002,8.0
UNV,2024-05-12 04:23:00,-77.85,40.85,378.0,48.2,48.2,100.0,0.0,0.0,0.0,29.75,,10.0,,SCT,SCT,BKN,,2600.0,5000.0,8500.0,,,,,,,,,48.2,KUNV 120823Z AUTO 00000KT 10SM SCT026 SCT050 BKN085 09/09 A2975 RMK AO2,,0.0,9.000000000000002,6.0
UNV,2024-05-12 05:20:00,-77.85,40.85,378.0,48.2,48.2,100.0,0.0,0.0,0.0,29.75,,10.0,,SCT,BKN,OVC,,3000.0,4000.0,5000.0,,RA,,,,,,,48.2,KUNV 120920Z AUTO 00000KT 10SM RA SCT030 BKN040 OVC050 09/09 A2975 RMK AO2,,0.0,9.000000000000002,8.0
UNV,2024-05-12 05:53:00,-77.85,40.85,378.0,48.2,48.2,100.0,0.0,0.0,0.0,29.75,,10.0,,SCT,SCT,,,5500.0,7000.0,,,,,,,,,,48.2,KUNV 120953Z 00000KT 10SM SCT055 SCT070 09/09 A2975,,0.0,9.000000000000002,4.0
UNV,2024-05-12 06:53:00,-77.85,40.85,378.0,48.2,48.2,100.0,0.0,0.0,0.0,29.76,,5.0,,OVC,,,,2400.0,,,,-RA BR,,,,,,,48.2,KUNV 121053Z 00000KT 5SM -RA BR OVC024 09/09 A2976,,0.0,9.000000000000002,8.0
UNV,2024-05-12 07:53:00,-77.85,40.85,378.0,48.2,48.2,100.0,240.0,5.0,0.0,29.78,,10.0,,OVC,,,,2000.0,,,,-DZ,,,,,,,45.63,KUNV 121153Z 24005KT 10SM -DZ OVC020 09/09 A2978,,2.57222,9.000000000000002,8.0
UNV,2024-05-12 08:53:00,-77.85,40.85,378.0,48.2,48.2,100.0,270.0,5.0,0.0,29.79,,7.0,,BKN,OVC,,,1900.0,4300.0,,,VCSH,,,,,,,45.63,KUNV 121253Z 27005KT 7SM VCSH BKN019 OVC043 09/09 A2979,,2.57222,9.000000000000002,8.0
UNV,2024-05-12 09:53:00,-77.85,40.85,378.0,50.0,50.0,100.0,270.0,4.0,0.0,29.81,,10.0,,SCT,OVC,OVC,,1000.0,2100.0,2600.0,,VCSH,,,,,,,50.0,KUNV 121353Z COR 27004KT 10SM VCSH SCT010 OVC021 10/10 A2981,,2.057776,10.0,8.0
UNV,2024-05-12 10:53:00,-77.85,40.85,378.0,51.8,48.2,87.47,270.0,6.0,0.0,29.83,,7.0,,BKN,OVC,,,2000.0,2600.0,,,VCSH,,,,,,,51.8,KUNV 121453Z 27006KT 7SM VCSH BKN020 OVC026 11/09 A2983,,3.086664,10.999999999999998,8.0
UNV,2024-05-12 11:53:00,-77.85,40.85,378.0,53.6,50.0,87.56,280.0,4.0,0.0,29.84,,10.0,,SCT,BKN,OVC,,1700.0,3700.0,5000.0,,VCSH,,,,,,,53.6,KUNV 121553Z 28004KT 10SM VCSH SCT017 BKN037 OVC050 12/10 A2984,,2.057776,12.0,8.0
UNV,2024-05-12 12:53:00,-77.85,40.85,378.0,55.4,51.8,87.65,280.0,3.0,0.0,29.85,,10.0,,BKN,,,,5000.0,,,,,,,,,,,55.4,KUNV 121653Z 28003KT 10SM BKN050 13/11 A2985,,1.543332,13.0,6.0
UNV,2024-05-12 13:53:00,-77.85,40.85,378.0,57.2,48.2,71.83,270.0,8.0,0.0,29.86,,10.0,,SCT,BKN,,,2700.0,3700.0,,,,,,,,,,57.2,KUNV 121753Z 27008KT 10SM SCT027 BKN037 14/09 A2986,,4.115552,14.000000000000002,6.0
UNV,2024-05-12 14:53:00,-77.85,40.85,378.0,57.2,44.6,62.69,310.0,10.0,0.0,29.87,,10.0,16.0,SCT,BKN,BKN,,3500.0,4300.0,4800.0,,,,,,,,,57.2,KUNV 121853Z 31010G16KT 10SM SCT035 BKN043 BKN048 14/07 A2987,,5.14444,14.000000000000002,6.0
UNV,2024-05-12 15:53:00,-77.85,40.85,378.0,60.8,44.6,55.12,300.0,6.0,0.0,29.87,,10.0,,SCT,BKN,BKN,,4500.0,6000.0,7000.0,,,,,,,,,60.8,KUNV 121953Z 30006KT 10SM SCT045 BKN060 BKN070 16/07 A2987,,3.086664,16.0,6.0
UNV,2024-05-12 16:53:00,-77.85,40.85,378.0,55.4,48.2,76.66,330.0,5.0,0.0,29.89,,8.0,,SCT,BKN,,,4000.0,5000.0,,,-DZ VCSH,,,,,,,55.4,KUNV 122053Z 33005KT 8SM -DZ VCSH SCT040 BKN050 13/09 A2989,,2.57222,13.0,6.0
UNV,2024-05-12 17:53:00,-77.85,40.85,378.0,59.0,48.2,67.33,330.0,4.0,0.0,29.9,,10.0,,SCT,BKN,BKN,,4400.0,5000.0,6000.0,,,,,,,,,59.0,KUNV 122153Z 33004KT 10SM SCT044 BKN050 BKN060 15/09 A2990,,2.057776,15.0,6.0
UNV,2024-05-12 18:53:00,-77.85,40.85,378.0,60.8,46.4,59.01,320.0,8.0,0.0,29.92,,10.0,,SCT,BKN,BKN,,5000.0,6000.0,7000.0,,,,,,,,,60.8,KUNV 122253Z 32008KT 10SM SCT050 BKN060 BKN070 16/08 A2992,,4.115552,16.0,6.0
UNV,2024-05-12 19:53:00,-77.85,40.85,378.0,57.2,44.6,62.69,270.0,5.0,0.0,29.93,,10.0,,SCT,BKN,BKN,,4200.0,6000.0,7000.0,,,,,,,,,57.2,KUNV 122353Z 27005KT 10SM SCT042 BKN060 BKN070 14/07 A2993,,2.57222,14.000000000000002,6.0
UNV,2024-05-12 20:53:00,-77.85,40.85,378.0,55.4,44.6,66.91,280.0,4.0,0.0,29.95,,10.0,,SCT,SCT,BKN,,4900.0,6000.0,7000.0,,,,,,,,,55.4,KUNV 130053Z 28004KT 10SM SCT049 SCT060 BKN070 13/07 A2995,,2.057776,13.0,6.0
UNV,2024-05-12 21:53:00,-77.85,40.85,378.0,51.8,44.6,76.34,240.0,5.0,0.0,29.97,,10.0,,SCT,SCT,,,5000.0,6000.0,,,,,,,,,,51.8,KUNV 130153Z 24005KT 10SM SCT050 SCT060 11/07 A2997,,2.57222,10.999999999999998,4.0
UNV,2024-05-12 22:21:00,-77.85,40.85,378.0,50.0,44.6,81.61,0.0,0.0,0.0,29.98,,10.0,,CLR,,,,,,,,,,,,,,,50.0,KUNV 130221Z AUTO 00000KT 10SM CLR 10/07 A2998 RMK AO2,,0.0,10.0,0.0
UNV,2024-05-12 23:26:00,-77.85,40.85,378.0,50.0,42.8,76.18,0.0,0.0,0.0,29.99,,10.0,,SCT,SCT,,,7500.0,9000.0,,,,,,,,,,50.0,KUNV 130326Z AUTO 00000KT 10SM SCT075 SCT090 10/06 A2999 RMK AO2,,0.0,10.0,4.0
UNV,2024-05-12 23:40:00,-77.85,40.85,378.0,46.4,46.4,100.0,0.0,0.0,0.0,29.99,,10.0,,SCT,SCT,BKN,,5500.0,7500.0,9000.0,,,,,,,,,46.4,KUNV 130340Z AUTO 00000KT 10SM SCT055 SCT075 BKN090 08/08 A2999 RMK AO2,,0.0,8.0,6.0
UNV,2024-05-13 00:00:00,-77.85,40.85,378.0,46.4,46.4,100.0,0.0,0.0,0.0,30.0,,10.0,,SCT,SCT,,,8000.0,9000.0,,,,,,,,,,46.4,KUNV 130400Z AUTO 00000KT 10SM SCT080 SCT090 08/08 A3000 RMK AO2 LTG DSNT NW,,0.0,8.0,4.0
UNV,2024-05-13 00:20:00,-77.85,40.85,378.0,48.2,46.4,93.45,0.0,0.0,0.0,30.0,,10.0,,SCT,,,,9000.0,,,,,,,,,,,48.2,KUNV 130420Z AUTO 00000KT 10SM SCT090 09/08 A3000 RMK AO2,,0.0,9.000000000000002,4.0
UNV,2024-05-13 00:40:00,-77.85,40.85,378.0,46.4,46.4,100.0,0.0,0.0,0.0,30.0,,10.0,,BKN,,,,11000.0,,,,,,,,,,,46.4,KUNV 130440Z AUTO 00000KT 10SM BKN110 08/08 A3000 RMK AO2,,0.0,8.0,6.0
UNV,2024-05-13 01:00:00,-77.85,40.85,378.0,48.2,46.4,93.45,0.0,0.0,0.0,30.01,,10.0,,BKN,,,,11000.0,,,,,,,,,,,48.2,KUNV 130500Z AUTO 00000KT 10SM BKN110 09/08 A3001 RMK AO2,,0.0,9.000000000000002,6.0
UNV,2024-05-13 01:47:00,-77.85,40.85,378.0,46.4,46.4,100.0,0.0,0.0,0.0,30.0,,10.0,,BKN,,,,11000.0,,,,,,,,,,,46.4,KUNV 130547Z AUTO 00000KT 10SM BKN110 08/08 A3000 RMK AO2,,0.0,8.0,6.0
UNV,2024-05-13 03:41:00,-77.85,40.85,378.0,44.6,44.6,100.0,0.0,0.0,0.0,29.99,,10.0,,SCT,SCT,SCT,,7000.0,9000.0,11000.0,,,,,,,,,44.6,KUNV 130741Z AUTO 00000KT 10SM SCT070 SCT090 SCT110 07/07 A2999 RMK AO2,,0.0,7.000000000000001,4.0
UNV,2024-05-13 04:01:00,-77.85,40.85,378.0,44.6,44.6,100.0,0.0,0.0,0.0,29.99,,10.0,,CLR,,,,,,,,,,,,,,,44.6,KUNV 130801Z AUTO 00000KT 10SM CLR 07/07 A2999 RMK AO2,,0.0,7.000000000000001,0.0
UNV,2024-05-13 04:21:00,-77.85,40.85,378.0,44.6,44.6,100.0,0.0,0.0,0.0,30.0,,10.0,,CLR,,,,,,,,,,,,,,,44.6,KUNV 130821Z AUTO 00000KT 10SM CLR 07/07 A3000 RMK AO2,,0.0,7.000000000000001,0.0
UNV,2024-05-13 04:41:00,-77.85,40.85,378.0,44.6,44.6,100.0,0.0,0.0,0.0,30.01,,10.0,,SCT,,,,9000.0,,,,,,,,,,,44.6,KUNV 130841Z AUTO 00000KT 10SM SCT090 07/07 A3001 RMK AO2,,0.0,7.000000000000001,4.0
UNV,2024-05-13 05:06:00,-77.85,40.85,378.0,44.6,44.6,100.0,0.0,0.0,0.0,30.01,,10.0,,CLR,,,,,,,,,,,,,,,44.6,KUNV 130906Z AUTO 00000KT 10SM CLR 07/07 A3001 RMK AO2,,0.0,7.000000000000001,0.0
UNV,2024-05-13 05:20:00,-77.85,40.85,378.0,42.8,42.8,100.0,0.0,0.0,0.0,30.01,,10.0,,CLR,,,,,,,,,,,,,,,42.8,KUNV 130920Z AUTO 00000KT 10SM CLR 06/06 A3001 RMK AO2,,0.0,5.999999999999998,0.0
UNV,2024-05-13 05:53:00,-77.85,40.85,378.0,42.8,42.8,100.0,170.0,4.0,0.0,30.0,,10.0,,CLR,,,,,,,,,,,,,,,40.03,KUNV 130953Z 17004KT 10SM CLR 06/06 A3000,,2.057776,5.999999999999998,0.0
UNV,2024-05-13 06:53:00,-77.85,40.85,378.0,42.8,42.8,100.0,0.0,0.0,0.0,30.02,,10.0,,CLR,,,,,,,,,,,,,,,42.8,KUNV 131053Z 00000KT 10SM CLR 06/06 A3002,,0.0,5.999999999999998,0.0
UNV,2024-05-13 07:53:00,-77.85,40.85,378.0,42.8,42.8,100.0,0.0,0.0,0.0,30.02,,10.0,,SCT,,,,200.0,,,,,,,,,,,42.8,KUNV 131153Z 00000KT 10SM SCT002 06/06 A3002,,0.0,5.999999999999998,4.0
UNV,2024-05-13 08:53:00,-77.85,40.85,378.0,53.6,48.2,81.87,0.0,0.0,0.0,30.04,,10.0,,CLR,,,,,,,,,,,,,,,53.6,KUNV 131253Z 00000KT 10SM CLR 12/09 A3004,,0.0,12.0,0.0
UNV,2024-05-13 09:53:00,-77.85,40.85,378.0,57.2,44.6,62.69,210.0,8.0,0.0,30.04,,10.0,14.0,SCT,,,,8500.0,,,,,,,,,,,57.2,KUNV 131353Z 21008G14KT 10SM SCT085 14/07 A3004,,4.115552,14.000000000000002,4.0
UNV,2024-05-13 10:53:00,-77.85,40.85,378.0,59.0,46.4,62.92,230.0,6.0,0.0,30.04,,10.0,,SCT,,,,8000.0,,,,,,,,,,,59.0,KUNV 131453Z 23006KT 10SM SCT080 15/08 A3004,,3.086664,15.0,4.0
UNV,2024-05-13 11:53:00,-77.85,40.85,378.0,62.6,46.4,55.37,180.0,5.0,0.0,30.01,,10.0,10.0,SCT,,,,8000.0,,,,,,,,,,,62.6,KUNV 131553Z 18005G10KT 10SM SCT080 17/08 A3001,,2.57222,17.0,4.0
UNV,2024-05-13 12:53:00,-77.85,40.85,378.0,68.0,46.4,45.88,200.0,7.0,0.0,29.98,,10.0,,CLR,,,,,,,,,,,,,,,68.0,KUNV 131653Z 20007KT 10SM CLR 20/08 A2998,,3.601108,20.0,0.0
UNV,2024-05-13 13:53:00,-77.85,40.85,378.0,71.6,48.2,43.42,200.0,9.0,0.0,29.99,,10.0,,CLR,,,,,,,,,,,,,,,71.6,KUNV 131753Z 20009KT 10SM CLR 22/09 A2999,,4.629996,21.999999999999996,0.0
UNV,2024-05-13 14:53:00,-77.85,40.85,378.0,73.4,50.0,43.69,200.0,8.0,0.0,29.96,,10.0,14.0,SCT,,,,6000.0,,,,,,,,,,,73.4,KUNV 131853Z 20008G14KT 10SM SCT060 23/10 A2996,,4.115552,23.000000000000004,4.0
UNV,2024-05-13 15:53:00,-77.85,40.85,378.0,75.2,50.0,41.14,190.0,8.0,0.0,29.94,,10.0,16.0,SCT,,,,5500.0,,,,,,,,,,,75.2,KUNV 131953Z 19008G16KT 10SM SCT055 24/10 A2994,,4.115552,24.0,4.0
UNV,2024-05-13 16:53:00,-77.85,40.85,378.0,75.2,48.2,38.46,230.0,9.0,0.0,29.93,,10.0,17.0,SCT,,,,5500.0,,,,,,,,,,,75.2,KUNV 132053Z 23009G17KT 10SM SCT055 24/09 A2993,,4.629996,24.0,4.0
UNV,2024-05-13 17:53:00,-77.85,40.85,378.0,75.2,46.4,35.94,180.0,8.0,0.0,29.93,,10.0,15.0,SCT,,,,5500.0,,,,,,,,,,,75.2,KUNV 132153Z 18008G15KT 10SM SCT055 24/08 A2993,,4.115552,24.0,4.0
UNV,2024-05-13 18:53:00,-77.85,40.85,378.0,73.4,48.2,40.85,190.0,8.0,0.0,29.93,,10.0,15.0,SCT,,,,6500.0,,,,,,,,,,,73.4,KUNV 132253Z 19008G15KT 10SM SCT065 23/09 A2993,,4.115552,23.000000000000004,4.0
UNV,2024-05-13 19:53:00,-77.85,40.85,378.0,69.8,46.4,43.13,210.0,7.0,0.0,29.94,,10.0,15.0,FEW,,,,6000.0,,,,,,,,,,,69.8,KUNV 132353Z 21007G15KT 10SM FEW060 21/08 A2994,,3.601108,21.0,2.0
UNV,2024-05-13 20:53:00,-77.85,40.85,378.0,66.2,48.2,52.25,190.0,6.0,0.0,29.95,,10.0,,CLR,,,,,,,,,,,,,,,66.2,KUNV 140053Z 19006KT 10SM CLR 19/09 A2995,,3.086664,19.0,0.0
UNV,2024-05-13 21:53:00,-77.85,40.85,378.0,64.4,46.4,51.98,210.0,7.0,0.0,29.95,,10.0,,CLR,,,,,,,,,,,,,,,64.4,KUNV 140153Z 21007KT 10SM CLR 18/08 A2995,,3.601108,18.000000000000004,0.0
UNV,2024-05-13 22:35:00,-77.85,40.85,378.0,64.4,46.4,51.98,0.0,0.0,0.0,29.95,,10.0,,CLR,,,,,,,,,,,,,,,64.4,KUNV 140235Z AUTO 00000KT 10SM CLR 18/08 A2995 RMK AO2,,0.0,18.000000000000004,0.0
UNV,2024-05-13 23:01:00,-77.85,40.85,378.0,62.6,46.4,55.37,0.0,0.0,0.0,29.96,,10.0,,CLR,,,,,,,,,,,,,,,62.6,KUNV 140301Z AUTO 00000KT 10SM CLR 17/08 A2996 RMK AO2,,0.0,17.0,0.0
UNV,2024-05-13 23:27:00,-77.85,40.85,378.0,62.6,46.4,55.37,0.0,0.0,0.0,29.97,,10.0,,CLR,,,,,,,,,,,,,,,62.6,KUNV 140327Z AUTO 00000KT 10SM CLR 17/08 A2997 RMK AO2,,0.0,17.0,0.0
UNV,2024-05-14 01:20:00,-77.85,40.85,378.0,60.8,46.4,59.01,0.0,0.0,0.0,29.96,,10.0,,CLR,,,,,,,,,,,,,,,60.8,KUNV 140520Z AUTO 00000KT 10SM CLR 16/08 A2996 RMK AO2,,0.0,16.0,0.0
UNV,2024-05-14 01:41:00,-77.85,40.85,378.0,60.8,46.4,59.01,0.0,0.0,0.0,29.95,,10.0,,SCT,,,,11000.0,,,,,,,,,,,60.8,KUNV 140541Z AUTO 00000KT 10SM SCT110 16/08 A2995 RMK AO2,,0.0,16.0,4.0
UNV,2024-05-14 02:01:00,-77.85,40.85,378.0,60.8,48.2,63.15,0.0,0.0,0.0,29.95,,10.0,,CLR,,,,,,,,,,,,,,,60.8,KUNV 140601Z AUTO 00000KT 10SM CLR 16/09 A2995 RMK AO2,,0.0,16.0,0.0
UNV,2024-05-14 02:21:00,-77.85,40.85,378.0,60.8,48.2,63.15,0.0,0.0,0.0,29.95,,10.0,,CLR,,,,,,,,,,,,,,,60.8,KUNV 140621Z AUTO 00000KT 10SM CLR 16/09 A2995 RMK AO2,,0.0,16.0,0.0
UNV,2024-05-14 02:41:00,-77.85,40.85,378.0,60.8,46.4,59.01,0.0,0.0,0.0,29.94,,10.0,,CLR,,,,,,,,,,,,,,,60.8,KUNV 140641Z AUTO 00000KT 10SM CLR 16/08 A2994 RMK AO2,,0.0,16.0,0.0
UNV,2024-05-14 03:01:00,-77.85,40.85,378.0,60.8,46.4,59.01,0.0,0.0,0.0,29.94,,10.0,,SCT,,,,11000.0,,,,,,,,,,,60.8,KUNV 140701Z AUTO 00000KT 10SM SCT110 16/08 A2994 RMK AO2,,0.0,16.0,4.0
UNV,2024-05-14 03:29:00,-77.85,40.85,378.0,59.0,48.2,67.33,0.0,0.0,0.0,29.92,,10.0,,CLR,,,,,,,,,,,,,,,59.0,KUNV 140729Z AUTO 00000KT 10SM CLR 15/09 A2992 RMK AO2,,0.0,15.0,0.0
UNV,2024-05-14 03:48:00,-77.85,40.85,378.0,57.2,48.2,71.83,0.0,0.0,0.0,29.92,,10.0,,CLR,,,,,,,,,,,,,,,57.2,KUNV 140748Z AUTO 00000KT 10SM CLR 14/09 A2992 RMK AO2,,0.0,14.000000000000002,0.0
UNV,2024-05-14 04:31:00,-77.85,40.85,378.0,55.4,48.2,76.66,0.0,0.0,0.0,29.92,,10.0,,CLR,,,,,,,,,,,,,,,55.4,KUNV 140831Z AUTO 00000KT 10SM CLR 13/09 A2992 RMK AO2,,0.0,13.0,0.0
UNV,2024-05-14 05:53:00,-77.85,40.85,378.0,53.6,46.4,76.5,0.0,0.0,0.0,29.93,,10.0,,CLR,,,,,,,,,,,,,,,53.6,KUNV 140953Z 00000KT 10SM CLR 12/08 A2993,,0.0,12.0,0.0
UNV,2024-05-14 06:53:00,-77.85,40.85,378.0,53.6,50.0,87.56,0.0,0.0,0.0,29.94,,10.0,,CLR,,,,,,,,,,,,,,,53.6,KUNV 141053Z 00000KT 10SM CLR 12/10 A2994,,0.0,12.0,0.0
UNV,2024-05-14 07:53:00,-77.85,40.85,378.0,59.0,50.0,72.01,0.0,0.0,0.0,29.96,,10.0,,CLR,,,,,,,,,,,,,,,59.0,KUNV 141153Z 00000KT 10SM CLR 15/10 A2996,,0.0,15.0,0.0
UNV,2024-05-14 08:53:00,-77.85,40.85,378.0,60.8,50.0,67.54,0.0,0.0,0.0,29.97,,10.0,,CLR,,,,,,,,,,,,,,,60.8,KUNV 141253Z 00000KT 10SM CLR 16/10 A2997,,0.0,16.0,0.0
UNV,2024-05-14 09:53:00,-77.85,40.85,378.0,62.6,51.8,67.75,0.0,0.0,0.0,29.97,,10.0,,SCT,,,,12000.0,,,,,,,,,,,62.6,KUNV 141353Z 00000KT 10SM SCT120 17/11 A2997,,0.0,17.0,4.0
UNV,2024-05-14 10:53:00,-77.85,40.85,378.0,62.6,51.8,67.75,0.0,0.0,0.0,29.97,,10.0,,SCT,BKN,OVC,,3500.0,5000.0,8000.0,,-DZ,,,,,,,62.6,KUNV 141453Z 00000KT 10SM -DZ SCT035 BKN050 OVC080 17/11 A2997,,0.0,17.0,8.0
UNV,2024-05-14 11:53:00,-77.85,40.85,378.0,62.6,55.4,77.29,200.0,4.0,0.0,29.97,,10.0,,SCT,BKN,OVC,,3100.0,6500.0,8500.0,,,,,,,,,62.6,KUNV 141553Z 20004KT 10SM SCT031 BKN065 OVC085 17/13 A2997,,2.057776,17.0,8.0
UNV,2024-05-14 12:53:00,-77.85,40.85,378.0,64.4,55.4,72.56,190.0,9.0,0.0,29.94,,10.0,,BKN,OVC,,,2800.0,3500.0,,,,,,,,,,64.4,KUNV 141653Z 19009KT 10SM BKN028 OVC035 18/13 A2994,,4.629996,18.000000000000004,8.0
UNV,2024-05-14 13:53:00,-77.85,40.85,378.0,62.6,55.4,77.29,190.0,8.0,0.0,29.94,,8.0,,OVC,,,,2100.0,,,,,,,,,,,62.6,KUNV 141753Z 19008KT 8SM OVC021 17/13 A2994,,4.115552,17.0,8.0
UNV,2024-05-14 14:53:00,-77.85,40.85,378.0,60.8,55.4,82.37,170.0,5.0,0.0,29.92,,8.0,,OVC,,,,1600.0,,,,,,,,,,,60.8,KUNV 141853Z 17005KT 8SM OVC016 16/13 A2992,,2.57222,16.0,8.0
UNV,2024-05-14 15:53:00,-77.85,40.85,378.0,60.8,59.0,93.79,,5.0,0.0,29.9,,6.0,,OVC,,,,1400.0,,,,-RA BR,,,,,,,60.8,KUNV 141953Z VRB05KT 6SM -RA BR OVC014 16/15 A2990,,2.57222,16.0,8.0
UNV,2024-05-14 16:53:00,-77.85,40.85,378.0,59.0,59.0,100.0,,4.0,0.0,29.89,,3.0,,OVC,,,,1200.0,,,,-RA BR,,,,,,,59.0,KUNV 142053Z VRB04KT 3SM -RA BR OVC012 15/15 A2989,,2.057776,15.0,8.0
UNV,2024-05-14 17:53:00,-77.85,40.85,378.0,60.8,59.0,93.79,150.0,4.0,0.0,29.88,,4.0,,OVC,,,,1200.0,,,,BR,,,,,,,60.8,KUNV 142153Z 15004KT 4SM BR OVC012 16/15 A2988,,2.057776,16.0,8.0
UNV,2024-05-14 18:53:00,-77.85,40.85,378.0,59.0,59.0,100.0,0.0,0.0,0.0,29.87,,3.0,,OVC,,,,1200.0,,,,BR,,,,,,,59.0,KUNV 142253Z 00000KT 3SM BR OVC012 15/15 A2987,,0.0,15.0,8.0
UNV,2024-05-14 19:53:00,-77.85,40.85,378.0,59.0,59.0,100.0,0.0,0.0,0.0,29.86,,4.0,,BKN,BKN,OVC,,900.0,2100.0,3100.0,,BR,,,,,,,59.0,KUNV 142353Z 00000KT 4SM BR BKN009 BKN021 OVC031 15/15 A2986,,0.0,15.0,8.0
UNV,2024-05-14 20:53:00,-77.85,40.85,378.0,59.0,59.0,100.0,0.0,0.0,0.0,29.86,,2.0,,BKN,BKN,OVC,,1500.0,4500.0,6500.0,,RA BR,,,,,,,59.0,KUNV 150053Z 00000KT 2SM RA BR BKN015 BKN045 OVC065 15/15 A2986,,0.0,15.0,8.0
UNV,2024-05-14 21:53:00,-77.85,40.85,378.0,59.0,59.0,100.0,0.0,0.0,0.0,29.87,,4.0,,OVC,,,,1400.0,,,,-DZ,,,,,,,59.0,KUNV 150153Z 00000KT 4SM -DZ OVC014 15/15 A2987,,0.0,15.0,8.0
UNV,2024-05-14 22:28:00,-77.85,40.85,378.0,59.0,59.0,100.0,0.0,0.0,0.0,29.87,,10.0,,OVC,,,,1400.0,,,,,,,,,,,59.0,KUNV 150228Z AUTO 00000KT 10SM OVC014 15/15 A2987 RMK AO2,,0.0,15.0,8.0
UNV,2024-05-14 22:41:00,-77.85,40.85,378.0,59.0,59.0,100.0,0.0,0.0,0.0,29.86,,10.0,,OVC,,,,1200.0,,,,,,,,,,,59.0,KUNV 150241Z AUTO 00000KT 10SM OVC012 15/15 A2986 RMK AO2,,0.0,15.0,8.0
UNV,2024-05-14 23:18:00,-77.85,40.85,378.0,59.0,59.0,100.0,0.0,0.0,0.0,29.85,,10.0,,OVC,,,,1200.0,,,,,,,,,,,59.0,KUNV 150318Z AUTO 00000KT 10SM OVC012 15/15 A2985 RMK AO2,,0.0,15.0,8.0
UNV,2024-05-14 23:41:00,-77.85,40.85,378.0,59.0,57.2,93.74,0.0,0.0,0.0,29.84,,10.0,,OVC,,,,1000.0,,,,,,,,,,,59.0,KUNV 150341Z AUTO 00000KT 10SM OVC010 15/14 A2984 RMK AO2,,0.0,15.0,8.0
UNV,2024-05-15 00:01:00,-77.85,40.85,378.0,59.0,59.0,100.0,0.0,0.0,0.0,29.84,,10.0,,OVC,,,,1000.0,,,,,,,,,,,59.0,KUNV 150401Z AUTO 00000KT 10SM OVC010 15/15 A2984 RMK AO2,,0.0,15.0,8.0
UNV,2024-05-15 00:20:00,-77.85,40.85,378.0,57.2,57.2,100.0,0.0,0.0,0.0,29.84,,7.0,,OVC,,,,800.0,,,,+DZ,,,,,,,57.2,KUNV 150420Z AUTO 00000KT 7SM +DZ OVC008 14/14 A2984 RMK AO2 LTG DSNT W,,0.0,14.000000000000002,8.0
UNV,2024-05-15 00:41:00,-77.85,40.85,378.0,59.0,57.2,93.74,0.0,0.0,0.0,29.83,,5.0,,SCT,OVC,,,800.0,1500.0,,,+DZ,,,,,,,59.0,KUNV 150441Z AUTO 00000KT 5SM +DZ SCT008 OVC015 15/14 A2983 RMK AO2 LTG DSNT W,,0.0,15.0,8.0
UNV,2024-05-15 01:01:00,-77.85,40.85,378.0,57.2,57.2,100.0,0.0,0.0,0.0,29.83,,4.0,,OVC,,,,1300.0,,,,-DZ,,,,,,,57.2,KUNV 150501Z AUTO 00000KT 4SM -DZ OVC013 14/14 A2983 RMK AO2,,0.0,14.000000000000002,8.0
UNV,2024-05-15 01:21:00,-77.85,40.85,378.0,57.2,57.2,100.0,0.0,0.0,0.0,29.83,,2.5,,OVC,,,,1100.0,,,,-DZ,,,,,,,57.2,KUNV 150521Z AUTO 00000KT 2 1/2SM -DZ OVC011 14/14 A2983 RMK AO2,,0.0,14.000000000000002,8.0
UNV,2024-05-15 02:10:00,-77.85,40.85,378.0,57.2,57.2,100.0,0.0,0.0,0.0,29.82,,3.0,,OVC,,,,900.0,,,,BR,,,,,,,57.2,KUNV 150610Z AUTO 00000KT 3SM BR OVC009 14/14 A2982 RMK AO2,,0.0,14.000000000000002,8.0
UNV,2024-05-15 04:08:00,-77.85,40.85,378.0,57.2,57.2,100.0,0.0,0.0,0.0,29.79,,4.0,,OVC,,,,1100.0,,,,-RA,,,,,,,57.2,KUNV 150808Z AUTO 00000KT 4SM -RA OVC011 14/14 A2979 RMK AO2,,0.0,14.000000000000002,8.0
UNV,2024-05-15 04:20:00,-77.85,40.85,378.0,57.2,57.2,100.0,0.0,0.0,0.0,29.79,,7.0,,OVC,,,,1100.0,,,,,,,,,,,57.2,KUNV 150820Z AUTO 00000KT 7SM OVC011 14/14 A2979 RMK AO2,,0.0,14.000000000000002,8.0
UNV,2024-05-15 04:41:00,-77.85,40.85,378.0,57.2,57.2,100.0,0.0,0.0,0.0,29.79,,5.0,,SCT,OVC,,,300.0,900.0,,,BR,,,,,,,57.2,KUNV 150841Z AUTO 00000KT 5SM BR SCT003 OVC009 14/14 A2979 RMK AO2,,0.0,14.000000000000002,8.0
UNV,2024-05-15 05:00:00,-77.85,40.85,378.0,57.2,57.2,100.0,0.0,0.0,0.0,29.78,,5.0,,SCT,OVC,,,300.0,900.0,,,BR,,,,,,,57.2,KUNV 150900Z AUTO 00000KT 5SM BR SCT003 OVC009 14/14 A2978 RMK AO2,,0.0,14.000000000000002,8.0
UNV,2024-05-15 05:21:00,-77.85,40.85,378.0,57.2,57.2,100.0,0.0,0.0,0.0,29.79,,7.0,,OVC,,,,900.0,,,,,,,,,,,57.2,KUNV 150921Z AUTO 00000KT 7SM OVC009 14/14 A2979 RMK AO2,,0.0,14.000000000000002,8.0
UNV,2024-05-15 05:53:00,-77.85,40.85,378.0,59.0,59.0,100.0,0.0,0.0,0.0,29.79,,6.0,,FEW,BKN,OVC,,100.0,1000.0,1800.0,,BR MIFG,,,,,,,59.0,KUNV 150953Z 00000KT 6SM BR MIFG FEW001 BKN010 OVC018 15/15 A2979,,0.0,15.0,8.0
UNV,2024-05-15 06:53:00,-77.85,40.85,378.0,57.2,57.2,100.0,0.0,0.0,0.0,29.8,,5.0,,BKN,OVC,,,700.0,1000.0,,,BR BCFG,,,,,,,57.2,KUNV 151053Z 00000KT 5SM BR BCFG BKN007 OVC010 14/14 A2980,,0.0,14.000000000000002,8.0
UNV,2024-05-15 07:53:00,-77.85,40.85,378.0,59.0,59.0,100.0,150.0,6.0,0.0,29.8,,5.0,,BKN,OVC,,,800.0,1200.0,,,BR,,,,,,,59.0,KUNV 151153Z 15006KT 120V180 5SM BR BKN008 OVC012 15/15 A2980,,3.086664,15.0,8.0
UNV,2024-05-15 08:53:00,-77.85,40.85,378.0,59.0,57.2,93.74,0.0,0.0,0.0,29.81,,6.0,,SCT,BKN,OVC,,900.0,1300.0,2200.0,,BR,,,,,,,59.0,KUNV 151253Z 00000KT 6SM BR SCT009 BKN013 OVC022 15/14 A2981,,0.0,15.0,8.0
UNV,2024-05-15 09:53:00,-77.85,40.85,378.0,59.0,57.2,93.74,,4.0,0.0,29.82,,6.0,,OVC,,,,1300.0,,,,BR,,,,,,,59.0,KUNV 151353Z VRB04KT 6SM BR OVC013 15/14 A2982,,2.057776,15.0,8.0
UNV,2024-05-15 10:53:00,-77.85,40.85,378.0,59.0,57.2,93.74,0.0,0.0,0.0,29.82,,10.0,,OVC,,,,1100.0,,,,,,,,,,,59.0,KUNV 151453Z 00000KT 10SM OVC011 15/14 A2982,,0.0,15.0,8.0
UNV,2024-05-15 11:53:00,-77.85,40.85,378.0,59.0,57.2,93.74,140.0,3.0,0.0,29.83,,10.0,,BKN,OVC,,,1200.0,2000.0,,,,,,,,,,59.0,KUNV 151553Z 14003KT 10SM BKN012 OVC020 15/14 A2983,,1.543332,15.0,8.0
UNV,2024-05-15 12:29:00,-77.85,40.85,378.0,60.8,55.4,82.37,150.0,3.0,0.0,29.82,,10.0,,OVC,,,,1500.0,,,,,,,,,,,60.8,KUNV 151629Z 15003KT 10SM OVC015 16/13 A2982,,1.543332,16.0,8.0
UNV,2024-05-15 12:53:00,-77.85,40.85,378.0,60.8,55.4,82.37,140.0,4.0,0.0,29.81,,10.0,,OVC,,,,1900.0,,,,,,,,,,,60.8,KUNV 151653Z 14004KT 10SM OVC019 16/13 A2981,,2.057776,16.0,8.0
UNV,2024-05-15 13:53:00,-77.85,40.85,378.0,60.8,57.2,87.92,140.0,5.0,0.0,29.8,,10.0,,BKN,OVC,,,1700.0,2200.0,,,-DZ,,,,,,,60.8,KUNV 151753Z 14005KT 10SM -DZ BKN017 OVC022 16/14 A2980,,2.57222,16.0,8.0
UNV,2024-05-15 14:53:00,-77.85,40.85,378.0,62.6,57.2,82.5,,3.0,0.0,29.79,,10.0,,OVC,,,,1800.0,,,,,,,,,,,62.6,KUNV 151853Z VRB03KT 10SM OVC018 17/14 A2979,,1.543332,17.0,8.0
UNV,2024-05-15 15:53:00,-77.85,40.85,378.0,62.6,57.2,82.5,80.0,4.0,0.0,29.78,,10.0,,OVC,,,,2000.0,,,,,,,,,,,62.6,KUNV 151953Z 08004KT 10SM OVC020 17/14 A2978,,2.057776,17.0,8.0
UNV,2024-05-15 16:53:00,-77.85,40.85,378.0,62.6,57.2,82.5,,4.0,0.0,29.76,,10.0,,BKN,OVC,,,2800.0,3300.0,,,,,,,,,,62.6,KUNV 152053Z VRB04KT 10SM BKN028 OVC033 17/14 A2976,,2.057776,17.0,8.0
UNV,2024-05-15 17:53:00,-77.85,40.85,378.0,62.6,57.2,82.5,,4.0,0.0,29.77,,10.0,,BKN,OVC,,,3400.0,4100.0,,,,,,,,,,62.6,KUNV 152153Z VRB04KT 10SM BKN034 OVC041 17/14 A2977,,2.057776,17.0,8.0
UNV,2024-05-15 18:53:00,-77.85,40.85,378.0,60.8,60.8,100.0,40.0,4.0,0.0,29.78,,7.0,,SCT,BKN,OVC,,1900.0,2600.0,3500.0,,-RA,,,,,,,60.8,KUNV 152253Z 04004KT 7SM -RA SCT019 BKN026 OVC035 16/16 A2978 RMK LTG DSNT SW AND W,,2.057776,16.0,8.0
UNV,2024-05-15 19:53:00,-77.85,40.85,378.0,60.8,60.8,100.0,100.0,4.0,0.0,29.79,,7.0,,BKN,OVC,,,1500.0,2200.0,,,RA,,,,,,,60.8,KUNV 152353Z 10004KT 7SM RA BKN015 OVC022 16/16 A2979,,2.057776,16.0,8.0
UNV,2024-05-15 20:08:00,-77.85,40.85,378.0,59.0,59.0,100.0,,5.0,0.0,29.79,,3.0,,BKN,BKN,OVC,,600.0,1500.0,2100.0,,-DZ,,,,,,,59.0,KUNV 160008Z VRB05KT 3SM -DZ BKN006 BKN015 OVC021 15/15 A2979,,2.57222,15.0,8.0
UNV,2024-05-15 20:53:00,-77.85,40.85,378.0,57.2,57.2,100.0,0.0,0.0,0.0,29.79,,4.0,,SCT,BKN,OVC,,1900.0,3200.0,3800.0,,RA BR,,,,,,,57.2,KUNV 160053Z 00000KT 4SM RA BR SCT019 BKN032 OVC038 14/14 A2979 RMK LTG DSNT SW,,0.0,14.000000000000002,8.0
UNV,2024-05-15 21:53:00,-77.85,40.85,378.0,59.0,59.0,100.0,0.0,0.0,0.0,29.8,,7.0,,BKN,OVC,,,2900.0,6000.0,,,,,,,,,,59.0,KUNV 160153Z 00000KT 7SM BKN029 OVC060 15/15 A2980,,0.0,15.0,8.0
UNV,2024-05-15 23:41:00,-77.85,40.85,378.0,57.2,55.4,93.69,0.0,0.0,0.0,29.8,,0.25,,OVC,,,,100.0,,,,FG,,,,,,,57.2,KUNV 160341Z 00000KT 1/4SM FG OVC001 14/13 A2980,,0.0,14.000000000000002,8.0
UNV,2024-05-16 00:11:00,-77.85,40.85,378.0,55.4,55.4,100.0,80.0,3.0,0.0,29.8,,0.25,,OVC,,,,100.0,,,,FG,,,,,,,55.4,KUNV 160411Z AUTO 08003KT 1/4SM FG OVC001 13/13 A2980 RMK AO2,,1.543332,13.0,8.0
UNV,2024-05-16 00:42:00,-77.85,40.85,378.0,57.2,57.2,100.0,0.0,0.0,0.0,29.8,,3.0,,BKN,OVC,,,100.0,5500.0,,,BR,,,,,,,57.2,KUNV 160442Z AUTO 00000KT 3SM BR BKN001 OVC055 14/14 A2980 RMK AO2,,0.0,14.000000000000002,8.0
UNV,2024-05-16 01:01:00,-77.85,40.85,378.0,55.4,55.4,100.0,0.0,0.0,0.0,29.79,,0.25,,OVC,,,,300.0,,,,BR,,,,,,,55.4,KUNV 160501Z AUTO 00000KT 1/4SM BR OVC003 13/13 A2979 RMK AO2,,0.0,13.0,8.0
UNV,2024-05-16 01:21:00,-77.85,40.85,378.0,57.2,57.2,100.0,0.0,0.0,0.0,29.79,,1.0,,OVC,,,,300.0,,,,BR,,,,,,,57.2,KUNV 160521Z AUTO 00000KT 1SM BR OVC003 14/14 A2979 RMK AO2,,0.0,14.000000000000002,8.0
UNV,2024-05-16 02:13:00,-77.85,40.85,378.0,55.4,55.4,100.0,0.0,0.0,0.0,29.78,,5.0,,OVC,,,,500.0,,,,BR,,,,,,,55.4,KUNV 160613Z AUTO 00000KT 5SM BR OVC005 13/13 A2978 RMK AO2,,0.0,13.0,8.0
UNV,2024-05-16 02:27:00,-77.85,40.85,378.0,55.4,55.4,100.0,0.0,0.0,0.0,29.79,,5.0,,OVC,,,,300.0,,,,BR,,,,,,,55.4,KUNV 160627Z AUTO 00000KT 5SM BR OVC003 13/13 A2979 RMK AO2,,0.0,13.0,8.0
UNV,2024-05-16 03:09:00,-77.85,40.85,378.0,55.4,55.4,100.0,0.0,0.0,0.0,29.79,,4.0,,OVC,,,,500.0,,,,BR,,,,,,,55.4,KUNV 160709Z AUTO 00000KT 4SM BR OVC005 13/13 A2979 RMK AO2,,0.0,13.0,8.0
UNV,2024-05-16 03:47:00,-77.85,40.85,378.0,53.6,53.6,100.0,0.0,0.0,0.0,29.79,,0.25,,OVC,,,,100.0,,,,FG,,,,,,,53.6,KUNV 160747Z AUTO 00000KT 1/4SM FG OVC001 12/12 A2979 RMK AO2,,0.0,12.0,8.0
UNV,2024-05-16 05:21:00,-77.85,40.85,378.0,55.4,55.4,100.0,0.0,0.0,0.0,29.8,,0.25,,OVC,,,,100.0,,,,FG,,,,,,,55.4,KUNV 160921Z AUTO 00000KT 1/4SM FG OVC001 13/13 A2980 RMK AO2,,0.0,13.0,8.0
UNV,2024-05-16 05:53:00,-77.85,40.85,378.0,53.6,53.6,100.0,0.0,0.0,0.0,29.8,,0.06,,OVC,,,,100.0,,,,FG,,,,,,,53.6,KUNV 160953Z 00000KT 1/16SM R24/0300FT FG OVC001 12/12 A2980,,0.0,12.0,8.0
UNV,2024-05-16 06:08:00,-77.85,40.85,378.0,53.6,53.6,100.0,0.0,0.0,0.0,29.8,,0.12,,OVC,,,,100.0,,,,FG,,,,,,,53.6,KUNV 161008Z 00000KT 1/8SM R24/0800FT FG OVC001 12/12 A2980,,0.0,12.0,8.0
UNV,2024-05-16 06:35:00,-77.85,40.85,378.0,53.6,53.6,100.0,0.0,0.0,0.0,29.8,,0.06,,OVC,,,,100.0,,,,FG,,,,,,,53.6,KUNV 161035Z 00000KT 1/16SM R24/0700FT FG OVC001 12/12 A2980,,0.0,12.0,8.0
UNV,2024-05-16 06:53:00,-77.85,40.85,378.0,55.4,55.4,100.0,0.0,0.0,0.0,29.81,,0.06,,OVC,,,,100.0,,,,FG,,,,,,,55.4,KUNV 161053Z 00000KT 1/16SM R24/0600FT FG OVC001 13/13 A2981,,0.0,13.0,8.0
UNV,2024-05-16 07:21:00,-77.85,40.85,378.0,53.6,53.6,100.0,0.0,0.0,0.0,29.82,,0.12,,OVC,,,,100.0,,,,FG,,,,,,,53.6,KUNV 161121Z 00000KT 1/8SM R24/1000FT FG OVC001 12/12 A2982,,0.0,12.0,8.0
UNV,2024-05-16 07:41:00,-77.85,40.85,378.0,53.6,53.6,100.0,0.0,0.0,0.0,29.83,,0.25,,OVC,,,,100.0,,,,FG,,,,,,,53.6,KUNV 161141Z 00000KT 1/4SM R24/1200FT FG OVC001 12/12 A2983,,0.0,12.0,8.0
UNV,2024-05-16 07:53:00,-77.85,40.85,378.0,55.4,55.4,100.0,0.0,0.0,0.0,29.83,,0.25,,OVC,,,,100.0,,,,FG,,,,,,,55.4,KUNV 161153Z 00000KT 1/4SM R24/1200FT FG OVC001 13/13 A2983,,0.0,13.0,8.0
UNV,2024-05-16 08:11:00,-77.85,40.85,378.0,55.4,55.4,100.0,0.0,0.0,0.0,29.84,,0.25,,OVC,,,,100.0,,,,FG,,,,,,,55.4,KUNV 161211Z 00000KT 1/4SM R24/3500FT FG OVC001 13/13 A2984,,0.0,13.0,8.0
UNV,2024-05-16 08:25:00,-77.85,40.85,378.0,55.4,55.4,100.0,0.0,0.0,0.0,29.84,,0.5,,OVC,,,,100.0,,,,FG,,,,,,,55.4,KUNV 161225Z 00000KT 1/2SM R24/5000FT FG OVC001 13/13 A2984,,0.0,13.0,8.0
UNV,2024-05-16 08:53:00,-77.85,40.85,378.0,57.2,57.2,100.0,0.0,0.0,0.0,29.84,,1.0,,OVC,,,,100.0,,,,BR BCFG,,,,,,,57.2,KUNV 161253Z 00000KT 1SM R24/P6000FT BR BCFG OVC001 14/14 A2984,,0.0,14.000000000000002,8.0
UNV,2024-05-16 09:01:00,-77.85,40.85,378.0,57.2,57.2,100.0,0.0,0.0,0.0,29.85,,2.75,,OVC,,,,300.0,,,,BR,,,,,,,57.2,KUNV 161301Z 00000KT 2 3/4SM BR OVC003 14/14 A2985,,0.0,14.000000000000002,8.0
UNV,2024-05-16 09:34:00,-77.85,40.85,378.0,57.2,57.2,100.0,0.0,0.0,0.0,29.85,,4.0,,BKN,BKN,,,700.0,1100.0,,,BR,,,,,,,57.2,KUNV 161334Z 00000KT 4SM BR BKN007 BKN011 14/14 A2985,,0.0,14.000000000000002,6.0
UNV,2024-05-16 09:53:00,-77.85,40.85,378.0,59.0,59.0,100.0,0.0,0.0,0.0,29.85,,6.0,,SCT,BKN,BKN,,700.0,1100.0,3200.0,,BR,,,,,,,59.0,KUNV 161353Z 00000KT 6SM BR SCT007 BKN011 BKN032 15/15 A2985,,0.0,15.0,6.0
UNV,2024-05-16 10:53:00,-77.85,40.85,378.0,64.4,59.0,82.62,60.0,4.0,0.0,29.85,,10.0,,BKN,OVC,,,3300.0,4300.0,,,,,,,,,,64.4,KUNV 161453Z COR 06004KT 10SM BKN033 OVC043 18/15 A2985,,2.057776,18.000000000000004,8.0
UNV,2024-05-16 11:53:00,-77.85,40.85,378.0,64.4,59.0,82.62,60.0,4.0,0.0,29.85,,10.0,,BKN,OVC,,,3300.0,4300.0,,,,,,,,,,64.4,KUNV 161553Z 06004KT 10SM BKN033 OVC043 18/15 A2985,,2.057776,18.000000000000004,8.0
UNV,2024-05-16 12:53:00,-77.85,40.85,378.0,68.0,57.2,68.35,20.0,7.0,0.0,29.83,,10.0,,BKN,BKN,,,3000.0,4400.0,,,,,,,,,,68.0,KUNV 161653Z 02007KT 10SM BKN030 BKN044 20/14 A2983,,3.601108,20.0,6.0
UNV,2024-05-16 13:53:00,-77.85,40.85,378.0,71.6,53.6,53.03,40.0,8.0,0.0,29.82,,10.0,15.0,BKN,BKN,,,3700.0,5000.0,,,,,,,,,,71.6,KUNV 161753Z 04008G15KT 10SM BKN037 BKN050 22/12 A2982,,4.115552,21.999999999999996,6.0
UNV,2024-05-16 14:53:00,-77.85,40.85,378.0,71.6,53.6,53.03,40.0,6.0,0.0,29.82,,10.0,,SCT,SCT,,,4100.0,5000.0,,,,,,,,,,71.6,KUNV 161853Z 04006KT 10SM SCT041 SCT050 22/12 A2982,,3.086664,21.999999999999996,4.0
UNV,2024-05-16 15:53:00,-77.85,40.85,378.0,73.4,53.6,49.9,60.0,4.0,0.0,29.83,,10.0,,BKN,,,,6000.0,,,,,,,,,,,73.4,KUNV 161953Z 06004KT 10SM BKN060 23/12 A2983,,2.057776,23.000000000000004,6.0
UNV,2024-05-16 16:53:00,-77.85,40.85,378.0,73.4,53.6,49.9,30.0,8.0,0.0,29.83,,10.0,,SCT,BKN,,,5500.0,7000.0,,,,,,,,,,73.4,KUNV 162053Z 03008KT 10SM SCT055 BKN070 23/12 A2983,,4.115552,23.000000000000004,6.0
UNV,2024-05-16 17:53:00,-77.85,40.85,378.0,71.6,51.8,49.64,70.0,5.0,0.0,29.84,,10.0,,SCT,SCT,BKN,,5000.0,6000.0,7500.0,,,,,,,,,71.6,KUNV 162153Z 07005KT 10SM SCT050 SCT060 BKN075 22/11 A2984,,2.57222,21.999999999999996,6.0
UNV,2024-05-16 18:53:00,-77.85,40.85,378.0,69.8,55.4,60.21,0.0,0.0,0.0,29.85,,10.0,,SCT,,,,9000.0,,,,,,,,,,,69.8,KUNV 162253Z 00000KT 10SM SCT090 21/13 A2985,,0.0,21.0,4.0
UNV,2024-05-16 19:53:00,-77.85,40.85,378.0,69.8,53.6,56.38,80.0,5.0,0.0,29.86,,10.0,,FEW,,,,9000.0,,,,,,,,,,,69.8,KUNV 162353Z 08005KT 10SM FEW090 21/12 A2986,,2.57222,21.0,2.0
UNV,2024-05-16 20:53:00,-77.85,40.85,378.0,66.2,53.6,63.82,40.0,3.0,0.0,29.87,,10.0,,CLR,,,,,,,,,,,,,,,66.2,KUNV 170053Z 04003KT 10SM CLR 19/12 A2987,,1.543332,19.0,0.0
UNV,2024-05-16 21:53:00,-77.85,40.85,378.0,64.4,53.6,67.95,60.0,4.0,0.0,29.88,,10.0,,CLR,,,,,,,,,,,,,,,64.4,KUNV 170153Z 06004KT 10SM CLR 18/12 A2988,,2.057776,18.000000000000004,0.0
UNV,2024-05-16 22:31:00,-77.85,40.85,378.0,60.8,53.6,77.14,100.0,4.0,0.0,29.89,,10.0,,CLR,,,,,,,,,,,,,,,60.8,KUNV 170231Z AUTO 10004KT 10SM CLR 16/12 A2989 RMK AO2,,2.057776,16.0,0.0
UNV,2024-05-16 23:01:00,-77.85,40.85,378.0,60.8,55.4,82.37,60.0,5.0,0.0,29.89,,10.0,,CLR,,,,,,,,,,,,,,,60.8,KUNV 170301Z AUTO 06005KT 10SM CLR 16/13 A2989 RMK AO2,,2.57222,16.0,0.0
UNV,2024-05-16 23:21:00,-77.85,40.85,378.0,60.8,55.4,82.37,60.0,4.0,0.0,29.88,,10.0,,CLR,,,,,,,,,,,,,,,60.8,KUNV 170321Z AUTO 06004KT 10SM CLR 16/13 A2988 RMK AO2,,2.057776,16.0,0.0
UNV,2024-05-16 23:41:00,-77.85,40.85,378.0,60.8,55.4,82.37,50.0,5.0,0.0,29.89,,10.0,,CLR,,,,,,,,,,,,,,,60.8,KUNV 170341Z AUTO 05005KT 10SM CLR 16/13 A2989 RMK AO2,,2.57222,16.0,0.0
UNV,2024-05-17 00:00:00,-77.85,40.85,378.0,60.8,55.4,82.37,30.0,3.0,0.0,29.9,,10.0,,CLR,,,,,,,,,,,,,,,60.8,KUNV 170400Z AUTO 03003KT 10SM CLR 16/13 A2990 RMK AO2,,1.543332,16.0,0.0
UNV,2024-05-17 00:35:00,-77.85,40.85,378.0,59.0,55.4,87.83,50.0,5.0,0.0,29.9,,10.0,,CLR,,,,,,,,,,,,,,,59.0,KUNV 170435Z AUTO 05005KT 10SM CLR 15/13 A2990 RMK AO2,,2.57222,15.0,0.0
UNV,2024-05-17 01:01:00,-77.85,40.85,378.0,59.0,55.4,87.83,40.0,4.0,0.0,29.9,,10.0,,CLR,,,,,,,,,,,,,,,59.0,KUNV 170501Z AUTO 04004KT 10SM CLR 15/13 A2990 RMK AO2,,2.057776,15.0,0.0
UNV,2024-05-17 03:01:00,-77.85,40.85,378.0,57.2,55.4,93.69,0.0,0.0,0.0,29.95,,10.0,,BKN,OVC,,,1900.0,7000.0,,,,,,,,,,57.2,KUNV 170701Z AUTO 00000KT 10SM BKN019 OVC070 14/13 A2995 RMK AO2,,0.0,14.000000000000002,8.0
UNV,2024-05-17 03:21:00,-77.85,40.85,378.0,57.2,53.6,87.74,0.0,0.0,0.0,29.94,,10.0,,OVC,,,,1900.0,,,,,,,,,,,57.2,KUNV 170721Z AUTO 00000KT 10SM OVC019 14/12 A2994 RMK AO2,,0.0,14.000000000000002,8.0
UNV,2024-05-17 03:41:00,-77.85,40.85,378.0,57.2,55.4,93.69,0.0,0.0,0.0,29.95,,10.0,,BKN,BKN,OVC,,1900.0,7500.0,9000.0,,,,,,,,,57.2,KUNV 170741Z AUTO 00000KT 10SM BKN019 BKN075 OVC090 14/13 A2995 RMK AO2,,0.0,14.000000000000002,8.0
UNV,2024-05-17 04:24:00,-77.85,40.85,378.0,57.2,55.4,93.69,0.0,0.0,0.0,29.94,,10.0,,OVC,,,,2300.0,,,,,,,,,,,57.2,KUNV 170824Z AUTO 00000KT 10SM OVC023 14/13 A2994 RMK AO2,,0.0,14.000000000000002,8.0
UNV,2024-05-17 05:53:00,-77.85,40.85,378.0,59.0,53.6,82.25,60.0,5.0,0.0,29.98,,10.0,,SCT,OVC,,,1500.0,2300.0,,,,,,,,,,59.0,KUNV 170953Z 06005KT 10SM SCT015 OVC023 15/12 A2998,,2.57222,15.0,8.0
UNV,2024-05-17 06:53:00,-77.85,40.85,378.0,59.0,53.6,82.25,0.0,0.0,0.0,29.97,,10.0,,SCT,OVC,,,1500.0,2300.0,,,,,,,,,,59.0,KUNV 171053Z 00000KT 10SM SCT015 OVC023 15/12 A2997,,0.0,15.0,8.0
UNV,2024-05-17 07:53:00,-77.85,40.85,378.0,60.8,55.4,82.37,120.0,5.0,0.0,29.96,,10.0,,SCT,BKN,,,1600.0,2500.0,,,,,,,,,,60.8,KUNV 171153Z 12005KT 10SM SCT016 BKN025 16/13 A2996,,2.57222,16.0,6.0
UNV,2024-05-17 08:53:00,-77.85,40.85,378.0,60.8,53.6,77.14,120.0,5.0,0.0,29.98,,10.0,,SCT,SCT,,,1700.0,2500.0,,,,,,,,,,60.8,KUNV 171253Z 12005KT 10SM SCT017 SCT025 16/12 A2998,,2.57222,16.0,4.0
UNV,2024-05-17 09:53:00,-77.85,40.85,378.0,64.4,53.6,67.95,150.0,6.0,0.0,29.98,,10.0,,SCT,,,,2100.0,,,,,,,,,,,64.4,KUNV 171353Z 15006KT 10SM SCT021 18/12 A2998,,3.086664,18.000000000000004,4.0
UNV,2024-05-17 10:53:00,-77.85,40.85,378.0,64.4,53.6,67.95,170.0,3.0,0.0,29.98,,10.0,,BKN,,,,2300.0,,,,,,,,,,,64.4,KUNV 171453Z 17003KT 10SM BKN023 18/12 A2998,,1.543332,18.000000000000004,6.0
UNV,2024-05-17 11:53:00,-77.85,40.85,378.0,64.4,53.6,67.95,120.0,3.0,0.0,29.98,,10.0,,OVC,,,,2500.0,,,,,,,,,,,64.4,KUNV 171553Z 12003KT 10SM OVC025 18/12 A2998,,1.543332,18.000000000000004,8.0
UNV,2024-05-17 12:53:00,-77.85,40.85,378.0,66.2,55.4,68.15,130.0,4.0,0.0,29.96,,10.0,,OVC,,,,2700.0,,,,,,,,,,,66.2,KUNV 171653Z 13004KT 10SM OVC027 19/13 A2996,,2.057776,19.0,8.0
UNV,2024-05-17 13:53:00,-77.85,40.85,378.0,66.2,55.4,68.15,170.0,5.0,0.0,29.95,,10.0,,OVC,,,,2700.0,,,,,,,,,,,66.2,KUNV 171753Z 17005KT 10SM OVC027 19/13 A2995,,2.57222,19.0,8.0
UNV,2024-05-17 14:53:00,-77.85,40.85,378.0,66.2,55.4,68.15,160.0,5.0,0.0,29.95,,10.0,,OVC,,,,2700.0,,,,VCSH,,,,,,,66.2,KUNV 171853Z 16005KT 10SM VCSH OVC027 19/13 A2995,,2.57222,19.0,8.0
UNV,2024-05-17 15:53:00,-77.85,40.85,378.0,64.4,55.4,72.56,170.0,7.0,0.0,29.94,,10.0,,OVC,,,,2500.0,,,,,,,,,,,64.4,KUNV 171953Z 17007KT 130V090 10SM OVC025 18/13 A2994,,3.601108,18.000000000000004,8.0
UNV,2024-05-17 16:53:00,-77.85,40.85,378.0,64.4,55.4,72.56,160.0,6.0,0.0,29.94,,10.0,,OVC,,,,2300.0,,,,,,,,,,,64.4,KUNV 172053Z 16006KT 10SM OVC023 18/13 A2994,,3.086664,18.000000000000004,8.0
UNV,2024-05-17 17:53:00,-77.85,40.85,378.0,62.6,55.4,77.29,170.0,5.0,0.0,29.94,,10.0,,OVC,,,,2400.0,,,,,,,,,,,62.6,KUNV 172153Z 17005KT 10SM OVC024 17/13 A2994,,2.57222,17.0,8.0
UNV,2024-05-17 18:53:00,-77.85,40.85,378.0,62.6,55.4,77.29,140.0,3.0,0.0,29.92,,10.0,,OVC,,,,2200.0,,,,-RA,,,,,,,62.6,KUNV 172253Z 14003KT 10SM -RA OVC022 17/13 A2992,,1.543332,17.0,8.0
UNV,2024-05-17 19:53:00,-77.85,40.85,378.0,62.6,55.4,77.29,130.0,4.0,0.0,29.92,,10.0,,OVC,,,,2000.0,,,,-RA,,,,,,,62.6,KUNV 172353Z 13004KT 10SM -RA OVC020 17/13 A2992,,2.057776,17.0,8.0
UNV,2024-05-17 20:53:00,-77.85,40.85,378.0,60.8,57.2,87.92,150.0,3.0,0.0,29.92,,10.0,,OVC,,,,1800.0,,,,-RA,,,,,,,60.8,KUNV 180053Z 15003KT 10SM -RA OVC018 16/14 A2992,,1.543332,16.0,8.0
UNV,2024-05-17 21:53:00,-77.85,40.85,378.0,60.8,59.0,93.79,190.0,3.0,0.0,29.93,,10.0,,OVC,,,,1800.0,,,,-RA,,,,,,,60.8,KUNV 180153Z 19003KT 10SM -RA OVC018 16/15 A2993,,1.543332,16.0,8.0
UNV,2024-05-17 22:32:00,-77.85,40.85,378.0,59.0,59.0,100.0,0.0,0.0,0.0,29.93,,10.0,,BKN,BKN,OVC,,1600.0,2200.0,3800.0,,,,,,,,,59.0,KUNV 180232Z AUTO 00000KT 10SM BKN016 BKN022 OVC038 15/15 A2993 RMK AO2,,0.0,15.0,8.0
UNV,2024-05-17 22:49:00,-77.85,40.85,378.0,59.0,59.0,100.0,0.0,0.0,0.0,29.93,,10.0,,BKN,OVC,,,1600.0,2000.0,,,,,,,,,,59.0,KUNV 180249Z AUTO 00000KT 10SM BKN016 OVC020 15/15 A2993 RMK AO2,,0.0,15.0,8.0
UNV,2024-05-17 23:21:00,-77.85,40.85,378.0,59.0,59.0,100.0,0.0,0.0,0.0,29.93,,10.0,,OVC,,,,1400.0,,,,,,,,,,,59.0,KUNV 180321Z AUTO 00000KT 10SM OVC014 15/15 A2993 RMK AO2,,0.0,15.0,8.0
UNV,2024-05-17 23:53:00,-77.85,40.85,378.0,60.8,59.0,93.79,0.0,0.0,0.0,29.94,,10.0,,OVC,,,,1200.0,,,,,,,,,,,60.8,KUNV 180353Z AUTO 00000KT 10SM OVC012 16/15 A2994 RMK AO2,,0.0,16.0,8.0
UNV,2024-05-18 00:01:00,-77.85,40.85,378.0,60.8,59.0,93.79,0.0,0.0,0.0,29.94,,10.0,,OVC,,,,1200.0,,,,,,,,,,,60.8,KUNV 180401Z AUTO 00000KT 10SM OVC012 16/15 A2994 RMK AO2,,0.0,16.0,8.0
UNV,2024-05-18 00:41:00,-77.85,40.85,378.0,60.8,60.8,100.0,200.0,5.0,0.0,29.93,,10.0,,OVC,,,,1200.0,,,,-RA,,,,,,,60.8,KUNV 180441Z AUTO 20005KT 10SM -RA OVC012 16/16 A2993 RMK AO2,,2.57222,16.0,8.0
UNV,2024-05-18 02:28:00,-77.85,40.85,378.0,60.8,60.8,100.0,0.0,0.0,0.0,29.92,,10.0,,OVC,,,,1000.0,,,,,,,,,,,60.8,KUNV 180628Z AUTO 00000KT 10SM OVC010 16/16 A2992 RMK AO2,,0.0,16.0,8.0
UNV,2024-05-18 02:41:00,-77.85,40.85,378.0,60.8,60.8,100.0,0.0,0.0,0.0,29.91,,10.0,,OVC,,,,1000.0,,,,-RA,,,,,,,60.8,KUNV 180641Z AUTO 00000KT 10SM -RA OVC010 16/16 A2991 RMK AO2,,0.0,16.0,8.0
UNV,2024-05-18 03:09:00,-77.85,40.85,378.0,60.8,60.8,100.0,190.0,6.0,0.0,29.92,,10.0,,OVC,,,,1000.0,,,,,,,,,,,60.8,KUNV 180709Z AUTO 19006KT 10SM OVC010 16/16 A2992 RMK AO2,,3.086664,16.0,8.0
UNV,2024-05-18 03:59:00,-77.85,40.85,378.0,59.0,59.0,100.0,0.0,0.0,0.0,29.92,,7.0,,OVC,,,,1000.0,,,,DZ,,,,,,,59.0,KUNV 180759Z AUTO 00000KT 7SM DZ OVC010 15/15 A2992 RMK AO2,,0.0,15.0,8.0
UNV,2024-05-18 04:35:00,-77.85,40.85,378.0,59.0,59.0,100.0,0.0,0.0,0.0,29.92,,10.0,,OVC,,,,1000.0,,,,DZ,,,,,,,59.0,KUNV 180835Z AUTO 00000KT 10SM DZ OVC010 15/15 A2992 RMK AO2,,0.0,15.0,8.0
UNV,2024-05-18 04:55:00,-77.85,40.85,378.0,59.0,59.0,100.0,0.0,0.0,0.0,29.92,,10.0,,OVC,,,,1000.0,,,,,,,,,,,59.0,KUNV 180855Z AUTO 00000KT 10SM OVC010 15/15 A2992 RMK AO2,,0.0,15.0,8.0
UNV,2024-05-18 05:53:00,-77.85,40.85,378.0,59.0,59.0,100.0,0.0,0.0,0.0,29.93,,5.0,,OVC,,,,1000.0,,,,-RA BR,,,,,,,59.0,KUNV 180953Z 00000KT 5SM -RA BR OVC010 15/15 A2993,,0.0,15.0,8.0
UNV,2024-05-18 06:53:00,-77.85,40.85,378.0,59.0,59.0,100.0,0.0,0.0,0.0,29.94,,5.0,,BKN,BKN,OVC,,1000.0,1800.0,6000.0,,-DZ BR,,,,,,,59.0,KUNV 181053Z 00000KT 5SM -DZ BR BKN010 BKN018 OVC060 15/15 A2994,,0.0,15.0,8.0
UNV,2024-05-18 07:53:00,-77.85,40.85,378.0,59.0,59.0,100.0,0.0,0.0,0.0,29.96,,5.0,,OVC,,,,1600.0,,,,RA,,,,,,,59.0,KUNV 181153Z 00000KT 5SM RA OVC016 15/15 A2996,,0.0,15.0,8.0
UNV,2024-05-18 08:53:00,-77.85,40.85,378.0,60.8,60.8,100.0,0.0,0.0,0.0,29.97,,5.0,,OVC,,,,1000.0,,,,-DZ BR,,,,,,,60.8,KUNV 181253Z 00000KT 5SM -DZ BR OVC010 16/16 A2997,,0.0,16.0,8.0
UNV,2024-05-18 09:53:00,-77.85,40.85,378.0,60.8,60.8,100.0,0.0,0.0,0.0,29.97,,5.0,,BKN,OVC,,,800.0,1400.0,,,BR,,,,,,,60.8,KUNV 181353Z 00000KT 5SM BR BKN008 OVC014 16/16 A2997,,0.0,16.0,8.0
UNV,2024-05-18 10:53:00,-77.85,40.85,378.0,62.6,62.6,100.0,170.0,5.0,0.0,29.97,,7.0,,OVC,,,,1200.0,,,,,,,,,,,62.6,KUNV 181453Z 17005KT 7SM OVC012 17/17 A2997,,2.57222,17.0,8.0
UNV,2024-05-18 11:53:00,-77.85,40.85,378.0,64.4,60.8,88.09,230.0,4.0,0.0,29.98,,10.0,,OVC,,,,1400.0,,,,,,,,,,,64.4,KUNV 181553Z 23004KT 10SM OVC014 18/16 A2998,,2.057776,18.000000000000004,8.0
UNV,2024-05-18 12:53:00,-77.85,40.85,378.0,64.4,60.8,88.09,170.0,4.0,0.0,29.97,,10.0,,OVC,,,,1600.0,,,,,,,,,,,64.4,KUNV 181653Z 17004KT 10SM OVC016 18/16 A2997,,2.057776,18.000000000000004,8.0
UNV,2024-05-18 13:53:00,-77.85,40.85,378.0,66.2,60.8,82.74,170.0,6.0,0.0,29.97,,10.0,,BKN,BKN,,,1700.0,2100.0,,,,,,,,,,66.2,KUNV 181753Z 17006KT 10SM BKN017 BKN021 19/16 A2997,,3.086664,19.0,6.0
UNV,2024-05-18 14:53:00,-77.85,40.85,378.0,66.2,60.8,82.74,220.0,6.0,0.0,29.96,,10.0,,BKN,BKN,OVC,,1700.0,2900.0,5000.0,,,,,,,,,66.2,KUNV 181853Z 22006KT 10SM BKN017 BKN029 OVC050 19/16 A2996,,3.086664,19.0,8.0
UNV,2024-05-18 15:53:00,-77.85,40.85,378.0,66.2,60.8,82.74,220.0,6.0,0.0,29.96,,10.0,,SCT,BKN,OVC,,1800.0,2900.0,5000.0,,,,,,,,,66.2,KUNV 181953Z 22006KT 10SM SCT018 BKN029 OVC050 19/16 A2996,,3.086664,19.0,8.0
UNV,2024-05-18 16:53:00,-77.85,40.85,378.0,68.0,59.0,72.92,200.0,4.0,0.0,29.94,,10.0,,BKN,,,,8500.0,,,,,,,,,,,68.0,KUNV 182053Z 20004KT 10SM BKN085 20/15 A2994,,2.057776,20.0,6.0
UNV,2024-05-18 17:53:00,-77.85,40.85,378.0,69.8,59.0,68.55,230.0,7.0,0.0,29.94,,10.0,,BKN,,,,6500.0,,,,,,,,,,,69.8,KUNV 182153Z 23007KT 10SM BKN065 21/15 A2994,,3.601108,21.0,6.0
UNV,2024-05-18 18:53:00,-77.85,40.85,378.0,68.0,59.0,72.92,200.0,5.0,0.0,29.95,,10.0,,SCT,,,,6500.0,,,,,,,,,,,68.0,KUNV 182253Z 20005KT 10SM SCT065 20/15 A2995,,2.57222,20.0,4.0
UNV,2024-05-18 19:53:00,-77.85,40.85,378.0,66.2,59.0,77.6,190.0,5.0,0.0,29.95,,10.0,,SCT,,,,11000.0,,,,,,,,,,,66.2,KUNV 182353Z 19005KT 10SM SCT110 19/15 A2995,,2.57222,19.0,4.0
UNV,2024-05-18 20:53:00,-77.85,40.85,378.0,62.6,59.0,88.0,0.0,0.0,0.0,29.95,,10.0,,SCT,,,,3000.0,,,,,,,,,,,62.6,KUNV 190053Z 00000KT 10SM SCT030 17/15 A2995,,0.0,17.0,4.0
UNV,2024-05-18 21:53:00,-77.85,40.85,378.0,60.8,60.8,100.0,0.0,0.0,0.0,29.97,,10.0,,BKN,BKN,,,2600.0,3100.0,,,,,,,,,,60.8,KUNV 190153Z 00000KT 10SM BKN026 BKN031 16/16 A2997,,0.0,16.0,6.0
UNV,2024-05-18 22:28:00,-77.85,40.85,378.0,60.8,60.8,100.0,0.0,0.0,0.0,29.98,,10.0,,SCT,OVC,,,1400.0,2600.0,,,,,,,,,,60.8,KUNV 190228Z AUTO 00000KT 10SM SCT014 OVC026 16/16 A2998 RMK AO2,,0.0,16.0,8.0
UNV,2024-05-18 22:52:00,-77.85,40.85,378.0,62.6,60.8,93.83,0.0,0.0,0.0,29.98,,10.0,,SCT,OVC,,,1400.0,2600.0,,,,,,,,,,62.6,KUNV 190252Z AUTO 00000KT 10SM SCT014 OVC026 17/16 A2998 RMK AO2,,0.0,17.0,8.0
UNV,2024-05-18 23:21:00,-77.85,40.85,378.0,62.6,60.8,93.83,0.0,0.0,0.0,29.98,,10.0,,SCT,OVC,,,1400.0,2600.0,,,,,,,,,,62.6,KUNV 190321Z AUTO 00000KT 10SM SCT014 OVC026 17/16 A2998 RMK AO2,,0.0,17.0,8.0
UNV,2024-05-18 23:41:00,-77.85,40.85,378.0,60.8,60.8,100.0,0.0,0.0,0.0,29.98,,10.0,,OVC,,,,2800.0,,,,,,,,,,,60.8,KUNV 190341Z AUTO 00000KT 10SM OVC028 16/16 A2998 RMK AO2,,0.0,16.0,8.0
UNV,2024-05-19 00:01:00,-77.85,40.85,378.0,60.8,60.8,100.0,0.0,0.0,0.0,29.98,,10.0,,OVC,,,,2800.0,,,,,,,,,,,60.8,KUNV 190401Z AUTO 00000KT 10SM OVC028 16/16 A2998 RMK AO2,,0.0,16.0,8.0
UNV,2024-05-19 00:41:00,-77.85,40.85,378.0,60.8,60.8,100.0,220.0,3.0,0.0,29.98,,10.0,,OVC,,,,3000.0,,,,,,,,,,,60.8,KUNV 190441Z AUTO 22003KT 10SM OVC030 16/16 A2998 RMK AO2,,1.543332,16.0,8.0
UNV,2024-05-19 01:01:00,-77.85,40.85,378.0,60.8,60.8,100.0,0.0,0.0,0.0,29.98,,10.0,,OVC,,,,3000.0,,,,,,,,,,,60.8,KUNV 190501Z AUTO 00000KT 10SM OVC030 16/16 A2998 RMK AO2,,0.0,16.0,8.0
UNV,2024-05-19 02:41:00,-77.85,40.85,378.0,60.8,59.0,93.79,220.0,3.0,0.0,29.98,,10.0,,OVC,,,,3000.0,,,,,,,,,,,60.8,KUNV 190641Z AUTO 22003KT 10SM OVC030 16/15 A2998 RMK AO2,,1.543332,16.0,8.0
UNV,2024-05-19 03:02:00,-77.85,40.85,378.0,60.8,59.0,93.79,240.0,3.0,0.0,29.98,,10.0,,SCT,OVC,,,1400.0,2800.0,,,,,,,,,,60.8,KUNV 190702Z AUTO 24003KT 10SM SCT014 OVC028 16/15 A2998 RMK AO2,,1.543332,16.0,8.0
UNV,2024-05-19 03:30:00,-77.85,40.85,378.0,60.8,59.0,93.79,240.0,3.0,0.0,29.98,,10.0,,OVC,,,,2800.0,,,,,,,,,,,60.8,KUNV 190730Z AUTO 24003KT 10SM OVC028 16/15 A2998 RMK AO2,,1.543332,16.0,8.0
UNV,2024-05-19 04:01:00,-77.85,40.85,378.0,59.0,59.0,100.0,240.0,3.0,0.0,29.98,,10.0,,OVC,,,,2800.0,,,,,,,,,,,59.0,KUNV 190801Z AUTO 24003KT 10SM OVC028 15/15 A2998 RMK AO2,,1.543332,15.0,8.0
UNV,2024-05-19 04:21:00,-77.85,40.85,378.0,59.0,59.0,100.0,250.0,3.0,0.0,29.98,,10.0,,OVC,,,,2800.0,,,,,,,,,,,59.0,KUNV 190821Z AUTO 25003KT 10SM OVC028 15/15 A2998 RMK AO2,,1.543332,15.0,8.0
UNV,2024-05-19 04:48:00,-77.85,40.85,378.0,59.0,59.0,100.0,240.0,3.0,0.0,29.98,,10.0,,OVC,,,,2600.0,,,,,,,,,,,59.0,KUNV 190848Z AUTO 24003KT 10SM OVC026 15/15 A2998 RMK AO2,,1.543332,15.0,8.0
UNV,2024-05-19 05:29:00,-77.85,40.85,378.0,59.0,59.0,100.0,280.0,3.0,0.0,29.99,,10.0,,OVC,,,,2600.0,,,,,,,,,,,59.0,KUNV 190929Z AUTO 28003KT 10SM OVC026 15/15 A2999 RMK AO2,,1.543332,15.0,8.0
UNV,2024-05-19 05:53:00,-77.85,40.85,378.0,59.0,59.0,100.0,0.0,0.0,0.0,30.0,,10.0,,OVC,,,,2600.0,,,,,,,,,,,59.0,KUNV 190953Z 00000KT 10SM OVC026 15/15 A3000,,0.0,15.0,8.0
UNV,2024-05-19 06:53:00,-77.85,40.85,378.0,59.0,59.0,100.0,250.0,3.0,0.0,30.01,,10.0,,SCT,OVC,,,1200.0,2400.0,,,,,,,,,,59.0,KUNV 191053Z 25003KT 10SM SCT012 OVC024 15/15 A3001,,1.543332,15.0,8.0
UNV,2024-05-19 07:53:00,-77.85,40.85,378.0,60.8,60.8,100.0,0.0,0.0,0.0,30.03,,10.0,,SCT,OVC,,,800.0,2000.0,,,,,,,,,,60.8,KUNV 191153Z 00000KT 10SM SCT008 OVC020 16/16 A3003,,0.0,16.0,8.0
UNV,2024-05-19 08:53:00,-77.85,40.85,378.0,62.6,59.0,88.0,0.0,0.0,0.0,30.03,,10.0,,OVC,,,,1800.0,,,,,,,,,,,62.6,KUNV 191253Z 00000KT 10SM OVC018 17/15 A3003,,0.0,17.0,8.0
UNV,2024-05-19 09:53:00,-77.85,40.85,378.0,62.6,57.2,82.5,0.0,0.0,0.0,30.03,,10.0,,OVC,,,,1600.0,,,,,,,,,,,62.6,KUNV 191353Z 00000KT 10SM OVC016 17/14 A3003,,0.0,17.0,8.0
UNV,2024-05-19 10:53:00,-77.85,40.85,378.0,64.4,59.0,82.62,0.0,0.0,0.0,30.03,,10.0,,OVC,,,,2000.0,,,,,,,,,,,64.4,KUNV 191453Z 00000KT 10SM OVC020 18/15 A3003,,0.0,18.000000000000004,8.0
UNV,2024-05-19 11:53:00,-77.85,40.85,378.0,64.4,55.4,72.56,0.0,0.0,0.0,30.04,,10.0,,OVC,,,,2000.0,,,,,,,,,,,64.4,KUNV 191553Z 00000KT 10SM OVC020 18/13 A3004,,0.0,18.000000000000004,8.0
UNV,2024-05-19 12:53:00,-77.85,40.85,378.0,68.0,57.2,68.35,180.0,4.0,0.0,30.03,,10.0,,OVC,,,,2400.0,,,,,,,,,,,68.0,KUNV 191653Z 18004KT 10SM OVC024 20/14 A3003,,2.057776,20.0,8.0
UNV,2024-05-19 13:53:00,-77.85,40.85,378.0,69.8,57.2,64.26,30.0,3.0,0.0,30.02,,10.0,,OVC,,,,2600.0,,,,,,,,,,,69.8,KUNV 191753Z 03003KT 10SM OVC026 21/14 A3002,,1.543332,21.0,8.0
UNV,2024-05-19 14:53:00,-77.85,40.85,378.0,71.6,57.2,60.44,0.0,0.0,0.0,30.01,,10.0,,OVC,,,,3200.0,,,,,,,,,,,71.6,KUNV 191853Z 00000KT 10SM OVC032 22/14 A3001,,0.0,21.999999999999996,8.0
UNV,2024-05-19 15:53:00,-77.85,40.85,378.0,71.6,57.2,60.44,0.0,0.0,0.0,30.0,,10.0,,BKN,BKN,,,3600.0,4300.0,,,,,,,,,,71.6,KUNV 191953Z 00000KT 10SM BKN036 BKN043 22/14 A3000,,0.0,21.999999999999996,6.0
UNV,2024-05-19 16:53:00,-77.85,40.85,378.0,73.4,59.0,60.67,210.0,6.0,0.0,30.0,,10.0,,BKN,BKN,,,3500.0,4100.0,,,,,,,,,,73.4,KUNV 192053Z 21006KT 10SM BKN035 BKN041 23/15 A3000,,3.086664,23.000000000000004,6.0
UNV,2024-05-19 17:53:00,-77.85,40.85,378.0,75.2,57.2,53.55,0.0,0.0,0.0,29.99,,10.0,,SCT,,,,4500.0,,,,,,,,,,,75.2,KUNV 192153Z 00000KT 10SM SCT045 24/14 A2999,,0.0,24.0,4.0
UNV,2024-05-19 18:53:00,-77.85,40.85,378.0,73.4,57.2,56.88,0.0,0.0,0.0,29.98,,10.0,,SCT,,,,4500.0,,,,,,,,,,,73.4,KUNV 192253Z 00000KT 10SM SCT045 23/14 A2998,,0.0,23.000000000000004,4.0
UNV,2024-05-19 19:53:00,-77.85,40.85,378.0,71.6,57.2,60.44,0.0,0.0,0.0,29.99,,10.0,,CLR,,,,,,,,,,,,,,,71.6,KUNV 192353Z 00000KT 10SM CLR 22/14 A2999,,0.0,21.999999999999996,0.0
UNV,2024-05-19 20:53:00,-77.85,40.85,378.0,68.0,59.0,72.92,300.0,5.0,0.0,30.0,,10.0,,CLR,,,,,,,,,,,,,,,68.0,KUNV 200053Z 30005KT 10SM CLR 20/15 A3000,,2.57222,20.0,0.0
UNV,2024-05-19 21:53:00,-77.85,40.85,378.0,66.2,57.2,72.74,250.0,4.0,0.0,30.02,,10.0,,CLR,,,,,,,,,,,,,,,66.2,KUNV 200153Z 25004KT 10SM CLR 19/14 A3002,,2.057776,19.0,0.0
UNV,2024-05-19 22:22:00,-77.85,40.85,378.0,62.6,59.0,88.0,0.0,0.0,0.0,30.03,,10.0,,CLR,,,,,,,,,,,,,,,62.6,KUNV 200222Z AUTO 00000KT 10SM CLR 17/15 A3003 RMK AO2,,0.0,17.0,0.0
UNV,2024-05-19 22:41:00,-77.85,40.85,378.0,62.6,59.0,88.0,0.0,0.0,0.0,30.03,,10.0,,CLR,,,,,,,,,,,,,,,62.6,KUNV 200241Z AUTO 00000KT 10SM CLR 17/15 A3003 RMK AO2,,0.0,17.0,0.0
UNV,2024-05-19 23:01:00,-77.85,40.85,378.0,62.6,59.0,88.0,0.0,0.0,0.0,30.03,,10.0,,CLR,,,,,,,,,,,,,,,62.6,KUNV 200301Z AUTO 00000KT 10SM CLR 17/15 A3003 RMK AO2,,0.0,17.0,0.0
UNV,2024-05-19 23:30:00,-77.85,40.85,378.0,60.8,60.8,100.0,200.0,3.0,0.0,30.03,,10.0,,CLR,,,,,,,,,,,,,,,60.8,KUNV 200330Z AUTO 20003KT 10SM CLR 16/16 A3003 RMK AO2,,1.543332,16.0,0.0
UNV,2024-05-20 00:01:00,-77.85,40.85,378.0,60.8,60.8,100.0,0.0,0.0,0.0,30.02,,10.0,,CLR,,,,,,,,,,,,,,,60.8,KUNV 200401Z AUTO 00000KT 10SM CLR 16/16 A3002 RMK AO2,,0.0,16.0,0.0
UNV,2024-05-20 00:29:00,-77.85,40.85,378.0,60.8,60.8,100.0,0.0,0.0,0.0,30.02,,10.0,,CLR,,,,,,,,,,,,,,,60.8,KUNV 200429Z AUTO 00000KT 10SM CLR 16/16 A3002 RMK AO2,,0.0,16.0,0.0
UNV,2024-05-20 01:01:00,-77.85,40.85,378.0,59.0,59.0,100.0,230.0,3.0,0.0,30.02,,10.0,,CLR,,,,,,,,,,,,,,,59.0,KUNV 200501Z AUTO 23003KT 10SM CLR 15/15 A3002 RMK AO2,,1.543332,15.0,0.0
UNV,2024-05-20 03:01:00,-77.85,40.85,378.0,57.2,57.2,100.0,0.0,0.0,0.0,30.02,,5.0,,SCT,SCT,,,1000.0,8000.0,,,BR,,,,,,,57.2,KUNV 200701Z AUTO 00000KT 5SM BR SCT010 SCT080 14/14 A3002 RMK AO2,,0.0,14.000000000000002,4.0
UNV,2024-05-20 03:28:00,-77.85,40.85,378.0,57.2,57.2,100.0,0.0,0.0,0.0,30.01,,3.0,,SCT,,,,11000.0,,,,BR,,,,,,,57.2,KUNV 200728Z AUTO 00000KT 3SM BR SCT110 14/14 A3001 RMK AO2,,0.0,14.000000000000002,4.0
UNV,2024-05-20 04:22:00,-77.85,40.85,378.0,55.4,55.4,100.0,0.0,0.0,0.0,30.0,,2.5,,BKN,,,,10000.0,,,,BR,,,,,,,55.4,KUNV 200822Z AUTO 00000KT 2 1/2SM BR BKN100 13/13 A3000 RMK AO2,,0.0,13.0,6.0
UNV,2024-05-20 04:42:00,-77.85,40.85,378.0,55.4,55.4,100.0,0.0,0.0,0.0,30.0,,0.5,,SCT,SCT,BKN,,6000.0,7500.0,10000.0,,FG,,,,,,,55.4,KUNV 200842Z AUTO 00000KT 1/2SM FG SCT060 SCT075 BKN100 13/13 A3000 RMK AO2,,0.0,13.0,6.0
UNV,2024-05-20 05:01:00,-77.85,40.85,378.0,57.2,57.2,100.0,0.0,0.0,0.0,30.0,,10.0,,BKN,,,,11000.0,,,,,,,,,,,57.2,KUNV 200901Z AUTO 00000KT 10SM BKN110 14/14 A3000 RMK AO2,,0.0,14.000000000000002,6.0
UNV,2024-05-20 05:53:00,-77.85,40.85,378.0,57.2,57.2,100.0,0.0,0.0,0.0,30.02,,10.0,,CLR,,,,,,,,MIFG,,,,,,,57.2,KUNV 200953Z 00000KT 10SM MIFG CLR 14/14 A3002,,0.0,14.000000000000002,0.0
UNV,2024-05-20 06:53:00,-77.85,40.85,378.0,55.4,55.4,100.0,0.0,0.0,0.0,30.05,,10.0,,CLR,,,,,,,,MIFG,,,,,,,55.4,KUNV 201053Z 00000KT 10SM MIFG CLR 13/13 A3005,,0.0,13.0,0.0
UNV,2024-05-20 07:53:00,-77.85,40.85,378.0,57.2,57.2,100.0,0.0,0.0,0.0,30.06,,0.25,,OVC,,,,200.0,,,,FG,,,,,,,57.2,KUNV 201153Z COR 00000KT 1/4SM R24/5000FT FG OVC002 14/14 A3006,,0.0,14.000000000000002,8.0
UNV,2024-05-20 08:53:00,-77.85,40.85,378.0,62.6,62.6,100.0,0.0,0.0,0.0,30.07,,10.0,,SCT,,,,200.0,,,,MIFG,,,,,,,62.6,KUNV 201253Z 00000KT 10SM MIFG SCT002 17/17 A3007,,0.0,17.0,4.0
UNV,2024-05-20 09:53:00,-77.85,40.85,378.0,68.0,62.6,82.86,150.0,3.0,0.0,30.07,,10.0,,FEW,,,,2000.0,,,,,,,,,,,68.0,KUNV 201353Z 15003KT 10SM FEW020 20/17 A3007,,1.543332,20.0,2.0
UNV,2024-05-20 10:53:00,-77.85,40.85,378.0,71.6,60.8,68.75,170.0,5.0,0.0,30.06,,10.0,,FEW,,,,2500.0,,,,,,,,,,,71.6,KUNV 201453Z 17005KT 10SM FEW025 22/16 A3006,,2.57222,21.999999999999996,2.0
UNV,2024-05-20 11:53:00,-77.85,40.85,378.0,75.2,59.0,57.12,200.0,5.0,0.0,30.05,,10.0,,FEW,,,,3000.0,,,,,,,,,,,75.2,KUNV 201553Z 20005KT 10SM FEW030 24/15 A3005,,2.57222,24.0,2.0
UNV,2024-05-20 12:53:00,-77.85,40.85,378.0,77.0,57.2,50.43,,3.0,0.0,30.04,,10.0,,FEW,,,,3500.0,,,,,,,,,,,77.0,KUNV 201653Z VRB03KT 10SM FEW035 25/14 A3004,,1.543332,25.0,2.0
UNV,2024-05-20 13:53:00,-77.85,40.85,378.0,78.8,55.4,44.52,220.0,3.0,0.0,30.03,,10.0,,CLR,,,,,,,,,,,,,,,78.8,KUNV 201753Z 22003KT 10SM CLR 26/13 A3003,,1.543332,26.0,0.0
UNV,2024-05-20 14:53:00,-77.85,40.85,378.0,78.8,57.2,47.52,210.0,6.0,0.0,30.02,,10.0,,SCT,,,,6500.0,,,,,,,,,,,78.8,KUNV 201853Z 21006KT 10SM SCT065 26/14 A3002,,3.086664,26.0,4.0
UNV,2024-05-20 15:53:00,-77.85,40.85,378.0,80.6,57.2,44.8,190.0,6.0,0.0,30.0,,10.0,,SCT,,,,6500.0,,,,,,,,,,,80.81,KUNV 201953Z 19006KT 10SM SCT065 27/14 A3000,,3.086664,26.999999999999996,4.0
UNV,2024-05-20 16:53:00,-77.85,40.85,378.0,80.6,57.2,44.8,180.0,6.0,0.0,29.99,,10.0,,SCT,,,,7500.0,,,,,,,,,,,80.81,KUNV 202053Z 18006KT 10SM SCT075 27/14 A2999,,3.086664,26.999999999999996,4.0
UNV,2024-05-20 17:53:00,-77.85,40.85,378.0,80.6,57.2,44.8,220.0,5.0,0.0,29.98,,10.0,,SCT,,,,8500.0,,,,,,,,,,,80.81,KUNV 202153Z 22005KT 10SM SCT085 27/14 A2998,,2.57222,26.999999999999996,4.0
UNV,2024-05-20 18:53:00,-77.85,40.85,378.0,80.6,57.2,44.8,220.0,5.0,0.0,29.98,,10.0,,FEW,,,,8500.0,,,,,,,,,,,80.81,KUNV 202253Z 22005KT 10SM FEW085 27/14 A2998,,2.57222,26.999999999999996,2.0
UNV,2024-05-20 19:53:00,-77.85,40.85,378.0,77.0,57.2,50.43,190.0,5.0,0.0,29.99,,10.0,,CLR,,,,,,,,,,,,,,,77.0,KUNV 202353Z 19005KT 10SM CLR 25/14 A2999,,2.57222,25.0,0.0
UNV,2024-05-20 20:53:00,-77.85,40.85,378.0,73.4,57.2,56.88,180.0,4.0,0.0,29.99,,10.0,,CLR,,,,,,,,,,,,,,,73.4,KUNV 210053Z 18004KT 10SM CLR 23/14 A2999,,2.057776,23.000000000000004,0.0
UNV,2024-05-20 21:53:00,-77.85,40.85,378.0,69.8,57.2,64.26,200.0,5.0,0.0,30.0,,10.0,,CLR,,,,,,,,,,,,,,,69.8,KUNV 210153Z 20005KT 10SM CLR 21/14 A3000,,2.57222,21.0,0.0
UNV,2024-05-20 22:22:00,-77.85,40.85,378.0,68.0,57.2,68.35,220.0,4.0,0.0,30.0,,10.0,,CLR,,,,,,,,,,,,,,,68.0,KUNV 210222Z AUTO 22004KT 10SM CLR 20/14 A3000 RMK AO2,,2.057776,20.0,0.0
UNV,2024-05-20 22:48:00,-77.85,40.85,378.0,68.0,57.2,68.35,270.0,4.0,0.0,30.0,,10.0,,CLR,,,,,,,,,,,,,,,68.0,KUNV 210248Z AUTO 27004KT 10SM CLR 20/14 A3000 RMK AO2,,2.057776,20.0,0.0
UNV,2024-05-20 23:30:00,-77.85,40.85,378.0,69.8,57.2,64.26,260.0,5.0,0.0,30.0,,10.0,,CLR,,,,,,,,,,,,,,,69.8,KUNV 210330Z AUTO 26005KT 10SM CLR 21/14 A3000 RMK AO2,,2.57222,21.0,0.0
UNV,2024-05-20 23:51:00,-77.85,40.85,378.0,68.0,57.2,68.35,260.0,3.0,0.0,30.0,,10.0,,SCT,,,,5500.0,,,,,,,,,,,68.0,KUNV 210351Z AUTO 26003KT 10SM SCT055 20/14 A3000 RMK AO2,,1.543332,20.0,4.0
UNV,2024-05-21 00:14:00,-77.85,40.85,378.0,64.4,57.2,77.45,230.0,3.0,0.0,30.0,,10.0,,CLR,,,,,,,,,,,,,,,64.4,KUNV 210414Z AUTO 23003KT 10SM CLR 18/14 A3000 RMK AO2,,1.543332,18.000000000000004,0.0
UNV,2024-05-21 01:42:00,-77.85,40.85,378.0,66.2,55.4,68.15,240.0,4.0,0.0,30.0,,10.0,,CLR,,,,,,,,,,,,,,,66.2,KUNV 210542Z AUTO 24004KT 10SM CLR 19/13 A3000 RMK AO2,,2.057776,19.0,0.0
UNV,2024-05-21 02:02:00,-77.85,40.85,378.0,64.4,55.4,72.56,250.0,5.0,0.0,30.0,,10.0,,CLR,,,,,,,,,,,,,,,64.4,KUNV 210602Z AUTO 25005KT 10SM CLR 18/13 A3000 RMK AO2,,2.57222,18.000000000000004,0.0
UNV,2024-05-21 02:22:00,-77.85,40.85,378.0,62.6,55.4,77.29,210.0,3.0,0.0,29.99,,10.0,,CLR,,,,,,,,,,,,,,,62.6,KUNV 210622Z AUTO 21003KT 10SM CLR 17/13 A2999 RMK AO2,,1.543332,17.0,0.0
UNV,2024-05-21 03:01:00,-77.85,40.85,378.0,64.4,55.4,72.56,250.0,5.0,0.0,29.99,,10.0,,CLR,,,,,,,,,,,,,,,64.4,KUNV 210701Z AUTO 25005KT 10SM CLR 18/13 A2999 RMK AO2,,2.57222,18.000000000000004,0.0
UNV,2024-05-21 03:34:00,-77.85,40.85,378.0,62.6,55.4,77.29,240.0,5.0,0.0,29.98,,10.0,,CLR,,,,,,,,,,,,,,,62.6,KUNV 210734Z AUTO 24005KT 10SM CLR 17/13 A2998 RMK AO2,,2.57222,17.0,0.0
UNV,2024-05-21 04:01:00,-77.85,40.85,378.0,62.6,55.4,77.29,260.0,5.0,0.0,29.98,,10.0,,SCT,SCT,,,7000.0,9000.0,,,,,,,,,,62.6,KUNV 210801Z AUTO 26005KT 10SM SCT070 SCT090 17/13 A2998 RMK AO2,,2.57222,17.0,4.0
UNV,2024-05-21 04:30:00,-77.85,40.85,378.0,60.8,57.2,87.92,240.0,5.0,0.0,29.99,,10.0,,SCT,,,,8000.0,,,,,,,,,,,60.8,KUNV 210830Z AUTO 24005KT 10SM SCT080 16/14 A2999 RMK AO2,,2.57222,16.0,4.0
UNV,2024-05-21 05:53:00,-77.85,40.85,378.0,60.8,57.2,87.92,250.0,6.0,0.0,30.0,,10.0,,CLR,,,,,,,,,,,,,,,60.8,KUNV 210953Z 25006KT 10SM CLR 16/14 A3000,,3.086664,16.0,0.0
UNV,2024-05-21 06:53:00,-77.85,40.85,378.0,60.8,59.0,93.79,0.0,0.0,0.0,30.01,,10.0,,CLR,,,,,,,,,,,,,,,60.8,KUNV 211053Z 00000KT 10SM CLR 16/15 A3001,,0.0,16.0,0.0
UNV,2024-05-21 07:53:00,-77.85,40.85,378.0,64.4,59.0,82.62,0.0,0.0,0.0,30.01,,10.0,,CLR,,,,,,,,,,,,,,,64.4,KUNV 211153Z 00000KT 10SM CLR 18/15 A3001,,0.0,18.000000000000004,0.0
UNV,2024-05-21 08:53:00,-77.85,40.85,378.0,68.0,59.0,72.92,0.0,0.0,0.0,30.01,,10.0,,CLR,,,,,,,,,,,,,,,68.0,KUNV 211253Z 00000KT 10SM CLR 20/15 A3001,,0.0,20.0,0.0
UNV,2024-05-21 09:53:00,-77.85,40.85,378.0,73.4,59.0,60.67,210.0,6.0,0.0,30.02,,10.0,,CLR,,,,,,,,,,,,,,,73.4,KUNV 211353Z 21006KT 10SM CLR 23/15 A3002,,3.086664,23.000000000000004,0.0
UNV,2024-05-21 10:53:00,-77.85,40.85,378.0,77.0,59.0,53.8,200.0,6.0,0.0,30.01,,10.0,,CLR,,,,,,,,,,,,,,,77.0,KUNV 211453Z 20006KT 10SM CLR 25/15 A3001,,3.086664,25.0,0.0
UNV,2024-05-21 11:53:00,-77.85,40.85,378.0,78.8,53.6,41.69,190.0,12.0,0.0,30.01,,10.0,,CLR,,,,,,,,,,,,,,,78.8,KUNV 211553Z 19012KT 10SM CLR 26/12 A3001,,6.173328,26.0,0.0
UNV,2024-05-21 12:53:00,-77.85,40.85,378.0,80.6,55.4,41.97,210.0,8.0,0.0,29.99,,10.0,15.0,CLR,,,,,,,,,,,,,,,80.53,KUNV 211653Z 21008G15KT 10SM CLR 27/13 A2999,,4.115552,26.999999999999996,0.0
UNV,2024-05-21 13:53:00,-77.85,40.85,378.0,82.4,53.6,37.07,220.0,9.0,0.0,29.97,,10.0,,CLR,,,,,,,,,,,,,,,81.46,KUNV 211753Z 22009KT 10SM CLR 28/12 A2997,,4.629996,28.000000000000004,0.0
UNV,2024-05-21 14:53:00,-77.85,40.85,378.0,82.4,51.8,34.69,200.0,7.0,0.0,29.97,,10.0,,CLR,,,,,,,,,,,,,,,81.2,KUNV 211853Z 20007KT 10SM CLR 28/11 A2997,,3.601108,28.000000000000004,0.0
UNV,2024-05-21 15:53:00,-77.85,40.85,378.0,82.4,51.8,34.69,210.0,6.0,0.0,29.95,,10.0,,CLR,,,,,,,,,,,,,,,81.2,KUNV 211953Z 21006KT 10SM CLR 28/11 A2995,,3.086664,28.000000000000004,0.0
UNV,2024-05-21 16:53:00,-77.85,40.85,378.0,82.4,53.6,37.07,210.0,8.0,0.0,29.95,,10.0,,CLR,,,,,,,,,,,,,,,81.46,KUNV 212053Z 21008KT 10SM CLR 28/12 A2995,,4.115552,28.000000000000004,0.0
UNV,2024-05-21 17:53:00,-77.85,40.85,378.0,82.4,55.4,39.58,190.0,8.0,0.0,29.95,,10.0,,CLR,,,,,,,,,,,,,,,81.75,KUNV 212153Z 19008KT 10SM CLR 28/13 A2995,,4.115552,28.000000000000004,0.0
UNV,2024-05-21 18:53:00,-77.85,40.85,378.0,80.6,55.4,41.97,190.0,6.0,0.0,29.94,,10.0,,CLR,,,,,,,,,,,,,,,80.53,KUNV 212253Z 19006KT 10SM CLR 27/13 A2994,,3.086664,26.999999999999996,0.0
UNV,2024-05-21 19:53:00,-77.85,40.85,378.0,78.8,57.2,47.52,190.0,5.0,0.0,29.94,,10.0,,CLR,,,,,,,,,,,,,,,78.8,KUNV 212353Z 19005KT 10SM CLR 26/14 A2994,,2.57222,26.0,0.0
UNV,2024-05-21 20:53:00,-77.85,40.85,378.0,75.2,59.0,57.12,200.0,4.0,0.0,29.94,,10.0,,CLR,,,,,,,,,,,,,,,75.2,KUNV 220053Z 20004KT 10SM CLR 24/15 A2994,,2.057776,24.0,0.0
UNV,2024-05-21 21:53:00,-77.85,40.85,378.0,71.6,57.2,60.44,240.0,4.0,0.0,29.96,,10.0,,CLR,,,,,,,,,,,,,,,71.6,KUNV 220153Z 24004KT 10SM CLR 22/14 A2996,,2.057776,21.999999999999996,0.0
UNV,2024-05-21 22:28:00,-77.85,40.85,378.0,71.6,57.2,60.44,0.0,0.0,0.0,29.96,,10.0,,CLR,,,,,,,,,,,,,,,71.6,KUNV 220228Z AUTO 00000KT 10SM CLR 22/14 A2996 RMK AO2,,0.0,21.999999999999996,0.0
UNV,2024-05-21 23:01:00,-77.85,40.85,378.0,71.6,57.2,60.44,270.0,5.0,0.0,29.96,,10.0,,CLR,,,,,,,,,,,,,,,71.6,KUNV 220301Z AUTO 27005KT 10SM CLR 22/14 A2996 RMK AO2,,2.57222,21.999999999999996,0.0
UNV,2024-05-21 23:35:00,-77.85,40.85,378.0,69.8,57.2,64.26,250.0,6.0,0.0,29.95,,10.0,,CLR,,,,,,,,,,,,,,,69.8,KUNV 220335Z AUTO 25006KT 10SM CLR 21/14 A2995 RMK AO2,,3.086664,21.0,0.0
UNV,2024-05-22 00:02:00,-77.85,40.85,378.0,69.8,57.2,64.26,240.0,5.0,0.0,29.96,,10.0,,CLR,,,,,,,,,,,,,,,69.8,KUNV 220402Z AUTO 24005KT 10SM CLR 21/14 A2996 RMK AO2,,2.57222,21.0,0.0
UNV,2024-05-22 00:22:00,-77.85,40.85,378.0,69.8,57.2,64.26,240.0,5.0,0.0,29.95,,10.0,,CLR,,,,,,,,,,,,,,,69.8,KUNV 220422Z AUTO 24005KT 10SM CLR 21/14 A2995 RMK AO2,,2.57222,21.0,0.0
UNV,2024-05-22 00:42:00,-77.85,40.85,378.0,69.8,57.2,64.26,260.0,5.0,0.0,29.95,,10.0,,CLR,,,,,,,,,,,,,,,69.8,KUNV 220442Z AUTO 26005KT 10SM CLR 21/14 A2995 RMK AO2,,2.57222,21.0,0.0
UNV,2024-05-22 01:02:00,-77.85,40.85,378.0,68.0,57.2,68.35,250.0,5.0,0.0,29.96,,10.0,,CLR,,,,,,,,,,,,,,,68.0,KUNV 220502Z AUTO 25005KT 10SM CLR 20/14 A2996 RMK AO2,,2.57222,20.0,0.0
UNV,2024-05-22 01:22:00,-77.85,40.85,378.0,68.0,57.2,68.35,240.0,4.0,0.0,29.97,,10.0,,CLR,,,,,,,,,,,,,,,68.0,KUNV 220522Z AUTO 24004KT 10SM CLR 20/14 A2997 RMK AO2,,2.057776,20.0,0.0
UNV,2024-05-22 01:42:00,-77.85,40.85,378.0,68.0,57.2,68.35,230.0,4.0,0.0,29.96,,10.0,,CLR,,,,,,,,,,,,,,,68.0,KUNV 220542Z AUTO 23004KT 10SM CLR 20/14 A2996 RMK AO2,,2.057776,20.0,0.0
UNV,2024-05-22 02:01:00,-77.85,40.85,378.0,66.2,57.2,72.74,220.0,3.0,0.0,29.95,,10.0,,CLR,,,,,,,,,,,,,,,66.2,KUNV 220601Z AUTO 22003KT 10SM CLR 19/14 A2995 RMK AO2,,1.543332,19.0,0.0
UNV,2024-05-22 02:29:00,-77.85,40.85,378.0,66.2,57.2,72.74,220.0,3.0,0.0,29.95,,10.0,,CLR,,,,,,,,,,,,,,,66.2,KUNV 220629Z AUTO 22003KT 10SM CLR 19/14 A2995 RMK AO2,,1.543332,19.0,0.0
UNV,2024-05-22 04:02:00,-77.85,40.85,378.0,66.2,57.2,72.74,240.0,5.0,0.0,29.97,,10.0,,CLR,,,,,,,,,,,,,,,66.2,KUNV 220802Z AUTO 24005KT 10SM CLR 19/14 A2997 RMK AO2,,2.57222,19.0,0.0
UNV,2024-05-22 04:35:00,-77.85,40.85,378.0,66.2,57.2,72.74,260.0,4.0,0.0,29.97,,10.0,,CLR,,,,,,,,,,,,,,,66.2,KUNV 220835Z AUTO 26004KT 10SM CLR 19/14 A2997 RMK AO2,,2.057776,19.0,0.0
UNV,2024-05-22 04:54:00,-77.85,40.85,378.0,64.4,57.2,77.45,270.0,38.0,0.0,29.96,,10.0,,CLR,,,,,,,,,,,,,,,64.4,KUNV 220854Z AUTO 27038KT 10SM CLR 18/14 A2996 RMK AO2,,19.548872,18.000000000000004,0.0
UNV,2024-05-22 05:53:00,-77.85,40.85,378.0,62.6,59.0,88.0,250.0,4.0,0.0,29.96,,10.0,,CLR,,,,,,,,,,,,,,,62.6,KUNV 220953Z 25004KT 10SM CLR 17/15 A2996,,2.057776,17.0,0.0
UNV,2024-05-22 06:53:00,-77.85,40.85,378.0,62.6,60.8,93.83,0.0,0.0,0.0,29.98,,10.0,,CLR,,,,,,,,,,,,,,,62.6,KUNV 221053Z 00000KT 10SM CLR 17/16 A2998,,0.0,17.0,0.0
UNV,2024-05-22 07:53:00,-77.85,40.85,378.0,66.2,60.8,82.74,0.0,0.0,0.0,29.98,,10.0,,SCT,,,,6000.0,,,,,,,,,,,66.2,KUNV 221153Z 00000KT 10SM SCT060 19/16 A2998,,0.0,19.0,4.0
UNV,2024-05-22 08:53:00,-77.85,40.85,378.0,71.6,60.8,68.75,230.0,4.0,0.0,29.99,,10.0,,FEW,,,,6000.0,,,,,,,,,,,71.6,KUNV 221253Z 23004KT 10SM FEW060 22/16 A2999,,2.057776,21.999999999999996,2.0
UNV,2024-05-22 09:53:00,-77.85,40.85,378.0,75.2,62.6,64.91,190.0,4.0,0.0,29.97,,10.0,,FEW,,,,7000.0,,,,,,,,,,,75.2,KUNV 221353Z 19004KT 10SM FEW070 24/17 A2997,,2.057776,24.0,2.0
UNV,2024-05-22 10:53:00,-77.85,40.85,378.0,78.8,62.6,57.6,180.0,7.0,0.0,29.96,,10.0,,FEW,,,,7000.0,,,,,,,,,,,78.8,KUNV 221453Z 18007KT 10SM FEW070 26/17 A2996,,3.601108,26.0,2.0
UNV,2024-05-22 11:53:00,-77.85,40.85,378.0,80.6,62.6,54.3,200.0,8.0,0.0,29.95,,10.0,,SCT,,,,5500.0,,,,,,,,,,,81.84,KUNV 221553Z 20008KT 10SM SCT055 27/17 A2995,,4.115552,26.999999999999996,4.0
UNV,2024-05-22 12:53:00,-77.85,40.85,378.0,84.2,62.6,48.32,190.0,9.0,0.0,29.93,,10.0,15.0,SCT,SCT,,,5500.0,6500.0,,,,,,,,,,85.03,KUNV 221653Z 19009G15KT 10SM SCT055 SCT065 29/17 A2993,,4.629996,29.0,4.0
UNV,2024-05-22 13:53:00,-77.85,40.85,378.0,82.4,62.6,51.21,200.0,10.0,0.0,29.9,,10.0,,SCT,SCT,BKN,,2000.0,3500.0,5000.0,,VCSH,,,,,,,83.41,KUNV 221753Z 20010KT 10SM VCSH SCT020 SCT035 BKN050 28/17 A2990,,5.14444,28.000000000000004,6.0
UNV,2024-05-22 14:00:00,-77.85,40.85,378.0,80.6,60.8,50.95,240.0,10.0,0.0,29.91,,7.0,,SCT,BKN,,,2000.0,3500.0,,,TSRA,,,,,,,81.46,KUNV 221800Z 24010KT 7SM TSRA SCT020CB BKN035 27/16 A2991 RMK TSB1800 TS W MOV E,,5.14444,26.999999999999996,6.0
UNV,2024-05-22 14:31:00,-77.85,40.85,378.0,69.8,62.6,77.9,200.0,18.0,0.0,29.93,,10.0,30.0,SCT,BKN,,,2500.0,3500.0,,,VCTS,,,,,,,69.8,KUNV 221831Z 20018G30KT 10SM VCTS SCT025CB BKN035 21/17 A2993 RMK TS SE MOV E OCNL LTGCCCG ALQS,,9.259992,21.0,6.0
UNV,2024-05-22 14:41:00,-77.85,40.85,378.0,69.8,62.6,77.9,200.0,14.0,0.0,29.92,,10.0,28.0,SCT,SCT,,,3000.0,4500.0,,,VCSH,,,,,,,69.8,KUNV 221841Z 20014G28KT 10SM VCSH SCT030 SCT045 21/17 A2992 RMK TSE 1841,,7.202216,21.0,4.0
UNV,2024-05-22 14:53:00,-77.85,40.85,378.0,71.6,60.8,68.75,190.0,9.0,0.0,29.92,,10.0,,SCT,,,,6500.0,,,,VCSH,,,,,,,71.6,KUNV 221853Z 19009KT 10SM VCSH SCT065 22/16 A2992,,4.629996,21.999999999999996,4.0
UNV,2024-05-22 15:53:00,-77.85,40.85,378.0,78.8,66.2,65.33,170.0,6.0,0.0,29.89,,10.0,,SCT,,,,7000.0,,,,,,,,,,,78.8,KUNV 221953Z 17006KT 10SM SCT070 26/19 A2989,,3.086664,26.0,4.0
UNV,2024-05-22 16:53:00,-77.85,40.85,378.0,78.8,62.6,57.6,200.0,6.0,0.0,29.88,,10.0,,BKN,,,,6000.0,,,,VCSH,,,,,,,78.8,KUNV 222053Z 20006KT 10SM VCSH BKN060 26/17 A2988,,3.086664,26.0,6.0
UNV,2024-05-22 17:53:00,-77.85,40.85,378.0,75.2,64.4,69.14,0.0,0.0,0.0,29.89,,10.0,,SCT,SCT,BKN,,3300.0,4400.0,6000.0,,,,,,,,,75.2,KUNV 222153Z 00000KT 10SM SCT033 SCT044 BKN060 24/18 A2989 RMK LTG DSNT N NE AND S,,0.0,24.0,6.0
UNV,2024-05-22 18:53:00,-77.85,40.85,378.0,75.2,66.2,73.61,0.0,0.0,0.0,29.88,,10.0,,SCT,SCT,,,7000.0,8000.0,,,,,,,,,,75.2,KUNV 222253Z 00000KT 10SM SCT070 SCT080 24/19 A2988,,0.0,24.0,4.0
UNV,2024-05-22 19:53:00,-77.85,40.85,378.0,73.4,66.2,78.19,,3.0,0.0,29.89,,10.0,,SCT,,,,6000.0,,,,,,,,,,,73.4,KUNV 222353Z VRB03KT 10SM SCT060 23/19 A2989,,1.543332,23.000000000000004,4.0
UNV,2024-05-22 20:53:00,-77.85,40.85,378.0,71.6,66.2,83.09,220.0,3.0,0.0,29.91,,10.0,,SCT,SCT,,,6000.0,7000.0,,,,,,,,,,71.6,KUNV 230053Z 22003KT 10SM SCT060 SCT070 22/19 A2991 RMK LTG DSNT NE,,1.543332,21.999999999999996,4.0
UNV,2024-05-22 21:53:00,-77.85,40.85,378.0,71.6,66.2,83.09,250.0,3.0,0.0,29.91,,10.0,,SCT,,,,11000.0,,,,,,,,,,,71.6,KUNV 230153Z 25003KT 10SM SCT110 22/19 A2991 RMK LTG DSNT NE,,1.543332,21.999999999999996,4.0
UNV,2024-05-22 22:21:00,-77.85,40.85,378.0,71.6,68.0,88.43,290.0,5.0,0.0,29.01,,10.0,,CLR,,,,,,,,,,,,,,,71.6,KUNV 230221Z AUTO 29005KT 10SM CLR 22/20 A2901 RMK AO2,,2.57222,21.999999999999996,0.0
UNV,2024-05-22 23:46:00,-77.85,40.85,378.0,68.0,68.0,100.0,230.0,4.0,0.0,29.91,,10.0,,CLR,,,,,,,,,,,,,,,68.0,KUNV 230346Z 23004KT 10SM CLR 20/20 A2991,,2.057776,20.0,0.0
UNV,2024-05-22 23:48:00,-77.85,40.85,378.0,68.0,68.0,100.0,230.0,4.0,0.0,29.91,,10.0,,CLR,,,,,,,,,,,,,,,68.0,KUNV 230348Z 23004KT 10SM CLR 20/20 A2991,,2.057776,20.0,0.0
UNV,2024-05-23 00:21:00,-77.85,40.85,378.0,68.0,68.0,100.0,200.0,3.0,0.0,29.09,,10.0,,CLR,,,,,,,,,,,,,,,68.0,KUNV 230421Z AUTO 20003KT 10SM CLR 20/20 A2909 RMK AO2,,1.543332,20.0,0.0
UNV,2024-05-23 02:41:00,-77.85,40.85,378.0,68.0,64.4,88.26,220.0,3.0,0.0,29.87,,10.0,,CLR,,,,,,,,,,,,,,,68.0,KUNV 230641Z AUTO 22003KT 10SM CLR 20/18 A2987 RMK AO2,,1.543332,20.0,0.0
UNV,2024-05-23 03:13:00,-77.85,40.85,378.0,68.0,62.6,82.86,240.0,7.0,0.0,29.87,,10.0,,CLR,,,,,,,,,,,,,,,68.0,KUNV 230713Z AUTO 24007KT 10SM CLR 20/17 A2987 RMK AO2,,3.601108,20.0,0.0
UNV,2024-05-23 03:50:00,-77.85,40.85,378.0,68.0,64.4,88.26,240.0,5.0,0.0,29.87,,10.0,,CLR,,,,,,,,VCTS,,,,,,,68.0,KUNV 230750Z AUTO 24005KT 10SM VCTS CLR 20/18 A2987 RMK AO2 LTG DSNT SW AND W,,2.57222,20.0,0.0
UNV,2024-05-23 04:21:00,-77.85,40.85,378.0,68.0,64.4,88.26,270.0,3.0,0.0,29.87,,10.0,,SCT,SCT,BKN,,3600.0,4900.0,7500.0,,,,,,,,,68.0,KUNV 230821Z AUTO 27003KT 10SM SCT036 SCT049 BKN075 20/18 A2987 RMK AO2 LTG DSNT SW AND W,,1.543332,20.0,6.0
UNV,2024-05-23 04:41:00,-77.85,40.85,378.0,68.0,64.4,88.26,260.0,6.0,0.0,29.88,,10.0,,SCT,SCT,BKN,,3600.0,4800.0,5500.0,,,,,,,,,68.0,KUNV 230841Z AUTO 26006KT 10SM SCT036 SCT048 BKN055 20/18 A2988 RMK AO2,,3.086664,20.0,6.0
UNV,2024-05-23 05:13:00,-77.85,40.85,378.0,66.2,64.4,93.92,290.0,6.0,0.0,29.91,,4.0,,SCT,BKN,OVC,,1300.0,3200.0,6000.0,,TS +RA,,,,,,,66.2,KUNV 230913Z AUTO 29006KT 4SM TS +RA SCT013 BKN032 OVC060 19/18 A2991 RMK AO2 LTG DSNT ALQDS,,3.086664,19.0,8.0
UNV,2024-05-23 05:53:00,-77.85,40.85,378.0,62.6,62.6,100.0,220.0,4.0,0.0,29.91,,6.0,,SCT,BKN,OVC,,2600.0,5000.0,9500.0,,-RA BR,,,,,,,62.6,KUNV 230953Z COR 22004KT 6SM -RA BR SCT026 BKN050 OVC095 17/17 A2991 RMK TSE0953 LTG DSNT E,,2.057776,17.0,8.0
UNV,2024-05-23 06:53:00,-77.85,40.85,378.0,64.4,64.4,100.0,240.0,6.0,0.0,29.95,,4.0,,SCT,BKN,OVC,,3700.0,4500.0,5500.0,,RA BR,,,,,,,64.4,KUNV 231053Z 24006KT 4SM RA BR SCT037 BKN045 OVC055 18/18 A2995,,3.086664,18.000000000000004,8.0
UNV,2024-05-23 07:53:00,-77.85,40.85,378.0,62.6,62.6,100.0,210.0,3.0,0.0,29.95,,8.0,,SCT,SCT,BKN,,2300.0,3200.0,4200.0,,,,,,,,,62.6,KUNV 231153Z 21003KT 8SM SCT023 SCT032 BKN042 17/17 A2995,,1.543332,17.0,6.0
UNV,2024-05-23 08:53:00,-77.85,40.85,378.0,64.4,64.4,100.0,,3.0,0.0,29.97,,5.0,,BKN,BKN,OVC,,500.0,1800.0,3300.0,,BR BCFG,,,,,,,64.4,KUNV 231253Z VRB03KT 5SM BR BCFG BKN005 BKN018 OVC033 18/18 A2997,,1.543332,18.000000000000004,8.0
UNV,2024-05-23 09:34:00,-77.85,40.85,378.0,66.2,66.2,100.0,0.0,0.0,0.0,29.97,,5.0,,SCT,BKN,BKN,,500.0,1800.0,3000.0,,BR BCFG,,,,,,,66.2,KUNV 231334Z 00000KT 5SM BR BCFG SCT005 BKN018 BKN030 19/19 A2997,,0.0,19.0,6.0
UNV,2024-05-23 09:53:00,-77.85,40.85,378.0,68.0,68.0,100.0,0.0,0.0,0.0,29.97,,5.0,,SCT,SCT,BKN,,2000.0,3000.0,9500.0,,BR BCFG,,,,,,,68.0,KUNV 231353Z 00000KT 5SM BR BCFG SCT020 SCT030 BKN095 20/20 A2997,,0.0,20.0,6.0
UNV,2024-05-23 10:08:00,-77.85,40.85,378.0,69.8,68.0,94.01,0.0,0.0,0.0,29.97,,5.0,,SCT,SCT,BKN,,700.0,2000.0,6500.0,,BR BCFG,,,,,,,69.8,KUNV 231408Z 00000KT 5SM BR BCFG SCT007 SCT020 BKN065 21/20 A2997,,0.0,21.0,6.0
UNV,2024-05-23 10:30:00,-77.85,40.85,378.0,71.6,66.2,83.09,,4.0,0.0,29.97,,8.0,,SCT,BKN,BKN,,1200.0,2000.0,4400.0,,,,,,,,,71.6,KUNV 231430Z VRB04KT 8SM SCT012 BKN020 BKN044 22/19 A2997,,2.057776,21.999999999999996,6.0
UNV,2024-05-23 10:53:00,-77.85,40.85,378.0,71.6,66.2,83.09,,4.0,0.0,29.97,,8.0,,SCT,SCT,BKN,,1400.0,4800.0,7000.0,,,,,,,,,71.6,KUNV 231453Z VRB04KT 8SM SCT014 SCT048 BKN070 22/19 A2997,,2.057776,21.999999999999996,6.0
UNV,2024-05-23 11:53:00,-77.85,40.85,378.0,73.4,62.6,68.94,280.0,3.0,0.0,29.97,,10.0,,SCT,BKN,BKN,,2400.0,3200.0,4200.0,,,,,,,,,73.4,KUNV 231553Z 28003KT 10SM SCT024 BKN032 BKN042 23/17 A2997,,1.543332,23.000000000000004,6.0
UNV,2024-05-23 12:53:00,-77.85,40.85,378.0,75.2,60.8,60.9,330.0,4.0,0.0,29.95,,10.0,,SCT,SCT,SCT,,2900.0,3400.0,4100.0,,,,,,,,,75.2,KUNV 231653Z 33004KT 10SM SCT029 SCT034 SCT041 24/16 A2995,,2.057776,24.0,4.0
UNV,2024-05-23 13:53:00,-77.85,40.85,378.0,77.0,53.6,44.25,280.0,7.0,0.0,29.95,,10.0,,SCT,SCT,,,3000.0,5000.0,,,,,,,,,,77.0,KUNV 231753Z 28007KT 10SM SCT030 SCT050 25/12 A2995,,3.601108,25.0,4.0
UNV,2024-05-23 14:53:00,-77.85,40.85,378.0,77.0,55.4,47.25,270.0,10.0,0.0,29.94,,10.0,,SCT,,,,5000.0,,,,,,,,,,,77.0,KUNV 231853Z 27010KT 10SM SCT050 25/13 A2994,,5.14444,25.0,4.0
UNV,2024-05-23 15:53:00,-77.85,40.85,378.0,77.0,55.4,47.25,250.0,10.0,0.0,29.94,,10.0,,SCT,,,,6000.0,,,,,,,,,,,77.0,KUNV 231953Z 25010KT 10SM SCT060 25/13 A2994,,5.14444,25.0,4.0
UNV,2024-05-23 16:53:00,-77.85,40.85,378.0,77.0,53.6,44.25,280.0,9.0,0.0,29.92,,10.0,,SCT,SCT,,,6000.0,8000.0,,,,,,,,,,77.0,KUNV 232053Z 28009KT 10SM SCT060 SCT080 25/12 A2992,,4.629996,25.0,4.0
UNV,2024-05-23 17:53:00,-77.85,40.85,378.0,77.0,51.8,41.42,280.0,9.0,0.0,29.92,,10.0,,CLR,,,,,,,,,,,,,,,77.0,KUNV 232153Z 28009KT 10SM CLR 25/11 A2992,,4.629996,25.0,0.0
UNV,2024-05-23 18:53:00,-77.85,40.85,378.0,75.2,51.8,43.97,270.0,9.0,0.0,29.92,,10.0,,CLR,,,,,,,,,,,,,,,75.2,KUNV 232253Z 27009KT 10SM CLR 24/11 A2992,,4.629996,24.0,0.0
UNV,2024-05-23 19:53:00,-77.85,40.85,378.0,73.4,50.0,43.69,260.0,5.0,0.0,29.92,,10.0,,FEW,,,,6000.0,,,,,,,,,,,73.4,KUNV 232353Z 26005KT 10SM FEW060 23/10 A2992,,2.57222,23.000000000000004,2.0
UNV,2024-05-23 20:53:00,-77.85,40.85,378.0,69.8,50.0,49.37,260.0,3.0,0.0,29.92,,10.0,,SCT,,,,6500.0,,,,,,,,,,,69.8,KUNV 240053Z 26003KT 10SM SCT065 21/10 A2992,,1.543332,21.0,4.0
UNV,2024-05-23 21:53:00,-77.85,40.85,378.0,68.0,50.0,52.51,0.0,0.0,0.0,29.93,,10.0,,CLR,,,,,,,,,,,,,,,68.0,KUNV 240153Z 00000KT 10SM CLR 20/10 A2993,,0.0,20.0,0.0
UNV,2024-05-23 22:21:00,-77.85,40.85,378.0,68.0,50.0,52.51,280.0,3.0,0.0,29.94,,10.0,,CLR,,,,,,,,,,,,,,,68.0,KUNV 240221Z AUTO 28003KT 10SM CLR 20/10 A2994 RMK AO2,,1.543332,20.0,0.0
UNV,2024-05-23 22:53:00,-77.85,40.85,378.0,68.0,50.0,52.51,0.0,0.0,0.0,29.94,,10.0,,SCT,SCT,SCT,,7000.0,8000.0,9000.0,,,,,,,,,68.0,KUNV 240253Z AUTO 00000KT 10SM SCT070 SCT080 SCT090 20/10 A2994 RMK AO2,,0.0,20.0,4.0
UNV,2024-05-23 23:03:00,-77.85,40.85,378.0,62.6,51.8,67.75,200.0,3.0,0.0,29.94,,10.0,,CLR,,,,,,,,,,,,,,,62.6,KUNV 240303Z AUTO 20003KT 10SM CLR 17/11 A2994 RMK AO2,,1.543332,17.0,0.0
UNV,2024-05-23 23:53:00,-77.85,40.85,378.0,62.6,51.8,67.75,240.0,4.0,0.0,29.94,,10.0,,SCT,SCT,,,6500.0,8500.0,,,,,,,,,,62.6,KUNV 240353Z AUTO 24004KT 10SM SCT065 SCT085 17/11 A2994 RMK AO2,,2.057776,17.0,4.0
UNV,2024-05-24 00:22:00,-77.85,40.85,378.0,60.8,51.8,72.2,0.0,0.0,0.0,29.94,,10.0,,SCT,SCT,SCT,,6000.0,7000.0,9000.0,,,,,,,,,60.8,KUNV 240422Z AUTO 00000KT 10SM SCT060 SCT070 SCT090 16/11 A2994 RMK AO2,,0.0,16.0,4.0
UNV,2024-05-24 00:42:00,-77.85,40.85,378.0,60.8,51.8,72.2,0.0,0.0,0.0,29.94,,10.0,,CLR,,,,,,,,,,,,,,,60.8,KUNV 240442Z AUTO 00000KT 10SM CLR 16/11 A2994 RMK AO2,,0.0,16.0,0.0
UNV,2024-05-24 01:02:00,-77.85,40.85,378.0,59.0,51.8,76.98,0.0,0.0,0.0,29.94,,10.0,,CLR,,,,,,,,,,,,,,,59.0,KUNV 240502Z AUTO 00000KT 10SM CLR 15/11 A2994 RMK AO2,,0.0,15.0,0.0
UNV,2024-05-24 01:21:00,-77.85,40.85,378.0,59.0,51.8,76.98,0.0,0.0,0.0,29.93,,10.0,,CLR,,,,,,,,,,,,,,,59.0,KUNV 240521Z AUTO 00000KT 10SM CLR 15/11 A2993 RMK AO2,,0.0,15.0,0.0
UNV,2024-05-24 02:02:00,-77.85,40.85,378.0,59.0,51.8,76.98,0.0,0.0,0.0,29.92,,10.0,,CLR,,,,,,,,,,,,,,,59.0,KUNV 240602Z AUTO 00000KT 10SM CLR 15/11 A2992 RMK AO2 LTG DSNT SW,,0.0,15.0,0.0
UNV,2024-05-24 02:40:00,-77.85,40.85,378.0,59.0,53.6,82.25,0.0,0.0,0.0,29.92,,10.0,,CLR,,,,,,,,,,,,,,,59.0,KUNV 240640Z AUTO 00000KT 10SM CLR 15/12 A2992 RMK AO2,,0.0,15.0,0.0
UNV,2024-05-24 04:28:00,-77.85,40.85,378.0,57.2,55.4,93.69,0.0,0.0,0.0,29.92,,10.0,,CLR,,,,,,,,,,,,,,,57.2,KUNV 240828Z AUTO 00000KT 10SM CLR 14/13 A2992 RMK AO2,,0.0,14.000000000000002,0.0
UNV,2024-05-24 04:51:00,-77.85,40.85,378.0,57.2,55.4,93.69,0.0,0.0,0.0,29.92,,10.0,,CLR,,,,,,,,,,,,,,,57.2,KUNV 240851Z AUTO 00000KT 10SM CLR 14/13 A2992 RMK AO2 LTG DSNT SW,,0.0,14.000000000000002,0.0
UNV,2024-05-24 05:53:00,-77.85,40.85,378.0,55.4,55.4,100.0,0.0,0.0,0.0,29.93,,10.0,,SCT,,,,8000.0,,,,,,,,,,,55.4,KUNV 240953Z 00000KT 10SM SCT080 13/13 A2993,,0.0,13.0,4.0
UNV,2024-05-24 06:53:00,-77.85,40.85,378.0,57.2,57.2,100.0,0.0,0.0,0.0,29.95,,10.0,,CLR,,,,,,,,,,,,,,,57.2,KUNV 241053Z 00000KT 10SM CLR 14/14 A2995,,0.0,14.000000000000002,0.0
UNV,2024-05-24 07:53:00,-77.85,40.85,378.0,57.2,57.2,100.0,0.0,0.0,0.0,29.95,,10.0,,CLR,,,,,,,,,,,,,,,57.2,KUNV 241153Z 00000KT 10SM CLR 14/14 A2995,,0.0,14.000000000000002,0.0
UNV,2024-05-24 08:53:00,-77.85,40.85,378.0,64.4,55.4,72.56,0.0,0.0,0.0,29.95,,10.0,,CLR,,,,,,,,,,,,,,,64.4,KUNV 241253Z 00000KT 10SM CLR 18/13 A2995,,0.0,18.000000000000004,0.0
UNV,2024-05-24 09:53:00,-77.85,40.85,378.0,69.8,55.4,60.21,0.0,0.0,0.0,29.94,,10.0,,CLR,,,,,,,,,,,,,,,69.8,KUNV 241353Z 00000KT 10SM CLR 21/13 A2994,,0.0,21.0,0.0
UNV,2024-05-24 10:53:00,-77.85,40.85,378.0,73.4,53.6,49.9,260.0,4.0,0.0,29.93,,10.0,,CLR,,,,,,,,,,,,,,,73.4,KUNV 241453Z 26004KT 10SM CLR 23/12 A2993,,2.057776,23.000000000000004,0.0
UNV,2024-05-24 11:53:00,-77.85,40.85,378.0,77.0,50.0,38.74,280.0,5.0,0.0,29.92,,10.0,,CLR,,,,,,,,,,,,,,,77.0,KUNV 241553Z 28005KT 10SM CLR 25/10 A2992,,2.57222,25.0,0.0
UNV,2024-05-24 12:53:00,-77.85,40.85,378.0,78.8,48.2,34.13,360.0,7.0,0.0,29.91,,10.0,,CLR,,,,,,,,,,,,,,,78.8,KUNV 241653Z 36007KT 10SM CLR 26/09 A2991,,3.601108,26.0,0.0
UNV,2024-05-24 13:53:00,-77.85,40.85,378.0,78.8,48.2,34.13,310.0,7.0,0.0,29.89,,10.0,,SCT,,,,7500.0,,,,,,,,,,,78.8,KUNV 241753Z 31007KT 270V330 10SM SCT075 26/09 A2989,,3.601108,26.0,4.0
UNV,2024-05-24 14:53:00,-77.85,40.85,378.0,82.4,50.0,32.46,270.0,6.0,0.0,29.89,,10.0,,SCT,,,,8000.0,,,,,,,,,,,80.99,KUNV 241853Z 27006KT 10SM SCT080 28/10 A2989,,3.086664,28.000000000000004,4.0
UNV,2024-05-24 15:53:00,-77.85,40.85,378.0,82.4,48.2,30.35,310.0,6.0,0.0,29.88,,10.0,,SCT,,,,8000.0,,,,,,,,,,,80.8,KUNV 241953Z 31006KT 10SM SCT080 28/09 A2988,,3.086664,28.000000000000004,4.0
UNV,2024-05-24 16:53:00,-77.85,40.85,378.0,80.6,48.2,32.18,270.0,8.0,0.0,29.86,,10.0,14.0,SCT,,,,8500.0,,,,,,,,,,,79.71,KUNV 242053Z 27008G14KT 10SM SCT085 27/09 A2986,,4.115552,26.999999999999996,4.0
UNV,2024-05-24 17:53:00,-77.85,40.85,378.0,80.6,48.2,32.18,280.0,7.0,0.0,29.85,,10.0,,SCT,,,,8500.0,,,,,,,,,,,79.71,KUNV 242153Z 28007KT 10SM SCT085 27/09 A2985,,3.601108,26.999999999999996,4.0
UNV,2024-05-24 18:53:00,-77.85,40.85,378.0,78.8,48.2,34.13,280.0,5.0,0.0,29.85,,10.0,,FEW,,,,8500.0,,,,,,,,,,,78.8,KUNV 242253Z 28005KT 10SM FEW085 26/09 A2985,,2.57222,26.0,2.0
UNV,2024-05-24 19:53:00,-77.85,40.85,378.0,77.0,48.2,36.22,0.0,0.0,0.0,29.86,,10.0,,SCT,,,,8500.0,,,,,,,,,,,77.0,KUNV 242353Z 00000KT 10SM SCT085 25/09 A2986,,0.0,25.0,4.0
UNV,2024-05-24 20:53:00,-77.85,40.85,378.0,75.2,48.2,38.46,290.0,3.0,0.0,29.86,,10.0,,CLR,,,,,,,,,,,,,,,75.2,KUNV 250053Z 29003KT 10SM CLR 24/09 A2986,,1.543332,24.0,0.0
UNV,2024-05-24 21:53:00,-77.85,40.85,378.0,71.6,50.0,46.43,300.0,4.0,0.0,29.89,,10.0,,SCT,,,,8000.0,,,,,,,,,,,71.6,KUNV 250153Z 30004KT 10SM SCT080 22/10 A2989,,2.057776,21.999999999999996,4.0
UNV,2024-05-25 00:10:00,-77.85,40.85,378.0,64.4,51.8,63.6,0.0,0.0,0.0,29.9,,10.0,,SCT,,,,10000.0,,,,,,,,,,,64.4,KUNV 250410Z AUTO 00000KT 10SM SCT100 18/11 A2990 RMK AO2,,0.0,18.000000000000004,4.0
UNV,2024-05-25 00:31:00,-77.85,40.85,378.0,62.6,51.8,67.75,40.0,3.0,0.0,29.91,,10.0,,SCT,,,,10000.0,,,,,,,,,,,62.6,KUNV 250431Z AUTO 04003KT 10SM SCT100 17/11 A2991 RMK AO2,,1.543332,17.0,4.0
UNV,2024-05-25 00:54:00,-77.85,40.85,378.0,60.8,51.8,72.2,0.0,0.0,0.0,29.91,,10.0,,CLR,,,,,,,,,,,,,,,60.8,KUNV 250454Z AUTO 00000KT 10SM CLR 16/11 A2991 RMK AO2,,0.0,16.0,0.0
UNV,2024-05-25 01:12:00,-77.85,40.85,378.0,60.8,51.8,72.2,0.0,0.0,0.0,29.91,,10.0,,CLR,,,,,,,,,,,,,,,60.8,KUNV 250512Z AUTO 00000KT 10SM CLR 16/11 A2991 RMK AO2,,0.0,16.0,0.0
UNV,2024-05-25 01:42:00,-77.85,40.85,378.0,60.8,51.8,72.2,0.0,0.0,0.0,29.91,,10.0,,CLR,,,,,,,,,,,,,,,60.8,KUNV 250542Z AUTO 00000KT 10SM CLR 16/11 A2991 RMK AO2,,0.0,16.0,0.0
UNV,2024-05-25 02:10:00,-77.85,40.85,378.0,62.6,50.0,63.38,0.0,0.0,0.0,29.89,,10.0,,CLR,,,,,,,,,,,,,,,62.6,KUNV 250610Z AUTO 00000KT 10SM CLR 17/10 A2989 RMK AO2,,0.0,17.0,0.0
UNV,2024-05-25 02:41:00,-77.85,40.85,378.0,57.2,53.6,87.74,0.0,0.0,0.0,29.89,,10.0,,CLR,,,,,,,,,,,,,,,57.2,KUNV 250641Z AUTO 00000KT 10SM CLR 14/12 A2989 RMK AO2,,0.0,14.000000000000002,0.0
UNV,2024-05-25 03:01:00,-77.85,40.85,378.0,59.0,51.8,76.98,0.0,0.0,0.0,29.88,,10.0,,CLR,,,,,,,,,,,,,,,59.0,KUNV 250701Z AUTO 00000KT 10SM CLR 15/11 A2988 RMK AO2,,0.0,15.0,0.0
UNV,2024-05-25 03:22:00,-77.85,40.85,378.0,57.2,51.8,82.12,0.0,0.0,0.0,29.88,,10.0,,CLR,,,,,,,,,,,,,,,57.2,KUNV 250722Z AUTO 00000KT 10SM CLR 14/11 A2988 RMK AO2,,0.0,14.000000000000002,0.0
UNV,2024-05-25 05:02:00,-77.85,40.85,378.0,55.4,53.6,93.65,0.0,0.0,0.0,29.88,,10.0,,CLR,,,,,,,,,,,,,,,55.4,KUNV 250902Z AUTO 00000KT 10SM CLR 13/12 A2988 RMK AO2 LTG DSNT W,,0.0,13.0,0.0
UNV,2024-05-25 05:36:00,-77.85,40.85,378.0,55.4,53.6,93.65,0.0,0.0,0.0,29.88,,10.0,,CLR,,,,,,,,,,,,,,,55.4,KUNV 250936Z AUTO 00000KT 10SM CLR 13/12 A2988 RMK AO2,,0.0,13.0,0.0
UNV,2024-05-25 05:53:00,-77.85,40.85,378.0,55.4,53.6,93.65,0.0,0.0,0.0,29.89,,10.0,,CLR,,,,,,,,,,,,,,,55.4,KUNV 250953Z 00000KT 10SM CLR 13/12 A2989,,0.0,13.0,0.0
UNV,2024-05-25 06:53:00,-77.85,40.85,378.0,55.4,53.6,93.65,0.0,0.0,0.0,29.89,,10.0,,CLR,,,,,,,,,,,,,,,55.4,KUNV 251053Z 00000KT 10SM CLR 13/12 A2989,,0.0,13.0,0.0
UNV,2024-05-25 07:53:00,-77.85,40.85,378.0,57.2,53.6,87.74,0.0,0.0,0.0,29.92,,10.0,,CLR,,,,,,,,,,,,,,,57.2,KUNV 251153Z 00000KT 10SM CLR 14/12 A2992,,0.0,14.000000000000002,0.0
UNV,2024-05-25 08:53:00,-77.85,40.85,378.0,64.4,53.6,67.95,0.0,0.0,0.0,29.92,,10.0,,CLR,,,,,,,,,,,,,,,64.4,KUNV 251253Z 00000KT 10SM CLR 18/12 A2992,,0.0,18.000000000000004,0.0
UNV,2024-05-25 09:53:00,-77.85,40.85,378.0,69.8,53.6,56.38,190.0,3.0,0.0,29.91,,10.0,,CLR,,,,,,,,,,,,,,,69.8,KUNV 251353Z 19003KT 10SM CLR 21/12 A2991,,1.543332,21.0,0.0
UNV,2024-05-25 10:53:00,-77.85,40.85,378.0,77.0,57.2,50.43,240.0,6.0,0.0,29.9,,10.0,,CLR,,,,,,,,,,,,,,,77.0,KUNV 251453Z 24006KT 10SM CLR 25/14 A2990,,3.086664,25.0,0.0
UNV,2024-05-25 11:53:00,-77.85,40.85,378.0,78.8,57.2,47.52,200.0,7.0,0.0,29.89,,10.0,,SCT,,,,9500.0,,,,,,,,,,,78.8,KUNV 251553Z 20007KT 10SM SCT095 26/14 A2989,,3.601108,26.0,4.0
UNV,2024-05-25 12:53:00,-77.85,40.85,378.0,78.8,59.0,50.69,180.0,7.0,0.0,29.86,,10.0,,SCT,,,,6000.0,,,,,,,,,,,78.8,KUNV 251653Z 18007KT 10SM SCT060 26/15 A2986 RMK LTG DSNT NW,,3.601108,26.0,4.0
UNV,2024-05-25 13:53:00,-77.85,40.85,378.0,80.6,59.0,47.79,210.0,8.0,0.0,29.85,,10.0,,SCT,,,,7000.0,,,,,,,,,,,81.11,KUNV 251753Z 21008KT 10SM SCT070 27/15 A2985,,4.115552,26.999999999999996,4.0
UNV,2024-05-25 14:53:00,-77.85,40.85,378.0,75.2,62.6,64.91,290.0,7.0,0.0,29.86,,5.0,14.0,SCT,SCT,BKN,,2000.0,2900.0,4800.0,,+TSRA,,,,,,,75.2,KUNV 251853Z COR 29007G14KT 5SM +TSRA SCT020 SCT029 BKN048 24/17 A2986 RMK TS OHD MOV NE TSB1845,,3.601108,24.0,6.0
UNV,2024-05-25 15:00:00,-77.85,40.85,378.0,69.8,66.2,88.34,300.0,5.0,0.0,29.85,,10.0,,SCT,BKN,OVC,,2000.0,2800.0,7000.0,,VCTS,,,,,,,69.8,KUNV 251900Z 30005KT 10SM VCTS SCT020 BKN028 OVC070 21/19 A2985 RMK TSB1845 TSE1900,,2.57222,21.0,8.0
UNV,2024-05-25 15:53:00,-77.85,40.85,378.0,73.4,62.6,68.94,240.0,4.0,0.0,29.83,,10.0,,SCT,,,,8000.0,,,,,,,,,,,73.4,KUNV 251953Z 24004KT 10SM SCT080 23/17 A2983,,2.057776,23.000000000000004,4.0
UNV,2024-05-25 16:53:00,-77.85,40.85,378.0,75.2,62.6,64.91,0.0,0.0,0.0,29.83,,10.0,,CLR,,,,,,,,,,,,,,,75.2,KUNV 252053Z 00000KT 10SM CLR 24/17 A2983 RMK LTG DSNT SW-W,,0.0,24.0,0.0
UNV,2024-05-25 17:53:00,-77.85,40.85,378.0,71.6,66.2,83.09,290.0,7.0,0.0,29.83,,10.0,,SCT,SCT,SCT,,1100.0,1600.0,4600.0,,-RA,,,,,,,71.6,KUNV 252153Z 29007KT 10SM -RA SCT011 SCT016 SCT046 22/19 A2983 RMK LTG DSNT ALQS,,3.601108,21.999999999999996,4.0
UNV,2024-05-25 17:59:00,-77.85,40.85,378.0,71.6,66.2,83.09,280.0,7.0,0.0,29.84,,10.0,,SCT,BKN,BKN,,900.0,1600.0,2200.0,,-TSRA,,,,,,,71.6,KUNV 252159Z 28007KT 10SM -TSRA SCT009 BKN016CB BKN022 22/19 A2984 RMK TSB2159 TS W MOV E ONCL LTGICCC ALQS,,3.601108,21.999999999999996,6.0
UNV,2024-05-25 18:53:00,-77.85,40.85,378.0,66.2,64.4,93.92,0.0,0.0,0.0,29.87,,4.0,,SCT,BKN,OVC,,2600.0,3100.0,4200.0,,-TSRA,,,,,,,66.2,KUNV 252253Z 00000KT 4SM -TSRA SCT026 BKN031CB OVC042 19/18 A2987 RMK TS NE THRU S ONCL LTGICCC ALQS,,0.0,19.0,8.0
UNV,2024-05-25 19:53:00,-77.85,40.85,378.0,66.2,66.2,100.0,0.0,0.0,0.0,29.85,,10.0,,FEW,,,,1500.0,,,,,,,,,,,66.2,KUNV 252353Z 00000KT 10SM FEW015 19/19 A2985 RMK TSE2353 LTG DSNT E-SW,,0.0,19.0,2.0
UNV,2024-05-25 20:53:00,-77.85,40.85,378.0,64.4,64.4,100.0,0.0,0.0,0.0,29.89,,10.0,,FEW,,,,500.0,,,,,,,,,,,64.4,KUNV 260053Z 00000KT 10SM FEW005 18/18 A2989,,0.0,18.000000000000004,2.0
UNV,2024-05-25 21:53:00,-77.85,40.85,378.0,62.6,62.6,100.0,0.0,0.0,0.0,29.9,,7.0,,CLR,,,,,,,,,,,,,,,62.6,KUNV 260153Z 00000KT 7SM CLR 17/17 A2990,,0.0,17.0,0.0
UNV,2024-05-25 22:21:00,-77.85,40.85,378.0,62.6,62.6,100.0,0.0,0.0,0.0,29.91,,10.0,,CLR,,,,,,,,,,,,,,,62.6,KUNV 260221Z AUTO 00000KT 10SM CLR 17/17 A2991 RMK AO2,,0.0,17.0,0.0
UNV,2024-05-25 22:55:00,-77.85,40.85,378.0,60.8,60.8,100.0,0.0,0.0,0.0,29.91,,7.0,,SCT,SCT,,,5000.0,6000.0,,,,,,,,,,60.8,KUNV 260255Z AUTO 00000KT 7SM SCT050 SCT060 16/16 A2991 RMK AO2 LTG DSNT SW,,0.0,16.0,4.0
UNV,2024-05-25 23:22:00,-77.85,40.85,378.0,60.8,60.8,100.0,0.0,0.0,0.0,29.91,,4.0,,CLR,,,,,,,,BR,,,,,,,60.8,KUNV 260322Z AUTO 00000KT 4SM BR CLR 16/16 A2991 RMK AO2,,0.0,16.0,0.0
UNV,2024-05-25 23:42:00,-77.85,40.85,378.0,60.8,60.8,100.0,0.0,0.0,0.0,29.91,,4.0,,CLR,,,,,,,,BR,,,,,,,60.8,KUNV 260342Z AUTO 00000KT 4SM BR CLR 16/16 A2991 RMK AO2 LTG DSNT S AND SW,,0.0,16.0,0.0
UNV,2024-05-26 00:02:00,-77.85,40.85,378.0,60.8,60.8,100.0,0.0,0.0,0.0,29.91,,3.0,,CLR,,,,,,,,BR,,,,,,,60.8,KUNV 260402Z AUTO 00000KT 3SM BR CLR 16/16 A2991 RMK AO2 LTG DSNT SW,,0.0,16.0,0.0
UNV,2024-05-26 00:21:00,-77.85,40.85,378.0,60.8,60.8,100.0,0.0,0.0,0.0,29.91,,0.25,,OVC,,,,100.0,,,,FG,,,,,,,60.8,KUNV 260421Z AUTO 00000KT 1/4SM FG OVC001 16/16 A2991 RMK AO2,,0.0,16.0,8.0
UNV,2024-05-26 00:42:00,-77.85,40.85,378.0,60.8,60.8,100.0,0.0,0.0,0.0,29.91,,0.25,,OVC,,,,100.0,,,,FG,,,,,,,60.8,KUNV 260442Z AUTO 00000KT 1/4SM FG OVC001 16/16 A2991 RMK AO2,,0.0,16.0,8.0
UNV,2024-05-26 01:02:00,-77.85,40.85,378.0,60.8,60.8,100.0,0.0,0.0,0.0,29.91,,0.25,,OVC,,,,100.0,,,,FG,,,,,,,60.8,KUNV 260502Z AUTO 00000KT 1/4SM FG OVC001 16/16 A2991 RMK AO2 LTG DSNT SW,,0.0,16.0,8.0
UNV,2024-05-26 02:42:00,-77.85,40.85,378.0,59.0,59.0,100.0,0.0,0.0,0.0,29.91,,0.25,,BKN,,,,100.0,,,,FG,,,,,,,59.0,KUNV 260642Z AUTO 00000KT 1/4SM FG BKN001 15/15 A2991 RMK AO2,,0.0,15.0,6.0
UNV,2024-05-26 03:34:00,-77.85,40.85,378.0,59.0,59.0,100.0,0.0,0.0,0.0,29.92,,0.25,,OVC,,,,100.0,,,,FG,,,,,,,59.0,KUNV 260734Z AUTO 00000KT M1/4SM FG OVC001 15/15 A2992 RMK AO2,,0.0,15.0,8.0
UNV,2024-05-26 04:02:00,-77.85,40.85,378.0,59.0,59.0,100.0,0.0,0.0,0.0,29.92,,0.25,,OVC,,,,100.0,,,,FG,,,,,,,59.0,KUNV 260802Z AUTO 00000KT M1/4SM FG OVC001 15/15 A2992 RMK AO2,,0.0,15.0,8.0
UNV,2024-05-26 04:22:00,-77.85,40.85,378.0,59.0,59.0,100.0,0.0,0.0,0.0,29.92,,0.25,,OVC,,,,100.0,,,,FG,,,,,,,59.0,KUNV 260822Z AUTO 00000KT M1/4SM FG OVC001 15/15 A2992 RMK AO2,,0.0,15.0,8.0
UNV,2024-05-26 04:42:00,-77.85,40.85,378.0,59.0,59.0,100.0,0.0,0.0,0.0,29.92,,0.25,,OVC,,,,100.0,,,,FG,,,,,,,59.0,KUNV 260842Z AUTO 00000KT 1/4SM FG OVC001 15/15 A2992 RMK AO2,,0.0,15.0,8.0
UNV,2024-05-26 05:02:00,-77.85,40.85,378.0,59.0,59.0,100.0,0.0,0.0,0.0,29.92,,0.25,,OVC,,,,100.0,,,,FG,,,,,,,59.0,KUNV 260902Z AUTO 00000KT 1/4SM FG OVC001 15/15 A2992 RMK AO2,,0.0,15.0,8.0
UNV,2024-05-26 05:21:00,-77.85,40.85,378.0,59.0,59.0,100.0,0.0,0.0,0.0,29.93,,0.25,,OVC,,,,100.0,,,,FG,,,,,,,59.0,KUNV 260921Z AUTO 00000KT 1/4SM FG OVC001 15/15 A2993 RMK AO2,,0.0,15.0,8.0
UNV,2024-05-26 05:53:00,-77.85,40.85,378.0,59.0,59.0,100.0,0.0,0.0,0.0,29.94,,0.12,,OVC,,,,100.0,,,,FG,,,,,,,59.0,KUNV 260953Z 00000KT 1/8SM R24/1000FT FG OVC001 15/15 A2994,,0.0,15.0,8.0
UNV,2024-05-26 06:53:00,-77.85,40.85,378.0,59.0,59.0,100.0,0.0,0.0,0.0,29.95,,0.12,,OVC,,,,100.0,,,,FG,,,,,,,59.0,KUNV 261053Z 00000KT 1/8SM R24/2400FT FG OVC001 15/15 A2995,,0.0,15.0,8.0
UNV,2024-05-26 07:32:00,-77.85,40.85,378.0,60.8,60.8,100.0,0.0,0.0,0.0,29.95,,0.5,,OVC,,,,100.0,,,,FG,,,,,,,60.8,KUNV 261132Z 00000KT 1/2SM R24/6000FT FG OVC001 16/16 A2995,,0.0,16.0,8.0
UNV,2024-05-26 07:53:00,-77.85,40.85,378.0,60.8,60.8,100.0,50.0,4.0,0.0,29.95,,1.5,,OVC,,,,200.0,,,,BR,,,,,,,60.8,KUNV 261153Z 05004KT 1 1/2SM BR OVC002 16/16 A2995,,2.057776,16.0,8.0
UNV,2024-05-26 08:20:00,-77.85,40.85,378.0,59.0,59.0,100.0,30.0,5.0,0.0,29.95,,0.5,,OVC,,,,200.0,,,,FG,,,,,,,59.0,KUNV 261220Z 03005KT 1/2SM R24/4500FT FG OVC002 15/15 A2995,,2.57222,15.0,8.0
UNV,2024-05-26 08:53:00,-77.85,40.85,378.0,59.0,59.0,100.0,40.0,4.0,0.0,29.98,,2.5,,OVC,,,,200.0,,,,BR,,,,,,,59.0,KUNV 261253Z 04004KT 2 1/2SM BR OVC002 15/15 A2998,,2.057776,15.0,8.0
UNV,2024-05-26 09:53:00,-77.85,40.85,378.0,59.0,59.0,100.0,50.0,3.0,0.0,29.98,,4.0,,OVC,,,,300.0,,,,BR,,,,,,,59.0,KUNV 261353Z 05003KT 4SM BR OVC003 15/15 A2998,,1.543332,15.0,8.0
UNV,2024-05-26 10:53:00,-77.85,40.85,378.0,62.6,62.6,100.0,50.0,4.0,0.0,30.0,,5.0,,OVC,,,,500.0,,,,BR,,,,,,,62.6,KUNV 261453Z 05004KT 5SM BR OVC005 17/17 A3000,,2.057776,17.0,8.0
UNV,2024-05-26 11:53:00,-77.85,40.85,378.0,64.4,62.6,93.88,80.0,3.0,0.0,29.99,,10.0,,OVC,,,,1100.0,,,,,,,,,,,64.4,KUNV 261553Z 08003KT 10SM OVC011 18/17 A2999,,1.543332,18.000000000000004,8.0
UNV,2024-05-26 12:53:00,-77.85,40.85,378.0,69.8,62.6,77.9,350.0,3.0,0.0,29.97,,10.0,,SCT,SCT,,,1000.0,1500.0,,,,,,,,,,69.8,KUNV 261653Z 35003KT 10SM SCT010 SCT015 21/17 A2997,,1.543332,21.0,4.0
UNV,2024-05-26 13:53:00,-77.85,40.85,378.0,75.2,60.8,60.9,0.0,0.0,0.0,29.95,,10.0,,SCT,,,,1000.0,,,,,,,,,,,75.2,KUNV 261753Z 00000KT 10SM SCT010 24/16 A2995,,0.0,24.0,4.0
UNV,2024-05-26 14:53:00,-77.85,40.85,378.0,77.0,60.8,57.36,0.0,0.0,0.0,29.92,,10.0,,SCT,,,,2200.0,,,,,,,,,,,77.0,KUNV 261853Z 00000KT 10SM SCT022 25/16 A2992,,0.0,25.0,4.0
UNV,2024-05-26 15:53:00,-77.85,40.85,378.0,78.8,60.8,54.05,180.0,3.0,0.0,29.9,,10.0,,SCT,,,,3000.0,,,,,,,,,,,78.8,KUNV 261953Z 18003KT 10SM SCT030 26/16 A2990,,1.543332,26.0,4.0
UNV,2024-05-26 16:53:00,-77.85,40.85,378.0,78.8,59.0,50.69,170.0,4.0,0.0,29.88,,10.0,,SCT,,,,5000.0,,,,,,,,,,,78.8,KUNV 262053Z COR 17004KT 10SM SCT050 26/15 A2988,,2.057776,26.0,4.0
UNV,2024-05-26 17:53:00,-77.85,40.85,378.0,77.0,59.0,53.8,180.0,8.0,0.0,29.87,,10.0,,FEW,,,,6500.0,,,,,,,,,,,77.0,KUNV 262153Z 18008KT 10SM FEW065 25/15 A2987,,4.115552,25.0,2.0
UNV,2024-05-26 18:53:00,-77.85,40.85,378.0,75.2,57.2,53.55,,4.0,0.0,29.86,,10.0,,FEW,,,,6500.0,,,,,,,,,,,75.2,KUNV 262253Z VRB04KT 10SM FEW065 24/14 A2986,,2.057776,24.0,2.0
UNV,2024-05-26 19:53:00,-77.85,40.85,378.0,73.4,57.2,56.88,150.0,5.0,0.0,29.84,,10.0,,FEW,,,,6000.0,,,,,,,,,,,73.4,KUNV 262353Z 15005KT 10SM FEW060 23/14 A2984,,2.57222,23.000000000000004,2.0
UNV,2024-05-26 20:53:00,-77.85,40.85,378.0,73.4,57.2,56.88,150.0,6.0,0.0,29.83,,10.0,,SCT,,,,4500.0,,,,,,,,,,,73.4,KUNV 270053Z 15006KT 10SM SCT045 23/14 A2983,,3.086664,23.000000000000004,4.0
UNV,2024-05-26 21:53:00,-77.85,40.85,378.0,71.6,57.2,60.44,150.0,6.0,0.0,29.83,,10.0,,FEW,SCT,,,1000.0,4500.0,,,,,,,,,,71.6,KUNV 270153Z 15006KT 10SM FEW010 SCT045 22/14 A2983,,3.086664,21.999999999999996,4.0
UNV,2024-05-26 22:42:00,-77.85,40.85,378.0,71.6,57.2,60.44,170.0,3.0,0.0,29.81,,10.0,,SCT,SCT,SCT,,100.0,1000.0,1600.0,,,,,,,,,71.6,KUNV 270242Z AUTO 17003KT 10SM SCT001 SCT010 SCT016 22/14 A2981 RMK AO2,,1.543332,21.999999999999996,4.0
UNV,2024-05-26 23:08:00,-77.85,40.85,378.0,73.4,57.2,56.88,120.0,4.0,0.0,29.79,,10.0,,SCT,SCT,SCT,,100.0,1000.0,1600.0,,,,,,,,,73.4,KUNV 270308Z AUTO 12004KT 10SM SCT001 SCT010 SCT016 23/14 A2979 RMK AO2,,2.057776,23.000000000000004,4.0
UNV,2024-05-26 23:26:00,-77.85,40.85,378.0,71.6,57.2,60.44,110.0,3.0,0.0,29.79,,10.0,,SCT,BKN,BKN,,100.0,1000.0,1600.0,,,,,,,,,71.6,KUNV 270326Z AUTO 11003KT 10SM SCT001 BKN010 BKN016 22/14 A2979 RMK AO2,,1.543332,21.999999999999996,6.0
UNV,2024-05-27 00:02:00,-77.85,40.85,378.0,71.6,60.8,68.75,240.0,6.0,0.0,29.8,,10.0,,SCT,BKN,OVC,,100.0,1000.0,3400.0,,RA,,,,,,,71.6,KUNV 270402Z AUTO 24006KT 10SM RA SCT001 BKN010 OVC034 22/16 A2980 RMK AO2,,3.086664,21.999999999999996,8.0
UNV,2024-05-27 00:22:00,-77.85,40.85,378.0,64.4,64.4,100.0,240.0,11.0,0.0,29.83,,7.0,20.0,SCT,BKN,OVC,,100.0,900.0,1400.0,,+RA,,,,,,,64.4,KUNV 270422Z AUTO 24011G20KT 7SM +RA SCT001 BKN009 OVC014 18/18 A2983 RMK AO2,,5.6588840000000005,18.000000000000004,8.0
UNV,2024-05-27 01:02:00,-77.85,40.85,378.0,64.4,64.4,100.0,230.0,3.0,0.0,29.8,,10.0,,SCT,BKN,BKN,,100.0,500.0,1300.0,,-RA,,,,,,,64.4,KUNV 270502Z AUTO 23003KT 10SM -RA SCT001 BKN005 BKN013 18/18 A2980 RMK AO2,,1.543332,18.000000000000004,6.0
UNV,2024-05-27 01:24:00,-77.85,40.85,378.0,64.4,64.4,100.0,250.0,3.0,0.0,29.79,,10.0,,SCT,SCT,SCT,,100.0,2100.0,2600.0,,,,,,,,,64.4,KUNV 270524Z AUTO 25003KT 10SM SCT001 SCT021 SCT026 18/18 A2979 RMK AO2,,1.543332,18.000000000000004,4.0
UNV,2024-05-27 02:04:00,-77.85,40.85,378.0,64.4,64.4,100.0,230.0,8.0,0.0,29.8,,10.0,,SCT,,,,1500.0,,,,,,,,,,,64.4,KUNV 270604Z AUTO 23008KT 10SM SCT015 18/18 A2980 RMK AO2,,4.115552,18.000000000000004,4.0
UNV,2024-05-27 02:23:00,-77.85,40.85,378.0,64.4,64.4,100.0,240.0,8.0,0.0,29.8,,10.0,,CLR,,,,,,,,,,,,,,,64.4,KUNV 270623Z AUTO 24008KT 10SM CLR 18/18 A2980 RMK AO2,,4.115552,18.000000000000004,0.0
UNV,2024-05-27 03:00:00,-77.85,40.85,378.0,62.6,62.6,100.0,220.0,3.0,0.0,29.78,,10.0,,SCT,,,,100.0,,,,,,,,,,,62.6,KUNV 270700Z AUTO 22003KT 10SM SCT001 17/17 A2978 RMK AO2,,1.543332,17.0,4.0
UNV,2024-05-27 03:23:00,-77.85,40.85,378.0,62.6,62.6,100.0,240.0,6.0,0.0,29.78,,10.0,,SCT,SCT,SCT,,100.0,600.0,1000.0,,,,,,,,,62.6,KUNV 270723Z AUTO 24006KT 10SM SCT001 SCT006 SCT010 17/17 A2978 RMK AO2,,3.086664,17.0,4.0
UNV,2024-05-27 03:42:00,-77.85,40.85,378.0,62.6,62.6,100.0,230.0,4.0,0.0,29.78,,10.0,,SCT,SCT,SCT,,100.0,600.0,1000.0,,,,,,,,,62.6,KUNV 270742Z AUTO 23004KT 10SM SCT001 SCT006 SCT010 17/17 A2978 RMK AO2,,2.057776,17.0,4.0
UNV,2024-05-27 04:24:00,-77.85,40.85,378.0,62.6,62.6,100.0,240.0,8.0,0.0,29.76,,10.0,,SCT,SCT,,,100.0,7500.0,,,,,,,,,,62.6,KUNV 270824Z AUTO 24008KT 10SM SCT001 SCT075 17/17 A2976 RMK AO2,,4.115552,17.0,4.0
UNV,2024-05-27 04:53:00,-77.85,40.85,378.0,62.6,62.6,100.0,250.0,5.0,0.0,29.75,,10.0,,CLR,,,,,,,,,,,,,,,62.6,KUNV 270853Z AUTO 25005KT 10SM CLR 17/17 A2975 RMK AO2,,2.57222,17.0,0.0
UNV,2024-05-27 05:53:00,-77.85,40.85,378.0,62.6,62.6,100.0,220.0,4.0,0.0,29.76,,10.0,,FEW,SCT,,,1000.0,5000.0,,,,,,,,,,62.6,KUNV 270953Z 22004KT 10SM FEW010 SCT050 17/17 A2976,,2.057776,17.0,4.0
UNV,2024-05-27 06:53:00,-77.85,40.85,378.0,62.6,62.6,100.0,0.0,0.0,0.0,29.76,,10.0,,SCT,,,,800.0,,,,,,,,,,,62.6,KUNV 271053Z 00000KT 10SM SCT008 17/17 A2976,,0.0,17.0,4.0
UNV,2024-05-27 07:53:00,-77.85,40.85,378.0,66.2,62.6,88.18,0.0,0.0,0.0,29.73,,10.0,,SCT,,,,2000.0,,,,,,,,,,,66.2,KUNV 271153Z 00000KT 10SM SCT020 19/17 A2973,,0.0,19.0,4.0
UNV,2024-05-27 08:53:00,-77.85,40.85,378.0,68.0,64.4,88.26,0.0,0.0,0.0,29.72,,10.0,,SCT,SCT,,,1000.0,2000.0,,,,,,,,,,68.0,KUNV 271253Z 00000KT 10SM SCT010 SCT020 20/18 A2972,,0.0,20.0,4.0
UNV,2024-05-27 09:53:00,-77.85,40.85,378.0,68.0,62.6,82.86,210.0,4.0,0.0,29.71,,10.0,,SCT,SCT,,,1500.0,2100.0,,,,,,,,,,68.0,KUNV 271353Z 21004KT 10SM SCT015 SCT021 20/17 A2971 RMK LTG DSNT S,,2.057776,20.0,4.0
UNV,2024-05-27 10:53:00,-77.85,40.85,378.0,66.2,64.4,93.92,210.0,3.0,0.0,29.71,,7.0,,SCT,OVC,,,2100.0,3000.0,,,-RA,,,,,,,66.2,KUNV 271453Z 21003KT 7SM -RA SCT021 OVC030 19/18 A2971,,1.543332,19.0,8.0
UNV,2024-05-27 11:53:00,-77.85,40.85,378.0,68.0,66.2,93.97,0.0,0.0,0.0,29.72,,7.0,,OVC,,,,1600.0,,,,-RA,,,,,,,68.0,KUNV 271553Z 00000KT 7SM -RA OVC016 20/19 A2972 RMK LTG DSNT S,,0.0,20.0,8.0
UNV,2024-05-27 12:53:00,-77.85,40.85,378.0,68.0,66.2,93.97,190.0,7.0,0.0,29.69,,7.0,,BKN,OVC,,,1400.0,1600.0,,,,,,,,,,68.0,KUNV 271653Z 19007KT 7SM BKN014 OVC016 20/19 A2969,,3.601108,20.0,8.0
UNV,2024-05-27 13:53:00,-77.85,40.85,378.0,71.6,68.0,88.43,210.0,6.0,0.0,29.68,,10.0,,BKN,BKN,,,1800.0,2300.0,,,,,,,,,,71.6,KUNV 271753Z 21006KT 10SM BKN018 BKN023 22/20 A2968,,3.086664,21.999999999999996,6.0
UNV,2024-05-27 14:53:00,-77.85,40.85,378.0,73.4,66.2,78.19,230.0,8.0,0.0,29.67,,10.0,,BKN,,,,2600.0,,,,,,,,,,,73.4,KUNV 271853Z 23008KT 10SM BKN026 23/19 A2967,,4.115552,23.000000000000004,6.0
UNV,2024-05-27 15:53:00,-77.85,40.85,378.0,77.0,66.2,69.33,240.0,8.0,0.0,29.65,,10.0,14.0,BKN,,,,1300.0,,,,,,,,,,,77.0,KUNV 271953Z 24008G14KT 10SM BKN013 25/19 A2965,,4.115552,25.0,6.0
UNV,2024-05-27 16:53:00,-77.85,40.85,378.0,77.0,60.8,57.36,240.0,9.0,0.0,29.65,,10.0,,SCT,BKN,,,2200.0,4200.0,,,,,,,,,,77.0,KUNV 272053Z 24009KT 10SM SCT022 BKN042 25/16 A2965,,4.629996,25.0,6.0
UNV,2024-05-27 17:53:00,-77.85,40.85,378.0,75.2,59.0,57.12,270.0,8.0,0.0,29.66,,10.0,16.0,BKN,,,,4500.0,,,,,,,,,,,75.2,KUNV 272153Z 27008G16KT 10SM BKN045 24/15 A2966,,4.115552,24.0,6.0
UNV,2024-05-27 18:53:00,-77.85,40.85,378.0,73.4,59.0,60.67,260.0,10.0,0.0,29.67,,10.0,16.0,SCT,SCT,,,4000.0,9000.0,,,,,,,,,,73.4,KUNV 272253Z 26010G16KT 10SM SCT040 SCT090 23/15 A2967,,5.14444,23.000000000000004,4.0
UNV,2024-05-27 19:53:00,-77.85,40.85,378.0,73.4,59.0,60.67,240.0,7.0,0.0,29.68,,10.0,,SCT,,,,5000.0,,,,,,,,,,,73.4,KUNV 272353Z 24007KT 10SM SCT050 23/15 A2968,,3.601108,23.000000000000004,4.0
UNV,2024-05-27 20:53:00,-77.85,40.85,378.0,69.8,59.0,68.55,220.0,5.0,0.0,29.7,,10.0,,BKN,,,,4000.0,,,,,,,,,,,69.8,KUNV 280053Z 22005KT 10SM BKN040 21/15 A2970,,2.57222,21.0,6.0
UNV,2024-05-27 21:53:00,-77.85,40.85,378.0,69.8,59.0,68.55,250.0,9.0,0.0,29.72,,10.0,15.0,SCT,SCT,,,2000.0,8000.0,,,,,,,,,,69.8,KUNV 280153Z 25009G15KT 10SM SCT020 SCT080 21/15 A2972,,4.629996,21.0,4.0
UNV,2024-05-28 05:53:00,-77.85,40.85,378.0,60.8,50.0,67.54,250.0,10.0,0.0,29.8,,10.0,15.0,OVC,,,,1200.0,,,,,,,,,,,60.8,KUNV 280953Z 25010G15KT 10SM OVC012 16/10 A2980,,5.14444,16.0,8.0
UNV,2024-05-28 06:53:00,-77.85,40.85,378.0,60.8,50.0,67.54,270.0,10.0,0.0,29.81,,10.0,15.0,BKN,,,,1300.0,,,,,,,,,,,60.8,KUNV 281053Z 27010G15KT 10SM BKN013 16/10 A2981,,5.14444,16.0,6.0
UNV,2024-05-28 07:53:00,-77.85,40.85,378.0,60.8,51.8,72.2,260.0,9.0,0.0,29.83,,10.0,,BKN,,,,1800.0,,,,,,,,,,,60.8,KUNV 281153Z 26009KT 10SM BKN018 16/11 A2983,,4.629996,16.0,6.0
UNV,2024-05-28 08:53:00,-77.85,40.85,378.0,64.4,51.8,63.6,280.0,7.0,0.0,29.83,,10.0,19.0,BKN,,,,1800.0,,,,,,,,,,,64.4,KUNV 281253Z 28007G19KT 10SM BKN018 18/11 A2983,,3.601108,18.000000000000004,6.0
UNV,2024-05-28 09:53:00,-77.85,40.85,378.0,68.0,51.8,56.13,280.0,11.0,0.0,29.82,,10.0,17.0,BKN,,,,1800.0,,,,,,,,,,,68.0,KUNV 281353Z 28011G17KT 10SM BKN018 20/11 A2982,,5.6588840000000005,20.0,6.0
UNV,2024-05-28 10:53:00,-77.85,40.85,378.0,68.0,51.8,56.13,290.0,12.0,0.0,29.83,,10.0,18.0,BKN,,,,2800.0,,,,,,,,,,,68.0,KUNV 281453Z 29012G18KT 10SM BKN028 20/11 A2983,,6.173328,20.0,6.0
UNV,2024-05-28 11:53:00,-77.85,40.85,378.0,68.0,51.8,56.13,310.0,13.0,0.0,29.84,,10.0,19.0,BKN,,,,3200.0,,,,,,,,,,,68.0,KUNV 281553Z 31013G19KT 10SM BKN032 20/11 A2984,,6.687772,20.0,6.0
UNV,2024-05-28 12:53:00,-77.85,40.85,378.0,68.0,51.8,56.13,270.0,12.0,0.0,29.85,,10.0,,BKN,,,,3500.0,,,,,,,,,,,68.0,KUNV 281653Z 27012KT 10SM BKN035 20/11 A2985,,6.173328,20.0,6.0
UNV,2024-05-28 13:53:00,-77.85,40.85,378.0,69.8,53.6,56.38,290.0,8.0,0.0,29.84,,10.0,,SCT,,,,4200.0,,,,,,,,,,,69.8,KUNV 281753Z 29008KT 10SM SCT042 21/12 A2984,,4.115552,21.0,4.0
UNV,2024-05-28 14:53:00,-77.85,40.85,378.0,69.8,53.6,56.38,240.0,8.0,0.0,29.83,,10.0,,BKN,,,,4200.0,,,,,,,,,,,69.8,KUNV 281853Z 24008KT 10SM BKN042 21/12 A2983,,4.115552,21.0,6.0
UNV,2024-05-28 15:53:00,-77.85,40.85,378.0,69.8,57.2,64.26,300.0,9.0,0.0,29.84,,10.0,,BKN,,,,3200.0,,,,,,,,,,,69.8,KUNV 281953Z 30009KT 10SM BKN032 21/14 A2984,,4.629996,21.0,6.0
UNV,2024-05-28 16:53:00,-77.85,40.85,378.0,64.4,55.4,72.56,270.0,6.0,0.0,29.86,,10.0,,BKN,,,,3000.0,,,,VCSH,,,,,,,64.4,KUNV 282053Z COR 27006KT 10SM VCSH BKN030 18/13 A2986,,3.086664,18.000000000000004,6.0
UNV,2024-05-28 17:05:00,-77.85,40.85,378.0,64.4,55.4,72.56,260.0,9.0,0.0,29.88,,3.0,,BKN,,,,1600.0,,,,RA BR,,,,,,,64.4,KUNV 282105Z 26009KT 3SM RA BR BKN016 18/13 A2988,,4.629996,18.000000000000004,6.0
UNV,2024-05-28 17:24:00,-77.85,40.85,378.0,60.8,55.4,82.37,300.0,5.0,0.0,29.88,,7.0,,BKN,,,,2800.0,,,,VCSH,,,,,,,60.8,KUNV 282124Z 30005KT 7SM VCSH BKN028 16/13 A2988,,2.57222,16.0,6.0
UNV,2024-05-28 17:53:00,-77.85,40.85,378.0,62.6,55.4,77.29,320.0,5.0,0.0,29.88,,10.0,,BKN,,,,4100.0,,,,VCSH,,,,,,,62.6,KUNV 282153Z 32005KT 10SM VCSH BKN041 17/13 A2988,,2.57222,17.0,6.0
UNV,2024-05-28 18:53:00,-77.85,40.85,378.0,62.6,51.8,67.75,270.0,7.0,0.0,29.89,,10.0,,SCT,SCT,,,4000.0,6000.0,,,,,,,,,,62.6,KUNV 282253Z 27007KT 10SM SCT040 SCT060 17/11 A2989,,3.601108,17.0,4.0
UNV,2024-05-28 19:53:00,-77.85,40.85,378.0,62.6,53.6,72.38,280.0,7.0,0.0,29.9,,10.0,,SCT,SCT,,,4000.0,6000.0,,,,,,,,,,62.6,KUNV 282353Z 28007KT 10SM SCT040 SCT060 17/12 A2990,,3.601108,17.0,4.0
UNV,2024-05-28 20:53:00,-77.85,40.85,378.0,60.8,53.6,77.14,270.0,8.0,0.0,29.91,,10.0,,FEW,SCT,,,4000.0,7000.0,,,,,,,,,,60.8,KUNV 290053Z 27008KT 10SM FEW040 SCT070 16/12 A2991,,4.115552,16.0,4.0
UNV,2024-05-28 21:53:00,-77.85,40.85,378.0,59.0,53.6,82.25,280.0,5.0,0.0,29.92,,10.0,,FEW,,,,5000.0,,,,,,,,,,,59.0,KUNV 290153Z 28005KT 10SM FEW050 15/12 A2992,,2.57222,15.0,2.0
UNV,2024-05-29 03:16:00,-77.85,40.85,378.0,51.8,51.8,100.0,0.0,0.0,0.0,29.95,,10.0,,SCT,SCT,BKN,,100.0,500.0,1500.0,,,,,,,,,51.8,KUNV 290716Z 00000KT 10SM SCT001 SCT005 BKN015 11/11 A2995,,0.0,10.999999999999998,6.0
UNV,2024-05-29 05:17:00,-77.85,40.85,378.0,51.8,51.8,100.0,0.0,0.0,0.0,29.94,,10.0,,SCT,BKN,,,1000.0,1500.0,,,,,,,,,,51.8,KUNV 290917Z 00000KT 10SM SCT010 BKN015 11/11 A2994,,0.0,10.999999999999998,6.0
UNV,2024-05-29 05:53:00,-77.85,40.85,378.0,50.0,50.0,100.0,0.0,0.0,0.0,29.96,,10.0,,CLR,,,,,,,,,,,,,,,50.0,KUNV 290953Z 00000KT 10SM CLR 10/10 A2996,,0.0,10.0,0.0
UNV,2024-05-29 06:53:00,-77.85,40.85,378.0,51.8,51.8,100.0,0.0,0.0,0.0,29.98,,10.0,,CLR,,,,,,,,,,,,,,,51.8,KUNV 291053Z 00000KT 10SM CLR 11/11 A2998,,0.0,10.999999999999998,0.0
UNV,2024-05-29 07:53:00,-77.85,40.85,378.0,55.4,53.6,93.65,0.0,0.0,0.0,29.99,,10.0,,CLR,,,,,,,,,,,,,,,55.4,KUNV 291153Z 00000KT 10SM CLR 13/12 A2999,,0.0,13.0,0.0
UNV,2024-05-29 08:33:00,-77.85,40.85,378.0,60.8,53.6,77.14,0.0,0.0,0.0,29.99,,10.0,,SCT,,,,2000.0,,,,,,,,,,,60.8,KUNV 291233Z 00000KT 10SM SCT020 16/12 A2999,,0.0,16.0,4.0
UNV,2024-05-29 08:53:00,-77.85,40.85,378.0,59.0,53.6,82.25,0.0,0.0,0.0,29.98,,10.0,,SCT,,,,2400.0,,,,,,,,,,,59.0,KUNV 291253Z 00000KT 10SM SCT024 15/12 A2998,,0.0,15.0,4.0
UNV,2024-05-29 09:53:00,-77.85,40.85,378.0,60.8,53.6,77.14,0.0,0.0,0.0,29.99,,10.0,,SCT,,,,2000.0,,,,,,,,,,,60.8,KUNV 291353Z 00000KT 10SM SCT020 16/12 A2999,,0.0,16.0,4.0
UNV,2024-05-29 10:53:00,-77.85,40.85,378.0,64.4,55.4,72.56,,4.0,0.0,29.98,,10.0,,BKN,,,,3000.0,,,,,,,,,,,64.4,KUNV 291453Z VRB04KT 10SM BKN030 18/13 A2998,,2.057776,18.000000000000004,6.0
UNV,2024-05-29 11:53:00,-77.85,40.85,378.0,66.2,53.6,63.82,,5.0,0.0,29.98,,10.0,,BKN,,,,3500.0,,,,VCSH,,,,,,,66.2,KUNV 291553Z VRB05KT 10SM VCSH BKN035 19/12 A2998 RMK LTG DSNT W,,2.57222,19.0,6.0
UNV,2024-05-29 12:43:00,-77.85,40.85,378.0,64.4,53.6,67.95,,5.0,0.0,29.97,,7.0,,BKN,,,,3000.0,,,,TS,,,,,,,64.4,KUNV 291643Z COR VRB05KT 7SM TS BKN030 18/12 A2997 RMK TSB1643 OCNL LTGCCIC SW-W TS W MOV E,,2.57222,18.000000000000004,6.0
UNV,2024-05-29 12:53:00,-77.85,40.85,378.0,64.4,53.6,67.95,,5.0,0.0,29.97,,5.0,,BKN,BKN,,,1200.0,3000.0,,,-TSRA,,,,,,,64.4,KUNV 291653Z VRB05KT 5SM -TSRA BKN012 BKN030 18/12 A2997 RMK OCNL LTGCCICCG S-W TS W MOV E,,2.57222,18.000000000000004,6.0
UNV,2024-05-29 13:08:00,-77.85,40.85,378.0,62.6,53.6,72.38,210.0,12.0,0.0,29.98,,3.0,,BKN,BKN,,,1000.0,3000.0,,,TSRA,,,,,,,62.6,KUNV 291708Z 21012KT 3SM TSRA BKN010 BKN030CB 17/12 A2998 RMK OCNL LTGCCICCG SE-W TS W MOV E,,6.173328,17.0,6.0
UNV,2024-05-29 13:25:00,-77.85,40.85,378.0,57.2,57.2,100.0,180.0,4.0,0.0,29.99,,6.0,,BKN,BKN,,,1700.0,3000.0,,,-TSRA,,,,,,,57.2,KUNV 291725Z 18004KT 6SM -TSRA BKN017 BKN030 14/14 A2999 RMK OCNL LTGCCICCG NE-SE TS E MOV E,,2.057776,14.000000000000002,6.0
UNV,2024-05-29 13:38:00,-77.85,40.85,378.0,57.2,57.2,100.0,0.0,0.0,0.0,29.99,,8.0,,BKN,BKN,,,2200.0,3500.0,,,VCSH,,,,,,,57.2,KUNV 291738Z 00000KT 8SM VCSH BKN022 BKN035 14/14 A2999 RMK TSE1738 LTG DSNT E,,0.0,14.000000000000002,6.0
UNV,2024-05-29 13:53:00,-77.85,40.85,378.0,57.2,57.2,100.0,330.0,4.0,0.0,29.98,,10.0,,BKN,OVC,,,4000.0,5000.0,,,,,,,,,,57.2,KUNV 291753Z 33004KT 10SM BKN040 OVC050 14/14 A2998,,2.057776,14.000000000000002,8.0
UNV,2024-05-29 14:53:00,-77.85,40.85,378.0,57.2,57.2,100.0,0.0,0.0,0.0,29.96,,10.0,,SCT,BKN,,,1600.0,4000.0,,,,,,,,,,57.2,KUNV 291853Z 00000KT 10SM SCT016 BKN040 14/14 A2996,,0.0,14.000000000000002,6.0
UNV,2024-05-29 15:53:00,-77.85,40.85,378.0,62.6,53.6,72.38,300.0,4.0,0.0,29.97,,10.0,,BKN,BKN,,,2000.0,4000.0,,,,,,,,,,62.6,KUNV 291953Z 30004KT 10SM BKN020 BKN040 17/12 A2997,,2.057776,17.0,6.0
UNV,2024-05-29 16:53:00,-77.85,40.85,378.0,64.4,50.0,59.5,,3.0,0.0,29.95,,10.0,,SCT,BKN,,,2000.0,4000.0,,,,,,,,,,64.4,KUNV 292053Z VRB03KT 10SM SCT020 BKN040 18/10 A2995,,1.543332,18.000000000000004,6.0
UNV,2024-05-29 17:53:00,-77.85,40.85,378.0,64.4,50.0,59.5,60.0,4.0,0.0,29.95,,10.0,,BKN,,,,3000.0,,,,,,,,,,,64.4,KUNV 292153Z 06004KT 10SM BKN030 18/10 A2995,,2.057776,18.000000000000004,6.0
UNV,2024-05-29 18:25:00,-77.85,40.85,378.0,60.8,51.8,72.2,300.0,7.0,0.0,29.95,,4.0,,OVC,,,,1500.0,,,,RA,,,,,,,60.8,KUNV 292225Z 30007KT 4SM RA OVC015 16/11 A2995,,3.601108,16.0,8.0
UNV,2024-05-29 18:53:00,-77.85,40.85,378.0,57.2,53.6,87.74,320.0,7.0,0.0,29.97,,5.0,,OVC,,,,2000.0,,,,RA,,,,,,,57.2,KUNV 292253Z 32007KT 5SM RA OVC020 14/12 A2997,,3.601108,14.000000000000002,8.0
UNV,2024-05-29 19:53:00,-77.85,40.85,378.0,55.4,55.4,100.0,360.0,4.0,0.0,29.99,,10.0,,SCT,BKN,OVC,,500.0,1100.0,3000.0,,-DZ,,,,,,,55.4,KUNV 292353Z 36004KT 10SM -DZ SCT005 BKN011 OVC030 13/13 A2999,,2.057776,13.0,8.0
UNV,2024-05-29 20:53:00,-77.85,40.85,378.0,55.4,55.4,100.0,340.0,5.0,0.0,29.99,,10.0,,SCT,OVC,,,200.0,3000.0,,,,,,,,,,55.4,KUNV 300053Z 34005KT 10SM SCT002 OVC030 13/13 A2999,,2.57222,13.0,8.0
UNV,2024-05-29 21:53:00,-77.85,40.85,378.0,55.4,53.6,93.65,330.0,4.0,0.0,30.0,,10.0,,BKN,,,,4800.0,,,,,,,,,,,55.4,KUNV 300153Z 33004KT 10SM BKN048 13/12 A3000,,2.057776,13.0,6.0
UNV,2024-05-29 22:41:00,-77.85,40.85,378.0,55.4,53.6,93.65,0.0,0.0,0.0,30.01,,10.0,,SCT,BKN,OVC,,100.0,6500.0,8000.0,,,,,,,,,55.4,KUNV 300241Z AUTO 00000KT 10SM SCT001 BKN065 OVC080 13/12 A3001 RMK AO2,,0.0,13.0,8.0
UNV,2024-05-29 23:01:00,-77.85,40.85,378.0,53.6,53.6,100.0,0.0,0.0,0.0,30.01,,10.0,,SCT,SCT,BKN,,100.0,1000.0,8000.0,,,,,,,,,53.6,KUNV 300301Z AUTO 00000KT 10SM SCT001 SCT010 BKN080 12/12 A3001 RMK AO2,,0.0,12.0,6.0
UNV,2024-05-29 23:22:00,-77.85,40.85,378.0,53.6,51.8,93.6,0.0,0.0,0.0,30.01,,10.0,,SCT,SCT,BKN,,100.0,1000.0,10000.0,,,,,,,,,53.6,KUNV 300322Z AUTO 00000KT 10SM SCT001 SCT010 BKN100 12/11 A3001 RMK AO2,,0.0,12.0,6.0
UNV,2024-05-30 02:21:00,-77.85,40.85,378.0,53.6,53.6,100.0,0.0,0.0,0.0,30.03,,10.0,,SCT,SCT,,,200.0,1300.0,,,,,,,,,,53.6,KUNV 300621Z 00000KT 10SM SCT002 SCT013 12/12 A3003,,0.0,12.0,4.0
UNV,2024-05-30 03:15:00,-77.85,40.85,378.0,51.8,51.8,100.0,0.0,0.0,0.0,30.05,,10.0,,SCT,SCT,,,1000.0,1500.0,,,,,,,,,,51.8,KUNV 300715Z 00000KT 10SM SCT010 SCT015 11/11 A3005,,0.0,10.999999999999998,4.0
UNV,2024-05-30 04:48:00,-77.85,40.85,378.0,51.8,51.8,100.0,0.0,0.0,0.0,30.05,,10.0,,SCT,SCT,,,200.0,1200.0,,,,,,,,,,51.8,KUNV 300848Z 00000KT 10SM SCT002 SCT012 11/11 A3005,,0.0,10.999999999999998,4.0
UNV,2024-05-30 05:53:00,-77.85,40.85,378.0,50.0,50.0,100.0,0.0,0.0,0.0,30.07,,10.0,,CLR,,,,,,,,,,,,,,,50.0,KUNV 300953Z 00000KT 10SM CLR 10/10 A3007,,0.0,10.0,0.0
UNV,2024-05-30 06:53:00,-77.85,40.85,378.0,51.8,46.4,81.74,0.0,0.0,0.0,30.09,,10.0,,CLR,,,,,,,,,,,,,,,51.8,KUNV 301053Z COR 00000KT 10SM CLR 11/08 A3009,,0.0,10.999999999999998,0.0
UNV,2024-05-30 07:53:00,-77.85,40.85,378.0,55.4,46.4,81.74,0.0,0.0,0.0,30.09,,10.0,,CLR,,,,,,,,,,,,,,,51.8,KUNV 301153Z COR 00000KT 10SM CLR 13/08 A3009,,0.0,13.0,0.0
UNV,2024-05-30 08:53:00,-77.85,40.85,378.0,57.2,42.8,58.52,330.0,4.0,0.0,30.1,,10.0,,FEW,,,,2500.0,,,,,,,,,,,57.2,KUNV 301253Z 33004KT 10SM FEW025 14/06 A3010,,2.057776,14.000000000000002,2.0
UNV,2024-05-30 09:53:00,-77.85,40.85,378.0,60.8,42.8,51.45,330.0,9.0,0.0,30.09,,10.0,,SCT,,,,2500.0,,,,,,,,,,,60.8,KUNV 301353Z 33009KT 10SM SCT025 16/06 A3009,,4.629996,16.0,4.0
UNV,2024-05-30 10:53:00,-77.85,40.85,378.0,62.6,41.0,45.04,340.0,10.0,0.0,30.09,,10.0,16.0,SCT,,,,5000.0,,,,,,,,,,,62.6,KUNV 301453Z 34010G16KT 10SM SCT050 17/05 A3009,,5.14444,17.0,4.0
UNV,2024-05-30 11:53:00,-77.85,40.85,378.0,62.6,39.2,42.0,320.0,9.0,0.0,30.08,,10.0,15.0,SCT,,,,5000.0,,,,,,,,,,,62.6,KUNV 301553Z 32009G15KT 300V360 10SM SCT050 17/04 A3008,,4.629996,17.0,4.0
UNV,2024-05-30 12:53:00,-77.85,40.85,378.0,64.4,37.4,36.74,330.0,8.0,0.0,30.07,,10.0,16.0,BKN,,,,6000.0,,,,,,,,,,,64.4,KUNV 301653Z 33008G16KT 300V010 10SM BKN060 18/03 A3007,,4.115552,18.000000000000004,6.0
UNV,2024-05-30 13:24:00,-77.85,40.85,378.0,64.4,41.0,42.28,10.0,8.0,0.0,30.07,,10.0,14.0,BKN,,,,6000.0,,,,,,,,,,,64.4,KUNV 301724Z 01008G14KT 10SM BKN060 18/05 A3007,,4.115552,18.000000000000004,6.0
UNV,2024-05-30 13:53:00,-77.85,40.85,378.0,66.2,41.0,39.72,350.0,7.0,0.0,30.07,,10.0,15.0,BKN,,,,5000.0,,,,,,,,,,,66.2,KUNV 301753Z 35007G15KT 290V010 10SM BKN050 19/05 A3007,,3.601108,19.0,6.0
UNV,2024-05-30 14:53:00,-77.85,40.85,378.0,64.4,39.2,39.43,360.0,10.0,0.0,30.06,,10.0,,SCT,,,,6000.0,,,,,,,,,,,64.4,KUNV 301853Z 36010KT 10SM SCT060 18/04 A3006,,5.14444,18.000000000000004,4.0
UNV,2024-05-30 15:53:00,-77.85,40.85,378.0,66.2,37.4,34.51,350.0,10.0,0.0,30.07,,10.0,,SCT,,,,5000.0,,,,,,,,,,,66.2,KUNV 301953Z 35010KT 10SM SCT050 19/03 A3007,,5.14444,19.0,4.0
UNV,2024-05-30 16:53:00,-77.85,40.85,378.0,64.4,37.4,36.74,330.0,9.0,0.0,30.07,,10.0,,SCT,,,,5000.0,,,,,,,,,,,64.4,KUNV 302053Z 33009KT 10SM SCT050 18/03 A3007,,4.629996,18.000000000000004,4.0
UNV,2024-05-30 17:53:00,-77.85,40.85,378.0,66.2,39.2,37.03,340.0,8.0,0.0,30.08,,10.0,,SCT,SCT,,,4500.0,6000.0,,,,,,,,,,66.2,KUNV 302153Z 34008KT 10SM SCT045 SCT060 19/04 A3008,,4.115552,19.0,4.0
UNV,2024-05-30 18:53:00,-77.85,40.85,378.0,64.4,35.6,34.22,320.0,8.0,0.0,30.09,,10.0,,SCT,,,,6500.0,,,,,,,,,,,64.4,KUNV 302253Z 32008KT 10SM SCT065 18/02 A3009,,4.115552,18.000000000000004,4.0
UNV,2024-05-30 19:53:00,-77.85,40.85,378.0,62.6,35.6,36.45,330.0,8.0,0.0,30.11,,10.0,,FEW,,,,6000.0,,,,,,,,,,,62.6,KUNV 302353Z 33008KT 10SM FEW060 17/02 A3011,,4.115552,17.0,2.0
UNV,2024-05-30 20:53:00,-77.85,40.85,378.0,60.8,35.6,38.85,360.0,4.0,0.0,30.11,,10.0,,CLR,,,,,,,,,,,,,,,60.8,KUNV 310053Z 36004KT 10SM CLR 16/02 A3011,,2.057776,16.0,0.0
UNV,2024-05-30 21:53:00,-77.85,40.85,378.0,57.2,35.6,44.19,330.0,7.0,0.0,30.14,,10.0,,CLR,,,,,,,,,,,,,,,57.2,KUNV 310153Z 33007KT 10SM CLR 14/02 A3014,,3.601108,14.000000000000002,0.0
UNV,2024-05-30 22:20:00,-77.85,40.85,378.0,57.2,35.6,44.19,350.0,6.0,0.0,30.15,,10.0,,SCT,BKN,OVC,,100.0,800.0,2100.0,,,,,,,,,57.2,KUNV 310220Z AUTO 35006KT 10SM SCT001 BKN008 OVC021 14/02 A3015 RMK AO2,,3.086664,14.000000000000002,8.0
UNV,2024-05-30 22:41:00,-77.85,40.85,378.0,55.4,35.6,47.16,350.0,4.0,0.0,30.15,,10.0,,SCT,BKN,OVC,,200.0,1000.0,2100.0,,,,,,,,,55.4,KUNV 310241Z AUTO 35004KT 10SM SCT002 BKN010 OVC021 13/02 A3015 RMK AO2,,2.057776,13.0,8.0
UNV,2024-05-30 23:00:00,-77.85,40.85,378.0,55.4,35.6,47.16,10.0,3.0,0.0,30.15,,10.0,,SCT,SCT,BKN,,400.0,1000.0,1900.0,,,,,,,,,55.4,KUNV 310300Z AUTO 01003KT 10SM SCT004 SCT010 BKN019 13/02 A3015 RMK AO2,,1.543332,13.0,6.0
UNV,2024-05-30 23:20:00,-77.85,40.85,378.0,53.6,35.6,50.36,0.0,0.0,0.0,30.15,,10.0,,SCT,SCT,BKN,,200.0,800.0,2100.0,,,,,,,,,53.6,KUNV 310320Z AUTO 00000KT 10SM SCT002 SCT008 BKN021 12/02 A3015 RMK AO2,,0.0,12.0,6.0
UNV,2024-05-30 23:40:00,-77.85,40.85,378.0,53.6,35.6,50.36,350.0,3.0,0.0,30.16,,10.0,,SCT,SCT,BKN,,100.0,400.0,1000.0,,,,,,,,,53.6,KUNV 310340Z AUTO 35003KT 10SM SCT001 SCT004 BKN010 12/02 A3016 RMK AO2,,1.543332,12.0,6.0
UNV,2024-05-31 00:00:00,-77.85,40.85,378.0,51.8,37.4,57.77,0.0,0.0,0.0,30.17,,10.0,,SCT,BKN,OVC,,100.0,1100.0,2100.0,,,,,,,,,51.8,KUNV 310400Z AUTO 00000KT 10SM SCT001 BKN011 OVC021 11/03 A3017 RMK AO2,,0.0,10.999999999999998,8.0
UNV,2024-05-31 00:28:00,-77.85,40.85,378.0,51.8,35.6,53.81,0.0,0.0,0.0,30.18,,10.0,,SCT,SCT,BKN,,100.0,700.0,1600.0,,,,,,,,,51.8,KUNV 310428Z AUTO 00000KT 10SM SCT001 SCT007 BKN016 11/02 A3018 RMK AO2,,0.0,10.999999999999998,6.0
UNV,2024-05-31 00:55:00,-77.85,40.85,378.0,50.0,35.6,57.52,0.0,0.0,0.0,30.18,,10.0,,SCT,SCT,BKN,,100.0,500.0,1000.0,,,,,,,,,50.0,KUNV 310455Z AUTO 00000KT 10SM SCT001 SCT005 BKN010 10/02 A3018 RMK AO2,,0.0,10.0,6.0
UNV,2024-05-31 02:41:00,-77.85,40.85,378.0,46.4,37.4,70.68,0.0,0.0,0.0,30.19,,10.0,,,,,,,,,,,,,,,,,46.4,KUNV 310641Z AUTO 00000KT 10SM 08/03 A3019 RMK AO2,,0.0,8.0,
UNV,2024-05-31 03:06:00,-77.85,40.85,378.0,46.4,39.2,75.84,0.0,0.0,0.0,30.19,,10.0,,SCT,SCT,BKN,,300.0,1000.0,1600.0,,,,,,,,,46.4,KUNV 310706Z AUTO 00000KT 10SM SCT003 SCT010 BKN016 08/04 A3019 RMK AO2,,0.0,8.0,6.0
UNV,2024-05-31 03:21:00,-77.85,40.85,378.0,46.4,39.2,75.84,0.0,0.0,0.0,30.19,,10.0,,SCT,SCT,BKN,,300.0,900.0,1600.0,,,,,,,,,46.4,KUNV 310721Z AUTO 00000KT 10SM SCT003 SCT009 BKN016 08/04 A3019 RMK AO2,,0.0,8.0,6.0
UNV,2024-05-31 03:54:00,-77.85,40.85,378.0,42.8,41.0,93.3,0.0,0.0,0.0,30.19,,10.0,,SCT,BKN,BKN,,500.0,900.0,1900.0,,,,,,,,,42.8,KUNV 310754Z AUTO 00000KT 10SM SCT005 BKN009 BKN019 06/05 A3019 RMK AO2,,0.0,5.999999999999998,6.0
UNV,2024-05-31 04:21:00,-77.85,40.85,378.0,42.8,41.0,93.3,0.0,0.0,0.0,30.19,,10.0,,SCT,BKN,BKN,,500.0,900.0,1600.0,,,,,,,,,42.8,KUNV 310821Z AUTO 00000KT 10SM SCT005 BKN009 BKN016 06/05 A3019 RMK AO2,,0.0,5.999999999999998,6.0
UNV,2024-05-31 04:50:00,-77.85,40.85,378.0,42.8,41.0,93.3,0.0,0.0,0.0,30.2,,10.0,,SCT,BKN,BKN,,300.0,1000.0,1900.0,,,,,,,,,42.8,KUNV 310850Z AUTO 00000KT 10SM SCT003 BKN010 BKN019 06/05 A3020 RMK AO2,,0.0,5.999999999999998,6.0
UNV,2024-05-31 05:20:00,-77.85,40.85,378.0,41.0,41.0,100.0,0.0,0.0,0.0,30.21,,10.0,,SCT,BKN,BKN,,300.0,1000.0,1700.0,,,,,,,,,41.0,KUNV 310920Z AUTO 00000KT 10SM SCT003 BKN010 BKN017 05/05 A3021 RMK AO2,,0.0,5.0,6.0
UNV,2024-05-31 05:53:00,-77.85,40.85,378.0,41.0,41.0,100.0,0.0,0.0,0.0,30.23,,10.0,,CLR,,,,,,,,,,,,,,,41.0,KUNV 310953Z 00000KT 10SM CLR 05/05 A3023,,0.0,5.0,0.0
UNV,2024-05-31 06:53:00,-77.85,40.85,378.0,44.6,42.8,93.35,0.0,0.0,0.0,30.26,,10.0,,CLR,,,,,,,,,,,,,,,44.6,KUNV 311053Z 00000KT 10SM CLR 07/06 A3026,,0.0,7.000000000000001,0.0
UNV,2024-05-31 07:53:00,-77.85,40.85,378.0,48.2,41.0,76.01,0.0,0.0,0.0,30.28,,10.0,,CLR,,,,,,,,,,,,,,,48.2,KUNV 311153Z 00000KT 10SM CLR 09/05 A3028,,0.0,9.000000000000002,0.0
UNV,2024-05-31 08:53:00,-77.85,40.85,378.0,55.4,39.2,54.34,0.0,0.0,0.0,30.3,,10.0,,CLR,,,,,,,,,,,,,,,55.4,KUNV 311253Z 00000KT 10SM CLR 13/04 A3030,,0.0,13.0,0.0
UNV,2024-05-31 09:53:00,-77.85,40.85,378.0,60.8,39.2,44.76,300.0,8.0,0.0,30.31,,10.0,,CLR,,,,,,,,,,,,,,,60.8,KUNV 311353Z 30008KT 10SM CLR 16/04 A3031,,4.115552,16.0,0.0
UNV,2024-05-31 10:53:00,-77.85,40.85,378.0,62.6,37.4,39.14,350.0,7.0,0.0,30.3,,10.0,,CLR,,,,,,,,,,,,,,,62.6,KUNV 311453Z 35007KT 10SM CLR 17/03 A3030,,3.601108,17.0,0.0
UNV,2024-05-31 11:53:00,-77.85,40.85,378.0,64.4,37.4,36.74,360.0,5.0,0.0,30.29,,10.0,,CLR,,,,,,,,,,,,,,,64.4,KUNV 311553Z 36005KT 10SM CLR 18/03 A3029,,2.57222,18.000000000000004,0.0
UNV,2024-05-31 12:53:00,-77.85,40.85,378.0,66.2,39.2,37.03,310.0,6.0,0.0,30.27,,10.0,,CLR,,,,,,,,,,,,,,,66.2,KUNV 311653Z 31006KT 10SM CLR 19/04 A3027,,3.086664,19.0,0.0
UNV,2024-05-31 13:53:00,-77.85,40.85,378.0,68.0,35.6,30.2,260.0,4.0,0.0,30.26,,10.0,,CLR,,,,,,,,,,,,,,,68.0,KUNV 311753Z 26004KT 10SM CLR 20/02 A3026,,2.057776,20.0,0.0
UNV,2024-05-31 14:53:00,-77.85,40.85,378.0,69.8,35.6,28.39,280.0,5.0,0.0,30.23,,10.0,,CLR,,,,,,,,,,,,,,,69.8,KUNV 311853Z 28005KT 10SM CLR 21/02 A3023,,2.57222,21.0,0.0
UNV,2024-05-31 15:53:00,-77.85,40.85,378.0,71.6,37.4,28.68,310.0,7.0,0.0,30.22,,10.0,,CLR,,,,,,,,,,,,,,,71.6,KUNV 311953Z 31007KT 10SM CLR 22/03 A3022,,3.601108,21.999999999999996,0.0
UNV,2024-05-31 16:53:00,-77.85,40.85,378.0,71.6,35.6,26.71,270.0,8.0,0.0,30.2,,10.0,,CLR,,,,,,,,,,,,,,,71.6,KUNV 312053Z 27008KT 10SM CLR 22/02 A3020,,4.115552,21.999999999999996,0.0
UNV,2024-05-31 17:53:00,-77.85,40.85,378.0,71.6,35.6,26.71,320.0,7.0,0.0,30.2,,10.0,,CLR,,,,,,,,,,,,,,,71.6,KUNV 312153Z 32007KT 10SM CLR 22/02 A3020,,3.601108,21.999999999999996,0.0
UNV,2024-05-31 18:53:00,-77.85,40.85,378.0,71.6,35.6,26.71,340.0,6.0,0.0,30.2,,10.0,,CLR,,,,,,,,,,,,,,,71.6,KUNV 312253Z 34006KT 10SM CLR 22/02 A3020,,3.086664,21.999999999999996,0.0
UNV,2024-05-31 19:53:00,-77.85,40.85,378.0,71.6,37.4,28.68,0.0,0.0,0.0,30.21,,10.0,,CLR,,,,,,,,,,,,,,,71.6,KUNV 312353Z 00000KT 10SM CLR 22/03 A3021,,0.0,21.999999999999996,0.0
UNV,2024-05-31 20:53:00,-77.85,40.85,378.0,68.0,39.2,34.8,0.0,0.0,0.0,30.21,,10.0,,CLR,,,,,,,,,,,,,,,68.0,KUNV 010053Z 00000KT 10SM CLR 20/04 A3021,,0.0,20.0,0.0
UNV,2024-05-31 21:53:00,-77.85,40.85,378.0,62.6,39.2,42.0,0.0,0.0,0.0,30.22,,10.0,,CLR,,,,,,,,,,,,,,,62.6,KUNV 010153Z 00000KT 10SM CLR 17/04 A3022,,0.0,17.0,0.0
UNV,2024-05-31 22:21:00,-77.85,40.85,378.0,57.2,41.0,54.6,0.0,0.0,0.0,30.22,,10.0,,SCT,BKN,BKN,,100.0,900.0,1500.0,,,,,,,,,57.2,KUNV 010221Z AUTO 00000KT 10SM SCT001 BKN009 BKN015 14/05 A3022 RMK AO2,,0.0,14.000000000000002,6.0
UNV,2024-05-31 22:58:00,-77.85,40.85,378.0,57.2,41.0,54.6,0.0,0.0,0.0,30.22,,10.0,,SCT,SCT,BKN,,1100.0,900.0,1600.0,,,,,,,,,57.2,KUNV 010258Z AUTO 00000KT 10SM SCT011 SCT009 BKN016 14/05 A3022 RMK AO2,,0.0,14.000000000000002,6.0
UNV,2024-05-31 23:28:00,-77.85,40.85,378.0,55.4,41.0,58.27,0.0,0.0,0.0,30.23,,10.0,,SCT,BKN,BKN,,100.0,900.0,1500.0,,,,,,,,,55.4,KUNV 010328Z AUTO 00000KT 10SM SCT001 BKN009 BKN015 13/05 A3023 RMK AO2,,0.0,13.0,6.0
UNV,2024-06-01 01:31:00,-77.85,40.85,378.0,55.4,42.8,62.46,0.0,0.0,0.0,30.26,,10.0,,SCT,SCT,BKN,,300.0,600.0,1000.0,,,,,,,,,55.4,KUNV 010531Z AUTO 00000KT 10SM SCT003 SCT006 BKN010 13/06 A3026 RMK AO2,,0.0,13.0,6.0
UNV,2024-06-01 01:41:00,-77.85,40.85,378.0,55.4,42.8,62.46,0.0,0.0,0.0,30.25,,10.0,,SCT,BKN,BKN,,300.0,1000.0,1600.0,,,,,,,,,55.4,KUNV 010541Z AUTO 00000KT 10SM SCT003 BKN010 BKN016 13/06 A3025 RMK AO2,,0.0,13.0,6.0
UNV,2024-06-01 02:00:00,-77.85,40.85,378.0,53.6,42.8,66.7,0.0,0.0,0.0,30.25,,10.0,,SCT,SCT,BKN,,100.0,1000.0,2200.0,,,,,,,,,53.6,KUNV 010600Z AUTO 00000KT 10SM SCT001 SCT010 BKN022 12/06 A3025 RMK AO2,,0.0,12.0,6.0
UNV,2024-06-01 02:41:00,-77.85,40.85,378.0,51.8,42.8,71.26,0.0,0.0,0.0,30.25,,10.0,,,,,,,,,,,,,,,,,51.8,KUNV 010641Z AUTO 00000KT 10SM 11/06 A3025 RMK AO2,,0.0,10.999999999999998,
UNV,2024-06-01 03:01:00,-77.85,40.85,378.0,51.8,42.8,71.26,0.0,0.0,0.0,30.25,,10.0,,,,,,,,,,,,,,,,,51.8,KUNV 010701Z AUTO 00000KT 10SM 11/06 A3025 RMK AO2,,0.0,10.999999999999998,
UNV,2024-06-01 03:28:00,-77.85,40.85,378.0,50.0,42.8,76.18,0.0,0.0,0.0,30.26,,10.0,,SCT,SCT,BKN,,100.0,600.0,1600.0,,,,,,,,,50.0,KUNV 010728Z AUTO 00000KT 10SM SCT001 SCT006 BKN016 10/06 A3026 RMK AO2,,0.0,10.0,6.0
UNV,2024-06-01 04:01:00,-77.85,40.85,378.0,50.0,42.8,76.18,0.0,0.0,0.0,30.26,,10.0,,SCT,BKN,OVC,,100.0,600.0,2100.0,,,,,,,,,50.0,KUNV 010801Z AUTO 00000KT 10SM SCT001 BKN006 OVC021 10/06 A3026 RMK AO2,,0.0,10.0,8.0
UNV,2024-06-01 04:29:00,-77.85,40.85,378.0,51.8,42.8,71.26,0.0,0.0,0.0,30.26,,10.0,,SCT,SCT,BKN,,300.0,1000.0,1500.0,,,,,,,,,51.8,KUNV 010829Z AUTO 00000KT 10SM SCT003 SCT010 BKN015 11/06 A3026 RMK AO2,,0.0,10.999999999999998,6.0
UNV,2024-06-01 05:01:00,-77.85,40.85,378.0,46.4,44.6,93.4,0.0,0.0,0.0,30.26,,10.0,,SCT,SCT,BKN,,100.0,1000.0,2200.0,,,,,,,,,46.4,KUNV 010901Z AUTO 00000KT 10SM SCT001 SCT010 BKN022 08/07 A3026 RMK AO2,,0.0,8.0,6.0
UNV,2024-06-01 05:21:00,-77.85,40.85,378.0,46.4,46.4,100.0,0.0,0.0,0.0,30.27,,10.0,,SCT,SCT,BKN,,300.0,1000.0,1600.0,,,,,,,,,46.4,KUNV 010921Z AUTO 00000KT 10SM SCT003 SCT010 BKN016 08/08 A3027 RMK AO2,,0.0,8.0,6.0
UNV,2024-06-01 05:53:00,-77.85,40.85,378.0,48.2,44.6,87.28,0.0,0.0,0.0,30.27,,10.0,,CLR,,,,,,,,,,,,,,,48.2,KUNV 010953Z 00000KT 10SM CLR 09/07 A3027,,0.0,9.000000000000002,0.0
UNV,2024-06-01 06:53:00,-77.85,40.85,378.0,48.2,46.4,93.45,0.0,0.0,0.0,30.28,,10.0,,CLR,,,,,,,,,,,,,,,48.2,KUNV 011053Z 00000KT 10SM CLR 09/08 A3028,,0.0,9.000000000000002,0.0
UNV,2024-06-01 07:53:00,-77.85,40.85,378.0,53.6,44.6,71.45,0.0,0.0,0.0,30.27,,10.0,,CLR,,,,,,,,,,,,,,,53.6,KUNV 011153Z 00000KT 10SM CLR 12/07 A3027,,0.0,12.0,0.0
UNV,2024-06-01 08:53:00,-77.85,40.85,378.0,59.0,46.4,62.92,0.0,0.0,0.0,30.28,,10.0,,CLR,,,,,,,,,,,,,,,59.0,KUNV 011253Z 00000KT 10SM CLR 15/08 A3028,,0.0,15.0,0.0
UNV,2024-06-01 09:53:00,-77.85,40.85,378.0,62.6,46.4,55.37,0.0,0.0,0.0,30.28,,10.0,,CLR,,,,,,,,,,,,,,,62.6,KUNV 011353Z 00000KT 10SM CLR 17/08 A3028,,0.0,17.0,0.0
UNV,2024-06-01 10:53:00,-77.85,40.85,378.0,68.0,44.6,42.85,0.0,0.0,0.0,30.26,,10.0,,CLR,,,,,,,,,,,,,,,68.0,KUNV 011453Z 00000KT 10SM CLR 20/07 A3026,,0.0,20.0,0.0
UNV,2024-06-01 11:53:00,-77.85,40.85,378.0,71.6,41.0,33.0,240.0,4.0,0.0,30.25,,10.0,,CLR,,,,,,,,,,,,,,,71.6,KUNV 011553Z 24004KT 10SM CLR 22/05 A3025,,2.057776,21.999999999999996,0.0
UNV,2024-06-01 12:53:00,-77.85,40.85,378.0,73.4,42.8,33.29,270.0,5.0,0.0,30.23,,10.0,,CLR,,,,,,,,,,,,,,,73.4,KUNV 011653Z 27005KT 10SM CLR 23/06 A3023,,2.57222,23.000000000000004,0.0
UNV,2024-06-01 13:53:00,-77.85,40.85,378.0,73.4,37.4,26.98,230.0,4.0,0.0,30.21,,10.0,,CLR,,,,,,,,,,,,,,,73.4,KUNV 011753Z 23004KT 10SM CLR 23/03 A3021,,2.057776,23.000000000000004,0.0
UNV,2024-06-01 14:53:00,-77.85,40.85,378.0,75.2,39.2,27.26,0.0,0.0,0.0,30.19,,10.0,,CLR,,,,,,,,,,,,,,,75.2,KUNV 011853Z 00000KT 10SM CLR 24/04 A3019,,0.0,24.0,0.0
UNV,2024-06-01 15:53:00,-77.85,40.85,378.0,77.0,35.6,22.28,0.0,0.0,0.0,30.17,,10.0,,CLR,,,,,,,,,,,,,,,77.0,KUNV 011953Z 00000KT 10SM CLR 25/02 A3017,,0.0,25.0,0.0
UNV,2024-06-01 16:53:00,-77.85,40.85,378.0,77.0,39.2,25.67,260.0,4.0,0.0,30.15,,10.0,,CLR,,,,,,,,,,,,,,,77.0,KUNV 012053Z 26004KT 10SM CLR 25/04 A3015,,2.057776,25.0,0.0
UNV,2024-06-01 17:53:00,-77.85,40.85,378.0,75.2,41.0,29.23,260.0,4.0,0.0,30.14,,10.0,,CLR,,,,,,,,,,,,,,,75.2,KUNV 012153Z 26004KT 10SM CLR 24/05 A3014,,2.057776,24.0,0.0
UNV,2024-06-01 18:53:00,-77.85,40.85,378.0,77.0,41.0,27.53,200.0,3.0,0.0,30.12,,10.0,,CLR,,,,,,,,,,,,,,,77.0,KUNV 012253Z 20003KT 10SM CLR 25/05 A3012,,1.543332,25.0,0.0
UNV,2024-06-01 19:53:00,-77.85,40.85,378.0,71.6,44.6,37.89,210.0,3.0,0.0,30.13,,10.0,,CLR,,,,,,,,,,,,,,,71.6,KUNV 012353Z 21003KT 10SM CLR 22/07 A3013,,1.543332,21.999999999999996,0.0
UNV,2024-06-01 20:53:00,-77.85,40.85,378.0,66.2,44.6,45.6,0.0,0.0,0.0,30.12,,10.0,,CLR,,,,,,,,,,,,,,,66.2,KUNV 020053Z 00000KT 10SM CLR 19/07 A3012,,0.0,19.0,0.0
UNV,2024-06-01 21:53:00,-77.85,40.85,378.0,66.2,46.4,48.83,0.0,0.0,0.0,30.13,,10.0,,CLR,,,,,,,,,,,,,,,66.2,KUNV 020153Z 00000KT 10SM CLR 19/08 A3013,,0.0,19.0,0.0
UNV,2024-06-01 22:21:00,-77.85,40.85,378.0,64.4,46.4,51.98,260.0,3.0,0.0,30.13,,10.0,,CLR,,,,,,,,,,,,,,,64.4,KUNV 020221Z AUTO 26003KT 10SM CLR 18/08 A3013 RMK AO2,,1.543332,18.000000000000004,0.0
UNV,2024-06-01 22:41:00,-77.85,40.85,378.0,62.6,46.4,55.37,0.0,0.0,0.0,30.13,,10.0,,CLR,,,,,,,,,,,,,,,62.6,KUNV 020241Z AUTO 00000KT 10SM CLR 17/08 A3013 RMK AO2,,0.0,17.0,0.0
UNV,2024-06-01 23:01:00,-77.85,40.85,378.0,62.6,46.4,55.37,0.0,0.0,0.0,30.13,,10.0,,SCT,SCT,,,800.0,2100.0,,,,,,,,,,62.6,KUNV 020301Z AUTO 00000KT 10SM SCT008 SCT021 17/08 A3013 RMK AO2,,0.0,17.0,4.0
UNV,2024-06-01 23:20:00,-77.85,40.85,378.0,64.4,46.4,51.98,0.0,0.0,0.0,30.12,,10.0,,SCT,,,,100.0,,,,,,,,,,,64.4,KUNV 020320Z AUTO 00000KT 10SM SCT001 18/08 A3012 RMK AO2,,0.0,18.000000000000004,4.0
UNV,2024-06-01 23:40:00,-77.85,40.85,378.0,60.8,46.4,59.01,0.0,0.0,0.0,30.12,,10.0,,SCT,SCT,BKN,,100.0,700.0,2000.0,,,,,,,,,60.8,KUNV 020340Z AUTO 00000KT 10SM SCT001 SCT007 BKN020 16/08 A3012 RMK AO2,,0.0,16.0,6.0
UNV,2024-06-02 00:40:00,-77.85,40.85,378.0,59.0,48.2,67.33,0.0,0.0,0.0,30.1,,10.0,,SCT,SCT,BKN,,100.0,900.0,2000.0,,,,,,,,,59.0,KUNV 020440Z AUTO 00000KT 10SM SCT001 SCT009 BKN020 15/09 A3010 RMK AO2,,0.0,15.0,6.0
UNV,2024-06-02 01:08:00,-77.85,40.85,378.0,59.0,46.4,62.92,0.0,0.0,0.0,30.1,,10.0,,SCT,BKN,,,100.0,2100.0,,,,,,,,,,59.0,KUNV 020508Z AUTO 00000KT 10SM SCT001 BKN021 15/08 A3010 RMK AO2,,0.0,15.0,6.0
UNV,2024-06-02 01:27:00,-77.85,40.85,378.0,57.2,46.4,67.12,0.0,0.0,0.0,30.1,,10.0,,SCT,SCT,BKN,,1100.0,900.0,2100.0,,,,,,,,,57.2,KUNV 020527Z AUTO 00000KT 10SM SCT011 SCT009 BKN021 14/08 A3010 RMK AO2,,0.0,14.000000000000002,6.0
UNV,2024-06-02 02:09:00,-77.85,40.85,378.0,57.2,46.4,67.12,0.0,0.0,0.0,30.09,,10.0,,SCT,SCT,BKN,,100.0,600.0,1600.0,,,,,,,,,57.2,KUNV 020609Z AUTO 00000KT 10SM SCT001 SCT006 BKN016 14/08 A3009 RMK AO2,,0.0,14.000000000000002,6.0
UNV,2024-06-02 02:40:00,-77.85,40.85,378.0,57.2,46.4,67.12,0.0,0.0,0.0,30.08,,10.0,,SCT,SCT,BKN,,100.0,900.0,2200.0,,,,,,,,,57.2,KUNV 020640Z AUTO 00000KT 10SM SCT001 SCT009 BKN022 14/08 A3008 RMK AO2,,0.0,14.000000000000002,6.0
UNV,2024-06-02 03:01:00,-77.85,40.85,378.0,55.4,46.4,71.64,0.0,0.0,0.0,30.07,,10.0,,SCT,SCT,BKN,,100.0,900.0,2200.0,,,,,,,,,55.4,KUNV 020701Z AUTO 00000KT 10SM SCT001 SCT009 BKN022 13/08 A3007 RMK AO2,,0.0,13.0,6.0
UNV,2024-06-02 03:20:00,-77.85,40.85,378.0,53.6,48.2,81.87,0.0,0.0,0.0,30.07,,10.0,,SCT,SCT,BKN,,100.0,900.0,1600.0,,,,,,,,,53.6,KUNV 020720Z AUTO 00000KT 10SM SCT001 SCT009 BKN016 12/09 A3007 RMK AO2,,0.0,12.0,6.0
UNV,2024-06-02 03:41:00,-77.85,40.85,378.0,53.6,46.4,76.5,0.0,0.0,0.0,30.06,,10.0,,SCT,SCT,BKN,,100.0,900.0,2100.0,,,,,,,,,53.6,KUNV 020741Z AUTO 00000KT 10SM SCT001 SCT009 BKN021 12/08 A3006 RMK AO2,,0.0,12.0,6.0
UNV,2024-06-02 04:01:00,-77.85,40.85,378.0,53.6,48.2,81.87,0.0,0.0,0.0,30.06,,10.0,,SCT,SCT,BKN,,100.0,500.0,1500.0,,,,,,,,,53.6,KUNV 020801Z AUTO 00000KT 10SM SCT001 SCT005 BKN015 12/09 A3006 RMK AO2,,0.0,12.0,6.0
UNV,2024-06-02 05:53:00,-77.85,40.85,378.0,50.0,50.0,100.0,0.0,0.0,0.0,30.07,,10.0,,CLR,,,,,,,,,,,,,,,50.0,KUNV 020953Z 00000KT 10SM CLR 10/10 A3007,,0.0,10.0,0.0
UNV,2024-06-02 06:53:00,-77.85,40.85,378.0,51.8,51.8,100.0,0.0,0.0,0.0,30.07,,10.0,,OVC,,,,9000.0,,,,,,,,,,,51.8,KUNV 021053Z 00000KT 10SM OVC090 11/11 A3007,,0.0,10.999999999999998,8.0
UNV,2024-06-02 07:53:00,-77.85,40.85,378.0,55.4,51.8,87.65,0.0,0.0,0.0,30.09,,10.0,,OVC,,,,9000.0,,,,,,,,,,,55.4,KUNV 021153Z 00000KT 10SM OVC090 13/11 A3009,,0.0,13.0,8.0
UNV,2024-06-02 08:53:00,-77.85,40.85,378.0,57.2,51.8,82.12,0.0,0.0,0.0,30.09,,10.0,,OVC,,,,9000.0,,,,,,,,,,,57.2,KUNV 021253Z 00000KT 10SM OVC090 14/11 A3009,,0.0,14.000000000000002,8.0
UNV,2024-06-02 09:53:00,-77.85,40.85,378.0,62.6,51.8,67.75,0.0,0.0,0.0,30.07,,10.0,,CLR,,,,,,,,,,,,,,,62.6,KUNV 021353Z 00000KT 10SM CLR 17/11 A3007,,0.0,17.0,0.0
UNV,2024-06-02 10:53:00,-77.85,40.85,378.0,68.0,53.6,59.97,240.0,5.0,0.0,30.08,,10.0,,CLR,,,,,,,,,,,,,,,68.0,KUNV 021453Z 24005KT 10SM CLR 20/12 A3008,,2.57222,20.0,0.0
UNV,2024-06-02 11:53:00,-77.85,40.85,378.0,69.8,53.6,56.38,240.0,5.0,0.0,30.07,,10.0,,CLR,,,,,,,,,,,,,,,69.8,KUNV 021553Z 24005KT 10SM CLR 21/12 A3007,,2.57222,21.0,0.0
UNV,2024-06-02 12:53:00,-77.85,40.85,378.0,71.6,53.6,53.03,180.0,5.0,0.0,30.05,,10.0,,CLR,,,,,,,,,,,,,,,71.6,KUNV 021653Z 18005KT 10SM CLR 22/12 A3005,,2.57222,21.999999999999996,0.0
UNV,2024-06-02 13:53:00,-77.85,40.85,378.0,71.6,53.6,53.03,160.0,3.0,0.0,30.03,,10.0,,CLR,,,,,,,,,,,,,,,71.6,KUNV 021753Z 16003KT 10SM CLR 22/12 A3003,,1.543332,21.999999999999996,0.0
UNV,2024-06-02 14:53:00,-77.85,40.85,378.0,75.2,55.4,50.17,260.0,5.0,0.0,30.01,,10.0,,CLR,,,,,,,,,,,,,,,75.2,KUNV 021853Z 26005KT 10SM CLR 24/13 A3001,,2.57222,24.0,0.0
UNV,2024-06-02 15:53:00,-77.85,40.85,378.0,75.2,53.6,46.98,200.0,8.0,0.0,29.99,,10.0,,SCT,,,,6500.0,,,,,,,,,,,75.2,KUNV 021953Z 20008KT 10SM SCT065 24/12 A2999,,4.115552,24.0,4.0
UNV,2024-06-02 16:53:00,-77.85,40.85,378.0,73.4,55.4,53.29,210.0,8.0,0.0,29.99,,10.0,,BKN,BKN,,,4700.0,6000.0,,,,,,,,,,73.4,KUNV 022053Z 21008KT 10SM BKN047 BKN060 23/13 A2999,,4.115552,23.000000000000004,6.0
UNV,2024-06-02 17:53:00,-77.85,40.85,378.0,71.6,55.4,56.63,210.0,8.0,0.0,29.98,,10.0,,SCT,BKN,,,4400.0,6000.0,,,,,,,,,,71.6,KUNV 022153Z 21008KT 10SM SCT044 BKN060 22/13 A2998,,4.115552,21.999999999999996,6.0
UNV,2024-06-02 18:53:00,-77.85,40.85,378.0,69.8,55.4,60.21,220.0,8.0,0.0,29.99,,10.0,,SCT,OVC,,,5000.0,9000.0,,,,,,,,,,69.8,KUNV 022253Z 22008KT 10SM SCT050 OVC090 21/13 A2999,,4.115552,21.0,8.0
UNV,2024-06-02 19:53:00,-77.85,40.85,378.0,69.8,57.2,64.26,210.0,5.0,0.0,29.99,,10.0,,SCT,BKN,,,4500.0,9000.0,,,,,,,,,,69.8,KUNV 022353Z 21005KT 10SM SCT045 BKN090 21/14 A2999,,2.57222,21.0,6.0
UNV,2024-06-02 20:53:00,-77.85,40.85,378.0,68.0,57.2,68.35,220.0,5.0,0.0,29.99,,10.0,,BKN,BKN,,,5000.0,9000.0,,,,,,,,,,68.0,KUNV 030053Z 22005KT 10SM BKN050 BKN090 20/14 A2999,,2.57222,20.0,6.0
UNV,2024-06-02 21:53:00,-77.85,40.85,378.0,68.0,59.0,72.92,220.0,5.0,0.0,30.0,,10.0,,BKN,BKN,,,4500.0,8000.0,,,,,,,,,,68.0,KUNV 030153Z 22005KT 10SM BKN045 BKN080 20/15 A3000,,2.57222,20.0,6.0
UNV,2024-06-02 22:34:00,-77.85,40.85,378.0,66.2,59.0,77.6,250.0,4.0,0.0,30.0,,10.0,,SCT,SCT,SCT,,100.0,500.0,1000.0,,,,,,,,,66.2,KUNV 030234Z AUTO 25004KT 10SM SCT001 SCT005 SCT010 19/15 A3000 RMK AO2,,2.057776,19.0,4.0
UNV,2024-06-03 00:21:00,-77.85,40.85,378.0,66.2,59.0,77.6,280.0,3.0,0.0,30.0,,10.0,,SCT,SCT,SCT,,100.0,1000.0,1500.0,,,,,,,,,66.2,KUNV 030421Z AUTO 28003KT 10SM SCT001 SCT010 SCT015 19/15 A3000 RMK AO2,,1.543332,19.0,4.0
UNV,2024-06-03 00:41:00,-77.85,40.85,378.0,64.4,59.0,82.62,280.0,4.0,0.0,30.0,,10.0,,SCT,SCT,SCT,,100.0,1000.0,1600.0,,,,,,,,,64.4,KUNV 030441Z AUTO 28004KT 10SM SCT001 SCT010 SCT016 18/15 A3000 RMK AO2,,2.057776,18.000000000000004,4.0
UNV,2024-06-03 01:32:00,-77.85,40.85,378.0,64.4,59.0,82.62,280.0,4.0,0.0,29.99,,10.0,,SCT,SCT,BKN,,100.0,1000.0,2100.0,,,,,,,,,64.4,KUNV 030532Z AUTO 28004KT 10SM SCT001 SCT010 BKN021 18/15 A2999 RMK AO2,,2.057776,18.000000000000004,6.0
UNV,2024-06-03 01:40:00,-77.85,40.85,378.0,64.4,59.0,82.62,0.0,0.0,0.0,29.99,,10.0,,SCT,SCT,,,1000.0,2100.0,,,,,,,,,,64.4,KUNV 030540Z AUTO 00000KT 10SM SCT010 SCT021 18/15 A2999 RMK AO2,,0.0,18.000000000000004,4.0
UNV,2024-06-03 02:21:00,-77.85,40.85,378.0,62.6,60.8,93.83,230.0,3.0,0.0,29.98,,10.0,,SCT,SCT,SCT,,100.0,1000.0,1600.0,,,,,,,,,62.6,KUNV 030621Z AUTO 23003KT 10SM SCT001 SCT010 SCT016 17/16 A2998 RMK AO2,,1.543332,17.0,4.0
UNV,2024-06-03 04:00:00,-77.85,40.85,378.0,64.4,60.8,88.09,0.0,0.0,0.0,29.98,,10.0,,SCT,BKN,BKN,,100.0,1000.0,1600.0,,,,,,,,,64.4,KUNV 030800Z AUTO 00000KT 10SM SCT001 BKN010 BKN016 18/16 A2998 RMK AO2,,0.0,18.000000000000004,6.0
UNV,2024-06-03 04:29:00,-77.85,40.85,378.0,62.6,62.6,100.0,0.0,0.0,0.0,29.99,,10.0,,SCT,SCT,BKN,,100.0,900.0,8500.0,,,,,,,,,62.6,KUNV 030829Z AUTO 00000KT 10SM SCT001 SCT009 BKN085 17/17 A2999 RMK AO2,,0.0,17.0,6.0
UNV,2024-06-03 05:00:00,-77.85,40.85,378.0,60.8,60.8,100.0,0.0,0.0,0.0,29.99,,10.0,,BKN,BKN,BKN,,1500.0,7500.0,8500.0,,,,,,,,,60.8,KUNV 030900Z AUTO 00000KT 10SM BKN015 BKN075 BKN085 16/16 A2999 RMK AO2,,0.0,16.0,6.0
UNV,2024-06-03 05:53:00,-77.85,40.85,378.0,62.6,62.6,100.0,0.0,0.0,0.0,30.0,,10.0,,BKN,,,,3000.0,,,,,,,,,,,62.6,KUNV 030953Z 00000KT 10SM BKN030 17/17 A3000,,0.0,17.0,6.0
UNV,2024-06-03 06:53:00,-77.85,40.85,378.0,62.6,62.6,100.0,0.0,0.0,0.0,30.0,,7.0,,BKN,,,,4500.0,,,,,,,,,,,62.6,KUNV 031053Z 00000KT 7SM BKN045 17/17 A3000,,0.0,17.0,6.0
UNV,2024-06-03 07:53:00,-77.85,40.85,378.0,64.4,62.6,93.88,0.0,0.0,0.0,30.02,,7.0,,BKN,,,,4000.0,,,,,,,,,,,64.4,KUNV 031153Z 00000KT 7SM BKN040 18/17 A3002,,0.0,18.000000000000004,6.0
UNV,2024-06-03 08:53:00,-77.85,40.85,378.0,66.2,62.6,88.18,0.0,0.0,0.0,30.03,,7.0,,BKN,,,,4000.0,,,,,,,,,,,66.2,KUNV 031253Z 00000KT 7SM BKN040 19/17 A3003,,0.0,19.0,6.0
UNV,2024-06-03 09:14:00,-77.85,40.85,378.0,66.2,62.6,88.18,0.0,0.0,0.0,30.04,,7.0,,BKN,,,,2600.0,,,,,,,,,,,66.2,KUNV 031314Z 00000KT 7SM BKN026 19/17 A3004,,0.0,19.0,6.0
UNV,2024-06-03 09:53:00,-77.85,40.85,378.0,68.0,62.6,82.86,0.0,0.0,0.0,30.03,,10.0,,BKN,,,,1700.0,,,,,,,,,,,68.0,KUNV 031353Z 00000KT 10SM BKN017 20/17 A3003,,0.0,20.0,6.0
UNV,2024-06-03 10:53:00,-77.85,40.85,378.0,69.8,60.8,73.09,0.0,0.0,0.0,30.02,,10.0,,BKN,,,,1900.0,,,,,,,,,,,69.8,KUNV 031453Z 00000KT 10SM BKN019 21/16 A3002,,0.0,21.0,6.0
UNV,2024-06-03 11:53:00,-77.85,40.85,378.0,69.8,60.8,73.09,0.0,0.0,0.0,30.01,,10.0,,BKN,,,,3000.0,,,,,,,,,,,69.8,KUNV 031553Z 00000KT 10SM BKN030 21/16 A3001,,0.0,21.0,6.0
UNV,2024-06-03 12:53:00,-77.85,40.85,378.0,73.4,60.8,64.69,0.0,0.0,0.0,30.0,,10.0,,BKN,,,,2500.0,,,,,,,,,,,73.4,KUNV 031653Z 00000KT 10SM BKN025 23/16 A3000,,0.0,23.000000000000004,6.0
UNV,2024-06-03 13:53:00,-77.85,40.85,378.0,75.2,60.8,60.9,,3.0,0.0,29.98,,10.0,,BKN,,,,3500.0,,,,,,,,,,,75.2,KUNV 031753Z VRB03KT 10SM BKN035 24/16 A2998,,1.543332,24.0,6.0
UNV,2024-06-03 14:53:00,-77.85,40.85,378.0,75.2,60.8,60.9,240.0,4.0,0.0,29.98,,10.0,,BKN,,,,5500.0,,,,,,,,,,,75.2,KUNV 031853Z 24004KT 10SM BKN055 24/16 A2998,,2.057776,24.0,6.0
UNV,2024-06-03 15:53:00,-77.85,40.85,378.0,78.8,59.0,50.69,280.0,4.0,0.0,29.95,,10.0,,BKN,,,,5500.0,,,,,,,,,,,78.8,KUNV 031953Z 28004KT 10SM BKN055 26/15 A2995,,2.057776,26.0,6.0
UNV,2024-06-03 16:13:00,-77.85,40.85,378.0,80.6,55.4,41.97,0.0,0.0,0.0,29.93,,10.0,,SCT,,,,6500.0,,,,,,,,,,,80.53,KUNV 032013Z 00000KT 10SM SCT065 27/13 A2993,,0.0,26.999999999999996,4.0
UNV,2024-06-03 16:53:00,-77.85,40.85,378.0,77.0,59.0,53.8,,5.0,0.0,29.95,,10.0,,BKN,,,,6000.0,,,,,,,,,,,77.0,KUNV 032053Z VRB05KT 10SM BKN060 25/15 A2995,,2.57222,25.0,6.0
UNV,2024-06-03 17:53:00,-77.85,40.85,378.0,80.6,55.4,41.97,0.0,0.0,0.0,29.93,,10.0,,SCT,,,,6500.0,,,,,,,,,,,80.53,KUNV 032153Z 00000KT 10SM SCT065 27/13 A2993,,0.0,26.999999999999996,4.0
UNV,2024-06-03 18:53:00,-77.85,40.85,378.0,78.8,55.4,44.52,0.0,0.0,0.0,29.94,,10.0,,SCT,,,,6500.0,,,,,,,,,,,78.8,KUNV 032253Z 00000KT 10SM SCT065 26/13 A2994,,0.0,26.0,4.0
UNV,2024-06-03 19:53:00,-77.85,40.85,378.0,77.0,57.2,50.43,0.0,0.0,0.0,29.94,,10.0,,FEW,,,,7000.0,,,,,,,,,,,77.0,KUNV 032353Z 00000KT 10SM FEW070 25/14 A2994,,0.0,25.0,2.0
UNV,2024-06-03 20:53:00,-77.85,40.85,378.0,75.2,55.4,50.17,0.0,0.0,0.0,29.95,,10.0,,CLR,,,,,,,,,,,,,,,75.2,KUNV 040053Z 00000KT 10SM CLR 24/13 A2995,,0.0,24.0,0.0
UNV,2024-06-03 21:53:00,-77.85,40.85,378.0,69.8,57.2,64.26,0.0,0.0,0.0,29.98,,10.0,,CLR,,,,,,,,,,,,,,,69.8,KUNV 040153Z 00000KT 10SM CLR 21/14 A2998,,0.0,21.0,0.0
UNV,2024-06-03 22:21:00,-77.85,40.85,378.0,69.8,57.2,64.26,0.0,0.0,0.0,29.98,,10.0,,CLR,,,,,,,,,,,,,,,69.8,KUNV 040221Z AUTO 00000KT 10SM CLR 21/14 A2998 RMK AO2,,0.0,21.0,0.0
UNV,2024-06-03 22:41:00,-77.85,40.85,378.0,68.0,57.2,68.35,0.0,0.0,0.0,29.98,,10.0,,CLR,,,,,,,,,,,,,,,68.0,KUNV 040241Z AUTO 00000KT 10SM CLR 20/14 A2998 RMK AO2,,0.0,20.0,0.0
UNV,2024-06-03 23:01:00,-77.85,40.85,378.0,68.0,57.2,68.35,0.0,0.0,0.0,29.98,,10.0,,CLR,,,,,,,,,,,,,,,68.0,KUNV 040301Z AUTO 00000KT 10SM CLR 20/14 A2998 RMK AO2,,0.0,20.0,0.0
UNV,2024-06-03 23:21:00,-77.85,40.85,378.0,66.2,57.2,72.74,0.0,0.0,0.0,29.98,,10.0,,CLR,,,,,,,,,,,,,,,66.2,KUNV 040321Z AUTO 00000KT 10SM CLR 19/14 A2998 RMK AO2,,0.0,19.0,0.0
UNV,2024-06-03 23:41:00,-77.85,40.85,378.0,66.2,59.0,77.6,0.0,0.0,0.0,29.98,,10.0,,CLR,,,,,,,,,,,,,,,66.2,KUNV 040341Z AUTO 00000KT 10SM CLR 19/15 A2998 RMK AO2,,0.0,19.0,0.0
UNV,2024-06-04 00:01:00,-77.85,40.85,378.0,66.2,57.2,72.74,0.0,0.0,0.0,29.98,,10.0,,CLR,,,,,,,,,,,,,,,66.2,KUNV 040401Z AUTO 00000KT 10SM CLR 19/14 A2998 RMK AO2,,0.0,19.0,0.0
UNV,2024-06-04 00:41:00,-77.85,40.85,378.0,64.4,59.0,82.62,300.0,5.0,0.0,29.99,,10.0,,CLR,,,,,,,,,,,,,,,64.4,KUNV 040441Z AUTO 30005KT 10SM CLR 18/15 A2999 RMK AO2,,2.57222,18.000000000000004,0.0
UNV,2024-06-04 01:00:00,-77.85,40.85,378.0,64.4,59.0,82.62,0.0,0.0,0.0,29.99,,10.0,,CLR,,,,,,,,,,,,,,,64.4,KUNV 040500Z AUTO 00000KT 10SM CLR 18/15 A2999 RMK AO2,,0.0,18.000000000000004,0.0
UNV,2024-06-04 01:21:00,-77.85,40.85,378.0,62.6,59.0,88.0,0.0,0.0,0.0,29.99,,10.0,,CLR,,,,,,,,,,,,,,,62.6,KUNV 040521Z AUTO 00000KT 10SM CLR 17/15 A2999 RMK AO2,,0.0,17.0,0.0
UNV,2024-06-04 01:41:00,-77.85,40.85,378.0,60.8,60.8,100.0,0.0,0.0,0.0,29.99,,10.0,,CLR,,,,,,,,,,,,,,,60.8,KUNV 040541Z AUTO 00000KT 10SM CLR 16/16 A2999 RMK AO2,,0.0,16.0,0.0
UNV,2024-06-04 02:01:00,-77.85,40.85,378.0,62.6,60.8,93.83,0.0,0.0,0.0,29.99,,10.0,,CLR,,,,,,,,,,,,,,,62.6,KUNV 040601Z AUTO 00000KT 10SM CLR 17/16 A2999 RMK AO2,,0.0,17.0,0.0
UNV,2024-06-04 02:41:00,-77.85,40.85,378.0,62.6,60.8,93.83,0.0,0.0,0.0,29.99,,10.0,,SCT,SCT,BKN,,100.0,900.0,2100.0,,,,,,,,,62.6,KUNV 040641Z AUTO 00000KT 10SM SCT001 SCT009 BKN021 17/16 A2999 RMK AO2,,0.0,17.0,6.0
UNV,2024-06-04 03:01:00,-77.85,40.85,378.0,60.8,60.8,100.0,0.0,0.0,0.0,29.98,,10.0,,SCT,SCT,SCT,,100.0,1000.0,1500.0,,,,,,,,,60.8,KUNV 040701Z AUTO 00000KT 10SM SCT001 SCT010 SCT015 16/16 A2998 RMK AO2,,0.0,16.0,4.0
UNV,2024-06-04 03:21:00,-77.85,40.85,378.0,59.0,59.0,100.0,0.0,0.0,0.0,29.98,,10.0,,CLR,,,,,,,,,,,,,,,59.0,KUNV 040721Z AUTO 00000KT 10SM CLR 15/15 A2998 RMK AO2,,0.0,15.0,0.0
UNV,2024-06-04 03:40:00,-77.85,40.85,378.0,59.0,59.0,100.0,0.0,0.0,0.0,29.98,,10.0,,SCT,SCT,SCT,,100.0,900.0,1600.0,,,,,,,,,59.0,KUNV 040740Z AUTO 00000KT 10SM SCT001 SCT009 SCT016 15/15 A2998 RMK AO2,,0.0,15.0,4.0
UNV,2024-06-04 04:21:00,-77.85,40.85,378.0,59.0,59.0,100.0,0.0,0.0,0.0,29.98,,10.0,,SCT,SCT,BKN,,100.0,900.0,2200.0,,,,,,,,,59.0,KUNV 040821Z AUTO 00000KT 10SM SCT001 SCT009 BKN022 15/15 A2998 RMK AO2,,0.0,15.0,6.0
UNV,2024-06-04 05:21:00,-77.85,40.85,378.0,57.2,57.2,100.0,0.0,0.0,0.0,30.0,,2.0,,SCT,BKN,BKN,,100.0,800.0,1500.0,,BR,,,,,,,57.2,KUNV 040921Z AUTO 00000KT 2SM BR SCT001 BKN008 BKN015 14/14 A3000 RMK AO2,,0.0,14.000000000000002,6.0
UNV,2024-06-04 05:53:00,-77.85,40.85,378.0,57.2,57.2,100.0,0.0,0.0,0.0,30.0,,10.0,,CLR,,,,,,,,,,,,,,,57.2,KUNV 040953Z 00000KT 10SM CLR 14/14 A3000,,0.0,14.000000000000002,0.0
UNV,2024-06-04 06:53:00,-77.85,40.85,378.0,59.0,59.0,100.0,0.0,0.0,0.0,30.01,,10.0,,CLR,,,,,,,,,,,,,,,59.0,KUNV 041053Z 00000KT 10SM CLR 15/15 A3001,,0.0,15.0,0.0
UNV,2024-06-04 07:53:00,-77.85,40.85,378.0,64.4,62.6,93.88,0.0,0.0,0.0,30.03,,10.0,,CLR,,,,,,,,,,,,,,,64.4,KUNV 041153Z 00000KT 10SM CLR 18/17 A3003,,0.0,18.000000000000004,0.0
UNV,2024-06-04 08:53:00,-77.85,40.85,378.0,68.0,62.6,82.86,0.0,0.0,0.0,30.05,,10.0,,CLR,,,,,,,,,,,,,,,68.0,KUNV 041253Z 00000KT 10SM CLR 20/17 A3005,,0.0,20.0,0.0
UNV,2024-06-04 09:53:00,-77.85,40.85,378.0,71.6,60.8,68.75,0.0,0.0,0.0,30.06,,10.0,,FEW,,,,4400.0,,,,,,,,,,,71.6,KUNV 041353Z 00000KT 10SM FEW044 22/16 A3006,,0.0,21.999999999999996,2.0
UNV,2024-06-04 10:53:00,-77.85,40.85,378.0,75.2,60.8,60.9,0.0,0.0,0.0,30.04,,10.0,,SCT,,,,5500.0,,,,,,,,,,,75.2,KUNV 041453Z 00000KT 10SM SCT055 24/16 A3004,,0.0,24.0,4.0
UNV,2024-06-04 11:53:00,-77.85,40.85,378.0,78.8,60.8,54.05,,4.0,0.0,30.02,,10.0,,SCT,,,,6000.0,,,,,,,,,,,78.8,KUNV 041553Z VRB04KT 10SM SCT060 26/16 A3002,,2.057776,26.0,4.0
UNV,2024-06-04 12:53:00,-77.85,40.85,378.0,78.8,60.8,54.05,180.0,6.0,0.0,30.0,,10.0,,SCT,,,,6500.0,,,,,,,,,,,78.8,KUNV 041653Z 18006KT 10SM SCT065 26/16 A3000,,3.086664,26.0,4.0
UNV,2024-06-04 13:53:00,-77.85,40.85,378.0,80.6,59.0,47.79,0.0,0.0,0.0,29.99,,10.0,,SCT,,,,6500.0,,,,,,,,,,,81.11,KUNV 041753Z 00000KT 10SM SCT065 27/15 A2999,,0.0,26.999999999999996,4.0
UNV,2024-06-04 14:53:00,-77.85,40.85,378.0,82.4,57.2,42.25,,3.0,0.0,29.97,,10.0,,SCT,,,,6500.0,,,,,,,,,,,82.08,KUNV 041853Z VRB03KT 10SM SCT065 28/14 A2997,,1.543332,28.000000000000004,4.0
UNV,2024-06-04 15:53:00,-77.85,40.85,378.0,82.4,55.4,39.58,150.0,5.0,0.0,29.96,,10.0,,SCT,,,,5000.0,,,,,,,,,,,81.75,KUNV 041953Z 15005KT 10SM SCT050 28/13 A2996,,2.57222,28.000000000000004,4.0
UNV,2024-06-04 16:53:00,-77.85,40.85,378.0,82.4,55.4,39.58,170.0,6.0,0.0,29.95,,10.0,,SCT,,,,5000.0,,,,,,,,,,,81.75,KUNV 042053Z 17006KT 10SM SCT050 28/13 A2995,,3.086664,28.000000000000004,4.0
UNV,2024-06-04 17:53:00,-77.85,40.85,378.0,82.4,59.0,45.07,140.0,6.0,0.0,29.94,,10.0,,SCT,,,,5000.0,,,,,,,,,,,82.46,KUNV 042153Z 14006KT 10SM SCT050 28/15 A2994,,3.086664,28.000000000000004,4.0
UNV,2024-06-04 18:53:00,-77.85,40.85,378.0,80.6,59.0,47.79,150.0,3.0,0.0,29.94,,10.0,,CLR,,,,,,,,,,,,,,,81.11,KUNV 042253Z 15003KT 10SM CLR 27/15 A2994,,1.543332,26.999999999999996,0.0
UNV,2024-06-04 19:53:00,-77.85,40.85,378.0,78.8,59.0,50.69,170.0,3.0,0.0,29.94,,10.0,,CLR,,,,,,,,,,,,,,,78.8,KUNV 042353Z 17003KT 10SM CLR 26/15 A2994,,1.543332,26.0,0.0
UNV,2024-06-04 20:53:00,-77.85,40.85,378.0,75.2,60.8,60.9,140.0,3.0,0.0,29.94,,10.0,,CLR,,,,,,,,,,,,,,,75.2,KUNV 050053Z 14003KT 10SM CLR 24/16 A2994,,1.543332,24.0,0.0
UNV,2024-06-04 21:53:00,-77.85,40.85,378.0,75.2,60.8,60.9,0.0,0.0,0.0,29.96,,10.0,,CLR,,,,,,,,,,,,,,,75.2,KUNV 050153Z 00000KT 10SM CLR 24/16 A2996,,0.0,24.0,0.0
UNV,2024-06-04 22:21:00,-77.85,40.85,378.0,75.2,60.8,60.9,190.0,4.0,0.0,29.96,,10.0,,SCT,,,,100.0,,,,,,,,,,,75.2,KUNV 050221Z AUTO 19004KT 10SM SCT001 24/16 A2996 RMK AO2,,2.057776,24.0,4.0
UNV,2024-06-04 22:41:00,-77.85,40.85,378.0,75.2,60.8,60.9,160.0,7.0,0.0,29.96,,10.0,,CLR,,,,,,,,,,,,,,,75.2,KUNV 050241Z AUTO 16007KT 10SM CLR 24/16 A2996 RMK AO2,,3.601108,24.0,0.0
UNV,2024-06-04 23:00:00,-77.85,40.85,378.0,73.4,60.8,64.69,180.0,7.0,0.0,29.96,,10.0,,CLR,,,,,,,,,,,,,,,73.4,KUNV 050300Z AUTO 18007KT 10SM CLR 23/16 A2996 RMK AO2,,3.601108,23.000000000000004,0.0
UNV,2024-06-04 23:41:00,-77.85,40.85,378.0,73.4,59.0,60.67,160.0,5.0,0.0,29.96,,10.0,,CLR,,,,,,,,,,,,,,,73.4,KUNV 050341Z AUTO 16005KT 10SM CLR 23/15 A2996 RMK AO2,,2.57222,23.000000000000004,0.0
UNV,2024-06-05 00:01:00,-77.85,40.85,378.0,73.4,59.0,60.67,160.0,5.0,0.0,29.95,,10.0,,CLR,,,,,,,,,,,,,,,73.4,KUNV 050401Z AUTO 16005KT 10SM CLR 23/15 A2995 RMK AO2,,2.57222,23.000000000000004,0.0
UNV,2024-06-05 00:41:00,-77.85,40.85,378.0,71.6,59.0,64.48,0.0,0.0,0.0,29.96,,10.0,,SCT,SCT,SCT,,100.0,1000.0,1600.0,,,,,,,,,71.6,KUNV 050441Z AUTO 00000KT 10SM SCT001 SCT010 SCT016 22/15 A2996 RMK AO2,,0.0,21.999999999999996,4.0
UNV,2024-06-05 01:01:00,-77.85,40.85,378.0,71.6,59.0,64.48,0.0,0.0,0.0,29.96,,10.0,,SCT,SCT,SCT,,100.0,1000.0,1600.0,,,,,,,,,71.6,KUNV 050501Z AUTO 00000KT 10SM SCT001 SCT010 SCT016 22/15 A2996 RMK AO2,,0.0,21.999999999999996,4.0
UNV,2024-06-05 01:21:00,-77.85,40.85,378.0,69.8,59.0,68.55,0.0,0.0,0.0,29.95,,10.0,,SCT,SCT,SCT,,100.0,1000.0,1500.0,,,,,,,,,69.8,KUNV 050521Z AUTO 00000KT 10SM SCT001 SCT010 SCT015 21/15 A2995 RMK AO2,,0.0,21.0,4.0
UNV,2024-06-05 01:41:00,-77.85,40.85,378.0,69.8,59.0,68.55,0.0,0.0,0.0,29.95,,10.0,,SCT,SCT,SCT,,100.0,1000.0,1500.0,,,,,,,,,69.8,KUNV 050541Z AUTO 00000KT 10SM SCT001 SCT010 SCT015 21/15 A2995 RMK AO2,,0.0,21.0,4.0
UNV,2024-06-05 02:21:00,-77.85,40.85,378.0,69.8,57.2,64.26,0.0,0.0,0.0,29.94,,10.0,,SCT,SCT,,,100.0,1000.0,,,,,,,,,,69.8,KUNV 050621Z AUTO 00000KT 10SM SCT001 SCT010 21/14 A2994 RMK AO2,,0.0,21.0,4.0
UNV,2024-06-05 03:01:00,-77.85,40.85,378.0,68.0,57.2,68.35,230.0,3.0,0.0,29.93,,10.0,,SCT,SCT,,,100.0,1000.0,,,,,,,,,,68.0,KUNV 050701Z AUTO 23003KT 10SM SCT001 SCT010 20/14 A2993 RMK AO2,,1.543332,20.0,4.0
UNV,2024-06-05 03:21:00,-77.85,40.85,378.0,68.0,57.2,68.35,0.0,0.0,0.0,29.93,,10.0,,SCT,,,,100.0,,,,,,,,,,,68.0,KUNV 050721Z AUTO 00000KT 10SM SCT001 20/14 A2993 RMK AO2,,0.0,20.0,4.0
UNV,2024-06-05 03:41:00,-77.85,40.85,378.0,68.0,59.0,72.92,0.0,0.0,0.0,29.92,,10.0,,SCT,SCT,,,100.0,1000.0,,,,,,,,,,68.0,KUNV 050741Z AUTO 00000KT 10SM SCT001 SCT010 20/15 A2992 RMK AO2,,0.0,20.0,4.0
UNV,2024-06-05 04:41:00,-77.85,40.85,378.0,68.0,59.0,72.92,0.0,0.0,0.0,29.91,,10.0,,BKN,,,,2000.0,,,,,,,,,,,68.0,KUNV 050841Z AUTO 00000KT 10SM BKN020 20/15 A2991 RMK AO2 LTG DSNT NE,,0.0,20.0,6.0
UNV,2024-06-05 05:53:00,-77.85,40.85,378.0,68.0,60.8,77.75,160.0,4.0,0.0,29.9,,10.0,,OVC,,,,2500.0,,,,,,,,,,,68.0,KUNV 050953Z 16004KT 10SM OVC025 20/16 A2990,,2.057776,20.0,8.0
UNV,2024-06-05 06:53:00,-77.85,40.85,378.0,68.0,62.6,82.86,150.0,3.0,0.0,29.91,,10.0,,BKN,OVC,,,2000.0,2500.0,,,,,,,,,,68.0,KUNV 051053Z 15003KT 10SM BKN020 OVC025 20/17 A2991,,1.543332,20.0,8.0
UNV,2024-06-05 07:53:00,-77.85,40.85,378.0,69.8,64.4,82.98,150.0,4.0,0.0,29.91,,10.0,,BKN,OVC,,,1800.0,2300.0,,,,,,,,,,69.8,KUNV 051153Z 15004KT 10SM BKN018 OVC023 21/18 A2991,,2.057776,21.0,8.0
UNV,2024-06-05 08:53:00,-77.85,40.85,378.0,69.8,64.4,82.98,150.0,3.0,0.0,29.92,,10.0,,BKN,OVC,,,1600.0,2000.0,,,,,,,,,,69.8,KUNV 051253Z 15003KT 10SM BKN016 OVC020 21/18 A2992,,1.543332,21.0,8.0
UNV,2024-06-05 09:53:00,-77.85,40.85,378.0,71.6,64.4,78.04,170.0,5.0,0.0,29.9,,10.0,,BKN,OVC,,,1800.0,2500.0,,,,,,,,,,71.6,KUNV 051353Z 17005KT 10SM BKN018 OVC025 22/18 A2990,,2.57222,21.999999999999996,8.0
UNV,2024-06-05 10:53:00,-77.85,40.85,378.0,71.6,64.4,78.04,160.0,4.0,0.0,29.9,,10.0,,OVC,,,,1600.0,,,,,,,,,,,71.6,KUNV 051453Z 16004KT 10SM OVC016 22/18 A2990,,2.057776,21.999999999999996,8.0
UNV,2024-06-05 11:53:00,-77.85,40.85,378.0,71.6,64.4,78.04,190.0,4.0,0.0,29.89,,10.0,,OVC,,,,2000.0,,,,,,,,,,,71.6,KUNV 051553Z 19004KT 10SM OVC020 22/18 A2989,,2.057776,21.999999999999996,8.0
UNV,2024-06-05 12:53:00,-77.85,40.85,378.0,73.4,66.2,78.19,160.0,4.0,0.0,29.88,,10.0,,OVC,,,,2000.0,,,,,,,,,,,73.4,KUNV 051653Z 16004KT 10SM OVC020 23/19 A2988,,2.057776,23.000000000000004,8.0
UNV,2024-06-05 13:53:00,-77.85,40.85,378.0,73.4,66.2,78.19,160.0,5.0,0.0,29.85,,10.0,,BKN,BKN,,,2100.0,2500.0,,,,,,,,,,73.4,KUNV 051753Z 16005KT 10SM BKN021 BKN025 23/19 A2985,,2.57222,23.000000000000004,6.0
UNV,2024-06-05 14:53:00,-77.85,40.85,378.0,73.4,66.2,78.19,110.0,6.0,0.0,29.83,,7.0,,BKN,,,,2100.0,,,,-DZ,,,,,,,73.4,KUNV 051853Z 11006KT 7SM -DZ BKN021 23/19 A2983,,3.086664,23.000000000000004,6.0
UNV,2024-06-05 15:53:00,-77.85,40.85,378.0,75.2,66.2,73.61,120.0,8.0,0.0,29.8,,7.0,,BKN,,,,2100.0,,,,,,,,,,,75.2,KUNV 051953Z 12008KT 7SM BKN021 24/19 A2980,,4.115552,24.0,6.0
UNV,2024-06-05 16:53:00,-77.85,40.85,378.0,73.4,68.0,83.21,150.0,3.0,0.0,29.79,,5.0,,BKN,,,,1900.0,,,,-RA,,,,,,,73.4,KUNV 052053Z 15003KT 5SM -RA BKN019 23/20 A2979,,1.543332,23.000000000000004,6.0
UNV,2024-06-05 17:53:00,-77.85,40.85,378.0,71.6,71.6,100.0,100.0,5.0,0.0,29.77,,4.0,,BKN,,,,1300.0,,,,-RA,,,,,,,71.6,KUNV 052153Z 10005KT 4SM -RA BKN013 22/22 A2977,,2.57222,21.999999999999996,6.0
UNV,2024-06-05 18:53:00,-77.85,40.85,378.0,71.6,69.8,94.06,110.0,4.0,0.0,29.76,,4.0,,OVC,,,,1500.0,,,,-RA,,,,,,,71.6,KUNV 052253Z 11004KT 4SM -RA OVC015 22/21 A2976,,2.057776,21.999999999999996,8.0
UNV,2024-06-05 19:53:00,-77.85,40.85,378.0,71.6,69.8,94.06,100.0,3.0,0.0,29.74,,4.0,,OVC,,,,1500.0,,,,-RA BR,,,,,,,71.6,KUNV 052353Z 10003KT 4SM -RA BR OVC015 22/21 A2974,,1.543332,21.999999999999996,8.0
UNV,2024-06-05 20:53:00,-77.85,40.85,378.0,71.6,69.8,94.06,0.0,0.0,0.0,29.74,,4.0,,OVC,,,,1500.0,,,,-DZ BR,,,,,,,71.6,KUNV 060053Z 00000KT 4SM -DZ BR OVC015 22/21 A2974,,0.0,21.999999999999996,8.0
UNV,2024-06-05 21:53:00,-77.85,40.85,378.0,69.8,69.8,100.0,160.0,3.0,0.0,29.75,,7.0,,BKN,BKN,,,1400.0,2600.0,,,-DZ,,,,,,,69.8,KUNV 060153Z 16003KT 7SM -DZ BKN014 BKN026 21/21 A2975,,1.543332,21.0,6.0
UNV,2024-06-05 22:21:00,-77.85,40.85,378.0,68.0,68.0,100.0,0.0,0.0,0.0,29.73,,10.0,,BKN,BKN,,,200.0,900.0,,,-RA,,,,,,,68.0,KUNV 060221Z AUTO 00000KT 10SM -RA BKN002 BKN009 20/20 A2973 RMK AO2,,0.0,20.0,6.0
UNV,2024-06-05 22:41:00,-77.85,40.85,378.0,68.0,68.0,100.0,0.0,0.0,0.0,29.73,,10.0,,BKN,BKN,BKN,,200.0,900.0,1500.0,,-RA,,,,,,,68.0,KUNV 060241Z AUTO 00000KT 10SM -RA BKN002 BKN009 BKN015 20/20 A2973 RMK AO2,,0.0,20.0,6.0
UNV,2024-06-05 23:01:00,-77.85,40.85,378.0,68.0,68.0,100.0,0.0,0.0,0.0,29.73,,10.0,,SCT,SCT,SCT,,200.0,900.0,1500.0,,DZ,,,,,,,68.0,KUNV 060301Z AUTO 00000KT 10SM DZ SCT002 SCT009 SCT015 20/20 A2973 RMK AO2,,0.0,20.0,4.0
UNV,2024-06-05 23:21:00,-77.85,40.85,378.0,68.0,68.0,100.0,0.0,0.0,0.0,29.72,,10.0,,SCT,BKN,BKN,,200.0,900.0,1500.0,,,,,,,,,68.0,KUNV 060321Z AUTO 00000KT 10SM SCT002 BKN009 BKN015 20/20 A2972 RMK AO2,,0.0,20.0,6.0
UNV,2024-06-06 00:01:00,-77.85,40.85,378.0,68.0,68.0,100.0,0.0,0.0,0.0,29.72,,7.0,,SCT,SCT,BKN,,200.0,1200.0,11000.0,,,,,,,,,68.0,KUNV 060401Z AUTO 00000KT 7SM SCT002 SCT012 BKN110 20/20 A2972 RMK AO2,,0.0,20.0,6.0
UNV,2024-06-06 00:21:00,-77.85,40.85,378.0,66.2,33.8,29.92,0.0,0.0,0.0,29.71,,10.0,,SCT,SCT,BKN,,200.0,1000.0,2000.0,,,,,,,,,66.2,KUNV 060421Z AUTO 00000KT 10SM SCT002 SCT010 BKN020 19/01 A2971 RMK AO2,,0.0,19.0,6.0
UNV,2024-06-06 01:01:00,-77.85,40.85,378.0,66.2,33.8,29.92,0.0,0.0,0.0,29.69,,10.0,,SCT,BKN,,,100.0,1400.0,,,,,,,,,,66.2,KUNV 060501Z AUTO 00000KT 10SM SCT001 BKN014 19/01 A2969 RMK AO2,,0.0,19.0,6.0
UNV,2024-06-06 01:21:00,-77.85,40.85,378.0,66.2,33.8,29.92,0.0,0.0,0.0,29.68,,10.0,,SCT,,,,1200.0,,,,,,,,,,,66.2,KUNV 060521Z AUTO 00000KT 10SM SCT012 19/01 A2968 RMK AO2,,0.0,19.0,4.0
UNV,2024-06-06 01:41:00,-77.85,40.85,378.0,66.2,66.2,100.0,0.0,0.0,0.0,29.68,,10.0,,SCT,SCT,SCT,,100.0,1000.0,1600.0,,,,,,,,,66.2,KUNV 060541Z AUTO 00000KT 10SM SCT001 SCT010 SCT016 19/19 A2968 RMK AO2,,0.0,19.0,4.0
UNV,2024-06-06 02:21:00,-77.85,40.85,378.0,66.2,33.8,29.92,0.0,0.0,0.0,29.68,,7.0,,BKN,,,,1200.0,,,,,,,,,,,66.2,KUNV 060621Z AUTO 00000KT 7SM BKN012 19/01 A2968 RMK AO2,,0.0,19.0,6.0
UNV,2024-06-06 02:41:00,-77.85,40.85,378.0,66.2,33.8,29.92,0.0,0.0,0.0,29.67,,7.0,,SCT,OVC,,,100.0,1200.0,,,,,,,,,,66.2,KUNV 060641Z AUTO 00000KT 7SM SCT001 OVC012 19/01 A2967 RMK AO2,,0.0,19.0,8.0
UNV,2024-06-06 03:01:00,-77.85,40.85,378.0,66.2,33.8,29.92,0.0,0.0,0.0,29.66,,1.25,,BKN,OVC,,,100.0,1200.0,,,BR,,,,,,,66.2,KUNV 060701Z AUTO 00000KT 1 1/4SM BR BKN001 OVC012 19/01 A2966 RMK AO2,,0.0,19.0,8.0
UNV,2024-06-06 03:21:00,-77.85,40.85,378.0,66.2,33.8,29.92,0.0,0.0,0.0,29.66,,5.0,,SCT,BKN,BKN,,100.0,1200.0,7500.0,,BR,,,,,,,66.2,KUNV 060721Z AUTO 00000KT 5SM BR SCT001 BKN012 BKN075 19/01 A2966 RMK AO2,,0.0,19.0,6.0
UNV,2024-06-06 04:21:00,-77.85,40.85,378.0,66.2,33.8,29.92,0.0,0.0,0.0,29.64,,10.0,,OVC,,,,1000.0,,,,,,,,,,,66.2,KUNV 060821Z AUTO 00000KT 10SM OVC010 19/01 A2964 RMK AO2,,0.0,19.0,8.0
UNV,2024-06-06 04:41:00,-77.85,40.85,378.0,66.2,33.8,29.92,0.0,0.0,0.0,29.64,,7.0,,OVC,,,,800.0,,,,,,,,,,,66.2,KUNV 060841Z AUTO 00000KT 7SM OVC008 19/01 A2964 RMK AO2,,0.0,19.0,8.0
UNV,2024-06-06 05:21:00,-77.85,40.85,378.0,66.2,66.2,100.0,0.0,0.0,0.0,29.63,,7.0,,BKN,OVC,,,800.0,1400.0,,,,,,,,,,66.2,KUNV 060921Z AUTO 00000KT 7SM BKN008 OVC014 19/19 A2963 RMK AO2,,0.0,19.0,8.0
UNV,2024-06-06 05:53:00,-77.85,40.85,378.0,66.2,66.2,100.0,0.0,0.0,0.0,29.61,,4.0,,SCT,BKN,,,1000.0,1500.0,,,-RA BR,,,,,,,66.2,KUNV 060953Z 00000KT 4SM -RA BR SCT010 BKN015 19/19 A2961,,0.0,19.0,6.0
UNV,2024-06-06 06:35:00,-77.85,40.85,378.0,66.2,66.2,100.0,180.0,4.0,0.0,29.61,,5.0,,SCT,SCT,BKN,,1000.0,2000.0,3500.0,,-DZ BR,,,,,,,66.2,KUNV 061035Z 18004KT 5SM -DZ BR SCT010 SCT020 BKN035 19/19 A2961,,2.057776,19.0,6.0
UNV,2024-06-06 06:53:00,-77.85,40.85,378.0,66.2,66.2,100.0,190.0,4.0,0.0,29.6,,6.0,,FEW,SCT,BKN,,1000.0,1900.0,3500.0,,BR,,,,,,,66.2,KUNV 061053Z 19004KT 6SM BR FEW010 SCT019 BKN035 19/19 A2960,,2.057776,19.0,6.0
UNV,2024-06-06 07:53:00,-77.85,40.85,378.0,68.0,68.0,100.0,220.0,4.0,0.0,29.61,,4.0,,BKN,OVC,,,900.0,2300.0,,,-RA BR,,,,,,,68.0,KUNV 061153Z 22004KT 4SM -RA BR BKN009 OVC023 20/20 A2961,,2.057776,20.0,8.0
UNV,2024-06-06 08:53:00,-77.85,40.85,378.0,69.8,68.0,94.01,210.0,8.0,0.0,29.59,,6.0,,SCT,BKN,BKN,,800.0,1900.0,3000.0,,BR,,,,,,,69.8,KUNV 061253Z COR 21008KT 6SM BR SCT008 BKN019 BKN030 21/20 A2959,,4.115552,21.0,6.0
UNV,2024-06-06 09:53:00,-77.85,40.85,378.0,69.8,69.8,100.0,210.0,8.0,0.0,29.59,,8.0,15.0,FEW,SCT,BKN,,1000.0,1500.0,2700.0,,,,,,,,,69.8,KUNV 061353Z 21008G15KT 8SM FEW010 SCT015 BKN027 21/21 A2959,,4.115552,21.0,6.0
UNV,2024-06-06 10:53:00,-77.85,40.85,378.0,73.4,69.8,88.51,250.0,9.0,0.0,29.61,,8.0,16.0,SCT,SCT,BKN,,1600.0,2500.0,6000.0,,,,,,,,,73.4,KUNV 061453Z 25009G16KT 8SM SCT016 SCT025 BKN060 23/21 A2961,,4.629996,23.000000000000004,6.0
UNV,2024-06-06 11:53:00,-77.85,40.85,378.0,78.8,68.0,69.52,240.0,11.0,0.0,29.59,,10.0,19.0,BKN,,,,2200.0,,,,,,,,,,,78.8,KUNV 061553Z 24011G19KT 10SM BKN022 26/20 A2959,,5.6588840000000005,26.0,6.0
UNV,2024-06-06 12:53:00,-77.85,40.85,378.0,78.8,64.4,61.36,260.0,11.0,0.0,29.58,,10.0,18.0,BKN,,,,3000.0,,,,,,,,,,,78.8,KUNV 061653Z 26011G18KT 10SM BKN030 26/18 A2958,,5.6588840000000005,26.0,6.0
UNV,2024-06-06 13:53:00,-77.85,40.85,378.0,80.6,62.6,54.3,260.0,11.0,0.0,29.57,,10.0,16.0,BKN,,,,2100.0,,,,,,,,,,,81.84,KUNV 061753Z 26011G16KT 10SM BKN021 27/17 A2957,,5.6588840000000005,26.999999999999996,6.0
UNV,2024-06-06 14:53:00,-77.85,40.85,378.0,80.6,62.6,54.3,280.0,10.0,0.0,29.57,,10.0,15.0,SCT,,,,3500.0,,,,,,,,,,,81.84,KUNV 061853Z 28010G15KT 10SM SCT035 27/17 A2957,,5.14444,26.999999999999996,4.0
UNV,2024-06-06 15:53:00,-77.85,40.85,378.0,82.4,57.2,42.25,260.0,16.0,0.0,29.58,,10.0,20.0,SCT,,,,4000.0,,,,,,,,,,,82.08,KUNV 061953Z 26016G20KT 10SM SCT040 28/14 A2958,,8.231104,28.000000000000004,4.0
UNV,2024-06-06 16:53:00,-77.85,40.85,378.0,77.0,55.4,47.25,300.0,12.0,0.0,29.58,,10.0,16.0,SCT,,,,2500.0,,,,,,,,,,,77.0,KUNV 062053Z 30012G16KT 10SM SCT025 25/13 A2958,,6.173328,25.0,4.0
UNV,2024-06-06 17:53:00,-77.85,40.85,378.0,78.8,55.4,44.52,270.0,10.0,0.0,29.57,,10.0,,SCT,,,,5000.0,,,,,,,,,,,78.8,KUNV 062153Z 27010KT 10SM SCT050 26/13 A2957,,5.14444,26.0,4.0
UNV,2024-06-06 18:53:00,-77.85,40.85,378.0,77.0,53.6,44.25,270.0,14.0,0.0,29.59,,10.0,21.0,SCT,,,,6000.0,,,,,,,,,,,77.0,KUNV 062253Z COR 27014G21KT 10SM SCT060 25/12 A2959,,7.202216,25.0,4.0
UNV,2024-06-06 19:53:00,-77.85,40.85,378.0,73.4,53.6,49.9,280.0,8.0,0.0,29.61,,10.0,,SCT,,,,5000.0,,,,,,,,,,,73.4,KUNV 062353Z 28008KT 10SM SCT050 23/12 A2961,,4.115552,23.000000000000004,4.0
UNV,2024-06-06 20:53:00,-77.85,40.85,378.0,68.0,51.8,56.13,320.0,8.0,0.0,29.65,,10.0,15.0,BKN,,,,4000.0,,,,,,,,,,,68.0,KUNV 070053Z 32008G15KT 10SM BKN040 20/11 A2965,,4.115552,20.0,6.0
UNV,2024-06-06 21:53:00,-77.85,40.85,378.0,66.2,53.6,63.82,270.0,5.0,0.0,29.66,,10.0,,SCT,,,,7000.0,,,,,,,,,,,66.2,KUNV 070153Z 27005KT 10SM SCT070 19/12 A2966,,2.57222,19.0,4.0
UNV,2024-06-06 22:21:00,-77.85,40.85,378.0,64.4,55.4,72.56,250.0,0.0,0.0,29.66,,10.0,,CLR,,,,,,,,,,,,,,,64.4,KUNV 070221Z AUTO 25000KT 10SM CLR 18/13 A2966 RMK AO2,,0.0,18.000000000000004,0.0
UNV,2024-06-06 22:41:00,-77.85,40.85,378.0,64.4,55.4,72.56,210.0,3.0,0.0,29.66,,10.0,,CLR,,,,,,,,,,,,,,,64.4,KUNV 070241Z AUTO 21003KT 10SM CLR 18/13 A2966 RMK AO2,,1.543332,18.000000000000004,0.0
UNV,2024-06-06 23:01:00,-77.85,40.85,378.0,64.4,55.4,72.56,230.0,3.0,0.0,29.06,,10.0,,CLR,,,,,,,,,,,,,,,64.4,KUNV 070301Z AUTO 23003KT 10SM CLR 18/13 A2906 RMK AO2,,1.543332,18.000000000000004,0.0
UNV,2024-06-06 23:41:00,-77.85,40.85,378.0,64.4,55.4,72.56,230.0,3.0,0.0,29.67,,10.0,,CLR,,,,,,,,,,,,,,,64.4,KUNV 070341Z AUTO 23003KT 10SM CLR 18/13 A2967 RMK AO2,,1.543332,18.000000000000004,0.0
UNV,2024-06-07 00:01:00,-77.85,40.85,378.0,64.4,55.4,72.56,0.0,0.0,0.0,29.66,,10.0,,SCT,,,,100.0,,,,,,,,,,,64.4,KUNV 070401Z AUTO 00000KT 10SM SCT001 18/13 A2966 RMK AO2,,0.0,18.000000000000004,4.0
UNV,2024-06-07 00:41:00,-77.85,40.85,378.0,62.6,57.2,82.5,240.0,3.0,0.0,29.66,,10.0,,CLR,,,,,,,,,,,,,,,62.6,KUNV 070441Z AUTO 24003KT 10SM CLR 17/14 A2966 RMK AO2,,1.543332,17.0,0.0
UNV,2024-06-07 01:01:00,-77.85,40.85,378.0,62.6,57.2,82.5,240.0,4.0,0.0,29.66,,10.0,,CLR,,,,,,,,,,,,,,,62.6,KUNV 070501Z AUTO 24004KT 10SM CLR 17/14 A2966 RMK AO2,,2.057776,17.0,0.0
UNV,2024-06-07 01:21:00,-77.85,40.85,378.0,62.6,57.2,82.5,0.0,0.0,0.0,29.66,,10.0,,CLR,,,,,,,,,,,,,,,62.6,KUNV 070521Z AUTO 00000KT 10SM CLR 17/14 A2966 RMK AO2,,0.0,17.0,0.0
UNV,2024-06-07 01:41:00,-77.85,40.85,378.0,62.6,33.8,33.93,0.0,0.0,0.0,29.66,,10.0,,CLR,,,,,,,,,,,,,,,62.6,KUNV 070541Z AUTO 00000KT 10SM CLR 17/01 A2966 RMK AO2,,0.0,17.0,0.0
UNV,2024-06-07 02:02:00,-77.85,40.85,378.0,62.6,57.2,82.5,0.0,0.0,0.0,29.66,,10.0,,SCT,,,,100.0,,,,,,,,,,,62.6,KUNV 070602Z AUTO 00000KT 10SM SCT001 17/14 A2966 RMK AO2,,0.0,17.0,4.0
UNV,2024-06-07 02:22:00,-77.85,40.85,378.0,62.6,57.2,82.5,230.0,4.0,0.0,29.06,,10.0,,SCT,SCT,,,100.0,1000.0,,,,,,,,,,62.6,KUNV 070622Z AUTO 23004KT 10SM SCT001 SCT010 17/14 A2906 RMK AO2,,2.057776,17.0,4.0
UNV,2024-06-07 03:01:00,-77.85,40.85,378.0,60.8,57.2,87.92,0.0,0.0,0.0,29.65,,10.0,,SCT,SCT,,,100.0,900.0,,,,,,,,,,60.8,KUNV 070701Z AUTO 00000KT 10SM SCT001 SCT009 16/14 A2965 RMK AO2,,0.0,16.0,4.0
UNV,2024-06-07 03:21:00,-77.85,40.85,378.0,59.0,59.0,100.0,0.0,0.0,0.0,29.65,,10.0,,SCT,SCT,SCT,,100.0,900.0,2000.0,,,,,,,,,59.0,KUNV 070721Z AUTO 00000KT 10SM SCT001 SCT009 SCT020 15/15 A2965 RMK AO2,,0.0,15.0,4.0
UNV,2024-06-07 04:01:00,-77.85,40.85,378.0,60.8,59.0,93.79,0.0,0.0,0.0,29.66,,10.0,,SCT,SCT,BKN,,100.0,1000.0,8000.0,,-RA,,,,,,,60.8,KUNV 070801Z AUTO 00000KT 10SM -RA SCT001 SCT010 BKN080 16/15 A2966 RMK AO2,,0.0,16.0,6.0
UNV,2024-06-07 04:21:00,-77.85,40.85,378.0,60.8,59.0,93.79,0.0,0.0,0.0,29.65,,10.0,,SCT,SCT,BKN,,100.0,1400.0,11000.0,,,,,,,,,60.8,KUNV 070821Z AUTO 00000KT 10SM SCT001 SCT014 BKN110 16/15 A2965 RMK AO2,,0.0,16.0,6.0
UNV,2024-06-07 04:41:00,-77.85,40.85,378.0,59.0,59.0,100.0,0.0,0.0,0.0,29.06,,10.0,,SCT,SCT,SCT,,100.0,1100.0,1600.0,,,,,,,,,59.0,KUNV 070841Z AUTO 00000KT 10SM SCT001 SCT011 SCT016 15/15 A2906 RMK AO2,,0.0,15.0,4.0
UNV,2024-06-07 05:53:00,-77.85,40.85,378.0,57.2,57.2,100.0,0.0,0.0,0.0,29.65,,10.0,,CLR,,,,,,,,,,,,,,,57.2,KUNV 070953Z 00000KT 10SM CLR 14/14 A2965,,0.0,14.000000000000002,0.0
UNV,2024-06-07 06:13:00,-77.85,40.85,378.0,62.6,59.0,88.0,200.0,4.0,0.0,29.65,,10.0,,SCT,,,,5000.0,,,,,,,,,,,62.6,KUNV 071013Z 20004KT 10SM SCT050 17/15 A2965,,2.057776,17.0,4.0
UNV,2024-06-07 06:53:00,-77.85,40.85,378.0,59.0,59.0,100.0,260.0,4.0,0.0,29.65,,10.0,,CLR,,,,,,,,,,,,,,,59.0,KUNV 071053Z 26004KT 10SM CLR 15/15 A2965,,2.057776,15.0,0.0
UNV,2024-06-07 07:53:00,-77.85,40.85,378.0,62.6,59.0,88.0,200.0,4.0,0.0,29.65,,10.0,,SCT,,,,5000.0,,,,,,,,,,,62.6,KUNV 071153Z 20004KT 10SM SCT050 17/15 A2965,,2.057776,17.0,4.0
UNV,2024-06-07 08:53:00,-77.85,40.85,378.0,66.2,59.0,77.6,210.0,3.0,0.0,29.66,,10.0,,BKN,,,,2100.0,,,,,,,,,,,66.2,KUNV 071253Z 21003KT 10SM BKN021 19/15 A2966,,1.543332,19.0,6.0
UNV,2024-06-07 09:53:00,-77.85,40.85,378.0,68.0,55.4,64.04,280.0,9.0,0.0,29.67,,10.0,,SCT,,,,4000.0,,,,,,,,,,,68.0,KUNV 071353Z 28009KT 10SM SCT040 20/13 A2967,,4.629996,20.0,4.0
UNV,2024-06-07 10:53:00,-77.85,40.85,378.0,69.8,51.8,52.77,260.0,8.0,0.0,29.67,,10.0,,BKN,,,,4000.0,,,,,,,,,,,69.8,KUNV 071453Z 26008KT 10SM BKN040 21/11 A2967,,4.115552,21.0,6.0
UNV,2024-06-07 11:53:00,-77.85,40.85,378.0,69.8,50.0,49.37,260.0,16.0,0.0,29.68,,10.0,20.0,BKN,,,,4000.0,,,,,,,,,,,69.8,KUNV 071553Z 26016G20KT 10SM BKN040 21/10 A2968,,8.231104,21.0,6.0
UNV,2024-06-07 12:53:00,-77.85,40.85,378.0,69.8,50.0,49.37,280.0,9.0,0.0,29.68,,10.0,14.0,BKN,,,,4000.0,,,,,,,,,,,69.8,KUNV 071653Z 28009G14KT 10SM BKN040 21/10 A2968,,4.629996,21.0,6.0
UNV,2024-06-07 13:53:00,-77.85,40.85,378.0,71.6,50.0,46.43,270.0,11.0,0.0,29.68,,10.0,16.0,BKN,,,,4000.0,,,,,,,,,,,71.6,KUNV 071753Z 27011G16KT 10SM BKN040 22/10 A2968,,5.6588840000000005,21.999999999999996,6.0
UNV,2024-06-07 14:53:00,-77.85,40.85,378.0,73.4,46.4,38.18,270.0,20.0,0.0,29.69,,10.0,25.0,BKN,,,,4000.0,,,,,,,,,,,73.4,KUNV 071853Z 27020G25KT 10SM BKN040 23/08 A2969,,10.28888,23.000000000000004,6.0
UNV,2024-06-07 15:53:00,-77.85,40.85,378.0,68.0,50.0,52.51,310.0,12.0,0.0,29.71,,10.0,20.0,BKN,,,,4000.0,,,,,,,,,,,68.0,KUNV 071953Z 31012G20KT 10SM BKN040 20/10 A2971,,6.173328,20.0,6.0
UNV,2024-06-07 16:53:00,-77.85,40.85,378.0,66.2,48.2,52.25,300.0,10.0,0.0,29.73,,10.0,,BKN,,,,4000.0,,,,,,,,,,,66.2,KUNV 072053Z 30010KT 10SM BKN040 19/09 A2973,,5.14444,19.0,6.0
UNV,2024-06-07 17:53:00,-77.85,40.85,378.0,60.8,50.0,67.54,300.0,10.0,0.0,29.75,,10.0,,BKN,,,,4000.0,,,,,,,,,,,60.8,KUNV 072153Z 30010KT 10SM BKN040 16/10 A2975,,5.14444,16.0,6.0
UNV,2024-06-07 18:53:00,-77.85,40.85,378.0,64.4,50.0,59.5,300.0,17.0,0.0,29.76,,10.0,22.0,BKN,,,,4000.0,,,,,,,,,,,64.4,KUNV 072253Z 30017G22KT 10SM BKN040 18/10 A2976,,8.745548,18.000000000000004,6.0
UNV,2024-06-07 19:53:00,-77.85,40.85,378.0,64.4,46.4,51.98,290.0,11.0,0.0,29.77,,10.0,18.0,BKN,,,,4000.0,,,,,,,,,,,64.4,KUNV 072353Z 29011G18KT 10SM BKN040 18/08 A2977,,5.6588840000000005,18.000000000000004,6.0
UNV,2024-06-07 20:53:00,-77.85,40.85,378.0,64.4,46.4,51.98,290.0,8.0,0.0,29.79,,10.0,,BKN,,,,4000.0,,,,,,,,,,,64.4,KUNV 080053Z 29008KT 10SM BKN040 18/08 A2979,,4.115552,18.000000000000004,6.0
UNV,2024-06-07 21:53:00,-77.85,40.85,378.0,62.6,46.4,55.37,290.0,4.0,0.0,29.8,,10.0,,BKN,,,,4000.0,,,,,,,,,,,62.6,KUNV 080153Z 29004KT 10SM BKN040 17/08 A2980,,2.057776,17.0,6.0
UNV,2024-06-07 22:41:00,-77.85,40.85,378.0,62.6,48.2,59.26,260.0,4.0,0.0,29.8,,10.0,,SCT,SCT,SCT,,100.0,1000.0,6500.0,,,,,,,,,62.6,KUNV 080241Z AUTO 26004KT 10SM SCT001 SCT010 SCT065 17/09 A2980 RMK AO2,,2.057776,17.0,4.0
UNV,2024-06-07 23:22:00,-77.85,40.85,378.0,59.0,50.0,72.01,0.0,0.0,0.0,29.08,,10.0,,SCT,SCT,BKN,,100.0,1300.0,8000.0,,-RA,,,,,,,59.0,KUNV 080322Z AUTO 00000KT 10SM -RA SCT001 SCT013 BKN080 15/10 A2908 RMK AO2,,0.0,15.0,6.0
UNV,2024-06-07 23:41:00,-77.85,40.85,378.0,59.0,33.8,38.56,0.0,0.0,0.0,29.8,,10.0,,SCT,SCT,SCT,,100.0,1200.0,5000.0,,,,,,,,,59.0,KUNV 080341Z AUTO 00000KT 10SM SCT001 SCT012 SCT050 15/01 A2980 RMK AO2 LTG DSNT W,,0.0,15.0,4.0
UNV,2024-06-08 00:01:00,-77.85,40.85,378.0,59.0,50.0,72.01,210.0,3.0,0.0,29.8,,10.0,,SCT,SCT,BKN,,100.0,1000.0,12000.0,,,,,,,,,59.0,KUNV 080401Z AUTO 21003KT 10SM SCT001 SCT010 BKN120 15/10 A2980 RMK AO2,,1.543332,15.0,6.0
UNV,2024-06-08 00:21:00,-77.85,40.85,378.0,57.2,51.8,82.12,210.0,3.0,0.0,29.08,,10.0,,SCT,SCT,,,100.0,5500.0,,,,,,,,,,57.2,KUNV 080421Z AUTO 21003KT 10SM SCT001 SCT055 14/11 A2908 RMK AO2,,1.543332,14.000000000000002,4.0
UNV,2024-06-08 01:21:00,-77.85,40.85,378.0,59.0,33.8,38.56,0.0,0.0,0.0,29.8,,10.0,,SCT,SCT,SCT,,900.0,6000.0,8000.0,,,,,,,,,59.0,KUNV 080521Z AUTO 00000KT 10SM SCT009 SCT060 SCT080 15/01 A2980 RMK AO2,,0.0,15.0,4.0
UNV,2024-06-08 02:21:00,-77.85,40.85,378.0,59.0,59.0,100.0,0.0,0.0,0.0,29.8,,10.0,,SCT,SCT,BKN,,100.0,800.0,1800.0,,,,,,,,,59.0,KUNV 080621Z AUTO 00000KT 10SM SCT001 SCT008 BKN018 15/15 A2980 RMK AO2,,0.0,15.0,6.0
UNV,2024-06-08 02:41:00,-77.85,40.85,378.0,59.0,48.2,67.33,300.0,5.0,0.0,29.8,,10.0,,SCT,SCT,SCT,,100.0,600.0,1000.0,,,,,,,,,59.0,KUNV 080641Z AUTO 30005KT 10SM SCT001 SCT006 SCT010 15/09 A2980 RMK AO2,,2.57222,15.0,4.0
UNV,2024-06-08 03:01:00,-77.85,40.85,378.0,57.2,48.2,71.83,300.0,6.0,0.0,29.8,,10.0,,SCT,SCT,SCT,,100.0,600.0,1000.0,,,,,,,,,57.2,KUNV 080701Z AUTO 30006KT 10SM SCT001 SCT006 SCT010 14/09 A2980 RMK AO2,,3.086664,14.000000000000002,4.0
UNV,2024-06-08 03:21:00,-77.85,40.85,378.0,57.2,48.2,71.83,300.0,7.0,0.0,29.8,,10.0,,SCT,SCT,SCT,,100.0,800.0,1500.0,,,,,,,,,57.2,KUNV 080721Z AUTO 30007KT 10SM SCT001 SCT008 SCT015 14/09 A2980 RMK AO2,,3.601108,14.000000000000002,4.0
UNV,2024-06-08 04:02:00,-77.85,40.85,378.0,55.4,48.2,76.66,270.0,6.0,0.0,29.8,,10.0,,SCT,SCT,BKN,,100.0,900.0,1600.0,,,,,,,,,55.4,KUNV 080802Z AUTO 27006KT 10SM SCT001 SCT009 BKN016 13/09 A2980 RMK AO2,,3.086664,13.0,6.0
UNV,2024-06-08 04:22:00,-77.85,40.85,378.0,55.4,48.2,76.66,0.0,0.0,0.0,29.08,,10.0,,SCT,SCT,BKN,,100.0,600.0,900.0,,,,,,,,,55.4,KUNV 080822Z AUTO 00000KT 10SM SCT001 SCT006 BKN009 13/09 A2908 RMK AO2,,0.0,13.0,6.0
UNV,2024-06-08 04:41:00,-77.85,40.85,378.0,53.6,50.0,87.56,0.0,0.0,0.0,29.81,,10.0,,SCT,SCT,SCT,,100.0,500.0,1000.0,,,,,,,,,53.6,KUNV 080841Z AUTO 00000KT 10SM SCT001 SCT005 SCT010 12/10 A2981 RMK AO2,,0.0,12.0,4.0
UNV,2024-06-08 05:01:00,-77.85,40.85,378.0,51.8,50.0,93.55,0.0,0.0,0.0,29.08,,10.0,,SCT,SCT,SCT,,100.0,500.0,1000.0,,,,,,,,,51.8,KUNV 080901Z AUTO 00000KT 10SM SCT001 SCT005 SCT010 11/10 A2908 RMK AO2,,0.0,10.999999999999998,4.0
UNV,2024-06-08 05:21:00,-77.85,40.85,378.0,51.8,51.8,100.0,200.0,4.0,0.0,29.82,,10.0,,SCT,SCT,,,500.0,1000.0,,,,,,,,,,51.8,KUNV 080921Z AUTO 20004KT 10SM SCT005 SCT010 11/11 A2982 RMK AO2,,2.057776,10.999999999999998,4.0
UNV,2024-06-08 05:53:00,-77.85,40.85,378.0,53.6,51.8,93.6,0.0,0.0,0.0,29.83,,10.0,,CLR,,,,,,,,,,,,,,,53.6,KUNV 080953Z 00000KT 10SM CLR 12/11 A2983,,0.0,12.0,0.0
UNV,2024-06-08 06:53:00,-77.85,40.85,378.0,55.4,51.8,87.65,0.0,0.0,0.0,29.84,,10.0,,CLR,,,,,,,,,,,,,,,55.4,KUNV 081053Z 00000KT 10SM CLR 13/11 A2984,,0.0,13.0,0.0
UNV,2024-06-08 07:53:00,-77.85,40.85,378.0,59.0,50.0,72.01,270.0,10.0,0.0,29.86,,10.0,,CLR,,,,,,,,,,,,,,,59.0,KUNV 081153Z COR 27010KT 10SM CLR 15/10 A2986,,5.14444,15.0,0.0
UNV,2024-06-08 08:53:00,-77.85,40.85,378.0,62.6,50.0,63.38,280.0,9.0,0.0,29.88,,10.0,,SCT,,,,3300.0,,,,,,,,,,,62.6,KUNV 081253Z 28009KT 10SM SCT033 17/10 A2988,,4.629996,17.0,4.0
UNV,2024-06-08 09:53:00,-77.85,40.85,378.0,64.4,50.0,59.5,300.0,11.0,0.0,29.87,,10.0,,SCT,,,,3000.0,,,,,,,,,,,64.4,KUNV 081353Z 30011KT 10SM SCT030 18/10 A2987,,5.6588840000000005,18.000000000000004,4.0
UNV,2024-06-08 10:53:00,-77.85,40.85,378.0,66.2,50.0,55.88,300.0,12.0,0.0,29.88,,10.0,17.0,BKN,,,,3000.0,,,,,,,,,,,66.2,KUNV 081453Z 30012G17KT 10SM BKN030 19/10 A2988,,6.173328,19.0,6.0
UNV,2024-06-08 11:53:00,-77.85,40.85,378.0,68.0,50.0,52.51,270.0,9.0,0.0,29.88,,10.0,16.0,BKN,,,,3000.0,,,,,,,,,,,68.0,KUNV 081553Z 27009G16KT 10SM BKN030 20/10 A2988,,4.629996,20.0,6.0
UNV,2024-06-08 12:53:00,-77.85,40.85,378.0,69.8,50.0,49.37,290.0,9.0,0.0,29.89,,10.0,19.0,BKN,,,,4000.0,,,,,,,,,,,69.8,KUNV 081653Z 29009G19KT 10SM BKN040 21/10 A2989,,4.629996,21.0,6.0
UNV,2024-06-08 13:53:00,-77.85,40.85,378.0,71.6,46.4,40.57,300.0,10.0,0.0,29.87,,10.0,15.0,BKN,,,,4500.0,,,,,,,,,,,71.6,KUNV 081753Z 30010G15KT 10SM BKN045 22/08 A2987,,5.14444,21.999999999999996,6.0
UNV,2024-06-08 14:53:00,-77.85,40.85,378.0,71.6,48.2,43.42,290.0,13.0,0.0,29.87,,10.0,18.0,BKN,,,,5000.0,,,,,,,,,,,71.6,KUNV 081853Z 29013G18KT 10SM BKN050 22/09 A2987,,6.687772,21.999999999999996,6.0
UNV,2024-06-08 15:53:00,-77.85,40.85,378.0,73.4,48.2,40.85,280.0,13.0,0.0,29.86,,10.0,16.0,BKN,,,,5000.0,,,,,,,,,,,73.4,KUNV 081953Z 28013G16KT 10SM BKN050 23/09 A2986,,6.687772,23.000000000000004,6.0
UNV,2024-06-08 16:53:00,-77.85,40.85,378.0,75.2,48.2,38.46,310.0,11.0,0.0,29.85,,10.0,17.0,SCT,,,,5000.0,,,,,,,,,,,75.2,KUNV 082053Z 31011G17KT 10SM SCT050 24/09 A2985,,5.6588840000000005,24.0,4.0
UNV,2024-06-08 17:53:00,-77.85,40.85,378.0,75.2,48.2,38.46,300.0,10.0,0.0,29.82,,10.0,,SCT,,,,6500.0,,,,,,,,,,,75.2,KUNV 082153Z 30010KT 10SM SCT065 24/09 A2982,,5.14444,24.0,4.0
UNV,2024-06-08 18:53:00,-77.85,40.85,378.0,73.4,48.2,40.85,300.0,8.0,0.0,29.82,,10.0,,SCT,,,,6500.0,,,,,,,,,,,73.4,KUNV 082253Z 30008KT 10SM SCT065 23/09 A2982,,4.115552,23.000000000000004,4.0
UNV,2024-06-08 19:53:00,-77.85,40.85,378.0,71.6,50.0,46.43,270.0,4.0,0.0,29.82,,10.0,,SCT,,,,6000.0,,,,,,,,,,,71.6,KUNV 082353Z 27004KT 10SM SCT060 22/10 A2982,,2.057776,21.999999999999996,4.0
UNV,2024-06-08 20:53:00,-77.85,40.85,378.0,69.8,50.0,49.37,270.0,3.0,0.0,29.83,,10.0,,SCT,,,,6000.0,,,,,,,,,,,69.8,KUNV 090053Z 27003KT 10SM SCT060 21/10 A2983,,1.543332,21.0,4.0
UNV,2024-06-08 21:53:00,-77.85,40.85,378.0,64.4,50.0,59.5,0.0,0.0,0.0,29.82,,10.0,,CLR,,,,,,,,,,,,,,,64.4,KUNV 090153Z 00000KT 10SM CLR 18/10 A2982,,0.0,18.000000000000004,0.0
UNV,2024-06-08 22:21:00,-77.85,40.85,378.0,64.4,50.0,59.5,0.0,0.0,0.0,29.82,,10.0,,CLR,,,,,,,,,,,,,,,64.4,KUNV 090221Z AUTO 00000KT 10SM CLR 18/10 A2982 RMK AO2,,0.0,18.000000000000004,0.0
UNV,2024-06-08 22:41:00,-77.85,40.85,378.0,64.4,50.0,59.5,260.0,4.0,0.0,29.82,,10.0,,SCT,,,,6000.0,,,,,,,,,,,64.4,KUNV 090241Z AUTO 26004KT 10SM SCT060 18/10 A2982 RMK AO2,,2.057776,18.000000000000004,4.0
UNV,2024-06-08 23:01:00,-77.85,40.85,378.0,62.6,51.8,67.75,0.0,0.0,0.0,29.08,,10.0,,SCT,,,,6000.0,,,,,,,,,,,62.6,KUNV 090301Z AUTO 00000KT 10SM SCT060 17/11 A2908 RMK AO2,,0.0,17.0,4.0
UNV,2024-06-09 00:01:00,-77.85,40.85,378.0,60.8,51.8,72.2,0.0,0.0,0.0,29.07,,10.0,,CLR,,,,,,,,,,,,,,,60.8,KUNV 090401Z AUTO 00000KT 10SM CLR 16/11 A2907 RMK AO2,,0.0,16.0,0.0
UNV,2024-06-09 00:41:00,-77.85,40.85,378.0,60.8,50.0,67.54,0.0,0.0,0.0,29.76,,10.0,,CLR,,,,,,,,,,,,,,,60.8,KUNV 090441Z AUTO 00000KT 10SM CLR 16/10 A2976 RMK AO2,,0.0,16.0,0.0
UNV,2024-06-09 01:02:00,-77.85,40.85,378.0,59.0,33.8,38.56,0.0,0.0,0.0,29.76,,10.0,,CLR,,,,,,,,,,,,,,,59.0,KUNV 090502Z AUTO 00000KT 10SM CLR 15/01 A2976 RMK AO2,,0.0,15.0,0.0
UNV,2024-06-09 01:41:00,-77.85,40.85,378.0,59.0,51.8,76.98,0.0,0.0,0.0,29.73,,10.0,,CLR,,,,,,,,,,,,,,,59.0,KUNV 090541Z AUTO 00000KT 10SM CLR 15/11 A2973 RMK AO2,,0.0,15.0,0.0
UNV,2024-06-09 02:01:00,-77.85,40.85,378.0,60.8,51.8,72.2,0.0,0.0,0.0,29.73,,10.0,,CLR,,,,,,,,,,,,,,,60.8,KUNV 090601Z AUTO 00000KT 10SM CLR 16/11 A2973 RMK AO2,,0.0,16.0,0.0
UNV,2024-06-09 02:42:00,-77.85,40.85,378.0,60.8,51.8,72.2,0.0,0.0,0.0,29.71,,10.0,,CLR,,,,,,,,,,,,,,,60.8,KUNV 090642Z AUTO 00000KT 10SM CLR 16/11 A2971 RMK AO2,,0.0,16.0,0.0
UNV,2024-06-09 03:01:00,-77.85,40.85,378.0,60.8,51.8,72.2,0.0,0.0,0.0,29.7,,10.0,,CLR,,,,,,,,,,,,,,,60.8,KUNV 090701Z AUTO 00000KT 10SM CLR 16/11 A2970 RMK AO2,,0.0,16.0,0.0
UNV,2024-06-09 03:21:00,-77.85,40.85,378.0,60.8,51.8,72.2,0.0,0.0,0.0,29.69,,10.0,,CLR,,,,,,,,,,,,,,,60.8,KUNV 090721Z AUTO 00000KT 10SM CLR 16/11 A2969 RMK AO2,,0.0,16.0,0.0
UNV,2024-06-09 03:41:00,-77.85,40.85,378.0,62.6,51.8,67.75,240.0,6.0,0.0,29.68,,10.0,,SCT,,,,5500.0,,,,,,,,,,,62.6,KUNV 090741Z AUTO 24006KT 10SM SCT055 17/11 A2968 RMK AO2,,3.086664,17.0,4.0
UNV,2024-06-09 04:22:00,-77.85,40.85,378.0,60.8,51.8,72.2,0.0,0.0,0.0,29.66,,10.0,,CLR,,,,,,,,,,,,,,,60.8,KUNV 090822Z AUTO 00000KT 10SM CLR 16/11 A2966 RMK AO2,,0.0,16.0,0.0
UNV,2024-06-09 04:42:00,-77.85,40.85,378.0,60.8,33.8,36.16,0.0,0.0,0.0,29.06,,10.0,,CLR,,,,,,,,,,,,,,,60.8,KUNV 090842Z AUTO 00000KT 10SM CLR 16/01 A2906 RMK AO2,,0.0,16.0,0.0
UNV,2024-06-09 05:02:00,-77.85,40.85,378.0,62.6,62.6,100.0,0.0,0.0,0.0,29.64,,10.0,,SCT,SCT,,,5000.0,7000.0,,,,,,,,,,62.6,KUNV 090902Z AUTO 00000KT 10SM SCT050 SCT070 17/17 A2964 RMK AO2,,0.0,17.0,4.0
UNV,2024-06-09 05:53:00,-77.85,40.85,378.0,64.4,53.6,67.95,230.0,13.0,0.0,29.64,,10.0,18.0,BKN,OVC,,,3000.0,6500.0,,,,,,,,,,64.4,KUNV 090953Z 23013G18KT 10SM BKN030 OVC065 18/12 A2964,,6.687772,18.000000000000004,8.0
UNV,2024-06-09 06:53:00,-77.85,40.85,378.0,66.2,57.2,72.74,280.0,10.0,0.0,29.65,,7.0,16.0,OVC,,,,3000.0,,,,-RA,,,,,,,66.2,KUNV 091053Z 28010G16KT 7SM -RA OVC030 19/14 A2965,,5.14444,19.0,8.0
UNV,2024-06-09 07:53:00,-77.85,40.85,378.0,62.6,55.4,77.29,300.0,6.0,0.0,29.68,,10.0,,SCT,OVC,,,1500.0,4000.0,,,VCSH,,,,,,,62.6,KUNV 091153Z 30006KT 10SM VCSH SCT015 OVC040 17/13 A2968,,3.086664,17.0,8.0
UNV,2024-06-09 08:53:00,-77.85,40.85,378.0,62.6,53.6,72.38,320.0,13.0,0.0,29.7,,10.0,18.0,BKN,,,,1500.0,,,,,,,,,,,62.6,KUNV 091253Z 32013G18KT 290V360 10SM BKN015 17/12 A2970,,6.687772,17.0,6.0
UNV,2024-06-09 09:53:00,-77.85,40.85,378.0,64.4,51.8,63.6,330.0,8.0,0.0,29.71,,10.0,16.0,BKN,,,,2900.0,,,,,,,,,,,64.4,KUNV 091353Z 33008G16KT 10SM BKN029 18/11 A2971,,4.115552,18.000000000000004,6.0
UNV,2024-06-09 10:53:00,-77.85,40.85,378.0,68.0,48.2,49.1,320.0,10.0,0.0,29.71,,10.0,18.0,SCT,,,,3200.0,,,,,,,,,,,68.0,KUNV 091453Z 32010G18KT 10SM SCT032 20/09 A2971,,5.14444,20.0,4.0
UNV,2024-06-09 11:53:00,-77.85,40.85,378.0,69.8,48.2,46.16,320.0,13.0,0.0,29.71,,10.0,,SCT,,,,4000.0,,,,,,,,,,,69.8,KUNV 091553Z 32013KT 290V360 10SM SCT040 21/09 A2971,,6.687772,21.0,4.0
UNV,2024-06-09 12:53:00,-77.85,40.85,378.0,69.8,44.6,40.29,320.0,10.0,0.0,29.71,,10.0,22.0,SCT,,,,4500.0,,,,,,,,,,,69.8,KUNV 091653Z 32010G22KT 10SM SCT045 21/07 A2971,,5.14444,21.0,4.0
UNV,2024-06-09 13:53:00,-77.85,40.85,378.0,69.8,46.4,43.13,320.0,10.0,0.0,29.7,,10.0,18.0,BKN,,,,5000.0,,,,,,,,,,,69.8,KUNV 091753Z 32010G18KT 10SM BKN050 21/08 A2970,,5.14444,21.0,6.0
UNV,2024-06-09 14:53:00,-77.85,40.85,378.0,71.6,44.6,37.89,330.0,10.0,0.0,29.7,,10.0,19.0,BKN,,,,6500.0,,,,,,,,,,,71.6,KUNV 091853Z 33010G19KT 10SM BKN065 22/07 A2970,,5.14444,21.999999999999996,6.0
UNV,2024-06-09 15:53:00,-77.85,40.85,378.0,71.6,46.4,40.57,300.0,10.0,0.0,29.7,,10.0,17.0,BKN,,,,6500.0,,,,,,,,,,,71.6,KUNV 091953Z 30010G17KT 10SM BKN065 22/08 A2970,,5.14444,21.999999999999996,6.0
UNV,2024-06-09 16:53:00,-77.85,40.85,378.0,71.6,44.6,37.89,290.0,10.0,0.0,29.69,,10.0,18.0,BKN,,,,6500.0,,,,,,,,,,,71.6,KUNV 092053Z 29010G18KT 10SM BKN065 22/07 A2969,,5.14444,21.999999999999996,6.0
UNV,2024-06-09 17:53:00,-77.85,40.85,378.0,69.8,44.6,40.29,290.0,9.0,0.0,29.68,,10.0,15.0,BKN,,,,6000.0,,,,,,,,,,,69.8,KUNV 092153Z 29009G15KT 10SM BKN060 21/07 A2968,,4.629996,21.0,6.0
UNV,2024-06-09 18:53:00,-77.85,40.85,378.0,69.8,44.6,40.29,280.0,8.0,0.0,29.69,,10.0,14.0,SCT,,,,6000.0,,,,,,,,,,,69.8,KUNV 092253Z 28008G14KT 10SM SCT060 21/07 A2969,,4.115552,21.0,4.0
UNV,2024-06-09 19:53:00,-77.85,40.85,378.0,66.2,48.2,52.25,260.0,9.0,0.0,29.69,,10.0,,SCT,SCT,,,4500.0,6500.0,,,,,,,,,,66.2,KUNV 092353Z 26009KT 10SM SCT045 SCT065 19/09 A2969,,4.629996,19.0,4.0
UNV,2024-06-09 20:53:00,-77.85,40.85,378.0,66.2,46.4,48.83,250.0,7.0,0.0,29.7,,10.0,,SCT,,,,5500.0,,,,,,,,,,,66.2,KUNV 100053Z 25007KT 10SM SCT055 19/08 A2970,,3.601108,19.0,4.0
UNV,2024-06-09 21:53:00,-77.85,40.85,378.0,62.6,46.4,55.37,250.0,13.0,0.0,29.71,,8.0,23.0,SCT,,,,5500.0,,,,-RA,,,,,,,62.6,KUNV 100153Z COR 25013G23KT 8SM -RA SCT055 17/08 A2971,,6.687772,17.0,4.0
UNV,2024-06-09 22:42:00,-77.85,40.85,378.0,60.8,48.2,63.15,330.0,4.0,0.0,29.74,,10.0,,CLR,,,,,,,,,,,,,,,60.8,KUNV 100242Z AUTO 33004KT 10SM CLR 16/09 A2974 RMK AO2,,2.057776,16.0,0.0
UNV,2024-06-09 23:02:00,-77.85,40.85,378.0,60.8,46.4,59.01,310.0,6.0,0.0,29.74,,10.0,,CLR,,,,,,,,,,,,,,,60.8,KUNV 100302Z AUTO 31006KT 10SM CLR 16/08 A2974 RMK AO2,,3.086664,16.0,0.0
UNV,2024-06-09 23:21:00,-77.85,40.85,378.0,60.8,46.4,59.01,310.0,6.0,0.0,29.73,,10.0,,SCT,,,,7500.0,,,,,,,,,,,60.8,KUNV 100321Z AUTO 31006KT 10SM SCT075 16/08 A2973 RMK AO2,,3.086664,16.0,4.0
UNV,2024-06-09 23:41:00,-77.85,40.85,378.0,59.0,46.4,62.92,340.0,4.0,0.0,29.73,,10.0,,CLR,,,,,,,,,,,,,,,59.0,KUNV 100341Z AUTO 34004KT 10SM CLR 15/08 A2973 RMK AO2,,2.057776,15.0,0.0
UNV,2024-06-10 00:21:00,-77.85,40.85,378.0,59.0,46.4,62.92,310.0,4.0,0.0,29.73,,10.0,,CLR,,,,,,,,,,,,,,,59.0,KUNV 100421Z AUTO 31004KT 10SM CLR 15/08 A2973 RMK AO2,,2.057776,15.0,0.0
UNV,2024-06-10 01:02:00,-77.85,40.85,378.0,59.0,46.4,62.92,300.0,4.0,0.0,29.07,,10.0,,CLR,,,,,,,,,,,,,,,59.0,KUNV 100502Z AUTO 30004KT 10SM CLR 15/08 A2907 RMK AO2,,2.057776,15.0,0.0
UNV,2024-06-10 01:21:00,-77.85,40.85,378.0,57.2,46.4,67.12,0.0,0.0,0.0,29.72,,10.0,,CLR,,,,,,,,,,,,,,,57.2,KUNV 100521Z AUTO 00000KT 10SM CLR 14/08 A2972 RMK AO2,,0.0,14.000000000000002,0.0
UNV,2024-06-10 02:02:00,-77.85,40.85,378.0,55.4,50.0,81.99,220.0,3.0,0.0,29.72,,10.0,,CLR,,,,,,,,,,,,,,,55.4,KUNV 100602Z AUTO 22003KT 10SM CLR 13/10 A2972 RMK AO2,,1.543332,13.0,0.0
UNV,2024-06-10 02:22:00,-77.85,40.85,378.0,55.4,50.0,81.99,220.0,4.0,0.0,29.72,,10.0,,CLR,,,,,,,,,,,,,,,55.4,KUNV 100622Z AUTO 22004KT 10SM CLR 13/10 A2972 RMK AO2,,2.057776,13.0,0.0
UNV,2024-06-10 02:41:00,-77.85,40.85,378.0,55.4,48.2,76.66,230.0,3.0,0.0,29.72,,10.0,,CLR,,,,,,,,,,,,,,,55.4,KUNV 100641Z AUTO 23003KT 10SM CLR 13/09 A2972 RMK AO2,,1.543332,13.0,0.0
UNV,2024-06-10 03:01:00,-77.85,40.85,378.0,53.6,50.0,87.56,0.0,0.0,0.0,29.71,,10.0,,CLR,,,,,,,,,,,,,,,53.6,KUNV 100701Z AUTO 00000KT 10SM CLR 12/10 A2971 RMK AO2,,0.0,12.0,0.0
UNV,2024-06-10 03:21:00,-77.85,40.85,378.0,53.6,50.0,87.56,0.0,0.0,0.0,29.71,,10.0,,CLR,,,,,,,,,,,,,,,53.6,KUNV 100721Z AUTO 00000KT 10SM CLR 12/10 A2971 RMK AO2,,0.0,12.0,0.0
UNV,2024-06-10 03:41:00,-77.85,40.85,378.0,53.6,50.0,87.56,0.0,0.0,0.0,29.71,,10.0,,CLR,,,,,,,,,,,,,,,53.6,KUNV 100741Z AUTO 00000KT 10SM CLR 12/10 A2971 RMK AO2,,0.0,12.0,0.0
UNV,2024-06-10 04:02:00,-77.85,40.85,378.0,51.8,51.8,100.0,0.0,0.0,0.0,29.71,,10.0,,CLR,,,,,,,,,,,,,,,51.8,KUNV 100802Z AUTO 00000KT 10SM CLR 11/11 A2971 RMK AO2,,0.0,10.999999999999998,0.0
UNV,2024-06-10 04:42:00,-77.85,40.85,378.0,51.8,51.8,100.0,0.0,0.0,0.0,29.71,,10.0,,CLR,,,,,,,,,,,,,,,51.8,KUNV 100842Z AUTO 00000KT 10SM CLR 11/11 A2971 RMK AO2,,0.0,10.999999999999998,0.0
UNV,2024-06-10 05:22:00,-77.85,40.85,378.0,53.6,50.0,87.56,0.0,0.0,0.0,29.72,,10.0,,CLR,,,,,,,,,,,,,,,53.6,KUNV 100922Z AUTO 00000KT 10SM CLR 12/10 A2972 RMK AO2,,0.0,12.0,0.0
UNV,2024-06-10 05:53:00,-77.85,40.85,378.0,53.6,48.2,81.87,270.0,3.0,0.0,29.72,,10.0,,SCT,,,,1800.0,,,,,,,,,,,53.6,KUNV 100953Z 27003KT 10SM SCT018 12/09 A2972,,1.543332,12.0,4.0
UNV,2024-06-10 06:53:00,-77.85,40.85,378.0,53.6,46.4,76.5,260.0,3.0,0.0,29.73,,10.0,,FEW,,,,2000.0,,,,,,,,,,,53.6,KUNV 101053Z 26003KT 10SM FEW020 12/08 A2973,,1.543332,12.0,2.0
UNV,2024-06-10 07:53:00,-77.85,40.85,378.0,55.4,44.6,66.91,300.0,3.0,0.0,29.76,,10.0,,SCT,,,,2500.0,,,,,,,,,,,55.4,KUNV 101153Z 30003KT 10SM SCT025 13/07 A2976,,1.543332,13.0,4.0
UNV,2024-06-10 08:53:00,-77.85,40.85,378.0,57.2,44.6,62.69,320.0,10.0,0.0,29.77,,10.0,,SCT,,,,2400.0,,,,,,,,,,,57.2,KUNV 101253Z 32010KT 10SM SCT024 14/07 A2977,,5.14444,14.000000000000002,4.0
UNV,2024-06-10 09:53:00,-77.85,40.85,378.0,60.8,46.4,59.01,320.0,10.0,0.0,29.77,,10.0,,SCT,,,,3000.0,,,,,,,,,,,60.8,KUNV 101353Z 32010KT 10SM SCT030 16/08 A2977,,5.14444,16.0,4.0
UNV,2024-06-10 10:53:00,-77.85,40.85,378.0,62.6,46.4,55.37,300.0,8.0,0.0,29.77,,10.0,,SCT,,,,3300.0,,,,,,,,,,,62.6,KUNV 101453Z 30008KT 10SM SCT033 17/08 A2977,,4.115552,17.0,4.0
UNV,2024-06-10 11:53:00,-77.85,40.85,378.0,64.4,48.2,55.63,320.0,8.0,0.0,29.77,,10.0,,BKN,,,,3500.0,,,,,,,,,,,64.4,KUNV 101553Z 32008KT 270V340 10SM BKN035 18/09 A2977,,4.115552,18.000000000000004,6.0
UNV,2024-06-10 12:53:00,-77.85,40.85,378.0,64.4,46.4,51.98,310.0,6.0,0.0,29.76,,10.0,,BKN,,,,4500.0,,,,,,,,,,,64.4,KUNV 101653Z 31006KT 10SM BKN045 18/08 A2976,,3.086664,18.000000000000004,6.0
UNV,2024-06-10 13:53:00,-77.85,40.85,378.0,64.4,46.4,51.98,300.0,9.0,0.0,29.76,,10.0,,BKN,,,,4200.0,,,,,,,,,,,64.4,KUNV 101753Z 30009KT 10SM BKN042 18/08 A2976,,4.629996,18.000000000000004,6.0
UNV,2024-06-10 14:53:00,-77.85,40.85,378.0,68.0,48.2,49.1,300.0,10.0,0.0,29.77,,10.0,,BKN,,,,4300.0,,,,,,,,,,,68.0,KUNV 101853Z 30010KT 270V330 10SM BKN043 20/09 A2977,,5.14444,20.0,6.0
UNV,2024-06-10 15:53:00,-77.85,40.85,378.0,66.2,48.2,52.25,310.0,8.0,0.0,29.77,,10.0,,BKN,,,,4300.0,,,,,,,,,,,66.2,KUNV 101953Z 31008KT 10SM BKN043 19/09 A2977,,4.115552,19.0,6.0
UNV,2024-06-10 16:53:00,-77.85,40.85,378.0,66.2,50.0,55.88,300.0,7.0,0.0,29.78,,10.0,,BKN,,,,4300.0,,,,,,,,,,,66.2,KUNV 102053Z 30007KT 10SM BKN043 19/10 A2978,,3.601108,19.0,6.0
UNV,2024-06-10 17:53:00,-77.85,40.85,378.0,64.4,50.0,59.5,290.0,8.0,0.0,29.79,,10.0,,BKN,,,,4500.0,,,,,,,,,,,64.4,KUNV 102153Z 29008KT 10SM BKN045 18/10 A2979,,4.115552,18.000000000000004,6.0
UNV,2024-06-10 18:53:00,-77.85,40.85,378.0,62.6,50.0,63.38,310.0,7.0,0.0,29.8,,10.0,,BKN,,,,4000.0,,,,,,,,,,,62.6,KUNV 102253Z 31007KT 10SM BKN040 17/10 A2980,,3.601108,17.0,6.0
UNV,2024-06-10 19:53:00,-77.85,40.85,378.0,60.8,50.0,67.54,300.0,10.0,0.0,29.83,,8.0,,BKN,,,,3500.0,,,,-DZ VCSH,,,,,,,60.8,KUNV 102353Z 30010KT 8SM -DZ VCSH BKN035 16/10 A2983,,5.14444,16.0,6.0
UNV,2024-06-10 20:53:00,-77.85,40.85,378.0,57.2,50.0,76.82,270.0,5.0,0.0,29.83,,10.0,,BKN,,,,3900.0,,,,,,,,,,,57.2,KUNV 110053Z 27005KT 10SM BKN039 14/10 A2983,,2.57222,14.000000000000002,6.0
UNV,2024-06-10 21:53:00,-77.85,40.85,378.0,59.0,50.0,72.01,0.0,0.0,0.0,29.84,,10.0,,SCT,,,,5000.0,,,,,,,,,,,59.0,KUNV 110153Z 00000KT 10SM SCT050 15/10 A2984,,0.0,15.0,4.0
UNV,2024-06-10 22:22:00,-77.85,40.85,378.0,57.2,50.0,76.82,0.0,0.0,0.0,29.85,,10.0,,CLR,,,,,,,,,,,,,,,57.2,KUNV 110222Z AUTO 00000KT 10SM CLR 14/10 A2985 RMK AO2,,0.0,14.000000000000002,0.0
UNV,2024-06-10 22:41:00,-77.85,40.85,378.0,57.2,48.2,71.83,0.0,0.0,0.0,29.86,,10.0,,SCT,,,,2200.0,,,,,,,,,,,57.2,KUNV 110241Z AUTO 00000KT 10SM SCT022 14/09 A2986 RMK AO2,,0.0,14.000000000000002,4.0
UNV,2024-06-10 23:02:00,-77.85,40.85,378.0,55.4,48.2,76.66,0.0,0.0,0.0,29.87,,10.0,,SCT,BKN,,,2400.0,3000.0,,,,,,,,,,55.4,KUNV 110302Z AUTO 00000KT 10SM SCT024 BKN030 13/09 A2987 RMK AO2,,0.0,13.0,6.0
UNV,2024-06-10 23:21:00,-77.85,40.85,378.0,57.2,48.2,71.83,0.0,0.0,0.0,29.88,,10.0,,BKN,,,,2700.0,,,,,,,,,,,57.2,KUNV 110321Z AUTO 00000KT 10SM BKN027 14/09 A2988 RMK AO2,,0.0,14.000000000000002,6.0
UNV,2024-06-10 23:42:00,-77.85,40.85,378.0,57.2,46.4,67.12,0.0,0.0,0.0,29.88,,10.0,,OVC,,,,2700.0,,,,,,,,,,,57.2,KUNV 110342Z AUTO 00000KT 10SM OVC027 14/08 A2988 RMK AO2,,0.0,14.000000000000002,8.0
UNV,2024-06-11 00:22:00,-77.85,40.85,378.0,55.4,46.4,71.64,0.0,0.0,0.0,29.89,,10.0,,BKN,OVC,,,2500.0,3000.0,,,,,,,,,,55.4,KUNV 110422Z AUTO 00000KT 10SM BKN025 OVC030 13/08 A2989 RMK AO2,,0.0,13.0,8.0
UNV,2024-06-11 00:41:00,-77.85,40.85,378.0,55.4,46.4,71.64,0.0,0.0,0.0,29.9,,10.0,,OVC,,,,2500.0,,,,,,,,,,,55.4,KUNV 110441Z AUTO 00000KT 10SM OVC025 13/08 A2990 RMK AO2,,0.0,13.0,8.0
UNV,2024-06-11 01:22:00,-77.85,40.85,378.0,55.4,44.6,66.91,0.0,0.0,0.0,29.91,,10.0,,OVC,,,,2900.0,,,,,,,,,,,55.4,KUNV 110522Z AUTO 00000KT 10SM OVC029 13/07 A2991 RMK AO2,,0.0,13.0,8.0
UNV,2024-06-11 02:02:00,-77.85,40.85,378.0,55.4,44.6,66.91,0.0,0.0,0.0,29.91,,10.0,,OVC,,,,2700.0,,,,,,,,,,,55.4,KUNV 110602Z AUTO 00000KT 10SM OVC027 13/07 A2991 RMK AO2,,0.0,13.0,8.0
UNV,2024-06-11 02:42:00,-77.85,40.85,378.0,53.6,46.4,76.5,0.0,0.0,0.0,29.91,,10.0,,OVC,,,,2700.0,,,,,,,,,,,53.6,KUNV 110642Z AUTO 00000KT 10SM OVC027 12/08 A2991 RMK AO2,,0.0,12.0,8.0
UNV,2024-06-11 03:01:00,-77.85,40.85,378.0,53.6,46.4,76.5,0.0,0.0,0.0,29.91,,10.0,,OVC,,,,2900.0,,,,,,,,,,,53.6,KUNV 110701Z AUTO 00000KT 10SM OVC029 12/08 A2991 RMK AO2,,0.0,12.0,8.0
UNV,2024-06-11 03:42:00,-77.85,40.85,378.0,53.6,46.4,76.5,0.0,0.0,0.0,29.91,,10.0,,BKN,,,,2700.0,,,,,,,,,,,53.6,KUNV 110742Z AUTO 00000KT 10SM BKN027 12/08 A2991 RMK AO2,,0.0,12.0,6.0
UNV,2024-06-11 04:02:00,-77.85,40.85,378.0,53.6,46.4,76.5,0.0,0.0,0.0,29.91,,10.0,,BKN,,,,2500.0,,,,,,,,,,,53.6,KUNV 110802Z AUTO 00000KT 10SM BKN025 12/08 A2991 RMK AO2,,0.0,12.0,6.0
UNV,2024-06-11 04:21:00,-77.85,40.85,378.0,53.6,46.4,76.5,0.0,0.0,0.0,29.91,,10.0,,OVC,,,,2700.0,,,,,,,,,,,53.6,KUNV 110821Z AUTO 00000KT 10SM OVC027 12/08 A2991 RMK AO2,,0.0,12.0,8.0
UNV,2024-06-11 04:42:00,-77.85,40.85,378.0,53.6,46.4,76.5,0.0,0.0,0.0,29.92,,10.0,,OVC,,,,2900.0,,,,,,,,,,,53.6,KUNV 110842Z AUTO 00000KT 10SM OVC029 12/08 A2992 RMK AO2,,0.0,12.0,8.0
UNV,2024-06-11 05:02:00,-77.85,40.85,378.0,53.6,46.4,76.5,0.0,0.0,0.0,29.92,,10.0,,OVC,,,,2900.0,,,,,,,,,,,53.6,KUNV 110902Z AUTO 00000KT 10SM OVC029 12/08 A2992 RMK AO2,,0.0,12.0,8.0
UNV,2024-06-11 05:53:00,-77.85,40.85,378.0,53.6,46.4,76.5,0.0,0.0,0.0,29.93,,10.0,,OVC,,,,2900.0,,,,,,,,,,,53.6,KUNV 110953Z 00000KT 10SM OVC029 12/08 A2993,,0.0,12.0,8.0
UNV,2024-06-11 06:53:00,-77.85,40.85,378.0,53.6,48.2,81.87,0.0,0.0,0.0,29.95,,10.0,,OVC,,,,3100.0,,,,,,,,,,,53.6,KUNV 111053Z 00000KT 10SM OVC031 12/09 A2995,,0.0,12.0,8.0
UNV,2024-06-11 07:53:00,-77.85,40.85,378.0,53.6,46.4,76.5,0.0,0.0,0.0,29.96,,10.0,,OVC,,,,3100.0,,,,,,,,,,,53.6,KUNV 111153Z 00000KT 10SM OVC031 12/08 A2996,,0.0,12.0,8.0
UNV,2024-06-11 08:53:00,-77.85,40.85,378.0,55.4,48.2,76.66,0.0,0.0,0.0,29.99,,10.0,,OVC,,,,3100.0,,,,,,,,,,,55.4,KUNV 111253Z 00000KT 10SM OVC031 13/09 A2999,,0.0,13.0,8.0
UNV,2024-06-11 09:53:00,-77.85,40.85,378.0,57.2,48.2,71.83,0.0,0.0,0.0,29.99,,10.0,,OVC,,,,3300.0,,,,,,,,,,,57.2,KUNV 111353Z 00000KT 10SM OVC033 14/09 A2999,,0.0,14.000000000000002,8.0
UNV,2024-06-11 10:53:00,-77.85,40.85,378.0,59.0,48.2,67.33,0.0,0.0,0.0,29.99,,10.0,,BKN,OVC,,,3200.0,3500.0,,,,,,,,,,59.0,KUNV 111453Z 00000KT 10SM BKN032 OVC035 15/09 A2999,,0.0,15.0,8.0
UNV,2024-06-11 11:06:00,-77.85,40.85,378.0,59.0,46.4,62.92,300.0,4.0,0.0,30.0,,10.0,,BKN,OVC,,,2500.0,2800.0,,,,,,,,,,59.0,KUNV 111506Z 30004KT 10SM BKN025 OVC028 15/08 A3000,,2.057776,15.0,8.0
UNV,2024-06-11 11:53:00,-77.85,40.85,378.0,60.8,46.4,59.01,330.0,6.0,0.0,30.0,,10.0,,BKN,,,,3000.0,,,,,,,,,,,60.8,KUNV 111553Z 33006KT 10SM BKN030 16/08 A3000,,3.086664,16.0,6.0
UNV,2024-06-11 12:53:00,-77.85,40.85,378.0,60.8,46.4,59.01,280.0,5.0,0.0,30.0,,10.0,,BKN,,,,3400.0,,,,,,,,,,,60.8,KUNV 111653Z 28005KT 10SM BKN034 16/08 A3000,,2.57222,16.0,6.0
UNV,2024-06-11 13:53:00,-77.85,40.85,378.0,64.4,44.6,48.55,300.0,5.0,0.0,30.0,,10.0,,BKN,BKN,,,3800.0,4300.0,,,,,,,,,,64.4,KUNV 111753Z 30005KT 10SM BKN038 BKN043 18/07 A3000,,2.57222,18.000000000000004,6.0
UNV,2024-06-11 14:53:00,-77.85,40.85,378.0,64.4,46.4,51.98,250.0,7.0,0.0,29.99,,10.0,,BKN,,,,4500.0,,,,,,,,,,,64.4,KUNV 111853Z 25007KT 10SM BKN045 18/08 A2999,,3.601108,18.000000000000004,6.0
UNV,2024-06-11 15:53:00,-77.85,40.85,378.0,66.2,46.4,48.83,290.0,5.0,0.0,29.99,,10.0,,BKN,,,,4800.0,,,,,,,,,,,66.2,KUNV 111953Z 29005KT 10SM BKN048 19/08 A2999,,2.57222,19.0,6.0
UNV,2024-06-11 16:53:00,-77.85,40.85,378.0,62.6,46.4,55.37,,4.0,0.0,29.99,,10.0,,BKN,,,,4400.0,,,,,,,,,,,62.6,KUNV 112053Z VRB04KT 10SM BKN044 17/08 A2999,,2.057776,17.0,6.0
UNV,2024-06-11 17:53:00,-77.85,40.85,378.0,64.4,46.4,51.98,,4.0,0.0,29.99,,10.0,,BKN,,,,4400.0,,,,,,,,,,,64.4,KUNV 112153Z VRB04KT 10SM BKN044 18/08 A2999,,2.057776,18.000000000000004,6.0
UNV,2024-06-11 18:53:00,-77.85,40.85,378.0,62.6,50.0,63.38,0.0,0.0,0.0,30.0,,10.0,,BKN,,,,4800.0,,,,,,,,,,,62.6,KUNV 112253Z 00000KT 10SM BKN048 17/10 A3000,,0.0,17.0,6.0
UNV,2024-06-11 19:53:00,-77.85,40.85,378.0,62.6,50.0,63.38,0.0,0.0,0.0,30.01,,10.0,,BKN,,,,4800.0,,,,,,,,,,,62.6,KUNV 112353Z 00000KT 10SM BKN048 17/10 A3001,,0.0,17.0,6.0
UNV,2024-06-11 20:53:00,-77.85,40.85,378.0,60.8,50.0,67.54,,5.0,0.0,30.01,,10.0,,BKN,,,,5000.0,,,,,,,,,,,60.8,KUNV 120053Z VRB05KT 10SM BKN050 16/10 A3001,,2.57222,16.0,6.0
UNV,2024-06-11 21:53:00,-77.85,40.85,378.0,59.0,50.0,72.01,,5.0,0.0,30.03,,10.0,,SCT,,,,5000.0,,,,,,,,,,,59.0,KUNV 120153Z VRB05KT 10SM SCT050 15/10 A3003,,2.57222,15.0,4.0
UNV,2024-06-11 22:23:00,-77.85,40.85,378.0,55.4,33.8,43.9,0.0,0.0,0.0,30.04,,10.0,,CLR,,,,,,,,,,,,,,,55.4,KUNV 120223Z AUTO 00000KT 10SM CLR 13/01 A3004 RMK AO2,,0.0,13.0,0.0
UNV,2024-06-11 22:42:00,-77.85,40.85,378.0,55.4,33.8,43.9,0.0,0.0,0.0,30.04,,10.0,,CLR,,,,,,,,,,,,,,,55.4,KUNV 120242Z AUTO 00000KT 10SM CLR 13/01 A3004 RMK AO2,,0.0,13.0,0.0
UNV,2024-06-11 23:02:00,-77.85,40.85,378.0,55.4,50.0,81.99,0.0,0.0,0.0,30.04,,10.0,,CLR,,,,,,,,,,,,,,,55.4,KUNV 120302Z AUTO 00000KT 10SM CLR 13/10 A3004 RMK AO2,,0.0,13.0,0.0
UNV,2024-06-11 23:41:00,-77.85,40.85,378.0,55.4,50.0,81.99,0.0,0.0,0.0,30.05,,10.0,,CLR,,,,,,,,,,,,,,,55.4,KUNV 120341Z AUTO 00000KT 10SM CLR 13/10 A3005 RMK AO2,,0.0,13.0,0.0
UNV,2024-06-12 00:02:00,-77.85,40.85,378.0,53.6,50.0,87.56,0.0,0.0,0.0,30.05,,10.0,,CLR,,,,,,,,,,,,,,,53.6,KUNV 120402Z AUTO 00000KT 10SM CLR 12/10 A3005 RMK AO2,,0.0,12.0,0.0
UNV,2024-06-12 00:42:00,-77.85,40.85,378.0,51.8,51.8,100.0,0.0,0.0,0.0,30.06,,10.0,,CLR,,,,,,,,,,,,,,,51.8,KUNV 120442Z AUTO 00000KT 10SM CLR 11/11 A3006 RMK AO2,,0.0,10.999999999999998,0.0
UNV,2024-06-12 01:02:00,-77.85,40.85,378.0,53.6,51.8,93.6,0.0,0.0,0.0,30.05,,10.0,,CLR,,,,,,,,,,,,,,,53.6,KUNV 120502Z AUTO 00000KT 10SM CLR 12/11 A3005 RMK AO2,,0.0,12.0,0.0
UNV,2024-06-12 01:22:00,-77.85,40.85,378.0,51.8,50.0,93.55,0.0,0.0,0.0,30.05,,10.0,,CLR,,,,,,,,,,,,,,,51.8,KUNV 120522Z AUTO 00000KT 10SM CLR 11/10 A3005 RMK AO2,,0.0,10.999999999999998,0.0
UNV,2024-06-12 02:02:00,-77.85,40.85,378.0,50.0,50.0,100.0,0.0,0.0,0.0,30.05,,10.0,,CLR,,,,,,,,,,,,,,,50.0,KUNV 120602Z AUTO 00000KT 10SM CLR 10/10 A3005 RMK AO2,,0.0,10.0,0.0
UNV,2024-06-12 02:21:00,-77.85,40.85,378.0,50.0,50.0,100.0,0.0,0.0,0.0,30.05,,10.0,,CLR,,,,,,,,,,,,,,,50.0,KUNV 120621Z AUTO 00000KT 10SM CLR 10/10 A3005 RMK AO2,,0.0,10.0,0.0
UNV,2024-06-12 02:42:00,-77.85,40.85,378.0,50.0,50.0,100.0,0.0,0.0,0.0,30.05,,10.0,,CLR,,,,,,,,,,,,,,,50.0,KUNV 120642Z AUTO 00000KT 10SM CLR 10/10 A3005 RMK AO2,,0.0,10.0,0.0
UNV,2024-06-12 03:22:00,-77.85,40.85,378.0,50.0,50.0,100.0,0.0,0.0,0.0,30.05,,10.0,,CLR,,,,,,,,,,,,,,,50.0,KUNV 120722Z AUTO 00000KT 10SM CLR 10/10 A3005 RMK AO2,,0.0,10.0,0.0
UNV,2024-06-12 03:42:00,-77.85,40.85,378.0,48.2,48.2,100.0,0.0,0.0,0.0,30.04,,10.0,,CLR,,,,,,,,,,,,,,,48.2,KUNV 120742Z AUTO 00000KT 10SM CLR 09/09 A3004 RMK AO2,,0.0,9.000000000000002,0.0
UNV,2024-06-12 04:02:00,-77.85,40.85,378.0,48.2,48.2,100.0,0.0,0.0,0.0,30.05,,10.0,,CLR,,,,,,,,,,,,,,,48.2,KUNV 120802Z AUTO 00000KT 10SM CLR 09/09 A3005 RMK AO2,,0.0,9.000000000000002,0.0
UNV,2024-06-12 04:42:00,-77.85,40.85,378.0,48.2,48.2,100.0,0.0,0.0,0.0,30.05,,10.0,,CLR,,,,,,,,,,,,,,,48.2,KUNV 120842Z AUTO 00000KT 10SM CLR 09/09 A3005 RMK AO2,,0.0,9.000000000000002,0.0
UNV,2024-06-12 05:22:00,-77.85,40.85,378.0,48.2,48.2,100.0,0.0,0.0,0.0,30.05,,10.0,,CLR,,,,,,,,,,,,,,,48.2,KUNV 120922Z AUTO 00000KT 10SM CLR 09/09 A3005 RMK AO2,,0.0,9.000000000000002,0.0
UNV,2024-06-12 05:53:00,-77.85,40.85,378.0,48.2,48.2,100.0,190.0,4.0,0.0,30.06,,10.0,,CLR,,,,,,,,,,,,,,,46.34,KUNV 120953Z 19004KT 10SM CLR 09/09 A3006,,2.057776,9.000000000000002,0.0
UNV,2024-06-12 06:53:00,-77.85,40.85,378.0,48.2,48.2,100.0,180.0,4.0,0.0,30.08,,10.0,,CLR,,,,,,,,,,,,,,,46.34,KUNV 121053Z 18004KT 10SM CLR 09/09 A3008,,2.057776,9.000000000000002,0.0
UNV,2024-06-12 07:53:00,-77.85,40.85,378.0,53.6,50.0,87.56,0.0,0.0,0.0,30.08,,10.0,,CLR,,,,,,,,,,,,,,,53.6,KUNV 121153Z 00000KT 10SM CLR 12/10 A3008,,0.0,12.0,0.0
UNV,2024-06-12 08:53:00,-77.85,40.85,378.0,59.0,51.8,76.98,220.0,4.0,0.0,30.09,,10.0,,CLR,,,,,,,,,,,,,,,59.0,KUNV 121253Z 22004KT 10SM CLR 15/11 A3009,,2.057776,15.0,0.0
UNV,2024-06-12 09:53:00,-77.85,40.85,378.0,64.4,51.8,63.6,250.0,7.0,0.0,30.09,,10.0,,CLR,,,,,,,,,,,,,,,64.4,KUNV 121353Z 25007KT 10SM CLR 18/11 A3009,,3.601108,18.000000000000004,0.0
UNV,2024-06-12 10:53:00,-77.85,40.85,378.0,68.0,51.8,56.13,230.0,5.0,0.0,30.08,,10.0,,CLR,,,,,,,,,,,,,,,68.0,KUNV 121453Z 23005KT 10SM CLR 20/11 A3008,,2.57222,20.0,0.0
UNV,2024-06-12 11:53:00,-77.85,40.85,378.0,69.8,46.4,43.13,280.0,10.0,0.0,30.07,,10.0,16.0,SCT,,,,4500.0,,,,,,,,,,,69.8,KUNV 121553Z COR 28010G16KT 10SM SCT045 21/08 A3007,,5.14444,21.0,4.0
UNV,2024-06-12 12:53:00,-77.85,40.85,378.0,73.4,48.2,40.85,300.0,7.0,0.0,30.06,,10.0,,SCT,,,,4500.0,,,,,,,,,,,73.4,KUNV 121653Z 30007KT 10SM SCT045 23/09 A3006,,3.601108,23.000000000000004,4.0
UNV,2024-06-12 13:53:00,-77.85,40.85,378.0,73.4,46.4,38.18,280.0,11.0,0.0,30.05,,10.0,,SCT,,,,4500.0,,,,,,,,,,,73.4,KUNV 121753Z 28011KT 10SM SCT045 23/08 A3005,,5.6588840000000005,23.000000000000004,4.0
UNV,2024-06-12 14:53:00,-77.85,40.85,378.0,75.2,46.4,35.94,330.0,6.0,0.0,30.03,,10.0,,SCT,,,,4500.0,,,,,,,,,,,75.2,KUNV 121853Z 33006KT 10SM SCT045 24/08 A3003,,3.086664,24.0,4.0
UNV,2024-06-12 15:53:00,-77.85,40.85,378.0,77.0,48.2,36.22,350.0,4.0,0.0,30.02,,10.0,,SCT,,,,4500.0,,,,,,,,,,,77.0,KUNV 121953Z 35004KT 10SM SCT045 25/09 A3002,,2.057776,25.0,4.0
UNV,2024-06-12 16:53:00,-77.85,40.85,378.0,75.2,48.2,38.46,240.0,6.0,0.0,30.01,,10.0,,SCT,,,,4500.0,,,,,,,,,,,75.2,KUNV 122053Z 24006KT 10SM SCT045 24/09 A3001,,3.086664,24.0,4.0
UNV,2024-06-12 17:53:00,-77.85,40.85,378.0,75.2,48.2,38.46,280.0,6.0,0.0,30.0,,10.0,,SCT,,,,5000.0,,,,,,,,,,,75.2,KUNV 122153Z 28006KT 10SM SCT050 24/09 A3000,,3.086664,24.0,4.0
UNV,2024-06-12 18:53:00,-77.85,40.85,378.0,75.2,50.0,41.14,240.0,5.0,0.0,30.0,,10.0,,SCT,,,,7000.0,,,,,,,,,,,75.2,KUNV 122253Z 24005KT 10SM SCT070 24/10 A3000,,2.57222,24.0,4.0
UNV,2024-06-12 19:53:00,-77.85,40.85,378.0,73.4,50.0,43.69,260.0,6.0,0.0,30.01,,10.0,,SCT,,,,9000.0,,,,,,,,,,,73.4,KUNV 122353Z 26006KT 10SM SCT090 23/10 A3001,,3.086664,23.000000000000004,4.0
UNV,2024-06-12 20:53:00,-77.85,40.85,378.0,69.8,51.8,52.77,240.0,3.0,0.0,30.01,,10.0,,CLR,,,,,,,,,,,,,,,69.8,KUNV 130053Z 24003KT 10SM CLR 21/11 A3001,,1.543332,21.0,0.0
UNV,2024-06-12 21:53:00,-77.85,40.85,378.0,66.2,51.8,59.74,250.0,4.0,0.0,30.03,,10.0,,CLR,,,,,,,,,,,,,,,66.2,KUNV 130153Z 25004KT 10SM CLR 19/11 A3003,,2.057776,19.0,0.0
UNV,2024-06-12 22:21:00,-77.85,40.85,378.0,64.4,51.8,63.6,0.0,0.0,0.0,30.04,,10.0,,CLR,,,,,,,,,,,,,,,64.4,KUNV 130221Z AUTO 00000KT 10SM CLR 18/11 A3004 RMK AO2,,0.0,18.000000000000004,0.0
UNV,2024-06-12 22:42:00,-77.85,40.85,378.0,64.4,51.8,63.6,0.0,0.0,0.0,30.03,,10.0,,CLR,,,,,,,,,,,,,,,64.4,KUNV 130242Z AUTO 00000KT 10SM CLR 18/11 A3003 RMK AO2,,0.0,18.000000000000004,0.0
UNV,2024-06-12 23:02:00,-77.85,40.85,378.0,64.4,51.8,63.6,0.0,0.0,0.0,30.03,,10.0,,CLR,,,,,,,,,,,,,,,64.4,KUNV 130302Z AUTO 00000KT 10SM CLR 18/11 A3003 RMK AO2,,0.0,18.000000000000004,0.0
UNV,2024-06-12 23:42:00,-77.85,40.85,378.0,60.8,51.8,72.2,0.0,0.0,0.0,30.03,,10.0,,CLR,,,,,,,,,,,,,,,60.8,KUNV 130342Z AUTO 00000KT 10SM CLR 16/11 A3003 RMK AO2,,0.0,16.0,0.0
UNV,2024-06-13 00:22:00,-77.85,40.85,378.0,62.6,51.8,67.75,0.0,0.0,0.0,30.03,,10.0,,CLR,,,,,,,,,,,,,,,62.6,KUNV 130422Z AUTO 00000KT 10SM CLR 17/11 A3003 RMK AO2,,0.0,17.0,0.0
UNV,2024-06-13 00:42:00,-77.85,40.85,378.0,60.8,51.8,72.2,0.0,0.0,0.0,30.0,,10.0,,CLR,,,,,,,,,,,,,,,60.8,KUNV 130442Z AUTO 00000KT 10SM CLR 16/11 A3000 RMK AO2,,0.0,16.0,0.0
UNV,2024-06-13 01:01:00,-77.85,40.85,378.0,60.8,50.0,67.54,0.0,0.0,0.0,30.02,,10.0,,CLR,,,,,,,,,,,,,,,60.8,KUNV 130501Z AUTO 00000KT 10SM CLR 16/10 A3002 RMK AO2,,0.0,16.0,0.0
UNV,2024-06-13 01:41:00,-77.85,40.85,378.0,59.0,51.8,76.98,0.0,0.0,0.0,30.03,,10.0,,CLR,,,,,,,,,,,,,,,59.0,KUNV 130541Z AUTO 00000KT 10SM CLR 15/11 A3003 RMK AO2,,0.0,15.0,0.0
UNV,2024-06-13 02:02:00,-77.85,40.85,378.0,59.0,51.8,76.98,0.0,0.0,0.0,30.03,,10.0,,CLR,,,,,,,,,,,,,,,59.0,KUNV 130602Z AUTO 00000KT 10SM CLR 15/11 A3003 RMK AO2,,0.0,15.0,0.0
UNV,2024-06-13 02:42:00,-77.85,40.85,378.0,57.2,51.8,82.12,0.0,0.0,0.0,30.03,,10.0,,CLR,,,,,,,,,,,,,,,57.2,KUNV 130642Z AUTO 00000KT 10SM CLR 14/11 A3003 RMK AO2,,0.0,14.000000000000002,0.0
UNV,2024-06-13 03:02:00,-77.85,40.85,378.0,57.2,51.8,82.12,0.0,0.0,0.0,30.02,,10.0,,CLR,,,,,,,,,,,,,,,57.2,KUNV 130702Z AUTO 00000KT 10SM CLR 14/11 A3002 RMK AO2,,0.0,14.000000000000002,0.0
UNV,2024-06-13 03:41:00,-77.85,40.85,378.0,57.2,51.8,82.12,0.0,0.0,0.0,30.03,,10.0,,CLR,,,,,,,,,,,,,,,57.2,KUNV 130741Z AUTO 00000KT 10SM CLR 14/11 A3003 RMK AO2,,0.0,14.000000000000002,0.0
UNV,2024-06-13 04:02:00,-77.85,40.85,378.0,57.2,51.8,82.12,0.0,0.0,0.0,30.03,,10.0,,CLR,,,,,,,,,,,,,,,57.2,KUNV 130802Z AUTO 00000KT 10SM CLR 14/11 A3003 RMK AO2,,0.0,14.000000000000002,0.0
UNV,2024-06-13 04:42:00,-77.85,40.85,378.0,55.4,53.6,93.65,0.0,0.0,0.0,30.03,,10.0,,CLR,,,,,,,,,,,,,,,55.4,KUNV 130842Z AUTO 00000KT 10SM CLR 13/12 A3003 RMK AO2,,0.0,13.0,0.0
UNV,2024-06-13 05:21:00,-77.85,40.85,378.0,55.4,53.6,93.65,0.0,0.0,0.0,30.04,,10.0,,CLR,,,,,,,,,,,,,,,55.4,KUNV 130921Z AUTO 00000KT 10SM CLR 13/12 A3004 RMK AO2,,0.0,13.0,0.0
UNV,2024-06-13 05:53:00,-77.85,40.85,378.0,55.4,51.8,87.65,0.0,0.0,0.0,30.03,,10.0,,CLR,,,,,,,,,,,,,,,55.4,KUNV 130953Z 00000KT 10SM CLR 13/11 A3003,,0.0,13.0,0.0
UNV,2024-06-13 06:53:00,-77.85,40.85,378.0,57.2,51.8,82.12,190.0,5.0,0.0,30.03,,10.0,,CLR,,,,,,,,,,,,,,,57.2,KUNV 131053Z 19005KT 10SM CLR 14/11 A3003,,2.57222,14.000000000000002,0.0
UNV,2024-06-13 07:53:00,-77.85,40.85,378.0,60.8,53.6,77.14,180.0,4.0,0.0,30.03,,10.0,,CLR,,,,,,,,,,,,,,,60.8,KUNV 131153Z 18004KT 10SM CLR 16/12 A3003,,2.057776,16.0,0.0
UNV,2024-06-13 08:53:00,-77.85,40.85,378.0,66.2,55.4,68.15,0.0,0.0,0.0,30.05,,10.0,,CLR,,,,,,,,,,,,,,,66.2,KUNV 131253Z 00000KT 10SM CLR 19/13 A3005,,0.0,19.0,0.0
UNV,2024-06-13 09:53:00,-77.85,40.85,378.0,71.6,55.4,56.63,180.0,4.0,0.0,30.04,,10.0,,CLR,,,,,,,,,,,,,,,71.6,KUNV 131353Z 18004KT 10SM CLR 22/13 A3004,,2.057776,21.999999999999996,0.0
UNV,2024-06-13 10:53:00,-77.85,40.85,378.0,75.2,53.6,46.98,220.0,8.0,0.0,30.04,,10.0,,CLR,,,,,,,,,,,,,,,75.2,KUNV 131453Z 22008KT 10SM CLR 24/12 A3004,,4.115552,24.0,0.0
UNV,2024-06-13 11:53:00,-77.85,40.85,378.0,78.8,53.6,41.69,230.0,7.0,0.0,30.03,,10.0,,CLR,,,,,,,,,,,,,,,78.8,KUNV 131553Z 23007KT 10SM CLR 26/12 A3003,,3.601108,26.0,0.0
UNV,2024-06-13 12:53:00,-77.85,40.85,378.0,80.6,53.6,39.3,180.0,6.0,0.0,30.01,,10.0,,CLR,,,,,,,,,,,,,,,80.29,KUNV 131653Z 18006KT 10SM CLR 27/12 A3001,,3.086664,26.999999999999996,0.0
UNV,2024-06-13 13:53:00,-77.85,40.85,378.0,82.4,53.6,37.07,210.0,9.0,0.0,30.0,,10.0,,FEW,,,,5500.0,,,,,,,,,,,81.46,KUNV 131753Z 21009KT 10SM FEW055 28/12 A3000,,4.629996,28.000000000000004,2.0
UNV,2024-06-13 14:53:00,-77.85,40.85,378.0,82.4,53.6,37.07,240.0,6.0,0.0,29.98,,10.0,,CLR,,,,,,,,,,,,,,,81.46,KUNV 131853Z 24006KT 10SM CLR 28/12 A2998,,3.086664,28.000000000000004,0.0
UNV,2024-06-13 15:53:00,-77.85,40.85,378.0,82.4,53.6,37.07,210.0,11.0,0.0,29.98,,10.0,,FEW,,,,6000.0,,,,,,,,,,,81.46,KUNV 131953Z 21011KT 10SM FEW060 28/12 A2998,,5.6588840000000005,28.000000000000004,2.0
UNV,2024-06-13 16:53:00,-77.85,40.85,378.0,84.2,57.2,39.86,210.0,9.0,0.0,29.95,,10.0,,FEW,,,,6000.0,,,,,,,,,,,83.47,KUNV 132053Z 21009KT 10SM FEW060 29/14 A2995,,4.629996,29.0,2.0
UNV,2024-06-13 17:53:00,-77.85,40.85,378.0,84.2,59.0,42.52,210.0,7.0,0.0,29.95,,10.0,,SCT,,,,5000.0,,,,,,,,,,,83.92,KUNV 132153Z 21007KT 10SM SCT050 29/15 A2995,,3.601108,29.0,4.0
UNV,2024-06-13 18:53:00,-77.85,40.85,378.0,82.4,57.2,42.25,220.0,6.0,0.0,29.95,,10.0,,FEW,,,,5000.0,,,,,,,,,,,82.08,KUNV 132253Z 22006KT 10SM FEW050 28/14 A2995,,3.086664,28.000000000000004,2.0
UNV,2024-06-13 19:53:00,-77.85,40.85,378.0,80.6,55.4,41.97,180.0,8.0,0.0,29.94,,10.0,,FEW,,,,6000.0,,,,,,,,,,,80.53,KUNV 132353Z 18008KT 10SM FEW060 27/13 A2994,,4.115552,26.999999999999996,2.0
UNV,2024-06-13 20:53:00,-77.85,40.85,378.0,75.2,53.6,46.98,240.0,5.0,0.0,29.94,,10.0,,CLR,,,,,,,,,,,,,,,75.2,KUNV 140053Z 24005KT 10SM CLR 24/12 A2994,,2.57222,24.0,0.0
UNV,2024-06-13 21:53:00,-77.85,40.85,378.0,75.2,55.4,50.17,250.0,3.0,0.0,29.95,,10.0,,CLR,,,,,,,,,,,,,,,75.2,KUNV 140153Z 25003KT 10SM CLR 24/13 A2995,,1.543332,24.0,0.0
UNV,2024-06-13 22:22:00,-77.85,40.85,378.0,69.8,55.4,60.21,220.0,3.0,0.0,29.95,,10.0,,CLR,,,,,,,,,,,,,,,69.8,KUNV 140222Z AUTO 22003KT 10SM CLR 21/13 A2995 RMK AO2,,1.543332,21.0,0.0
UNV,2024-06-13 23:01:00,-77.85,40.85,378.0,69.8,55.4,60.21,0.0,0.0,0.0,29.96,,10.0,,CLR,,,,,,,,,,,,,,,69.8,KUNV 140301Z AUTO 00000KT 10SM CLR 21/13 A2996 RMK AO2,,0.0,21.0,0.0
UNV,2024-06-13 23:22:00,-77.85,40.85,378.0,68.0,55.4,64.04,0.0,0.0,0.0,29.09,,10.0,,CLR,,,,,,,,,,,,,,,68.0,KUNV 140322Z AUTO 00000KT 10SM CLR 20/13 A2909 RMK AO2,,0.0,20.0,0.0
UNV,2024-06-14 00:01:00,-77.85,40.85,378.0,68.0,55.4,64.04,0.0,0.0,0.0,29.94,,10.0,,CLR,,,,,,,,,,,,,,,68.0,KUNV 140401Z AUTO 00000KT 10SM CLR 20/13 A2994 RMK AO2,,0.0,20.0,0.0
UNV,2024-06-14 00:22:00,-77.85,40.85,378.0,69.8,53.6,56.38,270.0,5.0,0.0,29.94,,10.0,,CLR,,,,,,,,,,,,,,,69.8,KUNV 140422Z AUTO 27005KT 10SM CLR 21/12 A2994 RMK AO2,,2.57222,21.0,0.0
UNV,2024-06-14 01:01:00,-77.85,40.85,378.0,66.2,55.4,68.15,0.0,0.0,0.0,29.93,,10.0,,CLR,,,,,,,,,,,,,,,66.2,KUNV 140501Z AUTO 00000KT 10SM CLR 19/13 A2993 RMK AO2,,0.0,19.0,0.0
UNV,2024-06-14 01:42:00,-77.85,40.85,378.0,64.4,53.6,67.95,0.0,0.0,0.0,29.93,,10.0,,CLR,,,,,,,,,,,,,,,64.4,KUNV 140542Z AUTO 00000KT 10SM CLR 18/12 A2993 RMK AO2,,0.0,18.000000000000004,0.0
UNV,2024-06-14 02:22:00,-77.85,40.85,378.0,64.4,53.6,67.95,240.0,3.0,0.0,29.93,,10.0,,CLR,,,,,,,,,,,,,,,64.4,KUNV 140622Z AUTO 24003KT 10SM CLR 18/12 A2993 RMK AO2,,1.543332,18.000000000000004,0.0
UNV,2024-06-14 02:42:00,-77.85,40.85,378.0,62.6,53.6,72.38,0.0,0.0,0.0,29.92,,10.0,,CLR,,,,,,,,,,,,,,,62.6,KUNV 140642Z AUTO 00000KT 10SM CLR 17/12 A2992 RMK AO2,,0.0,17.0,0.0
UNV,2024-06-14 03:21:00,-77.85,40.85,378.0,62.6,53.6,72.38,230.0,3.0,0.0,29.92,,10.0,,CLR,,,,,,,,,,,,,,,62.6,KUNV 140721Z AUTO 23003KT 10SM CLR 17/12 A2992 RMK AO2,,1.543332,17.0,0.0
UNV,2024-06-14 04:02:00,-77.85,40.85,378.0,62.6,53.6,72.38,0.0,0.0,0.0,29.91,,10.0,,CLR,,,,,,,,,,,,,,,62.6,KUNV 140802Z AUTO 00000KT 10SM CLR 17/12 A2991 RMK AO2,,0.0,17.0,0.0
UNV,2024-06-14 04:22:00,-77.85,40.85,378.0,64.4,53.6,67.95,270.0,5.0,0.0,29.91,,10.0,,CLR,,,,,,,,,,,,,,,64.4,KUNV 140822Z AUTO 27005KT 10SM CLR 18/12 A2991 RMK AO2,,2.57222,18.000000000000004,0.0
UNV,2024-06-14 04:42:00,-77.85,40.85,378.0,62.6,53.6,72.38,0.0,0.0,0.0,29.9,,10.0,,CLR,,,,,,,,,,,,,,,62.6,KUNV 140842Z AUTO 00000KT 10SM CLR 17/12 A2990 RMK AO2,,0.0,17.0,0.0
UNV,2024-06-14 05:22:00,-77.85,40.85,378.0,64.4,55.4,72.56,260.0,4.0,0.0,29.91,,10.0,,CLR,,,,,,,,,,,,,,,64.4,KUNV 140922Z AUTO 26004KT 10SM CLR 18/13 A2991 RMK AO2,,2.057776,18.000000000000004,0.0
UNV,2024-06-14 05:42:00,-77.85,40.85,378.0,64.4,55.4,72.56,230.0,4.0,0.0,29.91,,10.0,,CLR,,,,,,,,,,,,,,,64.4,KUNV 140942Z AUTO 23004KT 10SM CLR 18/13 A2991 RMK AO2,,2.057776,18.000000000000004,0.0
UNV,2024-06-14 05:53:00,-77.85,40.85,378.0,64.4,55.4,72.56,220.0,4.0,0.0,29.91,,10.0,,SCT,,,,8000.0,,,,,,,,,,,64.4,KUNV 140953Z 22004KT 10SM SCT080 18/13 A2991,,2.057776,18.000000000000004,4.0
UNV,2024-06-14 06:53:00,-77.85,40.85,378.0,64.4,55.4,72.56,0.0,0.0,0.0,29.92,,10.0,,CLR,,,,,,,,,,,,,,,64.4,KUNV 141053Z 00000KT 10SM CLR 18/13 A2992,,0.0,18.000000000000004,0.0
UNV,2024-06-14 07:53:00,-77.85,40.85,378.0,66.2,57.2,72.74,0.0,0.0,0.0,29.93,,10.0,,CLR,,,,,,,,,,,,,,,66.2,KUNV 141153Z 00000KT 10SM CLR 19/14 A2993,,0.0,19.0,0.0
UNV,2024-06-14 08:53:00,-77.85,40.85,378.0,66.2,57.2,72.74,0.0,0.0,0.0,29.93,,10.0,,CLR,,,,,,,,,,,,,,,66.2,KUNV 141253Z 00000KT 10SM CLR 19/14 A2993,,0.0,19.0,0.0
UNV,2024-06-14 09:53:00,-77.85,40.85,378.0,68.0,60.8,77.75,0.0,0.0,0.0,29.95,,10.0,,SCT,,,,8000.0,,,,-DZ,,,,,,,68.0,KUNV 141353Z 00000KT 10SM -DZ SCT080 20/16 A2995,,0.0,20.0,4.0
UNV,2024-06-14 10:53:00,-77.85,40.85,378.0,71.6,62.6,73.27,190.0,3.0,0.0,29.93,,10.0,,SCT,,,,8000.0,,,,,,,,,,,71.6,KUNV 141453Z 19003KT 10SM SCT080 22/17 A2993,,1.543332,21.999999999999996,4.0
UNV,2024-06-14 11:53:00,-77.85,40.85,378.0,77.0,62.6,61.13,0.0,0.0,0.0,29.93,,10.0,,SCT,,,,8000.0,,,,,,,,,,,77.0,KUNV 141553Z 00000KT 10SM SCT080 25/17 A2993,,0.0,25.0,4.0
UNV,2024-06-14 12:53:00,-77.85,40.85,378.0,77.0,62.6,61.13,190.0,3.0,0.0,29.92,,10.0,,SCT,,,,6000.0,,,,,,,,,,,77.0,KUNV 141653Z 19003KT 10SM SCT060 25/17 A2992,,1.543332,25.0,4.0
UNV,2024-06-14 13:40:00,-77.85,40.85,378.0,75.2,60.8,60.9,0.0,0.0,0.0,29.92,,10.0,,SCT,,,,6500.0,,,,-TSRA,,,,,,,75.2,KUNV 141740Z 00000KT 10SM -TSRA SCT065 24/16 A2992 RMK TSB 1740 TS W MOV E OCNL LTGCG W,,0.0,24.0,4.0
UNV,2024-06-14 13:53:00,-77.85,40.85,378.0,75.2,60.8,60.9,320.0,26.0,0.0,29.92,,1.0,40.0,SCT,OVC,,,1000.0,2000.0,,,+TSRA,,,,,,,75.2,KUNV 141753Z COR 32026G40KT 1SM R24/1000 +TSRA SCT010 OVC020CB 24/16 A2992 RMK TS OVHD MOV E OCNL LTGCG ALQDS,,13.375544,24.0,8.0
UNV,2024-06-14 14:03:00,-77.85,40.85,378.0,62.6,62.6,100.0,350.0,20.0,0.0,29.96,,2.0,33.0,OVC,,,,2000.0,,,,TSRA,,,,,,,62.6,KUNV 141803Z 35020G33KT 2SM TSRA OVC020CB 17/17 A2996 RMK TS E MOV E OCNL LTGCG E,,10.28888,17.0,8.0
UNV,2024-06-14 14:20:00,-77.85,40.85,378.0,62.6,62.6,100.0,,4.0,0.0,29.97,,3.0,,SCT,OVC,,,1000.0,2000.0,,,-RA BR,,,,,,,62.6,KUNV 141820Z COR VRB04KT 3SM -RA BR SCT010 OVC020 17/17 A2997 RMK TSE 1820,,2.057776,17.0,8.0
UNV,2024-06-14 14:53:00,-77.85,40.85,378.0,62.6,62.6,100.0,0.0,0.0,0.0,29.96,,3.0,,BKN,OVC,,,1200.0,1900.0,,,RA BR,,,,,,,62.6,KUNV 141853Z 00000KT 3SM RA BR BKN012 OVC019 17/17 A2996 RMK LTG DSNT NE-E,,0.0,17.0,8.0
UNV,2024-06-14 15:25:00,-77.85,40.85,378.0,64.4,64.4,100.0,50.0,8.0,0.0,29.96,,10.0,,SCT,BKN,,,200.0,4000.0,,,,,,,,,,64.4,KUNV 141925Z 05008KT 10SM SCT002 BKN040 18/18 A2996 RMK LTG DSNT E,,4.115552,18.000000000000004,6.0
UNV,2024-06-14 15:53:00,-77.85,40.85,378.0,66.2,66.2,100.0,60.0,5.0,0.0,29.94,,10.0,,SCT,BKN,,,400.0,3000.0,,,,,,,,,,66.2,KUNV 141953Z 06005KT 10SM SCT004 BKN030 19/19 A2994,,2.57222,19.0,6.0
UNV,2024-06-14 16:53:00,-77.85,40.85,378.0,69.8,66.2,88.34,0.0,0.0,0.0,29.92,,10.0,,SCT,,,,3500.0,,,,,,,,,,,69.8,KUNV 142053Z 00000KT 10SM SCT035 21/19 A2992,,0.0,21.0,4.0
UNV,2024-06-14 17:53:00,-77.85,40.85,378.0,71.6,64.4,78.04,220.0,4.0,0.0,29.91,,10.0,,SCT,,,,6000.0,,,,,,,,,,,71.6,KUNV 142153Z 22004KT 10SM SCT060 22/18 A2991,,2.057776,21.999999999999996,4.0
UNV,2024-06-14 18:53:00,-77.85,40.85,378.0,71.6,64.4,78.04,230.0,3.0,0.0,29.91,,10.0,,SCT,,,,7000.0,,,,,,,,,,,71.6,KUNV 142253Z 23003KT 10SM SCT070 22/18 A2991,,1.543332,21.999999999999996,4.0
UNV,2024-06-14 19:53:00,-77.85,40.85,378.0,71.6,64.4,78.04,200.0,3.0,0.0,29.92,,10.0,,SCT,,,,9000.0,,,,,,,,,,,71.6,KUNV 142353Z 20003KT 10SM SCT090 22/18 A2992,,1.543332,21.999999999999996,4.0
UNV,2024-06-14 20:53:00,-77.85,40.85,378.0,69.8,66.2,88.34,240.0,4.0,0.0,29.92,,10.0,,BKN,,,,5000.0,,,,VCTS,,,,,,,69.8,KUNV 150053Z 24004KT 10SM VCTS BKN050 21/19 A2992 RMK LTG DSNT NE,,2.057776,21.0,6.0
UNV,2024-06-14 21:53:00,-77.85,40.85,378.0,66.2,64.4,93.92,90.0,3.0,0.0,29.96,,10.0,,SCT,,,,6000.0,,,,,,,,,,,66.2,KUNV 150153Z 09003KT 10SM SCT060 19/18 A2996 RMK LTG DSNT SW,,1.543332,19.0,4.0
UNV,2024-06-14 22:15:00,-77.85,40.85,378.0,65.7,62.0,87.84,300.0,4.0,0.0,29.97,,10.0,,CLR,,,,,,,,,,,,,,,65.7,KUNV 150215Z AUTO 30004KT 10SM CLR 19/17 A2997 RMK AO2 T01870166,,2.057776,18.72222222222222,0.0
UNV,2024-06-14 22:35:00,-77.85,40.85,378.0,67.5,60.0,76.88,320.0,4.0,0.0,29.97,,10.0,,CLR,,,,,,,,,,,,,,,67.5,KUNV 150235Z AUTO 32004KT 10SM CLR 20/16 A2997 RMK AO2 T01970156,,2.057776,19.72222222222222,0.0
UNV,2024-06-14 22:55:00,-77.85,40.85,378.0,63.7,63.0,97.57,0.0,0.0,0.0,29.97,,10.0,,CLR,,,,,,,,,,,,,,,63.7,KUNV 150255Z AUTO 00000KT 10SM CLR 18/17 A2997 RMK AO2 T01760172,,0.0,17.61111111111111,0.0
UNV,2024-06-14 23:15:00,-77.85,40.85,378.0,64.0,62.8,95.87,0.0,0.0,0.0,29.97,,10.0,,CLR,,,,,,,,,,,,,,,64.0,KUNV 150315Z AUTO 00000KT 10SM CLR 18/17 A2997 RMK AO2 T01780171,,0.0,17.77777777777778,0.0
UNV,2024-06-14 23:35:00,-77.85,40.85,378.0,65.0,65.0,100.0,290.0,5.0,0.0,29.98,,10.0,,CLR,,,,,,,,,,,,,,,65.0,KUNV 150335Z AUTO 29005KT 10SM CLR 18/18 A2998 RMK AO2 T01830183,,2.57222,18.333333333333332,0.0
UNV,2024-06-14 23:55:00,-77.85,40.85,378.0,64.4,64.2,99.3,320.0,3.0,0.0,29.98,,10.0,,CLR,,,,,,,,,,,,,,,64.4,KUNV 150355Z AUTO 32003KT 10SM CLR 18/18 A2998 RMK AO2 T01800179,,1.543332,18.000000000000004,0.0
UNV,2024-06-15 00:15:00,-77.85,40.85,378.0,63.7,60.8,90.28,0.0,0.0,0.0,29.98,,10.0,,CLR,,,,,,,,,,,,,,,63.7,KUNV 150415Z AUTO 00000KT 10SM CLR 18/16 A2998 RMK AO2 T01760160,,0.0,17.61111111111111,0.0
UNV,2024-06-15 00:35:00,-77.85,40.85,378.0,60.0,60.0,100.0,0.0,0.0,0.0,29.98,,4.0,,CLR,,,,,,,,BR,,,,,,,60.0,KUNV 150435Z AUTO 00000KT 4SM BR CLR 16/16 A2998 RMK AO2 T01560156,,0.0,15.555555555555555,0.0
UNV,2024-06-15 00:55:00,-77.85,40.85,378.0,60.0,60.0,100.0,60.0,3.0,0.0,29.99,,10.0,,CLR,,,,,,,,,,,,,,,60.0,KUNV 150455Z AUTO 06003KT 10SM CLR 16/16 A2999 RMK AO2 T01550155,,1.543332,15.555555555555555,0.0
UNV,2024-06-15 01:15:00,-77.85,40.85,378.0,60.0,60.0,100.0,350.0,4.0,0.0,29.99,,10.0,,CLR,,,,,,,,,,,,,,,60.0,KUNV 150515Z AUTO 35004KT 10SM CLR 16/16 A2999 RMK AO2 T01560155,,2.057776,15.555555555555555,0.0
UNV,2024-06-15 01:35:00,-77.85,40.85,378.0,59.0,59.0,100.0,0.0,0.0,0.0,30.0,,10.0,,CLR,,,,,,,,,,,,,,,59.0,KUNV 150535Z AUTO 00000KT 10SM CLR 15/15 A3000 RMK AO2 T01500150,,0.0,15.0,0.0
UNV,2024-06-15 01:55:00,-77.85,40.85,378.0,59.0,59.0,100.0,0.0,0.0,0.0,30.0,,10.0,,CLR,,,,,,,,,,,,,,,59.0,KUNV 150555Z AUTO 00000KT 10SM CLR 15/15 A3000 RMK AO2 T01490149 10217 20145,,0.0,15.0,0.0
UNV,2024-06-15 02:15:00,-77.85,40.85,378.0,60.6,59.0,94.46,0.0,0.0,0.0,30.01,,10.0,,CLR,,,,,,,,,,,,,,,60.6,KUNV 150615Z AUTO 00000KT 10SM CLR 16/15 A3001 RMK AO2 T01590150,,0.0,15.88888888888889,0.0
UNV,2024-06-15 02:35:00,-77.85,40.85,378.0,59.0,59.0,100.0,0.0,0.0,0.0,30.0,,10.0,,SCT,,,,4900.0,,,,,,,,,,,59.0,KUNV 150635Z AUTO 00000KT 10SM SCT049 15/15 A3000 RMK AO2 T01500150,,0.0,15.0,4.0
UNV,2024-06-15 02:55:00,-77.85,40.85,378.0,60.8,57.2,87.92,0.0,0.0,0.0,30.0,,10.0,,SCT,,,,4900.0,,,,,,,,,,,60.8,KUNV 150655Z AUTO 00000KT 10SM SCT049 16/14 A3000 RMK AO2 T01600140,,0.0,16.0,4.0
UNV,2024-06-15 03:15:00,-77.85,40.85,378.0,60.0,58.5,94.78,340.0,3.0,0.0,30.01,,10.0,,BKN,,,,4700.0,,,,,,,,,,,60.0,KUNV 150715Z AUTO 34003KT 10SM BKN047 16/15 A3001 RMK AO2 T01550147,,1.543332,15.555555555555555,6.0
UNV,2024-06-15 03:35:00,-77.85,40.85,378.0,60.0,59.5,98.23,0.0,0.0,0.0,30.01,,10.0,,OVC,,,,4500.0,,,,,,,,,,,60.0,KUNV 150735Z AUTO 00000KT 10SM OVC045 16/15 A3001 RMK AO2 T01560153,,0.0,15.555555555555555,8.0
UNV,2024-06-15 03:55:00,-77.85,40.85,378.0,60.0,59.0,96.49,0.0,0.0,0.0,30.02,,10.0,,BKN,,,,4700.0,,,,,,,,,,,60.0,KUNV 150755Z AUTO 00000KT 10SM BKN047 16/15 A3002 RMK AO2 T01550150,,0.0,15.555555555555555,6.0
UNV,2024-06-15 04:15:00,-77.85,40.85,378.0,59.0,58.6,98.58,0.0,0.0,0.0,30.03,,10.0,,OVC,,,,4700.0,,,,,,,,,,,59.0,KUNV 150815Z AUTO 00000KT 10SM OVC047 15/15 A3003 RMK AO2 T01510148,,0.0,15.0,8.0
UNV,2024-06-15 04:35:00,-77.85,40.85,378.0,58.5,58.0,98.22,0.0,0.0,0.0,30.03,,10.0,,SCT,,,,4700.0,,,,,,,,,,,58.5,KUNV 150835Z AUTO 00000KT 10SM SCT047 15/15 A3003 RMK AO2 T01470145,,0.0,14.722222222222221,4.0
UNV,2024-06-15 04:55:00,-77.85,40.85,378.0,57.4,57.2,99.28,0.0,0.0,0.0,30.03,,10.0,,CLR,,,,,,,,,,,,,,,57.4,KUNV 150855Z AUTO 00000KT 10SM CLR 14/14 A3003 RMK AO2 T01410140,,0.0,14.11111111111111,0.0
UNV,2024-06-15 05:15:00,-77.85,40.85,378.0,56.0,56.0,100.0,0.0,0.0,0.0,30.03,,2.0,,SCT,SCT,BKN,,3800.0,4700.0,6000.0,,BR,,,,,,,56.0,KUNV 150915Z AUTO 00000KT 2SM BR SCT038 SCT047 BKN060 13/13 A3003 RMK AO2 VIS 1/2V5 T01340134,,0.0,13.333333333333334,6.0
UNV,2024-06-15 05:35:00,-77.85,40.85,378.0,57.2,57.0,99.28,0.0,0.0,0.0,30.05,,10.0,,SCT,SCT,SCT,,4900.0,6000.0,7500.0,,,,,,,,,57.2,KUNV 150935Z AUTO 00000KT 10SM SCT049 SCT060 SCT075 14/14 A3005 RMK AO2 T01400139,,0.0,14.000000000000002,4.0
UNV,2024-06-15 05:53:00,-77.85,40.85,378.0,57.2,57.2,100.0,,4.0,0.0,30.06,,10.0,,SCT,,,,5000.0,,,,,,,,,,,57.2,KUNV 150953Z VRB04KT 10SM SCT050 14/14 A3006,,2.057776,14.000000000000002,4.0
UNV,2024-06-15 06:53:00,-77.85,40.85,378.0,59.0,57.2,93.74,0.0,0.0,0.0,30.09,,10.0,,SCT,,,,4500.0,,,,,,,,,,,59.0,KUNV 151053Z 00000KT 10SM SCT045 15/14 A3009,,0.0,15.0,4.0
UNV,2024-06-15 07:53:00,-77.85,40.85,378.0,62.6,53.6,72.38,0.0,0.0,0.0,30.1,,10.0,,CLR,,,,,,,,,,,,,,,62.6,KUNV 151153Z COR 00000KT 10SM CLR 17/12 A3010,,0.0,17.0,0.0
UNV,2024-06-15 08:53:00,-77.85,40.85,378.0,62.6,53.6,72.38,0.0,0.0,0.0,30.1,,10.0,,CLR,,,,,,,,,,,,,,,62.6,KUNV 151253Z 00000KT 10SM CLR 17/12 A3010,,0.0,17.0,0.0
UNV,2024-06-15 09:53:00,-77.85,40.85,378.0,66.2,53.6,63.82,0.0,0.0,0.0,30.11,,10.0,,FEW,,,,5000.0,,,,,,,,,,,66.2,KUNV 151353Z 00000KT 10SM FEW050 19/12 A3011,,0.0,19.0,2.0
UNV,2024-06-15 10:53:00,-77.85,40.85,378.0,69.8,50.0,49.37,330.0,7.0,0.0,30.11,,10.0,,SCT,SCT,,,3900.0,4900.0,,,,,,,,,,69.8,KUNV 151453Z 33007KT 10SM SCT039 SCT049 21/10 A3011,,3.601108,21.0,4.0
UNV,2024-06-15 11:53:00,-77.85,40.85,378.0,71.6,46.4,40.57,350.0,9.0,0.0,30.13,,10.0,,SCT,,,,6000.0,,,,,,,,,,,71.6,KUNV 151553Z 35009KT 10SM SCT060 22/08 A3013,,4.629996,21.999999999999996,4.0
UNV,2024-06-15 12:53:00,-77.85,40.85,378.0,71.6,46.4,40.57,20.0,6.0,0.0,30.13,,10.0,,SCT,,,,6000.0,,,,,,,,,,,71.6,KUNV 151653Z 02006KT 10SM SCT060 22/08 A3013,,3.086664,21.999999999999996,4.0
UNV,2024-06-15 13:53:00,-77.85,40.85,378.0,73.4,48.2,40.85,10.0,9.0,0.0,30.12,,10.0,,SCT,,,,7000.0,,,,,,,,,,,73.4,KUNV 151753Z 01009KT 10SM SCT070 23/09 A3012,,4.629996,23.000000000000004,4.0
UNV,2024-06-15 14:53:00,-77.85,40.85,378.0,73.4,46.4,38.18,,3.0,0.0,30.11,,10.0,,SCT,,,,7000.0,,,,,,,,,,,73.4,KUNV 151853Z VRB03KT 10SM SCT070 23/08 A3011,,1.543332,23.000000000000004,4.0
UNV,2024-06-15 15:53:00,-77.85,40.85,378.0,77.0,50.0,38.74,,3.0,0.0,30.12,,10.0,,SCT,,,,6500.0,,,,,,,,,,,77.0,KUNV 151953Z VRB03KT 10SM SCT065 25/10 A3012,,1.543332,25.0,4.0
UNV,2024-06-15 16:53:00,-77.85,40.85,378.0,77.0,46.4,33.85,,3.0,0.0,30.1,,10.0,,SCT,,,,8000.0,,,,,,,,,,,77.0,KUNV 152053Z VRB03KT 10SM SCT080 25/08 A3010,,1.543332,25.0,4.0
UNV,2024-06-15 17:53:00,-77.85,40.85,378.0,77.0,46.4,33.85,330.0,6.0,0.0,30.09,,10.0,,FEW,,,,8000.0,,,,,,,,,,,77.0,KUNV 152153Z 33006KT 10SM FEW080 25/08 A3009,,3.086664,25.0,2.0
UNV,2024-06-15 18:53:00,-77.85,40.85,378.0,75.2,48.2,38.46,350.0,3.0,0.0,30.11,,10.0,,CLR,,,,,,,,,,,,,,,75.2,KUNV 152253Z 35003KT 10SM CLR 24/09 A3011,,1.543332,24.0,0.0
UNV,2024-06-15 19:53:00,-77.85,40.85,378.0,75.2,48.2,38.46,350.0,3.0,0.0,30.11,,10.0,,CLR,,,,,,,,,,,,,,,75.2,KUNV 152353Z 35003KT 10SM CLR 24/09 A3011,,1.543332,24.0,0.0
UNV,2024-06-15 20:53:00,-77.85,40.85,378.0,71.6,50.0,46.43,0.0,0.0,0.0,30.12,,10.0,,CLR,,,,,,,,,,,,,,,71.6,KUNV 160053Z 00000KT 10SM CLR 22/10 A3012,,0.0,21.999999999999996,0.0
UNV,2024-06-15 21:53:00,-77.85,40.85,378.0,66.2,48.2,52.25,0.0,0.0,0.0,30.14,,10.0,,CLR,,,,,,,,,,,,,,,66.2,KUNV 160153Z 00000KT 10SM CLR 19/09 A3014,,0.0,19.0,0.0
UNV,2024-06-15 22:15:00,-77.85,40.85,378.0,65.0,49.6,57.4,0.0,0.0,0.0,30.14,,10.0,,CLR,,,,,,,,,,,,,,,65.0,KUNV 160215Z AUTO 00000KT 10SM CLR 18/10 A3014 RMK AO2 T01840098,,0.0,18.333333333333332,0.0
UNV,2024-06-15 22:35:00,-77.85,40.85,378.0,65.0,49.5,57.19,0.0,0.0,0.0,30.15,,10.0,,CLR,,,,,,,,,,,,,,,65.0,KUNV 160235Z AUTO 00000KT 10SM CLR 18/10 A3015 RMK AO2 T01840097,,0.0,18.333333333333332,0.0
UNV,2024-06-15 22:55:00,-77.85,40.85,378.0,64.0,50.0,60.34,0.0,0.0,0.0,30.15,,10.0,,CLR,,,,,,,,,,,,,,,64.0,KUNV 160255Z AUTO 00000KT 10SM CLR 18/10 A3015 RMK AO2 T01780100,,0.0,17.77777777777778,0.0
UNV,2024-06-15 23:15:00,-77.85,40.85,378.0,62.8,51.3,66.04,0.0,0.0,0.0,30.15,,10.0,,CLR,,,,,,,,,,,,,,,62.8,KUNV 160315Z AUTO 00000KT 10SM CLR 17/11 A3015 RMK AO2 T01710107,,0.0,17.11111111111111,0.0
UNV,2024-06-15 23:35:00,-77.85,40.85,378.0,60.4,51.0,71.1,0.0,0.0,0.0,30.15,,10.0,,CLR,,,,,,,,,,,,,,,60.4,KUNV 160335Z AUTO 00000KT 10SM CLR 16/11 A3015 RMK AO2 T01580105,,0.0,15.777777777777779,0.0
UNV,2024-06-15 23:55:00,-77.85,40.85,378.0,61.7,50.7,67.14,0.0,0.0,0.0,30.15,,10.0,,CLR,,,,,,,,,,,,,,,61.7,KUNV 160355Z AUTO 00000KT 10SM CLR 17/10 A3015 RMK AO2 T01650104,,0.0,16.5,0.0
UNV,2024-06-16 00:15:00,-77.85,40.85,378.0,60.0,50.7,71.32,0.0,0.0,0.0,30.16,,10.0,,CLR,,,,,,,,,,,,,,,60.0,KUNV 160415Z AUTO 00000KT 10SM CLR 16/10 A3016 RMK AO2 T01560104,,0.0,15.555555555555555,0.0
UNV,2024-06-16 00:35:00,-77.85,40.85,378.0,60.4,51.0,71.1,0.0,0.0,0.0,30.17,,10.0,,CLR,,,,,,,,,,,,,,,60.4,KUNV 160435Z AUTO 00000KT 10SM CLR 16/11 A3017 RMK AO2 T01580105,,0.0,15.777777777777779,0.0
UNV,2024-06-16 00:55:00,-77.85,40.85,378.0,58.6,51.4,76.95,40.0,3.0,0.0,30.18,,10.0,,CLR,,,,,,,,,,,,,,,58.6,KUNV 160455Z AUTO 04003KT 10SM CLR 15/11 A3018 RMK AO2 T01480108,,1.543332,14.777777777777779,0.0
UNV,2024-06-16 01:15:00,-77.85,40.85,378.0,58.3,51.6,78.36,0.0,0.0,0.0,30.18,,10.0,,CLR,,,,,,,,,,,,,,,58.3,KUNV 160515Z AUTO 00000KT 10SM CLR 15/11 A3018 RMK AO2 T01460109,,0.0,14.61111111111111,0.0
UNV,2024-06-16 01:35:00,-77.85,40.85,378.0,58.3,52.0,79.52,0.0,0.0,0.0,30.18,,10.0,,CLR,,,,,,,,,,,,,,,58.3,KUNV 160535Z AUTO 00000KT 10SM CLR 15/11 A3018 RMK AO2 T01460111,,0.0,14.61111111111111,0.0
UNV,2024-06-16 01:55:00,-77.85,40.85,378.0,57.4,52.3,83.05,0.0,0.0,0.0,30.18,,10.0,,CLR,,,,,,,,,,,,,,,57.4,KUNV 160555Z AUTO 00000KT 10SM CLR 14/11 A3018 RMK AO2 T01410113 10234 20137,,0.0,14.11111111111111,0.0
UNV,2024-06-16 02:15:00,-77.85,40.85,378.0,57.2,52.3,83.65,0.0,0.0,0.0,30.18,,10.0,,CLR,,,,,,,,,,,,,,,57.2,KUNV 160615Z AUTO 00000KT 10SM CLR 14/11 A3018 RMK AO2 T01400113,,0.0,14.000000000000002,0.0
UNV,2024-06-16 02:35:00,-77.85,40.85,378.0,57.4,51.8,81.53,0.0,0.0,0.0,30.18,,10.0,,CLR,,,,,,,,,,,,,,,57.4,KUNV 160635Z AUTO 00000KT 10SM CLR 14/11 A3018 RMK AO2 T01410110,,0.0,14.11111111111111,0.0
UNV,2024-06-16 02:55:00,-77.85,40.85,378.0,57.2,51.8,82.12,0.0,0.0,0.0,30.18,,10.0,,CLR,,,,,,,,,,,,,,,57.2,KUNV 160655Z AUTO 00000KT 10SM CLR 14/11 A3018 RMK AO2 T01400110,,0.0,14.000000000000002,0.0
UNV,2024-06-16 03:15:00,-77.85,40.85,378.0,56.3,51.4,83.59,0.0,0.0,0.0,30.19,,10.0,,CLR,,,,,,,,,,,,,,,56.3,KUNV 160715Z AUTO 00000KT 10SM CLR 14/11 A3019 RMK AO2 T01350108,,0.0,13.499999999999998,0.0
UNV,2024-06-16 03:35:00,-77.85,40.85,378.0,56.0,51.8,85.76,0.0,0.0,0.0,30.2,,10.0,,CLR,,,,,,,,,,,,,,,56.0,KUNV 160735Z AUTO 00000KT 10SM CLR 13/11 A3020 RMK AO2 T01340110,,0.0,13.333333333333334,0.0
UNV,2024-06-16 03:55:00,-77.85,40.85,378.0,55.4,53.0,91.61,0.0,0.0,0.0,30.2,,10.0,,CLR,,,,,,,,,,,,,,,55.4,KUNV 160755Z AUTO 00000KT 10SM CLR 13/12 A3020 RMK AO2 T01300116,,0.0,13.0,0.0
UNV,2024-06-16 04:15:00,-77.85,40.85,378.0,55.0,54.0,96.42,0.0,0.0,0.0,30.2,,10.0,,CLR,,,,,,,,,,,,,,,55.0,KUNV 160815Z AUTO 00000KT 10SM CLR 13/12 A3020 RMK AO2 T01270122,,0.0,12.777777777777779,0.0
UNV,2024-06-16 04:35:00,-77.85,40.85,378.0,54.0,54.0,100.0,0.0,0.0,0.0,30.21,,10.0,,SCT,SCT,,,5500.0,6500.0,,,,,,,,,,54.0,KUNV 160835Z AUTO 00000KT 10SM SCT055 SCT065 12/12 A3021 RMK AO2 T01230123,,0.0,12.222222222222221,4.0
UNV,2024-06-16 04:55:00,-77.85,40.85,378.0,54.5,54.0,98.19,0.0,0.0,0.0,30.21,,10.0,,SCT,SCT,BKN,,4500.0,6500.0,7000.0,,,,,,,,,54.5,KUNV 160855Z AUTO 00000KT 10SM SCT045 SCT065 BKN070 13/12 A3021 RMK AO2 T01250122,,0.0,12.5,6.0
UNV,2024-06-16 05:15:00,-77.85,40.85,378.0,54.7,54.0,97.48,0.0,0.0,0.0,30.21,,10.0,,SCT,SCT,,,7000.0,8000.0,,,,,,,,,,54.7,KUNV 160915Z AUTO 00000KT 10SM SCT070 SCT080 13/12 A3021 RMK AO2 T01260122,,0.0,12.611111111111112,4.0
UNV,2024-06-16 05:35:00,-77.85,40.85,378.0,53.8,52.7,96.05,0.0,0.0,0.0,30.22,,10.0,,CLR,,,,,,,,,,,,,,,53.8,KUNV 160935Z AUTO 00000KT 10SM CLR 12/12 A3022 RMK AO2 T01210115,,0.0,12.111111111111109,0.0
UNV,2024-06-16 05:53:00,-77.85,40.85,378.0,53.6,53.6,100.0,0.0,0.0,0.0,30.22,,10.0,,CLR,,,,,,,,,,,,,,,53.6,KUNV 160953Z 00000KT 10SM CLR 12/12 A3022,,0.0,12.0,0.0
UNV,2024-06-16 06:53:00,-77.85,40.85,378.0,55.4,55.4,100.0,0.0,0.0,0.0,30.24,,10.0,,CLR,,,,,,,,,,,,,,,55.4,KUNV 161053Z 00000KT 10SM CLR 13/13 A3024,,0.0,13.0,0.0
UNV,2024-06-16 07:53:00,-77.85,40.85,378.0,59.0,53.6,82.25,0.0,0.0,0.0,30.26,,10.0,,CLR,,,,,,,,,,,,,,,59.0,KUNV 161153Z 00000KT 10SM CLR 15/12 A3026,,0.0,15.0,0.0
UNV,2024-06-16 08:53:00,-77.85,40.85,378.0,62.6,50.0,63.38,0.0,0.0,0.0,30.25,,10.0,,CLR,,,,,,,,,,,,,,,62.6,KUNV 161253Z 00000KT 10SM CLR 17/10 A3025,,0.0,17.0,0.0
UNV,2024-06-16 09:53:00,-77.85,40.85,378.0,64.4,51.8,63.6,0.0,0.0,0.0,30.25,,10.0,,CLR,,,,,,,,,,,,,,,64.4,KUNV 161353Z 00000KT 10SM CLR 18/11 A3025,,0.0,18.000000000000004,0.0
UNV,2024-06-16 10:53:00,-77.85,40.85,378.0,68.0,53.6,59.97,0.0,0.0,0.0,30.24,,10.0,,CLR,,,,,,,,,,,,,,,68.0,KUNV 161453Z 00000KT 10SM CLR 20/12 A3024,,0.0,20.0,0.0
UNV,2024-06-16 11:53:00,-77.85,40.85,378.0,71.6,53.6,53.03,160.0,3.0,0.0,30.22,,10.0,,CLR,,,,,,,,,,,,,,,71.6,KUNV 161553Z 16003KT 10SM CLR 22/12 A3022,,1.543332,21.999999999999996,0.0
UNV,2024-06-16 12:53:00,-77.85,40.85,378.0,75.2,53.6,46.98,180.0,4.0,0.0,30.22,,10.0,,CLR,,,,,,,,,,,,,,,75.2,KUNV 161653Z 18004KT 10SM CLR 24/12 A3022,,2.057776,24.0,0.0
UNV,2024-06-16 13:53:00,-77.85,40.85,378.0,75.2,53.6,46.98,220.0,7.0,0.0,30.21,,10.0,,CLR,,,,,,,,,,,,,,,75.2,KUNV 161753Z 22007KT 10SM CLR 24/12 A3021,,3.601108,24.0,0.0
UNV,2024-06-16 14:53:00,-77.85,40.85,378.0,77.0,55.4,47.25,190.0,8.0,0.0,30.2,,10.0,,CLR,,,,,,,,,,,,,,,77.0,KUNV 161853Z 19008KT 10SM CLR 25/13 A3020,,4.115552,25.0,0.0
UNV,2024-06-16 15:53:00,-77.85,40.85,378.0,77.0,57.2,50.43,180.0,8.0,0.0,30.18,,10.0,,CLR,,,,,,,,,,,,,,,77.0,KUNV 161953Z 18008KT 10SM CLR 25/14 A3018,,4.115552,25.0,0.0
UNV,2024-06-16 16:53:00,-77.85,40.85,378.0,78.8,55.4,44.52,170.0,11.0,0.0,30.15,,10.0,,CLR,,,,,,,,,,,,,,,78.8,KUNV 162053Z 17011KT 10SM CLR 26/13 A3015,,5.6588840000000005,26.0,0.0
UNV,2024-06-16 17:53:00,-77.85,40.85,378.0,78.8,57.2,47.52,150.0,11.0,0.0,30.14,,10.0,,CLR,,,,,,,,,,,,,,,78.8,KUNV 162153Z 15011KT 10SM CLR 26/14 A3014,,5.6588840000000005,26.0,0.0
UNV,2024-06-16 18:53:00,-77.85,40.85,378.0,78.8,57.2,47.52,160.0,11.0,0.0,30.13,,10.0,,CLR,,,,,,,,,,,,,,,78.8,KUNV 162253Z 16011KT 10SM CLR 26/14 A3013,,5.6588840000000005,26.0,0.0
UNV,2024-06-16 19:53:00,-77.85,40.85,378.0,77.0,57.2,50.43,170.0,8.0,0.0,30.12,,10.0,,CLR,,,,,,,,,,,,,,,77.0,KUNV 162353Z 17008KT 10SM CLR 25/14 A3012,,4.115552,25.0,0.0
UNV,2024-06-16 20:53:00,-77.85,40.85,378.0,75.2,57.2,53.55,150.0,5.0,0.0,30.12,,10.0,,CLR,,,,,,,,,,,,,,,75.2,KUNV 170053Z 15005KT 10SM CLR 24/14 A3012,,2.57222,24.0,0.0
UNV,2024-06-16 21:53:00,-77.85,40.85,378.0,69.8,57.2,64.26,150.0,4.0,0.0,30.14,,10.0,,CLR,,,,,,,,,,,,,,,69.8,KUNV 170153Z 15004KT 10SM CLR 21/14 A3014,,2.057776,21.0,0.0
UNV,2024-06-16 22:15:00,-77.85,40.85,378.0,71.0,57.4,62.13,0.0,0.0,0.0,30.14,,10.0,,CLR,,,,,,,,,,,,,,,71.0,KUNV 170215Z AUTO 00000KT 10SM CLR 22/14 A3014 RMK AO2 T02170141,,0.0,21.666666666666668,0.0
UNV,2024-06-16 22:35:00,-77.85,40.85,378.0,72.3,57.4,59.45,0.0,0.0,0.0,30.14,,10.0,,CLR,,,,,,,,,,,,,,,72.3,KUNV 170235Z AUTO 00000KT 10SM CLR 22/14 A3014 RMK AO2 T02240141,,0.0,22.38888888888889,0.0
UNV,2024-06-16 22:55:00,-77.85,40.85,378.0,71.2,59.0,65.36,0.0,0.0,0.0,30.14,,10.0,,CLR,,,,,,,,,,,,,,,71.2,KUNV 170255Z AUTO 00000KT 10SM CLR 22/15 A3014 RMK AO2 T02180150,,0.0,21.77777777777778,0.0
UNV,2024-06-16 23:15:00,-77.85,40.85,378.0,70.7,58.5,65.3,0.0,0.0,0.0,30.14,,10.0,,CLR,,,,,,,,,,,,,,,70.7,KUNV 170315Z AUTO 00000KT 10SM CLR 22/15 A3014 RMK AO2 T02150147,,0.0,21.5,0.0
UNV,2024-06-16 23:35:00,-77.85,40.85,378.0,71.6,58.3,62.88,0.0,0.0,0.0,30.14,,10.0,,CLR,,,,,,,,,,,,,,,71.6,KUNV 170335Z AUTO 00000KT 10SM CLR 22/15 A3014 RMK AO2 T02200146,,0.0,21.999999999999996,0.0
UNV,2024-06-16 23:55:00,-77.85,40.85,378.0,71.4,58.6,63.99,200.0,3.0,0.0,30.14,,10.0,,CLR,,,,,,,,,,,,,,,71.4,KUNV 170355Z AUTO 20003KT 10SM CLR 22/15 A3014 RMK AO2 T02190148,,1.543332,21.888888888888893,0.0
UNV,2024-06-17 00:15:00,-77.85,40.85,378.0,71.6,58.6,63.56,0.0,0.0,0.0,30.14,,10.0,,CLR,,,,,,,,,,,,,,,71.6,KUNV 170415Z AUTO 00000KT 10SM CLR 22/15 A3014 RMK AO2 T02200148,,0.0,21.999999999999996,0.0
UNV,2024-06-17 00:35:00,-77.85,40.85,378.0,71.6,58.5,63.33,0.0,0.0,0.0,30.14,,10.0,,SCT,,,,4800.0,,,,,,,,,,,71.6,KUNV 170435Z AUTO 00000KT 10SM SCT048 22/15 A3014 RMK AO2 T02200147,,0.0,21.999999999999996,4.0
UNV,2024-06-17 00:55:00,-77.85,40.85,378.0,71.2,59.0,65.36,200.0,3.0,0.0,30.14,,10.0,,SCT,,,,4600.0,,,,,,,,,,,71.2,KUNV 170455Z AUTO 20003KT 10SM SCT046 22/15 A3014 RMK AO2 T02180149,,1.543332,21.77777777777778,4.0
UNV,2024-06-17 01:15:00,-77.85,40.85,378.0,70.3,59.0,67.39,190.0,4.0,0.0,30.14,,10.0,,CLR,,,,,,,,,,,,,,,70.3,KUNV 170515Z AUTO 19004KT 10SM CLR 21/15 A3014 RMK AO2 T02130151,,2.057776,21.27777777777778,0.0
UNV,2024-06-17 01:35:00,-77.85,40.85,378.0,71.2,59.0,65.36,190.0,6.0,0.0,30.14,,10.0,,CLR,,,,,,,,,,,,,,,71.2,KUNV 170535Z AUTO 19006KT 10SM CLR 22/15 A3014 RMK AO2 T02180150,,3.086664,21.77777777777778,0.0
UNV,2024-06-17 01:55:00,-77.85,40.85,378.0,71.0,59.0,65.81,220.0,3.0,0.0,30.15,,10.0,,CLR,,,,,,,,,,,,,,,71.0,KUNV 170555Z AUTO 22003KT 10SM CLR 22/15 A3015 RMK AO2 T02160150 10250 20208,,1.543332,21.666666666666668,0.0
UNV,2024-06-17 02:15:00,-77.85,40.85,378.0,69.8,59.0,68.55,210.0,4.0,0.0,30.15,,10.0,,CLR,,,,,,,,,,,,,,,69.8,KUNV 170615Z AUTO 21004KT 10SM CLR 21/15 A3015 RMK AO2 T02100151,,2.057776,21.0,0.0
UNV,2024-06-17 02:35:00,-77.85,40.85,378.0,69.4,59.4,70.5,210.0,5.0,0.0,30.15,,10.0,,CLR,,,,,,,,,,,,,,,69.4,KUNV 170635Z AUTO 21005KT 10SM CLR 21/15 A3015 RMK AO2 T02080152,,2.57222,20.777777777777782,0.0
UNV,2024-06-17 02:55:00,-77.85,40.85,378.0,69.8,59.5,69.79,200.0,4.0,0.0,30.14,,10.0,,CLR,,,,,,,,,,,,,,,69.8,KUNV 170655Z AUTO 20004KT 10SM CLR 21/15 A3014 RMK AO2 T02100153,,2.057776,21.0,0.0
UNV,2024-06-17 03:15:00,-77.85,40.85,378.0,69.0,59.5,71.73,210.0,4.0,0.0,30.13,,10.0,,CLR,,,,,,,,,,,,,,,69.0,KUNV 170715Z AUTO 21004KT 10SM CLR 21/15 A3013 RMK AO2 T02050153,,2.057776,20.555555555555557,0.0
UNV,2024-06-17 03:35:00,-77.85,40.85,378.0,69.4,59.4,70.5,220.0,4.0,0.0,30.13,,10.0,,CLR,,,,,,,,,,,,,,,69.4,KUNV 170735Z AUTO 22004KT 10SM CLR 21/15 A3013 RMK AO2 T02080152,,2.057776,20.777777777777782,0.0
UNV,2024-06-17 03:55:00,-77.85,40.85,378.0,68.4,59.4,72.96,220.0,4.0,0.0,30.14,,10.0,,CLR,,,,,,,,,,,,,,,68.4,KUNV 170755Z AUTO 22004KT 10SM CLR 20/15 A3014 RMK AO2 T02020152,,2.057776,20.222222222222225,0.0
UNV,2024-06-17 04:15:00,-77.85,40.85,378.0,68.0,59.4,73.97,0.0,0.0,0.0,30.14,,10.0,,CLR,,,,,,,,,,,,,,,68.0,KUNV 170815Z AUTO 00000KT 10SM CLR 20/15 A3014 RMK AO2 T01990152,,0.0,20.0,0.0
UNV,2024-06-17 04:35:00,-77.85,40.85,378.0,68.4,59.0,71.92,0.0,0.0,0.0,30.13,,10.0,,CLR,,,,,,,,,,,,,,,68.4,KUNV 170835Z AUTO 00000KT 10SM CLR 20/15 A3013 RMK AO2 T02020151,,0.0,20.222222222222225,0.0
UNV,2024-06-17 04:55:00,-77.85,40.85,378.0,68.0,59.0,72.92,0.0,0.0,0.0,30.14,,10.0,,CLR,,,,,,,,,,,,,,,68.0,KUNV 170855Z AUTO 00000KT 10SM CLR 20/15 A3014 RMK AO2 T02010151,,0.0,20.0,0.0
UNV,2024-06-17 05:15:00,-77.85,40.85,378.0,66.7,59.5,77.64,280.0,3.0,0.0,30.14,,10.0,,CLR,,,,,,,,,,,,,,,66.7,KUNV 170915Z AUTO 28003KT 10SM CLR 19/15 A3014 RMK AO2 T01930153,,1.543332,19.27777777777778,0.0
UNV,2024-06-17 05:35:00,-77.85,40.85,378.0,66.0,59.7,80.12,290.0,3.0,0.0,30.14,,10.0,,CLR,,,,,,,,,,,,,,,66.0,KUNV 170935Z AUTO 29003KT 10SM CLR 19/15 A3014 RMK AO2 T01890154,,1.543332,18.88888888888889,0.0
UNV,2024-06-17 05:53:00,-77.85,40.85,378.0,64.4,59.0,82.62,0.0,0.0,0.0,30.14,,10.0,,CLR,,,,,,,,,,,,,,,64.4,KUNV 170953Z 00000KT 10SM CLR 18/15 A3014,,0.0,18.000000000000004,0.0
UNV,2024-06-17 06:53:00,-77.85,40.85,378.0,68.0,60.8,77.75,230.0,3.0,0.0,30.16,,10.0,,FEW,,,,8000.0,,,,,,,,,,,68.0,KUNV 171053Z 23003KT 10SM FEW080 20/16 A3016,,1.543332,20.0,2.0
UNV,2024-06-17 07:53:00,-77.85,40.85,378.0,71.6,62.6,73.27,240.0,4.0,0.0,30.18,,10.0,,CLR,,,,,,,,,,,,,,,71.6,KUNV 171153Z 24004KT 10SM CLR 22/17 A3018,,2.057776,21.999999999999996,0.0
UNV,2024-06-17 08:53:00,-77.85,40.85,378.0,73.4,62.6,68.94,240.0,6.0,0.0,30.18,,10.0,,CLR,,,,,,,,,,,,,,,73.4,KUNV 171253Z 24006KT 10SM CLR 23/17 A3018,,3.086664,23.000000000000004,0.0
UNV,2024-06-17 09:53:00,-77.85,40.85,378.0,75.2,64.4,69.14,250.0,4.0,0.0,30.18,,10.0,,CLR,,,,,,,,,,,,,,,75.2,KUNV 171353Z 25004KT 10SM CLR 24/18 A3018,,2.057776,24.0,0.0
UNV,2024-06-17 10:53:00,-77.85,40.85,378.0,78.8,64.4,61.36,190.0,5.0,0.0,30.18,,10.0,,CLR,,,,,,,,,,,,,,,78.8,KUNV 171453Z 19005KT 10SM CLR 26/18 A3018,,2.57222,26.0,0.0
UNV,2024-06-17 11:53:00,-77.85,40.85,378.0,80.6,66.2,61.58,190.0,6.0,0.0,30.16,,10.0,,FEW,,,,6500.0,,,,,,,,,,,82.75,KUNV 171553Z 19006KT 10SM FEW065 27/19 A3016,,3.086664,26.999999999999996,2.0
UNV,2024-06-17 12:53:00,-77.85,40.85,378.0,84.2,64.4,51.47,160.0,4.0,0.0,30.15,,10.0,,FEW,,,,8000.0,,,,,,,,,,,85.71,KUNV 171653Z 16004KT 10SM FEW080 29/18 A3015,,2.057776,29.0,2.0
UNV,2024-06-17 13:53:00,-77.85,40.85,378.0,86.0,66.2,51.72,190.0,5.0,0.0,30.14,,10.0,,FEW,,,,7500.0,,,,,,,,,,,88.39,KUNV 171753Z 19005KT 10SM FEW075 30/19 A3014,,2.57222,30.0,2.0
UNV,2024-06-17 14:53:00,-77.85,40.85,378.0,87.8,66.2,48.84,180.0,5.0,0.0,30.13,,10.0,,SCT,,,,7000.0,,,,,,,,,,,90.31,KUNV 171853Z 18005KT 10SM SCT070 31/19 A3013,,2.57222,31.0,4.0
UNV,2024-06-17 15:53:00,-77.85,40.85,378.0,89.6,68.0,49.1,180.0,5.0,0.0,30.11,,10.0,,SCT,,,,7000.0,,,,,,,,,,,93.47,KUNV 171953Z 18005KT 10SM SCT070 32/20 A3011,,2.57222,32.0,4.0
UNV,2024-06-17 16:53:00,-77.85,40.85,378.0,87.8,66.2,48.84,190.0,6.0,0.0,30.1,,10.0,,SCT,,,,7000.0,,,,,,,,,,,90.31,KUNV 172053Z 19006KT 10SM SCT070 31/19 A3010,,3.086664,31.0,4.0
UNV,2024-06-17 17:53:00,-77.85,40.85,378.0,87.8,66.2,48.84,190.0,9.0,0.0,30.09,,10.0,,FEW,,,,7500.0,,,,,,,,,,,90.31,KUNV 172153Z 19009KT 10SM FEW075 31/19 A3009,,4.629996,31.0,2.0
UNV,2024-06-17 18:53:00,-77.85,40.85,378.0,86.0,66.2,51.72,190.0,9.0,0.0,30.11,,10.0,,FEW,,,,8500.0,,,,,,,,,,,88.39,KUNV 172253Z 19009KT 10SM FEW085 30/19 A3011,,4.629996,30.0,2.0
UNV,2024-06-17 19:53:00,-77.85,40.85,378.0,84.2,66.2,54.8,210.0,7.0,0.0,30.13,,10.0,,SCT,,,,5000.0,,,,VCSH,,,,,,,86.5,KUNV 172353Z 21007KT 10SM VCSH SCT050 29/19 A3013 RMK LTG DSNT SW,,3.601108,29.0,4.0
UNV,2024-06-17 20:53:00,-77.85,40.85,378.0,77.0,60.8,57.36,180.0,5.0,0.0,30.12,,10.0,,SCT,,,,5000.0,,,,,,,,,,,77.0,KUNV 180053Z 18005KT 10SM SCT050 25/16 A3012,,2.57222,25.0,4.0
UNV,2024-06-17 21:53:00,-77.85,40.85,378.0,75.2,62.6,64.91,240.0,5.0,0.0,30.15,,10.0,,SCT,,,,5000.0,,,,,,,,,,,75.2,KUNV 180153Z 24005KT 10SM SCT050 24/17 A3015,,2.57222,24.0,4.0
UNV,2024-06-17 22:15:00,-77.85,40.85,378.0,73.0,62.6,69.88,0.0,0.0,0.0,30.18,,10.0,,CLR,,,,,,,,,,,,,,,73.0,KUNV 180215Z AUTO 00000KT 10SM CLR 23/17 A3018 RMK AO2 LTG DSNT NE T02270170,,0.0,22.77777777777778,0.0
UNV,2024-06-17 22:35:00,-77.85,40.85,378.0,73.6,62.4,68.0,0.0,0.0,0.0,30.18,,10.0,,CLR,,,,,,,,,,,,,,,73.6,KUNV 180235Z AUTO 00000KT 10SM CLR 23/17 A3018 RMK AO2 LTG DSNT NE T02310169,,0.0,23.111111111111107,0.0
UNV,2024-06-17 22:55:00,-77.85,40.85,378.0,73.0,62.0,68.42,0.0,0.0,0.0,30.18,,10.0,,CLR,,,,,,,,,,,,,,,73.0,KUNV 180255Z AUTO 00000KT 10SM CLR 23/17 A3018 RMK AO2 T02280167,,0.0,22.77777777777778,0.0
UNV,2024-06-17 23:15:00,-77.85,40.85,378.0,73.0,62.4,69.39,0.0,0.0,0.0,30.18,,10.0,,CLR,,,,,,,,,,,,,,,73.0,KUNV 180315Z AUTO 00000KT 10SM CLR 23/17 A3018 RMK AO2 LTG DSNT SW T02280169,,0.0,22.77777777777778,0.0
UNV,2024-06-17 23:35:00,-77.85,40.85,378.0,73.4,62.0,67.5,350.0,3.0,0.0,30.19,,10.0,,CLR,,,,,,,,,,,,,,,73.4,KUNV 180335Z AUTO 35003KT 10SM CLR 23/17 A3019 RMK AO2 T02300167,,1.543332,23.000000000000004,0.0
UNV,2024-06-17 23:55:00,-77.85,40.85,378.0,72.5,62.0,69.58,0.0,0.0,0.0,30.19,,10.0,,CLR,,,,,,,,,,,,,,,72.5,KUNV 180355Z AUTO 00000KT 10SM CLR 23/17 A3019 RMK AO2 T02250166,,0.0,22.5,0.0
UNV,2024-06-18 00:15:00,-77.85,40.85,378.0,71.6,62.0,71.73,50.0,3.0,0.0,30.2,,10.0,,CLR,,,,,,,,,,,,,,,71.6,KUNV 180415Z AUTO 05003KT 10SM CLR 22/17 A3020 RMK AO2 T02200166,,1.543332,21.999999999999996,0.0
UNV,2024-06-18 00:35:00,-77.85,40.85,378.0,72.0,62.0,70.77,0.0,0.0,0.0,30.2,,10.0,,CLR,,,,,,,,,,,,,,,72.0,KUNV 180435Z AUTO 00000KT 10SM CLR 22/17 A3020 RMK AO2 T02230166,,0.0,22.22222222222222,0.0
UNV,2024-06-18 00:55:00,-77.85,40.85,378.0,71.6,62.2,72.24,0.0,0.0,0.0,30.19,,10.0,,CLR,,,,,,,,,,,,,,,71.6,KUNV 180455Z AUTO 00000KT 10SM CLR 22/17 A3019 RMK AO2 T02200168,,0.0,21.999999999999996,0.0
UNV,2024-06-18 01:15:00,-77.85,40.85,378.0,70.0,62.6,77.37,0.0,0.0,0.0,30.19,,10.0,,CLR,,,,,,,,,,,,,,,70.0,KUNV 180515Z AUTO 00000KT 10SM CLR 21/17 A3019 RMK AO2 T02120170,,0.0,21.11111111111111,0.0
UNV,2024-06-18 01:35:00,-77.85,40.85,378.0,68.0,63.0,84.03,0.0,0.0,0.0,30.19,,10.0,,CLR,,,,,,,,,,,,,,,68.0,KUNV 180535Z AUTO 00000KT 10SM CLR 20/17 A3019 RMK AO2 T02010173,,0.0,20.0,0.0
UNV,2024-06-18 01:55:00,-77.85,40.85,378.0,70.0,62.6,77.37,0.0,0.0,0.0,30.19,,10.0,,CLR,,,,,,,,,,,,,,,70.0,KUNV 180555Z AUTO 00000KT 10SM CLR 21/17 A3019 RMK AO2 T02120170 10282 20200,,0.0,21.11111111111111,0.0
UNV,2024-06-18 02:15:00,-77.85,40.85,378.0,70.5,62.4,75.52,0.0,0.0,0.0,30.18,,10.0,,CLR,,,,,,,,,,,,,,,70.5,KUNV 180615Z AUTO 00000KT 10SM CLR 21/17 A3018 RMK AO2 T02140169,,0.0,21.38888888888889,0.0
UNV,2024-06-18 02:35:00,-77.85,40.85,378.0,69.3,62.6,79.24,0.0,0.0,0.0,30.18,,10.0,,CLR,,,,,,,,,,,,,,,69.3,KUNV 180635Z AUTO 00000KT 10SM CLR 21/17 A3018 RMK AO2 T02070170,,0.0,20.72222222222222,0.0
UNV,2024-06-18 02:55:00,-77.85,40.85,378.0,67.6,63.5,86.71,0.0,0.0,0.0,30.18,,10.0,,CLR,,,,,,,,,,,,,,,67.6,KUNV 180655Z AUTO 00000KT 10SM CLR 20/18 A3018 RMK AO2 T01980175,,0.0,19.777777777777775,0.0
UNV,2024-06-18 03:15:00,-77.85,40.85,378.0,68.0,63.7,86.12,0.0,0.0,0.0,30.18,,10.0,,CLR,,,,,,,,,,,,,,,68.0,KUNV 180715Z AUTO 00000KT 10SM CLR 20/18 A3018 RMK AO2 T01990176,,0.0,20.0,0.0
UNV,2024-06-18 03:35:00,-77.85,40.85,378.0,67.3,64.0,89.16,0.0,0.0,0.0,30.18,,10.0,,CLR,,,,,,,,,,,,,,,67.3,KUNV 180735Z AUTO 00000KT 10SM CLR 20/18 A3018 RMK AO2 T01960177,,0.0,19.61111111111111,0.0
UNV,2024-06-18 03:55:00,-77.85,40.85,378.0,67.5,64.2,89.17,0.0,0.0,0.0,30.18,,10.0,,CLR,,,,,,,,,,,,,,,67.5,KUNV 180755Z AUTO 00000KT 10SM CLR 20/18 A3018 RMK AO2 T01970179,,0.0,19.72222222222222,0.0
UNV,2024-06-18 04:15:00,-77.85,40.85,378.0,66.7,64.8,93.61,0.0,0.0,0.0,30.18,,10.0,,CLR,,,,,,,,,,,,,,,66.7,KUNV 180815Z AUTO 00000KT 10SM CLR 19/18 A3018 RMK AO2 T01930182,,0.0,19.27777777777778,0.0
UNV,2024-06-18 04:35:00,-77.85,40.85,378.0,67.5,64.0,88.55,0.0,0.0,0.0,30.19,,10.0,,CLR,,,,,,,,,,,,,,,67.5,KUNV 180835Z AUTO 00000KT 10SM CLR 20/18 A3019 RMK AO2 T01970177,,0.0,19.72222222222222,0.0
UNV,2024-06-18 04:55:00,-77.85,40.85,378.0,66.2,65.5,97.6,0.0,0.0,0.0,30.2,,10.0,,CLR,,,,,,,,,,,,,,,66.2,KUNV 180855Z AUTO 00000KT 10SM CLR 19/19 A3020 RMK AO2 T01900186,,0.0,19.0,0.0
UNV,2024-06-18 05:15:00,-77.85,40.85,378.0,66.0,65.7,98.96,0.0,0.0,0.0,30.2,,10.0,,CLR,,,,,,,,,,,,,,,66.0,KUNV 180915Z AUTO 00000KT 10SM CLR 19/19 A3020 RMK AO2 T01890187,,0.0,18.88888888888889,0.0
UNV,2024-06-18 05:35:00,-77.85,40.85,378.0,66.0,65.5,98.28,0.0,0.0,0.0,30.21,,10.0,,CLR,,,,,,,,,,,,,,,66.0,KUNV 180935Z AUTO 00000KT 10SM CLR 19/19 A3021 RMK AO2 LTG DSNT NE T01890186,,0.0,18.88888888888889,0.0
UNV,2024-06-18 05:53:00,-77.85,40.85,378.0,68.0,66.2,93.97,0.0,0.0,0.0,30.21,,10.0,,CLR,,,,,,,,,,,,,,,68.0,KUNV 180953Z 00000KT 10SM CLR 20/19 A3021,,0.0,20.0,0.0
UNV,2024-06-18 06:53:00,-77.85,40.85,378.0,66.2,66.2,100.0,0.0,0.0,0.0,30.23,,10.0,,CLR,,,,,,,,,,,,,,,66.2,KUNV 181053Z 00000KT 10SM CLR 19/19 A3023,,0.0,19.0,0.0
UNV,2024-06-18 07:53:00,-77.85,40.85,378.0,71.6,68.0,88.43,0.0,0.0,0.0,30.25,,10.0,,CLR,,,,,,,,,,,,,,,71.6,KUNV 181153Z 00000KT 10SM CLR 22/20 A3025,,0.0,21.999999999999996,0.0
UNV,2024-06-18 08:53:00,-77.85,40.85,378.0,73.4,68.0,83.21,0.0,0.0,0.0,30.26,,10.0,,CLR,,,,,,,,,,,,,,,73.4,KUNV 181253Z 00000KT 10SM CLR 23/20 A3026,,0.0,23.000000000000004,0.0
UNV,2024-06-18 09:53:00,-77.85,40.85,378.0,77.0,68.0,73.78,0.0,0.0,0.0,30.27,,10.0,,CLR,,,,,,,,,,,,,,,77.0,KUNV 181353Z 00000KT 10SM CLR 25/20 A3027,,0.0,25.0,0.0
UNV,2024-06-18 10:53:00,-77.85,40.85,378.0,82.4,69.8,65.74,,4.0,0.0,30.27,,7.0,,CLR,,,,,,,,HZ,,,,,,,86.22,KUNV 181453Z VRB04KT 7SM HZ CLR 28/21 A3027,,2.057776,28.000000000000004,0.0
UNV,2024-06-18 11:53:00,-77.85,40.85,378.0,86.0,69.8,58.55,,4.0,0.0,30.26,,7.0,,CLR,,,,,,,,HZ,,,,,,,90.58,KUNV 181553Z VRB04KT 7SM HZ CLR 30/21 A3026,,2.057776,30.0,0.0
UNV,2024-06-18 12:53:00,-77.85,40.85,378.0,87.8,69.8,55.29,0.0,0.0,0.0,30.25,,7.0,,CLR,,,,,,,,HZ,,,,,,,92.71,KUNV 181653Z 00000KT 7SM HZ CLR 31/21 A3025,,0.0,31.0,0.0
UNV,2024-06-18 13:53:00,-77.85,40.85,378.0,89.6,71.6,55.53,30.0,5.0,0.0,30.23,,7.0,,CLR,,,,,,,,HZ,,,,,,,96.41,KUNV 181753Z 03005KT 7SM HZ CLR 32/22 A3023,,2.57222,32.0,0.0
UNV,2024-06-18 14:53:00,-77.85,40.85,378.0,87.8,69.8,55.29,100.0,5.0,0.0,30.24,,7.0,,SCT,,,,5000.0,,,,HZ VCSH,,,,,,,92.71,KUNV 181853Z COR 10005KT 7SM HZ VCSH SCT050 31/21 A3024 RMK LTG DSNT SW,,2.57222,31.0,4.0
UNV,2024-06-18 15:23:00,-77.85,40.85,378.0,82.4,71.6,69.9,210.0,7.0,0.0,30.23,,7.0,,SCT,,,,5000.0,,,,-DZ,,,,,,,87.18,KUNV 181923Z 21007KT 7SM -DZ SCT050 28/22 A3023 RMK LTG DSNT SW,,3.601108,28.000000000000004,4.0
UNV,2024-06-18 15:53:00,-77.85,40.85,378.0,78.8,68.0,69.52,270.0,9.0,0.0,30.24,,7.0,,SCT,,,,4700.0,,,,-DZ,,,,,,,78.8,KUNV 181953Z 27009KT 7SM -DZ SCT047 26/20 A3024 RMK LTG DSNT W,,4.629996,26.0,4.0
UNV,2024-06-18 16:53:00,-77.85,40.85,378.0,82.4,69.8,65.74,0.0,0.0,0.0,30.22,,7.0,,CLR,,,,,,,,,,,,,,,86.22,KUNV 182053Z 00000KT 7SM CLR 28/21 A3022,,0.0,28.000000000000004,0.0
UNV,2024-06-18 17:53:00,-77.85,40.85,378.0,87.8,71.6,58.78,0.0,0.0,0.0,30.22,,7.0,,CLR,,,,,,,,,,,,,,,94.18,KUNV 182153Z 00000KT 7SM CLR 31/22 A3022,,0.0,31.0,0.0
UNV,2024-06-18 18:53:00,-77.85,40.85,378.0,86.0,71.6,62.25,0.0,0.0,0.0,30.22,,10.0,,SCT,,,,5000.0,,,,,,,,,,,91.92,KUNV 182253Z 00000KT 10SM SCT050 30/22 A3022,,0.0,30.0,4.0
UNV,2024-06-18 19:53:00,-77.85,40.85,378.0,84.2,71.6,65.95,0.0,0.0,0.0,30.23,,10.0,,SCT,,,,5000.0,,,,,,,,,,,89.6,KUNV 182353Z 00000KT 10SM SCT050 29/22 A3023,,0.0,29.0,4.0
UNV,2024-06-18 20:53:00,-77.85,40.85,378.0,80.6,71.6,74.11,220.0,4.0,0.0,30.25,,10.0,,SCT,,,,5000.0,,,,,,,,,,,84.57,KUNV 190053Z COR 22004KT 10SM SCT050 27/22 A3025,,2.057776,26.999999999999996,4.0
UNV,2024-06-18 21:53:00,-77.85,40.85,378.0,80.6,69.8,69.71,210.0,3.0,0.0,30.26,,10.0,,CLR,,,,,,,,,,,,,,,83.9,KUNV 190153Z 21003KT 10SM CLR 27/21 A3026,,1.543332,26.999999999999996,0.0
UNV,2024-06-18 22:15:00,-77.85,40.85,378.0,79.0,70.0,73.97,220.0,4.0,0.0,30.27,,10.0,,CLR,,,,,,,,,,,,,,,79.0,KUNV 190215Z AUTO 22004KT 10SM CLR 26/21 A3027 RMK AO2 T02620212,,2.057776,26.11111111111111,0.0
UNV,2024-06-18 22:35:00,-77.85,40.85,378.0,79.0,69.8,73.46,210.0,4.0,0.0,30.27,,10.0,,CLR,,,,,,,,,,,,,,,79.0,KUNV 190235Z AUTO 21004KT 10SM CLR 26/21 A3027 RMK AO2 T02620210,,2.057776,26.11111111111111,0.0
UNV,2024-06-18 22:55:00,-77.85,40.85,378.0,79.5,69.4,71.28,200.0,3.0,0.0,30.27,,10.0,,CLR,,,,,,,,,,,,,,,79.5,KUNV 190255Z AUTO 20003KT 10SM CLR 26/21 A3027 RMK AO2 T02640208,,1.543332,26.38888888888889,0.0
UNV,2024-06-18 23:15:00,-77.85,40.85,378.0,78.4,69.3,73.66,0.0,0.0,0.0,30.27,,10.0,,CLR,,,,,,,,,,,,,,,78.4,KUNV 190315Z AUTO 00000KT 10SM CLR 26/21 A3027 RMK AO2 T02580207,,0.0,25.777777777777782,0.0
UNV,2024-06-18 23:35:00,-77.85,40.85,378.0,78.3,69.0,73.15,0.0,0.0,0.0,30.27,,10.0,,CLR,,,,,,,,,,,,,,,78.3,KUNV 190335Z AUTO 00000KT 10SM CLR 26/21 A3027 RMK AO2 T02570206,,0.0,25.72222222222222,0.0
UNV,2024-06-18 23:55:00,-77.85,40.85,378.0,78.3,69.0,73.15,0.0,0.0,0.0,30.28,,10.0,,CLR,,,,,,,,,,,,,,,78.3,KUNV 190355Z AUTO 00000KT 10SM CLR 26/21 A3028 RMK AO2 T02570205,,0.0,25.72222222222222,0.0
UNV,2024-06-19 00:15:00,-77.85,40.85,378.0,75.2,73.0,92.88,0.0,0.0,0.0,30.28,,10.0,,CLR,,,,,,,,,,,,,,,75.2,KUNV 190415Z AUTO 00000KT 10SM CLR 24/23 A3028 RMK AO2 T02400228,,0.0,24.0,0.0
UNV,2024-06-19 00:35:00,-77.85,40.85,378.0,76.3,70.3,81.71,220.0,6.0,0.0,30.28,,10.0,,CLR,,,,,,,,,,,,,,,76.3,KUNV 190435Z AUTO 22006KT 10SM CLR 25/21 A3028 RMK AO2 T02460213,,3.086664,24.61111111111111,0.0
UNV,2024-06-19 00:55:00,-77.85,40.85,378.0,76.0,69.8,81.13,220.0,4.0,0.0,30.28,,10.0,,CLR,,,,,,,,,,,,,,,76.0,KUNV 190455Z AUTO 22004KT 10SM CLR 25/21 A3028 RMK AO2 T02450210,,2.057776,24.444444444444443,0.0
UNV,2024-06-19 01:15:00,-77.85,40.85,378.0,76.5,68.0,75.02,0.0,0.0,0.0,30.28,,10.0,,CLR,,,,,,,,,,,,,,,76.5,KUNV 190515Z AUTO 00000KT 10SM CLR 25/20 A3028 RMK AO2 T02470200,,0.0,24.72222222222222,0.0
UNV,2024-06-19 01:35:00,-77.85,40.85,378.0,76.6,68.0,74.77,0.0,0.0,0.0,30.29,,10.0,,CLR,,,,,,,,,,,,,,,76.6,KUNV 190535Z AUTO 00000KT 10SM CLR 25/20 A3029 RMK AO2 T02480199,,0.0,24.777777777777775,0.0
UNV,2024-06-19 01:55:00,-77.85,40.85,378.0,74.3,68.7,82.7,0.0,0.0,0.0,30.29,,10.0,,CLR,,,,,,,,,,,,,,,74.3,KUNV 190555Z AUTO 00000KT 10SM CLR 24/20 A3029 RMK AO2 T02350204 10290 20232,,0.0,23.5,0.0
UNV,2024-06-19 02:15:00,-77.85,40.85,378.0,75.4,68.0,77.81,0.0,0.0,0.0,30.29,,10.0,,CLR,,,,,,,,,,,,,,,75.4,KUNV 190615Z AUTO 00000KT 10SM CLR 24/20 A3029 RMK AO2 T02410200,,0.0,24.111111111111114,0.0
UNV,2024-06-19 02:35:00,-77.85,40.85,378.0,75.2,68.0,78.34,0.0,0.0,0.0,30.29,,10.0,,CLR,,,,,,,,,,,,,,,75.2,KUNV 190635Z AUTO 00000KT 10SM CLR 24/20 A3029 RMK AO2 T02400199,,0.0,24.0,0.0
UNV,2024-06-19 02:55:00,-77.85,40.85,378.0,74.7,67.0,76.96,220.0,3.0,0.0,30.29,,10.0,,CLR,,,,,,,,,,,,,,,74.7,KUNV 190655Z AUTO 22003KT 10SM CLR 24/20 A3029 RMK AO2 T02370195,,1.543332,23.72222222222222,0.0
UNV,2024-06-19 03:15:00,-77.85,40.85,378.0,73.0,69.8,89.71,0.0,0.0,0.0,30.29,,10.0,,CLR,,,,,,,,,,,,,,,73.0,KUNV 190715Z AUTO 00000KT 10SM CLR 23/21 A3029 RMK AO2 T02270210,,0.0,22.77777777777778,0.0
UNV,2024-06-19 03:35:00,-77.85,40.85,378.0,73.0,68.0,84.34,0.0,0.0,0.0,30.3,,10.0,,CLR,,,,,,,,,,,,,,,73.0,KUNV 190735Z AUTO 00000KT 10SM CLR 23/20 A3030 RMK AO2 T02280199,,0.0,22.77777777777778,0.0
UNV,2024-06-19 03:55:00,-77.85,40.85,378.0,73.8,67.0,79.31,230.0,3.0,0.0,30.3,,10.0,,CLR,,,,,,,,,,,,,,,73.8,KUNV 190755Z AUTO 23003KT 10SM CLR 23/20 A3030 RMK AO2 T02320195,,1.543332,23.22222222222222,0.0
UNV,2024-06-19 04:15:00,-77.85,40.85,378.0,72.0,68.0,87.24,210.0,3.0,0.0,30.3,,10.0,,CLR,,,,,,,,,,,,,,,72.0,KUNV 190815Z AUTO 21003KT 10SM CLR 22/20 A3030 RMK AO2 T02230199,,1.543332,22.22222222222222,0.0
UNV,2024-06-19 04:35:00,-77.85,40.85,378.0,72.5,67.0,82.86,0.0,0.0,0.0,30.31,,10.0,,CLR,,,,,,,,,,,,,,,72.5,KUNV 190835Z AUTO 00000KT 10SM CLR 23/20 A3031 RMK AO2 T02250195,,0.0,22.5,0.0
UNV,2024-06-19 04:55:00,-77.85,40.85,378.0,71.8,68.4,89.05,0.0,0.0,0.0,30.31,,10.0,,CLR,,,,,,,,,,,,,,,71.8,KUNV 190855Z AUTO 00000KT 10SM CLR 22/20 A3031 RMK AO2 T02210202,,0.0,22.11111111111111,0.0
UNV,2024-06-19 05:15:00,-77.85,40.85,378.0,71.0,68.0,90.25,0.0,0.0,0.0,30.32,,10.0,,CLR,,,,,,,,,,,,,,,71.0,KUNV 190915Z AUTO 00000KT 10SM CLR 22/20 A3032 RMK AO2 T02170201,,0.0,21.666666666666668,0.0
UNV,2024-06-19 05:35:00,-77.85,40.85,378.0,71.6,69.0,91.52,0.0,0.0,0.0,30.32,,10.0,,CLR,,,,,,,,,,,,,,,71.6,KUNV 190935Z AUTO 00000KT 10SM CLR 22/21 A3032 RMK AO2 T02200205,,0.0,21.999999999999996,0.0
UNV,2024-06-19 05:53:00,-77.85,40.85,378.0,71.6,68.0,88.43,300.0,3.0,0.0,30.32,,10.0,,CLR,,,,,,,,,,,,,,,71.6,KUNV 190953Z 30003KT 10SM CLR 22/20 A3032,,1.543332,21.999999999999996,0.0
UNV,2024-06-19 06:53:00,-77.85,40.85,378.0,73.4,69.8,88.51,0.0,0.0,0.0,30.35,,10.0,,CLR,,,,,,,,,,,,,,,73.4,KUNV 191053Z 00000KT 10SM CLR 23/21 A3035,,0.0,23.000000000000004,0.0
UNV,2024-06-19 07:53:00,-77.85,40.85,378.0,75.2,69.8,83.32,0.0,0.0,0.0,30.36,,8.0,,CLR,,,,,,,,HZ,,,,,,,75.2,KUNV 191153Z 00000KT 8SM HZ CLR 24/21 A3036,,0.0,24.0,0.0
UNV,2024-06-19 08:53:00,-77.85,40.85,378.0,77.0,69.8,78.48,,4.0,0.0,30.37,,8.0,,CLR,,,,,,,,HZ,,,,,,,77.0,KUNV 191253Z VRB04KT 8SM HZ CLR 25/21 A3037,,2.057776,25.0,0.0
UNV,2024-06-19 09:53:00,-77.85,40.85,378.0,80.6,69.8,69.71,180.0,5.0,0.0,30.37,,8.0,,CLR,,,,,,,,HZ,,,,,,,83.9,KUNV 191353Z 18005KT 8SM HZ CLR 27/21 A3037,,2.57222,26.999999999999996,0.0
UNV,2024-06-19 10:53:00,-77.85,40.85,378.0,82.4,68.0,61.81,200.0,5.0,0.0,30.37,,8.0,,CLR,,,,,,,,HZ,,,,,,,85.38,KUNV 191453Z 20005KT 8SM HZ CLR 28/20 A3037,,2.57222,28.000000000000004,0.0
UNV,2024-06-19 11:53:00,-77.85,40.85,378.0,84.2,68.0,58.32,150.0,5.0,0.0,30.36,,8.0,,CLR,,,,,,,,HZ,,,,,,,87.4,KUNV 191553Z 15005KT 8SM HZ CLR 29/20 A3036,,2.57222,29.0,0.0
UNV,2024-06-19 12:53:00,-77.85,40.85,378.0,86.0,68.0,55.04,210.0,10.0,0.0,30.36,,8.0,,SCT,,,,5500.0,,,,HZ,,,,,,,89.41,KUNV 191653Z 21010KT 8SM HZ SCT055 30/20 A3036,,5.14444,30.0,4.0
UNV,2024-06-19 13:53:00,-77.85,40.85,378.0,86.0,66.2,51.72,210.0,4.0,0.0,30.35,,7.0,,SCT,,,,5500.0,,,,,,,,,,,88.39,KUNV 191753Z 21004KT 7SM SCT055 30/19 A3035,,2.057776,30.0,4.0
UNV,2024-06-19 14:53:00,-77.85,40.85,378.0,87.8,68.0,51.98,260.0,5.0,0.0,30.34,,7.0,,SCT,,,,5000.0,,,,,,,,,,,91.43,KUNV 191853Z 26005KT 7SM SCT050 31/20 A3034,,2.57222,31.0,4.0
UNV,2024-06-19 15:53:00,-77.85,40.85,378.0,87.8,64.4,45.88,150.0,3.0,0.0,30.32,,7.0,,CLR,,,,,,,,,,,,,,,89.33,KUNV 191953Z 15003KT 7SM CLR 31/18 A3032,,1.543332,31.0,0.0
UNV,2024-06-19 16:53:00,-77.85,40.85,378.0,87.8,66.2,48.84,170.0,6.0,0.0,30.31,,7.0,,CLR,,,,,,,,,,,,,,,90.31,KUNV 192053Z 17006KT 7SM CLR 31/19 A3031,,3.086664,31.0,0.0
UNV,2024-06-19 17:53:00,-77.85,40.85,378.0,86.0,64.4,48.58,200.0,6.0,0.0,30.31,,7.0,,CLR,,,,,,,,,,,,,,,87.49,KUNV 192153Z 20006KT 7SM CLR 30/18 A3031,,3.086664,30.0,0.0
UNV,2024-06-19 18:53:00,-77.85,40.85,378.0,84.2,66.2,54.8,190.0,3.0,0.0,30.31,,10.0,,CLR,,,,,,,,,,,,,,,86.5,KUNV 192253Z 19003KT 10SM CLR 29/19 A3031,,1.543332,29.0,0.0
UNV,2024-06-19 19:53:00,-77.85,40.85,378.0,84.2,66.2,54.8,200.0,3.0,0.0,30.31,,10.0,,CLR,,,,,,,,,,,,,,,86.5,KUNV 192353Z 20003KT 10SM CLR 29/19 A3031,,1.543332,29.0,0.0
UNV,2024-06-19 20:53:00,-77.85,40.85,378.0,80.6,66.2,61.58,0.0,0.0,0.0,30.32,,10.0,,SCT,,,,6000.0,,,,,,,,,,,82.75,KUNV 200053Z 00000KT 10SM SCT060 27/19 A3032,,0.0,26.999999999999996,4.0
UNV,2024-06-19 21:53:00,-77.85,40.85,378.0,78.8,66.2,65.33,180.0,6.0,0.0,30.34,,10.0,,CLR,,,,,,,,,,,,,,,78.8,KUNV 200153Z 18006KT 10SM CLR 26/19 A3034,,3.086664,26.0,0.0
UNV,2024-06-19 22:15:00,-77.85,40.85,378.0,77.7,65.5,66.11,190.0,4.0,0.0,30.35,,10.0,,CLR,,,,,,,,,,,,,,,77.7,KUNV 200215Z AUTO 19004KT 10SM CLR 25/19 A3035 RMK AO2 T02540186,,2.057776,25.38888888888889,0.0
UNV,2024-06-19 22:35:00,-77.85,40.85,378.0,77.0,65.0,66.5,200.0,3.0,0.0,30.35,,10.0,,CLR,,,,,,,,,,,,,,,77.0,KUNV 200235Z AUTO 20003KT 10SM CLR 25/18 A3035 RMK AO2 T02510183,,1.543332,25.0,0.0
UNV,2024-06-19 22:55:00,-77.85,40.85,378.0,76.3,64.6,67.12,0.0,0.0,0.0,30.35,,10.0,,CLR,,,,,,,,,,,,,,,76.3,KUNV 200255Z AUTO 00000KT 10SM CLR 25/18 A3035 RMK AO2 T02460181,,0.0,24.61111111111111,0.0
UNV,2024-06-19 23:15:00,-77.85,40.85,378.0,74.3,64.6,71.75,220.0,4.0,0.0,30.36,,10.0,,CLR,,,,,,,,,,,,,,,74.3,KUNV 200315Z AUTO 22004KT 10SM CLR 24/18 A3036 RMK AO2 T02350181,,2.057776,23.5,0.0
UNV,2024-06-19 23:35:00,-77.85,40.85,378.0,74.5,64.0,69.79,230.0,5.0,0.0,30.36,,10.0,,CLR,,,,,,,,,,,,,,,74.5,KUNV 200335Z AUTO 23005KT 10SM CLR 24/18 A3036 RMK AO2 T02360178,,2.57222,23.61111111111111,0.0
UNV,2024-06-19 23:55:00,-77.85,40.85,378.0,74.3,62.8,67.36,220.0,3.0,0.0,30.36,,10.0,,CLR,,,,,,,,,,,,,,,74.3,KUNV 200355Z AUTO 22003KT 10SM CLR 24/17 A3036 RMK AO2 T02350171,,1.543332,23.5,0.0
UNV,2024-06-20 00:15:00,-77.85,40.85,378.0,74.3,61.7,64.8,220.0,4.0,0.0,30.36,,10.0,,CLR,,,,,,,,,,,,,,,74.3,KUNV 200415Z AUTO 22004KT 10SM CLR 24/17 A3036 RMK AO2 T02350165,,2.057776,23.5,0.0
UNV,2024-06-20 00:35:00,-77.85,40.85,378.0,73.8,61.7,65.9,220.0,5.0,0.0,30.36,,10.0,,CLR,,,,,,,,,,,,,,,73.8,KUNV 200435Z AUTO 22005KT 10SM CLR 23/17 A3036 RMK AO2 T02320165,,2.57222,23.22222222222222,0.0
UNV,2024-06-20 00:55:00,-77.85,40.85,378.0,73.0,61.7,67.7,220.0,4.0,0.0,30.36,,10.0,,CLR,,,,,,,,,,,,,,,73.0,KUNV 200455Z AUTO 22004KT 10SM CLR 23/17 A3036 RMK AO2 T02270165,,2.057776,22.77777777777778,0.0
UNV,2024-06-20 01:15:00,-77.85,40.85,378.0,73.0,61.7,67.7,0.0,0.0,0.0,30.35,,10.0,,CLR,,,,,,,,,,,,,,,73.0,KUNV 200515Z AUTO 00000KT 10SM CLR 23/17 A3035 RMK AO2 T02280165,,0.0,22.77777777777778,0.0
UNV,2024-06-20 01:35:00,-77.85,40.85,378.0,72.3,62.0,70.05,0.0,0.0,0.0,30.35,,10.0,,CLR,,,,,,,,,,,,,,,72.3,KUNV 200535Z AUTO 00000KT 10SM CLR 22/17 A3035 RMK AO2 T02240166,,0.0,22.38888888888889,0.0
UNV,2024-06-20 01:55:00,-77.85,40.85,378.0,71.6,62.6,73.27,0.0,0.0,0.0,30.35,,10.0,,CLR,,,,,,,,,,,,,,,71.6,KUNV 200555Z AUTO 00000KT 10SM CLR 22/17 A3035 RMK AO2 T02200170 10287 20220,,0.0,21.999999999999996,0.0
UNV,2024-06-20 02:15:00,-77.85,40.85,378.0,70.7,62.6,75.54,0.0,0.0,0.0,30.35,,10.0,,CLR,,,,,,,,,,,,,,,70.7,KUNV 200615Z AUTO 00000KT 10SM CLR 22/17 A3035 RMK AO2 T02150170,,0.0,21.5,0.0
UNV,2024-06-20 02:35:00,-77.85,40.85,378.0,71.0,62.6,74.78,0.0,0.0,0.0,30.35,,10.0,,CLR,,,,,,,,,,,,,,,71.0,KUNV 200635Z AUTO 00000KT 10SM CLR 22/17 A3035 RMK AO2 T02160170,,0.0,21.666666666666668,0.0
UNV,2024-06-20 02:55:00,-77.85,40.85,378.0,71.0,63.0,75.84,0.0,0.0,0.0,30.34,,10.0,,CLR,,,,,,,,,,,,,,,71.0,KUNV 200655Z AUTO 00000KT 10SM CLR 22/17 A3034 RMK AO2 T02160172,,0.0,21.666666666666668,0.0
UNV,2024-06-20 03:15:00,-77.85,40.85,378.0,68.4,64.0,85.84,0.0,0.0,0.0,30.34,,10.0,,CLR,,,,,,,,,,,,,,,68.4,KUNV 200715Z AUTO 00000KT 10SM CLR 20/18 A3034 RMK AO2 T02020178,,0.0,20.222222222222225,0.0
UNV,2024-06-20 03:35:00,-77.85,40.85,378.0,69.0,63.7,83.21,0.0,0.0,0.0,30.34,,10.0,,CLR,,,,,,,,,,,,,,,69.0,KUNV 200735Z AUTO 00000KT 10SM CLR 21/18 A3034 RMK AO2 T02050176,,0.0,20.555555555555557,0.0
UNV,2024-06-20 03:55:00,-77.85,40.85,378.0,69.0,63.5,82.63,0.0,0.0,0.0,30.35,,10.0,,CLR,,,,,,,,,,,,,,,69.0,KUNV 200755Z AUTO 00000KT 10SM CLR 21/18 A3035 RMK AO2 T02050175,,0.0,20.555555555555557,0.0
UNV,2024-06-20 04:15:00,-77.85,40.85,378.0,69.0,63.5,82.63,0.0,0.0,0.0,30.34,,10.0,,CLR,,,,,,,,,,,,,,,69.0,KUNV 200815Z AUTO 00000KT 10SM CLR 21/18 A3034 RMK AO2 T02050175,,0.0,20.555555555555557,0.0
UNV,2024-06-20 04:35:00,-77.85,40.85,378.0,68.0,63.7,86.12,0.0,0.0,0.0,30.34,,10.0,,CLR,,,,,,,,,,,,,,,68.0,KUNV 200835Z AUTO 00000KT 10SM CLR 20/18 A3034 RMK AO2 T02010176,,0.0,20.0,0.0
UNV,2024-06-20 04:55:00,-77.85,40.85,378.0,67.0,65.3,94.27,0.0,0.0,0.0,30.33,,10.0,,CLR,,,,,,,,,,,,,,,67.0,KUNV 200855Z AUTO 00000KT 10SM CLR 20/19 A3033 RMK AO2 T01950185,,0.0,19.444444444444443,0.0
UNV,2024-06-20 05:15:00,-77.85,40.85,378.0,67.5,65.0,91.69,0.0,0.0,0.0,30.33,,10.0,,CLR,,,,,,,,,,,,,,,67.5,KUNV 200915Z AUTO 00000KT 10SM CLR 20/18 A3033 RMK AO2 T01970183,,0.0,19.72222222222222,0.0
UNV,2024-06-20 05:35:00,-77.85,40.85,378.0,66.2,65.7,98.28,0.0,0.0,0.0,30.34,,10.0,,CLR,,,,,,,,,,,,,,,66.2,KUNV 200935Z AUTO 00000KT 10SM CLR 19/19 A3034 RMK AO2 T01900187,,0.0,19.0,0.0
UNV,2024-06-20 05:53:00,-77.85,40.85,378.0,66.2,66.2,100.0,180.0,4.0,0.0,30.35,,10.0,,CLR,,,,,,,,,,,,,,,66.2,KUNV 200953Z 18004KT 10SM CLR 19/19 A3035,,2.057776,19.0,0.0
UNV,2024-06-20 06:53:00,-77.85,40.85,378.0,66.2,66.2,100.0,0.0,0.0,0.0,30.35,,10.0,,CLR,,,,,,,,,,,,,,,66.2,KUNV 201053Z 00000KT 10SM CLR 19/19 A3035,,0.0,19.0,0.0
UNV,2024-06-20 07:53:00,-77.85,40.85,378.0,68.0,68.0,100.0,0.0,0.0,0.0,30.37,,10.0,,CLR,,,,,,,,,,,,,,,68.0,KUNV 201153Z 00000KT 10SM CLR 20/20 A3037,,0.0,20.0,0.0
UNV,2024-06-20 08:53:00,-77.85,40.85,378.0,73.4,66.2,78.19,0.0,0.0,0.0,30.37,,10.0,,CLR,,,,,,,,,,,,,,,73.4,KUNV 201253Z 00000KT 10SM CLR 23/19 A3037,,0.0,23.000000000000004,0.0
UNV,2024-06-20 09:53:00,-77.85,40.85,378.0,78.8,66.2,65.33,0.0,0.0,0.0,30.37,,10.0,,CLR,,,,,,,,,,,,,,,78.8,KUNV 201353Z 00000KT 10SM CLR 26/19 A3037,,0.0,26.0,0.0
UNV,2024-06-20 10:53:00,-77.85,40.85,378.0,80.6,64.4,57.84,0.0,0.0,0.0,30.37,,10.0,,CLR,,,,,,,,,,,,,,,82.27,KUNV 201453Z 00000KT 10SM CLR 27/18 A3037,,0.0,26.999999999999996,0.0
UNV,2024-06-20 11:53:00,-77.85,40.85,378.0,80.6,64.4,57.84,0.0,0.0,0.0,30.36,,10.0,,CLR,,,,,,,,,,,,,,,82.27,KUNV 201553Z 00000KT 10SM CLR 27/18 A3036,,0.0,26.999999999999996,0.0
UNV,2024-06-20 12:53:00,-77.85,40.85,378.0,86.0,64.4,48.58,220.0,5.0,0.0,30.35,,10.0,,CLR,,,,,,,,,,,,,,,87.49,KUNV 201653Z 22005KT 10SM CLR 30/18 A3035,,2.57222,30.0,0.0
UNV,2024-06-20 13:53:00,-77.85,40.85,378.0,86.0,64.4,48.58,200.0,3.0,0.0,30.33,,10.0,,CLR,,,,,,,,,,,,,,,87.49,KUNV 201753Z 20003KT 10SM CLR 30/18 A3033,,1.543332,30.0,0.0
UNV,2024-06-20 14:53:00,-77.85,40.85,378.0,87.8,64.4,45.88,200.0,5.0,0.0,30.32,,10.0,,CLR,,,,,,,,,,,,,,,89.33,KUNV 201853Z 20005KT 10SM CLR 31/18 A3032,,2.57222,31.0,0.0
UNV,2024-06-20 15:53:00,-77.85,40.85,378.0,89.6,62.6,40.69,190.0,7.0,0.0,30.3,,10.0,,CLR,,,,,,,,,,,,,,,90.32,KUNV 201953Z 19007KT 10SM CLR 32/17 A3030,,3.601108,32.0,0.0
UNV,2024-06-20 16:53:00,-77.85,40.85,378.0,89.6,62.6,40.69,170.0,5.0,0.0,30.29,,10.0,,FEW,,,,7000.0,,,,,,,,,,,90.32,KUNV 202053Z 17005KT 10SM FEW070 32/17 A3029,,2.57222,32.0,2.0
UNV,2024-06-20 17:53:00,-77.85,40.85,378.0,87.8,62.6,43.07,250.0,6.0,0.0,30.27,,10.0,,CLR,,,,,,,,,,,,,,,88.48,KUNV 202153Z 25006KT 10SM CLR 31/17 A3027,,3.086664,31.0,0.0
UNV,2024-06-20 18:53:00,-77.85,40.85,378.0,87.8,64.4,45.88,230.0,5.0,0.0,30.26,,10.0,,CLR,,,,,,,,,,,,,,,89.33,KUNV 202253Z 23005KT 10SM CLR 31/18 A3026,,2.57222,31.0,0.0
UNV,2024-06-20 19:53:00,-77.85,40.85,378.0,84.2,66.2,54.8,190.0,5.0,0.0,30.25,,10.0,,CLR,,,,,,,,,,,,,,,86.5,KUNV 202353Z 19005KT 10SM CLR 29/19 A3025,,2.57222,29.0,0.0
UNV,2024-06-20 20:53:00,-77.85,40.85,378.0,80.6,66.2,61.58,0.0,0.0,0.0,30.26,,10.0,,CLR,,,,,,,,,,,,,,,82.75,KUNV 210053Z 00000KT 10SM CLR 27/19 A3026,,0.0,26.999999999999996,0.0
UNV,2024-06-20 21:53:00,-77.85,40.85,378.0,80.6,64.4,57.84,0.0,0.0,0.0,30.27,,10.0,,CLR,,,,,,,,,,,,,,,82.27,KUNV 210153Z 00000KT 10SM CLR 27/18 A3027,,0.0,26.999999999999996,0.0
UNV,2024-06-20 22:15:00,-77.85,40.85,378.0,79.0,65.3,62.9,240.0,3.0,0.0,30.27,,10.0,,CLR,,,,,,,,,,,,,,,79.0,KUNV 210215Z AUTO 24003KT 10SM CLR 26/19 A3027 RMK AO2 T02610185,,1.543332,26.11111111111111,0.0
UNV,2024-06-20 22:35:00,-77.85,40.85,378.0,77.0,66.2,69.33,250.0,3.0,0.0,30.28,,10.0,,CLR,,,,,,,,,,,,,,,77.0,KUNV 210235Z AUTO 25003KT 10SM CLR 25/19 A3028 RMK AO2 T02500190,,1.543332,25.0,0.0
UNV,2024-06-20 22:55:00,-77.85,40.85,378.0,78.4,65.7,65.06,270.0,4.0,0.0,30.28,,10.0,,CLR,,,,,,,,,,,,,,,78.4,KUNV 210255Z AUTO 27004KT 10SM CLR 26/19 A3028 RMK AO2 T02580187,,2.057776,25.777777777777782,0.0
UNV,2024-06-20 23:15:00,-77.85,40.85,378.0,76.0,66.0,71.18,0.0,0.0,0.0,30.28,,10.0,,CLR,,,,,,,,,,,,,,,76.0,KUNV 210315Z AUTO 00000KT 10SM CLR 25/19 A3028 RMK AO2 T02450188,,0.0,24.444444444444443,0.0
UNV,2024-06-20 23:35:00,-77.85,40.85,378.0,75.6,65.0,69.67,230.0,3.0,0.0,30.27,,10.0,,CLR,,,,,,,,,,,,,,,75.6,KUNV 210335Z AUTO 23003KT 10SM CLR 24/18 A3027 RMK AO2 T02420183,,1.543332,24.222222222222218,0.0
UNV,2024-06-20 23:55:00,-77.85,40.85,378.0,75.2,65.0,70.6,0.0,0.0,0.0,30.28,,10.0,,CLR,,,,,,,,,,,,,,,75.2,KUNV 210355Z AUTO 00000KT 10SM CLR 24/18 A3028 RMK AO2 T02400183,,0.0,24.0,0.0
UNV,2024-06-21 00:15:00,-77.85,40.85,378.0,74.5,65.3,73.03,0.0,0.0,0.0,30.27,,10.0,,CLR,,,,,,,,,,,,,,,74.5,KUNV 210415Z AUTO 00000KT 10SM CLR 24/19 A3027 RMK AO2 T02360185,,0.0,23.61111111111111,0.0
UNV,2024-06-21 00:35:00,-77.85,40.85,378.0,75.2,65.3,71.34,0.0,0.0,0.0,30.28,,10.0,,CLR,,,,,,,,,,,,,,,75.2,KUNV 210435Z AUTO 00000KT 10SM CLR 24/19 A3028 RMK AO2 T02400185,,0.0,24.0,0.0
UNV,2024-06-21 00:55:00,-77.85,40.85,378.0,74.3,65.3,73.53,0.0,0.0,0.0,30.27,,10.0,,CLR,,,,,,,,,,,,,,,74.3,KUNV 210455Z AUTO 00000KT 10SM CLR 24/19 A3027 RMK AO2 T02350185,,0.0,23.5,0.0
UNV,2024-06-21 01:15:00,-77.85,40.85,378.0,73.4,65.5,76.31,0.0,0.0,0.0,30.27,,10.0,,CLR,,,,,,,,,,,,,,,73.4,KUNV 210515Z AUTO 00000KT 10SM CLR 23/19 A3027 RMK AO2 T02300186,,0.0,23.000000000000004,0.0
UNV,2024-06-21 01:35:00,-77.85,40.85,378.0,71.4,66.6,84.83,0.0,0.0,0.0,30.27,,10.0,,CLR,,,,,,,,,,,,,,,71.4,KUNV 210535Z AUTO 00000KT 10SM CLR 22/19 A3027 RMK AO2 T02190192,,0.0,21.888888888888893,0.0
UNV,2024-06-21 01:55:00,-77.85,40.85,378.0,73.0,65.5,77.35,230.0,3.0,0.0,30.27,,10.0,,CLR,,,,,,,,,,,,,,,73.0,KUNV 210555Z AUTO 23003KT 10SM CLR 23/19 A3027 RMK AO2 T02280186 10290 20216,,1.543332,22.77777777777778,0.0
UNV,2024-06-21 02:15:00,-77.85,40.85,378.0,71.2,66.0,83.65,0.0,0.0,0.0,30.26,,10.0,,CLR,,,,,,,,,,,,,,,71.2,KUNV 210615Z AUTO 00000KT 10SM CLR 22/19 A3026 RMK AO2 T02180189,,0.0,21.77777777777778,0.0
UNV,2024-06-21 02:35:00,-77.85,40.85,378.0,73.0,65.7,77.89,0.0,0.0,0.0,30.26,,10.0,,CLR,,,,,,,,,,,,,,,73.0,KUNV 210635Z AUTO 00000KT 10SM CLR 23/19 A3026 RMK AO2 T02270187,,0.0,22.77777777777778,0.0
UNV,2024-06-21 02:55:00,-77.85,40.85,378.0,70.5,66.2,86.26,0.0,0.0,0.0,30.26,,10.0,,CLR,,,,,,,,,,,,,,,70.5,KUNV 210655Z AUTO 00000KT 10SM CLR 21/19 A3026 RMK AO2 T02140190,,0.0,21.38888888888889,0.0
UNV,2024-06-21 03:15:00,-77.85,40.85,378.0,70.0,66.7,89.28,0.0,0.0,0.0,30.26,,10.0,,CLR,,,,,,,,,,,,,,,70.0,KUNV 210715Z AUTO 00000KT 10SM CLR 21/19 A3026 RMK AO2 T02120193,,0.0,21.11111111111111,0.0
UNV,2024-06-21 03:35:00,-77.85,40.85,378.0,70.0,67.0,90.21,0.0,0.0,0.0,30.26,,10.0,,CLR,,,,,,,,,,,,,,,70.0,KUNV 210735Z AUTO 00000KT 10SM CLR 21/20 A3026 RMK AO2 T02120195,,0.0,21.11111111111111,0.0
UNV,2024-06-21 03:55:00,-77.85,40.85,378.0,68.0,68.0,100.0,0.0,0.0,0.0,30.25,,10.0,,CLR,,,,,,,,,,,,,,,68.0,KUNV 210755Z AUTO 00000KT 10SM CLR 20/20 A3025 RMK AO2 T02010201,,0.0,20.0,0.0
UNV,2024-06-21 04:15:00,-77.85,40.85,378.0,69.4,68.0,95.31,0.0,0.0,0.0,30.25,,10.0,,CLR,,,,,,,,,,,,,,,69.4,KUNV 210815Z AUTO 00000KT 10SM CLR 21/20 A3025 RMK AO2 T02080201,,0.0,20.777777777777782,0.0
UNV,2024-06-21 04:35:00,-77.85,40.85,378.0,68.4,68.4,100.0,0.0,0.0,0.0,30.25,,10.0,,CLR,,,,,,,,,,,,,,,68.4,KUNV 210835Z AUTO 00000KT 10SM CLR 20/20 A3025 RMK AO2 T02020202,,0.0,20.222222222222225,0.0
UNV,2024-06-21 04:55:00,-77.85,40.85,378.0,68.7,68.5,99.32,0.0,0.0,0.0,30.25,,10.0,,CLR,,,,,,,,,,,,,,,68.7,KUNV 210855Z AUTO 00000KT 10SM CLR 20/20 A3025 RMK AO2 T02040203,,0.0,20.38888888888889,0.0
UNV,2024-06-21 05:15:00,-77.85,40.85,378.0,67.5,67.5,100.0,0.0,0.0,0.0,30.25,,10.0,,CLR,,,,,,,,,,,,,,,67.5,KUNV 210915Z AUTO 00000KT 10SM CLR 20/20 A3025 RMK AO2 T01970197,,0.0,19.72222222222222,0.0
UNV,2024-06-21 05:35:00,-77.85,40.85,378.0,69.0,68.0,96.62,0.0,0.0,0.0,30.25,,10.0,,CLR,,,,,,,,,,,,,,,69.0,KUNV 210935Z AUTO 00000KT 10SM CLR 21/20 A3025 RMK AO2 T02050200,,0.0,20.555555555555557,0.0
UNV,2024-06-21 05:53:00,-77.85,40.85,378.0,68.0,68.0,100.0,0.0,0.0,0.0,30.25,,10.0,,CLR,,,,,,,,,,,,,,,68.0,KUNV 210953Z 00000KT 10SM CLR 20/20 A3025,,0.0,20.0,0.0
UNV,2024-06-21 06:53:00,-77.85,40.85,378.0,69.8,68.0,94.01,0.0,0.0,0.0,30.25,,10.0,,CLR,,,,,,,,,,,,,,,69.8,KUNV 211053Z 00000KT 10SM CLR 21/20 A3025,,0.0,21.0,0.0
UNV,2024-06-21 07:53:00,-77.85,40.85,378.0,71.6,69.8,94.06,0.0,0.0,0.0,30.27,,10.0,,CLR,,,,,,,,,,,,,,,71.6,KUNV 211153Z 00000KT 10SM CLR 22/21 A3027,,0.0,21.999999999999996,0.0
UNV,2024-06-21 08:53:00,-77.85,40.85,378.0,75.2,68.0,78.34,0.0,0.0,0.0,30.26,,10.0,,CLR,,,,,,,,,,,,,,,75.2,KUNV 211253Z 00000KT 10SM CLR 24/20 A3026,,0.0,24.0,0.0
UNV,2024-06-21 09:53:00,-77.85,40.85,378.0,80.6,69.8,69.71,0.0,0.0,0.0,30.25,,10.0,,CLR,,,,,,,,,,,,,,,83.9,KUNV 211353Z 00000KT 10SM CLR 27/21 A3025,,0.0,26.999999999999996,0.0
UNV,2024-06-21 10:53:00,-77.85,40.85,378.0,84.2,69.8,62.03,0.0,0.0,0.0,30.24,,10.0,,CLR,,,,,,,,,,,,,,,88.43,KUNV 211453Z 00000KT 10SM CLR 29/21 A3024,,0.0,29.0,0.0
UNV,2024-06-21 11:53:00,-77.85,40.85,378.0,87.8,69.8,55.29,0.0,0.0,0.0,30.23,,10.0,,CLR,,,,,,,,,,,,,,,92.71,KUNV 211553Z 00000KT 10SM CLR 31/21 A3023,,0.0,31.0,0.0
UNV,2024-06-21 12:03:00,-77.85,40.85,378.0,87.8,69.8,55.29,0.0,0.0,0.0,30.23,,10.0,,SCT,,,,5000.0,,,,,,,,,,,92.71,KUNV 211603Z 00000KT 10SM SCT050 31/21 A3023,,0.0,31.0,4.0
UNV,2024-06-21 12:53:00,-77.85,40.85,378.0,87.8,69.8,55.29,0.0,0.0,0.0,30.21,,10.0,,SCT,,,,5000.0,,,,,,,,,,,92.71,KUNV 211653Z 00000KT 10SM SCT050 31/21 A3021,,0.0,31.0,4.0
UNV,2024-06-21 13:53:00,-77.85,40.85,378.0,91.4,68.0,46.41,240.0,6.0,0.0,30.19,,10.0,,SCT,,,,6000.0,,,,VCSH,,,,,,,95.55,KUNV 211753Z 24006KT 10SM VCSH SCT060 33/20 A3019 RMK LTG DSNT SW,,3.086664,33.0,4.0
UNV,2024-06-21 14:53:00,-77.85,40.85,378.0,91.4,68.0,46.41,190.0,6.0,0.0,30.17,,10.0,,SCT,,,,6000.0,,,,,,,,,,,95.55,KUNV 211853Z 19006KT 10SM SCT060 33/20 A3017 RMK LTG DSNT NE,,3.086664,33.0,4.0
UNV,2024-06-21 15:53:00,-77.85,40.85,378.0,91.4,68.0,46.41,230.0,7.0,0.0,30.15,,10.0,,SCT,,,,6000.0,,,,,,,,,,,95.55,KUNV 211953Z 23007KT 10SM SCT060 33/20 A3015 RMK LTG DSNT N,,3.601108,33.0,4.0
UNV,2024-06-21 16:53:00,-77.85,40.85,378.0,89.6,68.0,49.1,220.0,7.0,0.0,30.14,,10.0,,SCT,,,,8000.0,,,,,,,,,,,93.47,KUNV 212053Z 22007KT 10SM SCT080 32/20 A3014,,3.601108,32.0,4.0
UNV,2024-06-21 17:53:00,-77.85,40.85,378.0,89.6,69.8,52.23,260.0,4.0,0.0,30.12,,10.0,,SCT,,,,8000.0,,,,,,,,,,,94.85,KUNV 212153Z 26004KT 10SM SCT080 32/21 A3012,,2.057776,32.0,4.0
UNV,2024-06-21 18:53:00,-77.85,40.85,378.0,87.8,69.8,55.29,230.0,5.0,0.0,30.11,,10.0,,SCT,,,,8000.0,,,,,,,,,,,92.71,KUNV 212253Z 23005KT 10SM SCT080 31/21 A3011,,2.57222,31.0,4.0
UNV,2024-06-21 19:53:00,-77.85,40.85,378.0,86.0,71.6,62.25,320.0,3.0,0.0,30.12,,10.0,,SCT,,,,9000.0,,,,,,,,,,,91.92,KUNV 212353Z 32003KT 10SM SCT090 30/22 A3012,,1.543332,30.0,4.0
UNV,2024-06-21 20:53:00,-77.85,40.85,378.0,84.2,71.6,65.95,250.0,5.0,0.0,30.12,,10.0,,CLR,,,,,,,,,,,,,,,89.6,KUNV 220053Z 25005KT 10SM CLR 29/22 A3012,,2.57222,29.0,0.0
UNV,2024-06-21 21:53:00,-77.85,40.85,378.0,82.4,71.6,69.9,0.0,0.0,0.0,30.14,,10.0,,CLR,,,,,,,,,,,,,,,87.18,KUNV 220153Z 00000KT 10SM CLR 28/22 A3014,,0.0,28.000000000000004,0.0
UNV,2024-06-21 22:15:00,-77.85,40.85,378.0,81.0,70.0,69.28,30.0,3.0,0.0,30.15,,10.0,,CLR,,,,,,,,,,,,,,,84.5,KUNV 220215Z AUTO 03003KT 10SM CLR 27/21 A3015 RMK AO2 LTG DSNT E T02730211,,1.543332,27.22222222222222,0.0
UNV,2024-06-21 22:35:00,-77.85,40.85,378.0,78.8,69.6,73.44,0.0,0.0,0.0,30.15,,10.0,,CLR,,,,,,,,,,,,,,,78.8,KUNV 220235Z AUTO 00000KT 10SM CLR 26/21 A3015 RMK AO2 T02600209,,0.0,26.0,0.0
UNV,2024-06-21 22:55:00,-77.85,40.85,378.0,78.3,70.0,75.69,0.0,0.0,0.0,30.15,,10.0,,CLR,,,,,,,,,,,,,,,78.3,KUNV 220255Z AUTO 00000KT 10SM CLR 26/21 A3015 RMK AO2 T02570211,,0.0,25.72222222222222,0.0
UNV,2024-06-21 23:15:00,-77.85,40.85,378.0,79.0,71.2,77.05,0.0,0.0,0.0,30.15,,10.0,,CLR,,,,,,,,,,,,,,,79.0,KUNV 220315Z AUTO 00000KT 10SM CLR 26/22 A3015 RMK AO2 T02610218,,0.0,26.11111111111111,0.0
UNV,2024-06-21 23:35:00,-77.85,40.85,378.0,78.6,71.0,77.54,0.0,0.0,0.0,30.15,,10.0,,CLR,,,,,,,,,,,,,,,78.6,KUNV 220335Z AUTO 00000KT 10SM CLR 26/22 A3015 RMK AO2 LTG DSNT E T02590216,,0.0,25.888888888888886,0.0
UNV,2024-06-21 23:55:00,-77.85,40.85,378.0,78.3,69.8,75.18,30.0,3.0,0.0,30.14,,10.0,,CLR,,,,,,,,,,,,,,,78.3,KUNV 220355Z AUTO 03003KT 10SM CLR 26/21 A3014 RMK AO2 T02570210,,1.543332,25.72222222222222,0.0
UNV,2024-06-22 00:15:00,-77.85,40.85,378.0,77.4,69.6,76.92,0.0,0.0,0.0,30.14,,10.0,,CLR,,,,,,,,,,,,,,,77.4,KUNV 220415Z AUTO 00000KT 10SM CLR 25/21 A3014 RMK AO2 T02520209,,0.0,25.222222222222225,0.0
UNV,2024-06-22 00:35:00,-77.85,40.85,378.0,76.5,69.8,79.79,350.0,3.0,0.0,30.14,,10.0,,CLR,,,,,,,,,,,,,,,76.5,KUNV 220435Z AUTO 35003KT 10SM CLR 25/21 A3014 RMK AO2 T02470210,,1.543332,24.72222222222222,0.0
UNV,2024-06-22 00:55:00,-77.85,40.85,378.0,75.6,70.0,82.78,0.0,0.0,0.0,30.14,,10.0,,CLR,,,,,,,,,,,,,,,75.6,KUNV 220455Z AUTO 00000KT 10SM CLR 24/21 A3014 RMK AO2 T02420212,,0.0,24.222222222222218,0.0
UNV,2024-06-22 01:15:00,-77.85,40.85,378.0,74.0,72.0,93.48,0.0,0.0,0.0,30.14,,10.0,,CLR,,,,,,,,,,,,,,,74.0,KUNV 220515Z AUTO 00000KT 10SM CLR 23/22 A3014 RMK AO2 T02330222,,0.0,23.333333333333332,0.0
UNV,2024-06-22 01:35:00,-77.85,40.85,378.0,74.5,73.4,96.37,0.0,0.0,0.0,30.14,,10.0,,CLR,,,,,,,,,,,,,,,74.5,KUNV 220535Z AUTO 00000KT 10SM CLR 24/23 A3014 RMK AO2 T02360230,,0.0,23.61111111111111,0.0
UNV,2024-06-22 01:55:00,-77.85,40.85,378.0,74.0,73.4,98.0,0.0,0.0,0.0,30.13,,10.0,,CLR,,,,,,,,,,,,,,,74.0,KUNV 220555Z AUTO 00000KT 10SM CLR 23/23 A3013 RMK AO2 T02330230 10305 20231,,0.0,23.333333333333332,0.0
UNV,2024-06-22 02:15:00,-77.85,40.85,378.0,74.5,69.0,82.99,0.0,0.0,0.0,30.13,,10.0,,CLR,,,,,,,,,,,,,,,74.5,KUNV 220615Z AUTO 00000KT 10SM CLR 24/21 A3013 RMK AO2 T02360206,,0.0,23.61111111111111,0.0
UNV,2024-06-22 02:35:00,-77.85,40.85,378.0,73.0,70.0,90.32,0.0,0.0,0.0,30.12,,10.0,,CLR,,,,,,,,,,,,,,,73.0,KUNV 220635Z AUTO 00000KT 10SM CLR 23/21 A3012 RMK AO2 T02270212,,0.0,22.77777777777778,0.0
UNV,2024-06-22 02:55:00,-77.85,40.85,378.0,73.8,69.8,87.33,0.0,0.0,0.0,30.12,,10.0,,CLR,,,,,,,,,,,,,,,73.8,KUNV 220655Z AUTO 00000KT 10SM CLR 23/21 A3012 RMK AO2 T02320210,,0.0,23.22222222222222,0.0
UNV,2024-06-22 03:15:00,-77.85,40.85,378.0,71.8,71.4,98.65,0.0,0.0,0.0,30.12,,10.0,,CLR,,,,,,,,,,,,,,,71.8,KUNV 220715Z AUTO 00000KT 10SM CLR 22/22 A3012 RMK AO2 T02210219,,0.0,22.11111111111111,0.0
UNV,2024-06-22 03:35:00,-77.85,40.85,378.0,71.0,71.0,100.0,0.0,0.0,0.0,30.12,,10.0,,CLR,,,,,,,,,,,,,,,71.0,KUNV 220735Z AUTO 00000KT 10SM CLR 22/22 A3012 RMK AO2 T02170216,,0.0,21.666666666666668,0.0
UNV,2024-06-22 03:55:00,-77.85,40.85,378.0,71.6,71.6,100.0,0.0,0.0,0.0,30.12,,10.0,,CLR,,,,,,,,,,,,,,,71.6,KUNV 220755Z AUTO 00000KT 10SM CLR 22/22 A3012 RMK AO2 T02200220,,0.0,21.999999999999996,0.0
UNV,2024-06-22 04:15:00,-77.85,40.85,378.0,70.7,70.7,100.0,0.0,0.0,0.0,30.11,,10.0,,CLR,,,,,,,,,,,,,,,70.7,KUNV 220815Z AUTO 00000KT 10SM CLR 22/22 A3011 RMK AO2 T02150215,,0.0,21.5,0.0
UNV,2024-06-22 04:35:00,-77.85,40.85,378.0,71.0,71.0,100.0,0.0,0.0,0.0,30.11,,10.0,,CLR,,,,,,,,,,,,,,,71.0,KUNV 220835Z AUTO 00000KT 10SM CLR 22/22 A3011 RMK AO2 T02170216,,0.0,21.666666666666668,0.0
UNV,2024-06-22 04:55:00,-77.85,40.85,378.0,70.3,70.0,98.98,0.0,0.0,0.0,30.11,,7.0,,CLR,,,,,,,,,,,,,,,70.3,KUNV 220855Z AUTO 00000KT 7SM CLR 21/21 A3011 RMK AO2 T02130212,,0.0,21.27777777777778,0.0
UNV,2024-06-22 05:15:00,-77.85,40.85,378.0,70.3,70.0,98.98,0.0,0.0,0.0,30.11,,10.0,,CLR,,,,,,,,,,,,,,,70.3,KUNV 220915Z AUTO 00000KT 10SM CLR 21/21 A3011 RMK AO2 T02130212,,0.0,21.27777777777778,0.0
UNV,2024-06-22 05:35:00,-77.85,40.85,378.0,70.0,70.0,100.0,0.0,0.0,0.0,30.12,,7.0,,CLR,,,,,,,,,,,,,,,70.0,KUNV 220935Z AUTO 00000KT 7SM CLR 21/21 A3012 RMK AO2 T02110211,,0.0,21.11111111111111,0.0
UNV,2024-06-22 05:53:00,-77.85,40.85,378.0,69.8,69.8,100.0,0.0,0.0,0.0,30.12,,7.0,,CLR,,,,,,,,,,,,,,,69.8,KUNV 220953Z 00000KT 7SM CLR 21/21 A3012,,0.0,21.0,0.0
UNV,2024-06-22 06:53:00,-77.85,40.85,378.0,71.6,71.6,100.0,0.0,0.0,0.0,30.12,,10.0,,CLR,,,,,,,,,,,,,,,71.6,KUNV 221053Z 00000KT 10SM CLR 22/22 A3012,,0.0,21.999999999999996,0.0
UNV,2024-06-22 07:23:00,-77.85,40.85,378.0,77.0,71.6,83.44,0.0,0.0,0.0,30.11,,6.0,,CLR,,,,,,,,HZ,,,,,,,77.0,KUNV 221123Z 00000KT 6SM HZ CLR 25/22 A3011,,0.0,25.0,0.0
UNV,2024-06-22 07:53:00,-77.85,40.85,378.0,71.6,71.6,100.0,0.0,0.0,0.0,30.12,,6.0,,CLR,,,,,,,,HZ,,,,,,,71.6,KUNV 221153Z 00000KT 6SM HZ CLR 22/22 A3012,,0.0,21.999999999999996,0.0
UNV,2024-06-22 08:53:00,-77.85,40.85,378.0,78.8,69.8,73.95,0.0,0.0,0.0,30.11,,6.0,,CLR,,,,,,,,HZ,,,,,,,78.8,KUNV 221253Z 00000KT 6SM HZ CLR 26/21 A3011,,0.0,26.0,0.0
UNV,2024-06-22 09:53:00,-77.85,40.85,378.0,82.4,68.0,61.81,180.0,5.0,0.0,30.1,,7.0,,CLR,,,,,,,,HZ,,,,,,,85.38,KUNV 221353Z 18005KT 7SM HZ CLR 28/20 A3010,,2.57222,28.000000000000004,0.0
UNV,2024-06-22 10:53:00,-77.85,40.85,378.0,84.2,69.8,62.03,210.0,5.0,0.0,30.08,,10.0,,CLR,,,,,,,,,,,,,,,88.43,KUNV 221453Z 21005KT 10SM CLR 29/21 A3008,,2.57222,29.0,0.0
UNV,2024-06-22 11:53:00,-77.85,40.85,378.0,87.8,69.8,55.29,260.0,5.0,0.0,30.06,,10.0,,CLR,,,,,,,,,,,,,,,92.71,KUNV 221553Z 26005KT 10SM CLR 31/21 A3006,,2.57222,31.0,0.0
UNV,2024-06-22 12:53:00,-77.85,40.85,378.0,91.4,68.0,46.41,290.0,8.0,0.0,30.05,,10.0,,BKN,,,,4500.0,,,,,,,,,,,95.55,KUNV 221653Z 29008KT 10SM BKN045 33/20 A3005,,4.115552,33.0,6.0
UNV,2024-06-22 13:53:00,-77.85,40.85,378.0,91.4,66.2,43.61,240.0,5.0,0.0,30.02,,10.0,,BKN,,,,5000.0,,,,,,,,,,,94.29,KUNV 221753Z 24005KT 10SM BKN050 33/19 A3002,,2.57222,33.0,6.0
UNV,2024-06-22 14:53:00,-77.85,40.85,378.0,91.4,66.2,43.61,240.0,7.0,0.0,29.99,,10.0,,SCT,,,,6000.0,,,,,,,,,,,94.29,KUNV 221853Z 24007KT 200V260 10SM SCT060 33/19 A2999,,3.601108,33.0,4.0
UNV,2024-06-22 15:53:00,-77.85,40.85,378.0,91.4,66.2,43.61,230.0,5.0,0.0,29.97,,10.0,,SCT,,,,5000.0,,,,VCSH,,,,,,,94.29,KUNV 221953Z 23005KT 10SM VCSH SCT050 33/19 A2997,,2.57222,33.0,4.0
UNV,2024-06-22 16:53:00,-77.85,40.85,378.0,84.2,71.6,65.95,320.0,8.0,0.0,29.97,,10.0,,SCT,,,,5000.0,,,,TS VCSH,,,,,,,89.6,KUNV 222053Z 32008KT 10SM TS VCSH SCT050 29/22 A2997 RMK TSB 2051 TS N MOV E,,4.115552,29.0,4.0
UNV,2024-06-22 17:21:00,-77.85,40.85,378.0,80.6,69.8,69.71,330.0,6.0,0.0,29.96,,10.0,,SCT,,,,6000.0,,,,VCSH,,,,,,,83.9,KUNV 222121Z 33006KT 10SM VCSH SCT060 27/21 A2996 RMK TSE 2121 LTG DSNT NE,,3.086664,26.999999999999996,4.0
UNV,2024-06-22 17:53:00,-77.85,40.85,378.0,84.2,69.8,62.03,0.0,0.0,0.0,29.94,,10.0,,SCT,,,,6000.0,,,,,,,,,,,88.43,KUNV 222153Z 00000KT 10SM SCT060 29/21 A2994 RMK LTG DSNT NE,,0.0,29.0,4.0
UNV,2024-06-22 18:53:00,-77.85,40.85,378.0,86.0,69.8,58.55,0.0,0.0,0.0,29.94,,10.0,,FEW,,,,6500.0,,,,,,,,,,,90.58,KUNV 222253Z 00000KT 10SM FEW065 30/21 A2994,,0.0,30.0,2.0
UNV,2024-06-22 19:53:00,-77.85,40.85,378.0,82.4,73.4,74.28,0.0,0.0,0.0,29.94,,10.0,,FEW,,,,6500.0,,,,,,,,,,,88.26,KUNV 222353Z 00000KT 10SM FEW065 28/23 A2994 RMK LTG DSNT E,,0.0,28.000000000000004,2.0
UNV,2024-06-22 20:53:00,-77.85,40.85,378.0,80.6,69.8,69.71,0.0,0.0,0.0,29.93,,10.0,,CLR,,,,,,,,,,,,,,,83.9,KUNV 230053Z 00000KT 10SM CLR 27/21 A2993,,0.0,26.999999999999996,0.0
UNV,2024-06-22 21:53:00,-77.85,40.85,378.0,77.0,73.4,88.67,0.0,0.0,0.0,29.94,,10.0,,CLR,,,,,,,,,,,,,,,77.0,KUNV 230153Z 00000KT 10SM CLR 25/23 A2994,,0.0,25.0,0.0
UNV,2024-06-22 22:15:00,-77.85,40.85,378.0,77.0,74.3,91.39,360.0,3.0,0.0,29.94,,10.0,,CLR,,,,,,,,,,,,,,,77.0,KUNV 230215Z AUTO 36003KT 10SM CLR 25/24 A2994 RMK AO2 T02490235,,1.543332,25.0,0.0
UNV,2024-06-22 22:35:00,-77.85,40.85,378.0,76.3,74.3,93.54,0.0,0.0,0.0,29.93,,10.0,,CLR,,,,,,,,,,,,,,,76.3,KUNV 230235Z AUTO 00000KT 10SM CLR 25/24 A2993 RMK AO2 T02460235,,0.0,24.61111111111111,0.0
UNV,2024-06-22 22:55:00,-77.85,40.85,378.0,75.7,73.6,93.21,0.0,0.0,0.0,29.92,,10.0,,CLR,,,,,,,,,,,,,,,75.7,KUNV 230255Z AUTO 00000KT 10SM CLR 24/23 A2992 RMK AO2 T02430231,,0.0,24.27777777777778,0.0
UNV,2024-06-22 23:15:00,-77.85,40.85,378.0,75.4,75.0,98.67,0.0,0.0,0.0,29.92,,10.0,,CLR,,,,,,,,,,,,,,,75.4,KUNV 230315Z AUTO 00000KT 10SM CLR 24/24 A2992 RMK AO2 T02410239,,0.0,24.111111111111114,0.0
UNV,2024-06-22 23:35:00,-77.85,40.85,378.0,75.2,74.7,98.34,0.0,0.0,0.0,29.92,,10.0,,CLR,,,,,,,,,,,,,,,75.2,KUNV 230335Z AUTO 00000KT 10SM CLR 24/24 A2992 RMK AO2 T02400237,,0.0,24.0,0.0
UNV,2024-06-22 23:55:00,-77.85,40.85,378.0,74.7,74.5,99.33,0.0,0.0,0.0,29.92,,10.0,,CLR,,,,,,,,,,,,,,,74.7,KUNV 230355Z AUTO 00000KT 10SM CLR 24/24 A2992 RMK AO2 T02370236,,0.0,23.72222222222222,0.0
UNV,2024-06-23 00:15:00,-77.85,40.85,378.0,73.6,73.6,100.0,0.0,0.0,0.0,29.91,,10.0,,CLR,,,,,,,,,,,,,,,73.6,KUNV 230415Z AUTO 00000KT 10SM CLR 23/23 A2991 RMK AO2 T02310231,,0.0,23.111111111111107,0.0
UNV,2024-06-23 00:35:00,-77.85,40.85,378.0,74.0,74.0,100.0,0.0,0.0,0.0,29.91,,10.0,,CLR,,,,,,,,,,,,,,,74.0,KUNV 230435Z AUTO 00000KT 10SM CLR 23/23 A2991 RMK AO2 T02340233,,0.0,23.333333333333332,0.0
UNV,2024-06-23 00:55:00,-77.85,40.85,378.0,73.4,73.4,100.0,0.0,0.0,0.0,29.9,,10.0,,CLR,,,,,,,,,,,,,,,73.4,KUNV 230455Z AUTO 00000KT 10SM CLR 23/23 A2990 RMK AO2 LTG DSNT E T02300230,,0.0,23.000000000000004,0.0
UNV,2024-06-23 01:15:00,-77.85,40.85,378.0,73.6,73.6,100.0,0.0,0.0,0.0,29.9,,10.0,,CLR,,,,,,,,,,,,,,,73.6,KUNV 230515Z AUTO 00000KT 10SM CLR 23/23 A2990 RMK AO2 T02310231,,0.0,23.111111111111107,0.0
UNV,2024-06-23 01:35:00,-77.85,40.85,378.0,73.0,73.0,100.0,0.0,0.0,0.0,29.9,,7.0,,CLR,,,,,,,,,,,,,,,73.0,KUNV 230535Z AUTO 00000KT 7SM CLR 23/23 A2990 RMK AO2 T02280227,,0.0,22.77777777777778,0.0
UNV,2024-06-23 01:55:00,-77.85,40.85,378.0,73.0,73.0,100.0,0.0,0.0,0.0,29.89,,10.0,,CLR,,,,,,,,,,,,,,,73.0,KUNV 230555Z AUTO 00000KT 10SM CLR 23/23 A2989 RMK AO2 T02280228 10277 20227,,0.0,22.77777777777778,0.0
UNV,2024-06-23 02:15:00,-77.85,40.85,378.0,73.0,72.7,98.99,0.0,0.0,0.0,29.89,,7.0,,CLR,,,,,,,,,,,,,,,73.0,KUNV 230615Z AUTO 00000KT 7SM CLR 23/23 A2989 RMK AO2 T02270226,,0.0,22.77777777777778,0.0
UNV,2024-06-23 02:35:00,-77.85,40.85,378.0,73.4,73.4,100.0,0.0,0.0,0.0,29.88,,10.0,,CLR,,,,,,,,,,,,,,,73.4,KUNV 230635Z AUTO 00000KT 10SM CLR 23/23 A2988 RMK AO2 T02300230,,0.0,23.000000000000004,0.0
UNV,2024-06-23 02:55:00,-77.85,40.85,378.0,72.5,72.3,99.33,0.0,0.0,0.0,29.87,,7.0,,CLR,,,,,,,,,,,,,,,72.5,KUNV 230655Z AUTO 00000KT 7SM CLR 23/22 A2987 RMK AO2 T02250224,,0.0,22.5,0.0
UNV,2024-06-23 03:15:00,-77.85,40.85,378.0,72.5,72.5,100.0,0.0,0.0,0.0,29.86,,5.0,,CLR,,,,,,,,BR,,,,,,,72.5,KUNV 230715Z AUTO 00000KT 5SM BR CLR 23/23 A2986 RMK AO2 T02250225,,0.0,22.5,0.0
UNV,2024-06-23 03:35:00,-77.85,40.85,378.0,72.7,72.5,99.33,0.0,0.0,0.0,29.86,,10.0,,CLR,,,,,,,,,,,,,,,72.7,KUNV 230735Z AUTO 00000KT 10SM CLR 23/23 A2986 RMK AO2 T02260225,,0.0,22.61111111111111,0.0
UNV,2024-06-23 03:55:00,-77.85,40.85,378.0,73.6,73.6,100.0,250.0,3.0,0.0,29.85,,10.0,,CLR,,,,,,,,,,,,,,,73.6,KUNV 230755Z AUTO 25003KT 10SM CLR 23/23 A2985 RMK AO2 T02310231,,1.543332,23.111111111111107,0.0
UNV,2024-06-23 04:15:00,-77.85,40.85,378.0,73.8,73.0,97.34,0.0,0.0,0.0,29.85,,10.0,,CLR,,,,,,,,,,,,,,,73.8,KUNV 230815Z AUTO 00000KT 10SM CLR 23/23 A2985 RMK AO2 T02320227,,0.0,23.22222222222222,0.0
UNV,2024-06-23 04:35:00,-77.85,40.85,378.0,73.6,72.0,94.74,0.0,0.0,0.0,29.84,,10.0,,CLR,,,,,,,,,,,,,,,73.6,KUNV 230835Z AUTO 00000KT 10SM CLR 23/22 A2984 RMK AO2 T02310222,,0.0,23.111111111111107,0.0
UNV,2024-06-23 04:55:00,-77.85,40.85,378.0,72.7,72.7,100.0,0.0,0.0,0.0,29.84,,10.0,,CLR,,,,,,,,,,,,,,,72.7,KUNV 230855Z AUTO 00000KT 10SM CLR 23/23 A2984 RMK AO2 T02260226,,0.0,22.61111111111111,0.0
UNV,2024-06-23 05:15:00,-77.85,40.85,378.0,73.8,70.0,87.92,0.0,0.0,0.0,29.83,,10.0,,CLR,,,,,,,,,,,,,,,73.8,KUNV 230915Z AUTO 00000KT 10SM CLR 23/21 A2983 RMK AO2 T02320212,,0.0,23.22222222222222,0.0
UNV,2024-06-23 05:35:00,-77.85,40.85,378.0,72.7,70.7,93.45,0.0,0.0,0.0,29.83,,10.0,,CLR,,,,,,,,,,,,,,,72.7,KUNV 230935Z AUTO 00000KT 10SM CLR 23/22 A2983 RMK AO2 T02260215,,0.0,22.61111111111111,0.0
UNV,2024-06-23 05:53:00,-77.85,40.85,378.0,73.4,68.0,83.21,250.0,6.0,0.0,29.83,,10.0,,CLR,,,,,,,,,,,,,,,73.4,KUNV 230953Z 25006KT 10SM CLR 23/20 A2983,,3.086664,23.000000000000004,0.0
UNV,2024-06-23 06:53:00,-77.85,40.85,378.0,73.4,68.0,83.21,240.0,6.0,0.0,29.82,,10.0,,CLR,,,,,,,,,,,,,,,73.4,KUNV 231053Z 24006KT 10SM CLR 23/20 A2982,,3.086664,23.000000000000004,0.0
UNV,2024-06-23 07:53:00,-77.85,40.85,378.0,75.2,69.8,83.32,220.0,6.0,0.0,29.81,,10.0,,SCT,,,,5000.0,,,,,,,,,,,75.2,KUNV 231153Z 22006KT 10SM SCT050 24/21 A2981,,3.086664,24.0,4.0
UNV,2024-06-23 08:53:00,-77.85,40.85,378.0,78.8,68.0,69.52,220.0,6.0,0.0,29.79,,10.0,,SCT,,,,5000.0,,,,,,,,,,,78.8,KUNV 231253Z 22006KT 10SM SCT050 26/20 A2979,,3.086664,26.0,4.0
UNV,2024-06-23 09:53:00,-77.85,40.85,378.0,80.6,68.0,65.54,220.0,8.0,0.0,29.78,,10.0,,SCT,,,,3500.0,,,,,,,,,,,83.29,KUNV 231353Z 22008KT 10SM SCT035 27/20 A2978,,4.115552,26.999999999999996,4.0
UNV,2024-06-23 10:53:00,-77.85,40.85,378.0,82.4,69.8,65.74,240.0,12.0,0.0,29.77,,10.0,15.0,BKN,,,,4000.0,,,,,,,,,,,86.22,KUNV 231453Z 24012G15KT 10SM BKN040 28/21 A2977,,6.173328,28.000000000000004,6.0
UNV,2024-06-23 11:53:00,-77.85,40.85,378.0,86.0,68.0,55.04,240.0,14.0,0.0,29.75,,10.0,21.0,SCT,,,,4000.0,,,,,,,,,,,89.41,KUNV 231553Z 24014G21KT 10SM SCT040 30/20 A2975,,7.202216,30.0,4.0
UNV,2024-06-23 12:53:00,-77.85,40.85,378.0,86.0,66.2,51.72,250.0,22.0,0.0,29.72,,10.0,30.0,SCT,,,,5000.0,,,,,,,,,,,88.39,KUNV 231653Z 25022G30KT 10SM SCT050 30/19 A2972,,11.317768000000001,30.0,4.0
UNV,2024-06-23 13:53:00,-77.85,40.85,378.0,84.2,64.4,51.47,250.0,15.0,0.0,29.71,,10.0,23.0,SCT,,,,5000.0,,,,,,,,,,,85.71,KUNV 231753Z 25015G23KT 10SM SCT050 29/18 A2971,,7.71666,29.0,4.0
UNV,2024-06-23 14:53:00,-77.85,40.85,378.0,84.2,66.2,54.8,250.0,14.0,0.0,29.69,,10.0,27.0,SCT,BKN,,,5000.0,8500.0,,,,,,,,,,86.5,KUNV 231853Z 25014G27KT 10SM SCT050 BKN085 29/19 A2969,,7.202216,29.0,6.0
UNV,2024-06-23 15:38:00,-77.85,40.85,378.0,82.4,66.2,58.08,270.0,14.0,0.0,29.7,,4.0,27.0,BKN,BKN,,,4000.0,5500.0,,,TSRA BR,,,,,,,84.63,KUNV 231938Z 27014G27KT 4SM TSRA BR BKN040 BKN055 28/19 A2970 RMK TSB1938 OCNL LTGCCIC S-W TS W MOV NE VIS W 2NM,,7.202216,28.000000000000004,6.0
UNV,2024-06-23 15:53:00,-77.85,40.85,378.0,75.2,69.8,83.32,240.0,15.0,0.0,29.71,,10.0,21.0,BKN,BKN,,,5500.0,8500.0,,,,,,,,,,75.2,KUNV 231953Z 24015G21KT 10SM BKN055 BKN085 24/21 A2971 RMK TSE1953 CB DSNT E MOV E,,7.71666,24.0,6.0
UNV,2024-06-23 16:53:00,-77.85,40.85,378.0,77.0,71.6,83.44,240.0,15.0,0.0,29.68,,7.0,21.0,BKN,BKN,,,3500.0,5000.0,,,-RA VCSH,,,,,,,77.0,KUNV 232053Z 24015G21KT 7SM -RA VCSH BKN035 BKN050 25/22 A2968 RMK LTG DST W-N MOV NE,,7.71666,25.0,6.0
UNV,2024-06-23 17:53:00,-77.85,40.85,378.0,77.0,75.2,94.19,260.0,9.0,0.0,29.66,,10.0,,BKN,BKN,,,3500.0,6500.0,,,VCSH,,,,,,,77.0,KUNV 232153Z COR 26009KT 10SM VCSH BKN035 BKN065 25/24 A2966,,4.629996,25.0,6.0
UNV,2024-06-23 18:24:00,-77.85,40.85,378.0,77.0,75.2,94.19,260.0,8.0,0.0,29.65,,8.0,,BKN,BKN,,,3500.0,5500.0,,,VCSH,,,,,,,77.0,KUNV 232224Z COR 26008KT 8SM VCSH BKN035CB BKN055 25/24 A2965 RMK LTG DSNT W,,4.115552,25.0,6.0
UNV,2024-06-23 18:32:00,-77.85,40.85,378.0,77.0,75.2,94.19,260.0,6.0,0.0,29.64,,8.0,,BKN,OVC,,,3500.0,7000.0,,,TS VCSH,,,,,,,77.0,KUNV 232232Z 26006KT 8SM TS VCSH BKN035CB OVC070 25/24 A2964 RMK TSB2232 OCNL LTGICCC W-N TS W MOV NE VIS NW-N 3SM,,3.086664,25.0,8.0
UNV,2024-06-23 18:53:00,-77.85,40.85,378.0,77.0,75.2,94.19,320.0,6.0,0.0,29.67,,6.0,,SCT,BKN,OVC,,1200.0,3200.0,4500.0,,TSRA BR,,,,,,,77.0,KUNV 232253Z 32006KT 6SM TSRA BR SCT012 BKN032CB OVC045 25/24 A2967 RMK OCNL LTGICCCCG W-N TS N MOV E VIS NE-E 1 1/2SM,,3.086664,25.0,8.0
UNV,2024-06-23 19:24:00,-77.85,40.85,378.0,75.2,75.2,100.0,260.0,8.0,0.0,29.66,,8.0,,FEW,BKN,BKN,,1200.0,3500.0,5500.0,,VCSH,,,,,,,75.2,KUNV 232324Z 26008KT 8SM VCSH FEW012 BKN035 BKN055 24/24 A2966 RMK TSE2324 LTG DSNT SE,,4.115552,24.0,6.0
UNV,2024-06-23 19:53:00,-77.85,40.85,378.0,75.2,75.2,100.0,250.0,6.0,0.0,29.66,,10.0,,BKN,BKN,,,4000.0,6500.0,,,,,,,,,,75.2,KUNV 232353Z 25006KT 10SM BKN040 BKN065 24/24 A2966,,3.086664,24.0,6.0
UNV,2024-06-23 20:35:00,-77.85,40.85,378.0,75.2,75.2,100.0,280.0,7.0,0.0,29.66,,3.0,,SCT,BKN,OVC,,1000.0,3300.0,6000.0,,+RA BR,,,,,,,75.2,KUNV 240035Z 28007KT 230V330 3SM +RA BR SCT010 BKN033 OVC060 24/24 A2966 RMK LTG DSNT W,,3.601108,24.0,8.0
UNV,2024-06-23 20:42:00,-77.85,40.85,378.0,75.2,75.2,100.0,300.0,12.0,0.0,29.66,,1.0,,SCT,BKN,OVC,,500.0,1800.0,3300.0,,+RA BR,,,,,,,75.2,KUNV 240042Z 30012KT 1SM +RA BR SCT005 BKN018 OVC033 24/24 A2966 RMK LTG DSNT NW,,6.173328,24.0,8.0
UNV,2024-06-23 20:53:00,-77.85,40.85,378.0,73.4,73.4,100.0,210.0,5.0,0.0,29.66,,4.0,,SCT,BKN,BKN,,800.0,3300.0,4500.0,,-RA BR,,,,,,,73.4,KUNV 240053Z 21005KT 4SM -RA BR SCT008 BKN033 BKN045 23/23 A2966 RMK LTG DSNT NE,,2.57222,23.000000000000004,6.0
UNV,2024-06-23 21:53:00,-77.85,40.85,378.0,69.8,69.8,100.0,210.0,6.0,0.0,29.69,,8.0,,BKN,BKN,,,5500.0,8000.0,,,-DZ,,,,,,,69.8,KUNV 240153Z 21006KT 8SM -DZ BKN055 BKN080 21/21 A2969,,3.086664,21.0,6.0
UNV,2024-06-23 22:15:00,-77.85,40.85,378.0,70.0,69.8,99.32,230.0,6.0,0.0,29.7,,10.0,,CLR,,,,,,,,,,,,,,,70.0,KUNV 240215Z AUTO 23006KT 10SM CLR 21/21 A2970 RMK AO2 T02110210,,3.086664,21.11111111111111,0.0
UNV,2024-06-23 22:35:00,-77.85,40.85,378.0,70.0,69.8,99.32,240.0,4.0,0.0,29.7,,10.0,,CLR,,,,,,,,,,,,,,,70.0,KUNV 240235Z AUTO 24004KT 10SM CLR 21/21 A2970 RMK AO2 T02110210,,2.057776,21.11111111111111,0.0
UNV,2024-06-23 22:55:00,-77.85,40.85,378.0,69.8,69.8,100.0,0.0,0.0,0.0,29.71,,10.0,,CLR,,,,,,,,,,,,,,,69.8,KUNV 240255Z AUTO 00000KT 10SM CLR 21/21 A2971 RMK AO2 60036 T02100210,,0.0,21.0,0.0
UNV,2024-06-23 23:15:00,-77.85,40.85,378.0,69.3,69.0,98.98,270.0,3.0,0.0,29.71,,10.0,,CLR,,,,,,,,,,,,,,,69.3,KUNV 240315Z AUTO 27003KT 10SM CLR 21/21 A2971 RMK AO2 T02070206,,1.543332,20.72222222222222,0.0
UNV,2024-06-23 23:35:00,-77.85,40.85,378.0,71.0,70.3,97.64,260.0,4.0,0.0,29.71,,10.0,,CLR,,,,,,,,,,,,,,,71.0,KUNV 240335Z AUTO 26004KT 10SM CLR 22/21 A2971 RMK AO2 LTG DSNT SW T02160213,,2.057776,21.666666666666668,0.0
UNV,2024-06-23 23:55:00,-77.85,40.85,378.0,70.7,69.0,94.36,270.0,6.0,0.0,29.71,,10.0,,CLR,,,,,,,,,,,,,,,70.7,KUNV 240355Z AUTO 27006KT 10SM CLR 22/21 A2971 RMK AO2 T02150205,,3.086664,21.5,0.0
UNV,2024-06-24 00:15:00,-77.85,40.85,378.0,70.5,67.5,90.23,270.0,10.0,0.0,29.7,,10.0,16.0,CLR,,,,,,,,,,,,,,,70.5,KUNV 240415Z AUTO 27010G16KT 10SM CLR 21/20 A2970 RMK AO2 T02140197,,5.14444,21.38888888888889,0.0
UNV,2024-06-24 00:35:00,-77.85,40.85,378.0,70.0,66.6,88.97,260.0,6.0,0.0,29.7,,10.0,,CLR,,,,,,,,,,,,,,,70.0,KUNV 240435Z AUTO 26006KT 10SM CLR 21/19 A2970 RMK AO2 T02120192,,3.086664,21.11111111111111,0.0
UNV,2024-06-24 00:55:00,-77.85,40.85,378.0,69.6,67.3,92.4,270.0,5.0,0.0,29.7,,10.0,,CLR,,,,,,,,,,,,,,,69.6,KUNV 240455Z AUTO 27005KT 10SM CLR 21/20 A2970 RMK AO2 T02090196,,2.57222,20.888888888888886,0.0
UNV,2024-06-24 01:15:00,-77.85,40.85,378.0,68.5,66.6,93.66,260.0,6.0,0.0,29.7,,10.0,,SCT,SCT,,,2300.0,6000.0,,,,,,,,,,68.5,KUNV 240515Z AUTO 26006KT 10SM SCT023 SCT060 20/19 A2970 RMK AO2 T02030192,,3.086664,20.27777777777778,4.0
UNV,2024-06-24 01:35:00,-77.85,40.85,378.0,68.0,65.7,92.35,260.0,8.0,0.0,29.71,,10.0,,SCT,,,,2500.0,,,,,,,,,,,68.0,KUNV 240535Z AUTO 26008KT 10SM SCT025 20/19 A2971 RMK AO2 T02000187,,4.115552,20.0,4.0
UNV,2024-06-24 01:55:00,-77.85,40.85,378.0,68.0,65.0,90.13,260.0,7.0,0.0,29.71,,10.0,14.0,SCT,SCT,,,2300.0,2800.0,,,,,,,,,,68.0,KUNV 240555Z AUTO 26007G14KT 10SM SCT023 SCT028 20/18 A2971 RMK AO2 60036 T02000183 10241 20200,,3.601108,20.0,4.0
UNV,2024-06-24 02:15:00,-77.85,40.85,378.0,67.6,64.0,88.24,280.0,10.0,0.0,29.71,,10.0,,SCT,,,,2300.0,,,,,,,,,,,67.6,KUNV 240615Z AUTO 28010KT 10SM SCT023 20/18 A2971 RMK AO2 T01980178,,5.14444,19.777777777777775,4.0
UNV,2024-06-24 02:35:00,-77.85,40.85,378.0,67.0,64.0,90.09,270.0,8.0,0.0,29.71,,10.0,,CLR,,,,,,,,,,,,,,,67.0,KUNV 240635Z AUTO 27008KT 10SM CLR 20/18 A2971 RMK AO2 T01950177,,4.115552,19.444444444444443,0.0
UNV,2024-06-24 02:55:00,-77.85,40.85,378.0,67.0,63.7,89.15,270.0,8.0,0.0,29.72,,10.0,14.0,CLR,,,,,,,,,,,,,,,67.0,KUNV 240655Z AUTO 27008G14KT 10SM CLR 20/18 A2972 RMK AO2 T01950176,,4.115552,19.444444444444443,0.0
UNV,2024-06-24 03:15:00,-77.85,40.85,378.0,66.4,63.5,90.38,270.0,7.0,0.0,29.72,,10.0,,SCT,,,,1900.0,,,,,,,,,,,66.4,KUNV 240715Z AUTO 27007KT 240V300 10SM SCT019 19/18 A2972 RMK AO2 T01910175,,3.601108,19.111111111111114,4.0
UNV,2024-06-24 03:35:00,-77.85,40.85,378.0,66.4,62.8,88.18,280.0,6.0,0.0,29.73,,10.0,15.0,SCT,,,,1900.0,,,,,,,,,,,66.4,KUNV 240735Z AUTO 28006G15KT 10SM SCT019 19/17 A2973 RMK AO2 T01910171,,3.086664,19.111111111111114,4.0
UNV,2024-06-24 03:55:00,-77.85,40.85,378.0,66.0,63.0,90.05,270.0,8.0,0.0,29.73,,10.0,,CLR,,,,,,,,,,,,,,,66.0,KUNV 240755Z AUTO 27008KT 10SM CLR 19/17 A2973 RMK AO2 T01880172,,4.115552,18.88888888888889,0.0
UNV,2024-06-24 04:15:00,-77.85,40.85,378.0,65.5,62.0,88.45,290.0,9.0,0.0,29.73,,10.0,15.0,CLR,,,,,,,,,,,,,,,65.5,KUNV 240815Z AUTO 29009G15KT 10SM CLR 19/17 A2973 RMK AO2 T01860166,,4.629996,18.61111111111111,0.0
UNV,2024-06-24 04:35:00,-77.85,40.85,378.0,65.5,60.0,82.4,290.0,12.0,0.0,29.73,,10.0,19.0,CLR,,,,,,,,,,,,,,,65.5,KUNV 240835Z AUTO 29012G19KT 10SM CLR 19/16 A2973 RMK AO2 T01860156,,6.173328,18.61111111111111,0.0
UNV,2024-06-24 04:55:00,-77.85,40.85,378.0,65.3,60.0,82.97,280.0,9.0,0.0,29.73,,10.0,16.0,CLR,,,,,,,,,,,,,,,65.3,KUNV 240855Z AUTO 28009G16KT 10SM CLR 19/16 A2973 RMK AO2 T01850155,,4.629996,18.5,0.0
UNV,2024-06-24 05:15:00,-77.85,40.85,378.0,64.8,58.6,80.31,290.0,11.0,0.0,29.74,,10.0,16.0,SCT,,,,2400.0,,,,,,,,,,,64.8,KUNV 240915Z AUTO 29011G16KT 10SM SCT024 18/15 A2974 RMK AO2 T01820148,,5.6588840000000005,18.22222222222222,4.0
UNV,2024-06-24 05:35:00,-77.85,40.85,378.0,64.6,58.3,80.01,260.0,7.0,0.0,29.75,,10.0,,SCT,,,,2200.0,,,,,,,,,,,64.6,KUNV 240935Z AUTO 26007KT 10SM SCT022 18/15 A2975 RMK AO2 T01810146,,3.601108,18.111111111111107,4.0
UNV,2024-06-24 05:53:00,-77.85,40.85,378.0,64.4,57.2,77.45,290.0,6.0,0.0,29.76,,10.0,,SCT,,,,2000.0,,,,,,,,,,,64.4,KUNV 240953Z 29006KT 10SM SCT020 18/14 A2976,,3.086664,18.000000000000004,4.0
UNV,2024-06-24 06:53:00,-77.85,40.85,378.0,64.4,55.4,72.56,300.0,10.0,0.0,29.78,,10.0,18.0,BKN,,,,3000.0,,,,,,,,,,,64.4,KUNV 241053Z 30010G18KT 10SM BKN030 18/13 A2978,,5.14444,18.000000000000004,6.0
UNV,2024-06-24 07:53:00,-77.85,40.85,378.0,66.2,55.4,68.15,320.0,10.0,0.0,29.81,,10.0,19.0,SCT,,,,3000.0,,,,,,,,,,,66.2,KUNV 241153Z 32010G19KT 10SM SCT030 19/13 A2981,,5.14444,19.0,4.0
UNV,2024-06-24 08:53:00,-77.85,40.85,378.0,68.0,55.4,64.04,320.0,10.0,0.0,29.83,,10.0,20.0,SCT,,,,3000.0,,,,,,,,,,,68.0,KUNV 241253Z 32010G20KT 10SM SCT030 20/13 A2983,,5.14444,20.0,4.0
UNV,2024-06-24 09:53:00,-77.85,40.85,378.0,69.8,53.6,56.38,330.0,14.0,0.0,29.85,,10.0,21.0,SCT,,,,4500.0,,,,,,,,,,,69.8,KUNV 241353Z 33014G21KT 10SM SCT045 21/12 A2985,,7.202216,21.0,4.0
UNV,2024-06-24 10:53:00,-77.85,40.85,378.0,69.8,51.8,52.77,340.0,10.0,0.0,29.87,,10.0,19.0,SCT,,,,5000.0,,,,,,,,,,,69.8,KUNV 241453Z 34010G19KT 10SM SCT050 21/11 A2987,,5.14444,21.0,4.0
UNV,2024-06-24 11:53:00,-77.85,40.85,378.0,71.6,51.8,49.64,340.0,12.0,0.0,29.89,,10.0,18.0,SCT,,,,5000.0,,,,,,,,,,,71.6,KUNV 241553Z 34012G18KT 10SM SCT050 22/11 A2989,,6.173328,21.999999999999996,4.0
UNV,2024-06-24 12:03:00,-77.85,40.85,378.0,73.4,51.8,46.71,360.0,10.0,0.0,29.89,,10.0,20.0,SCT,,,,5000.0,,,,,,,,,,,73.4,KUNV 241603Z 36010G20KT 10SM SCT050 23/11 A2989,,5.14444,23.000000000000004,4.0
UNV,2024-06-24 12:53:00,-77.85,40.85,378.0,75.2,51.8,43.97,350.0,11.0,0.0,29.9,,10.0,24.0,SCT,,,,5000.0,,,,,,,,,,,75.2,KUNV 241653Z 35011G24KT 10SM SCT050 24/11 A2990,,5.6588840000000005,24.0,4.0
UNV,2024-06-24 13:53:00,-77.85,40.85,378.0,75.2,51.8,43.97,330.0,8.0,0.0,29.9,,10.0,17.0,SCT,,,,5000.0,,,,,,,,,,,75.2,KUNV 241753Z 33008G17KT 10SM SCT050 24/11 A2990,,4.115552,24.0,4.0
UNV,2024-06-24 14:53:00,-77.85,40.85,378.0,78.8,51.8,39.02,360.0,7.0,0.0,29.9,,10.0,20.0,SCT,,,,5500.0,,,,,,,,,,,78.8,KUNV 241853Z 36007G20KT 10SM SCT055 26/11 A2990,,3.601108,26.0,4.0
UNV,2024-06-24 15:53:00,-77.85,40.85,378.0,78.8,50.0,36.51,320.0,11.0,0.0,29.89,,10.0,17.0,SCT,,,,6000.0,,,,,,,,,,,78.8,KUNV 241953Z 32011G17KT 10SM SCT060 26/10 A2989,,5.6588840000000005,26.0,4.0
UNV,2024-06-24 16:53:00,-77.85,40.85,378.0,78.8,51.8,39.02,340.0,10.0,0.0,29.89,,10.0,16.0,SCT,,,,6000.0,,,,,,,,,,,78.8,KUNV 242053Z 34010G16KT 10SM SCT060 26/11 A2989,,5.14444,26.0,4.0
UNV,2024-06-24 17:53:00,-77.85,40.85,378.0,78.8,50.0,36.51,350.0,10.0,0.0,29.9,,10.0,17.0,SCT,,,,6000.0,,,,,,,,,,,78.8,KUNV 242153Z 35010G17KT 10SM SCT060 26/10 A2990,,5.14444,26.0,4.0
UNV,2024-06-24 18:53:00,-77.85,40.85,378.0,78.8,50.0,36.51,330.0,7.0,0.0,29.9,,10.0,16.0,SCT,,,,6000.0,,,,,,,,,,,78.8,KUNV 242253Z 33007G16KT 300V360 10SM SCT060 26/10 A2990,,3.601108,26.0,4.0
UNV,2024-06-24 19:53:00,-77.85,40.85,378.0,77.0,48.2,36.22,350.0,9.0,0.0,29.93,,10.0,15.0,FEW,,,,6000.0,,,,,,,,,,,77.0,KUNV 242353Z 35009G15KT 10SM FEW060 25/09 A2993,,4.629996,25.0,2.0
UNV,2024-06-24 20:53:00,-77.85,40.85,378.0,73.4,48.2,40.85,340.0,6.0,0.0,29.94,,10.0,,FEW,,,,6500.0,,,,,,,,,,,73.4,KUNV 250053Z 34006KT 10SM FEW065 23/09 A2994,,3.086664,23.000000000000004,2.0
UNV,2024-06-24 21:53:00,-77.85,40.85,378.0,71.6,48.2,43.42,330.0,6.0,0.0,29.95,,10.0,,CLR,,,,,,,,,,,,,,,71.6,KUNV 250153Z 33006KT 10SM CLR 22/09 A2995,,3.086664,21.999999999999996,0.0
UNV,2024-06-24 22:15:00,-77.85,40.85,378.0,71.6,48.2,43.42,320.0,4.0,0.0,29.97,,10.0,,CLR,,,,,,,,,,,,,,,71.6,KUNV 250215Z AUTO 32004KT 10SM CLR 22/09 A2997 RMK AO2 T02200090,,2.057776,21.999999999999996,0.0
UNV,2024-06-24 22:35:00,-77.85,40.85,378.0,70.7,48.2,44.76,320.0,4.0,0.0,29.98,,10.0,,CLR,,,,,,,,,,,,,,,70.7,KUNV 250235Z AUTO 32004KT 10SM CLR 22/09 A2998 RMK AO2 T02150090,,2.057776,21.5,0.0
UNV,2024-06-24 22:55:00,-77.85,40.85,378.0,70.0,48.4,46.19,310.0,5.0,0.0,29.98,,10.0,,CLR,,,,,,,,,,,,,,,70.0,KUNV 250255Z AUTO 31005KT 10SM CLR 21/09 A2998 RMK AO2 T02110091,,2.57222,21.11111111111111,0.0
UNV,2024-06-24 23:15:00,-77.85,40.85,378.0,69.0,48.4,47.8,330.0,3.0,0.0,29.97,,10.0,,CLR,,,,,,,,,,,,,,,69.0,KUNV 250315Z AUTO 33003KT 10SM CLR 21/09 A2997 RMK AO2 T02060091,,1.543332,20.555555555555557,0.0
UNV,2024-06-24 23:35:00,-77.85,40.85,378.0,68.7,48.6,48.65,0.0,0.0,0.0,29.98,,10.0,,CLR,,,,,,,,,,,,,,,68.7,KUNV 250335Z AUTO 00000KT 10SM CLR 20/09 A2998 RMK AO2 T02040092,,0.0,20.38888888888889,0.0
UNV,2024-06-24 23:55:00,-77.85,40.85,378.0,62.6,51.0,65.77,0.0,0.0,0.0,29.98,,10.0,,CLR,,,,,,,,,,,,,,,62.6,KUNV 250355Z AUTO 00000KT 10SM CLR 17/11 A2998 RMK AO2 T01700106,,0.0,17.0,0.0
UNV,2024-06-25 00:15:00,-77.85,40.85,378.0,67.0,49.3,52.96,270.0,4.0,0.0,29.98,,10.0,,CLR,,,,,,,,,,,,,,,67.0,KUNV 250415Z AUTO 27004KT 10SM CLR 20/10 A2998 RMK AO2 T01950096,,2.057776,19.444444444444443,0.0
UNV,2024-06-25 00:35:00,-77.85,40.85,378.0,60.6,51.3,71.38,0.0,0.0,0.0,29.99,,10.0,,CLR,,,,,,,,,,,,,,,60.6,KUNV 250435Z AUTO 00000KT 10SM CLR 16/11 A2999 RMK AO2 T01590107,,0.0,15.88888888888889,0.0
UNV,2024-06-25 00:55:00,-77.85,40.85,378.0,62.6,50.0,63.38,0.0,0.0,0.0,29.98,,10.0,,CLR,,,,,,,,,,,,,,,62.6,KUNV 250455Z AUTO 00000KT 10SM CLR 17/10 A2998 RMK AO2 T01700101,,0.0,17.0,0.0
UNV,2024-06-25 01:15:00,-77.85,40.85,378.0,63.0,50.0,62.49,260.0,5.0,0.0,29.98,,10.0,,CLR,,,,,,,,,,,,,,,63.0,KUNV 250515Z AUTO 26005KT 10SM CLR 17/10 A2998 RMK AO2 T01720101,,2.57222,17.22222222222222,0.0
UNV,2024-06-25 01:35:00,-77.85,40.85,378.0,61.7,51.0,67.89,280.0,4.0,0.0,29.99,,10.0,,CLR,,,,,,,,,,,,,,,61.7,KUNV 250535Z AUTO 28004KT 10SM CLR 17/11 A2999 RMK AO2 T01650106,,2.057776,16.5,0.0
UNV,2024-06-25 01:55:00,-77.85,40.85,378.0,58.3,52.0,79.52,0.0,0.0,0.0,30.0,,10.0,,CLR,,,,,,,,,,,,,,,58.3,KUNV 250555Z AUTO 00000KT 10SM CLR 15/11 A3000 RMK AO2 T01460112 10245 20146,,0.0,14.61111111111111,0.0
UNV,2024-06-25 02:15:00,-77.85,40.85,378.0,59.0,51.4,75.85,0.0,0.0,0.0,30.0,,10.0,,CLR,,,,,,,,,,,,,,,59.0,KUNV 250615Z AUTO 00000KT 10SM CLR 15/11 A3000 RMK AO2 T01500108,,0.0,15.0,0.0
UNV,2024-06-25 02:35:00,-77.85,40.85,378.0,60.6,51.0,70.59,0.0,0.0,0.0,30.0,,10.0,,CLR,,,,,,,,,,,,,,,60.6,KUNV 250635Z AUTO 00000KT 10SM CLR 16/11 A3000 RMK AO2 T01590105,,0.0,15.88888888888889,0.0
UNV,2024-06-25 02:55:00,-77.85,40.85,378.0,60.0,50.7,71.32,0.0,0.0,0.0,30.0,,10.0,,CLR,,,,,,,,,,,,,,,60.0,KUNV 250655Z AUTO 00000KT 10SM CLR 16/10 A3000 RMK AO2 T01550104,,0.0,15.555555555555555,0.0
UNV,2024-06-25 03:15:00,-77.85,40.85,378.0,59.0,50.7,73.91,0.0,0.0,0.0,30.01,,10.0,,CLR,,,,,,,,,,,,,,,59.0,KUNV 250715Z AUTO 00000KT 10SM CLR 15/10 A3001 RMK AO2 T01490104,,0.0,15.0,0.0
UNV,2024-06-25 03:35:00,-77.85,40.85,378.0,57.2,52.0,82.73,0.0,0.0,0.0,30.02,,10.0,,CLR,,,,,,,,,,,,,,,57.2,KUNV 250735Z AUTO 00000KT 10SM CLR 14/11 A3002 RMK AO2 T01400112,,0.0,14.000000000000002,0.0
UNV,2024-06-25 03:55:00,-77.85,40.85,378.0,58.0,51.8,79.79,0.0,0.0,0.0,30.02,,10.0,,CLR,,,,,,,,,,,,,,,58.0,KUNV 250755Z AUTO 00000KT 10SM CLR 15/11 A3002 RMK AO2 T01450110,,0.0,14.444444444444445,0.0
UNV,2024-06-25 04:15:00,-77.85,40.85,378.0,58.5,52.0,78.95,0.0,0.0,0.0,30.03,,10.0,,CLR,,,,,,,,,,,,,,,58.5,KUNV 250815Z AUTO 00000KT 10SM CLR 15/11 A3003 RMK AO2 T01470111,,0.0,14.722222222222221,0.0
UNV,2024-06-25 04:35:00,-77.85,40.85,378.0,57.7,52.0,81.25,0.0,0.0,0.0,30.02,,10.0,,CLR,,,,,,,,,,,,,,,57.7,KUNV 250835Z AUTO 00000KT 10SM CLR 14/11 A3002 RMK AO2 T01430111,,0.0,14.277777777777779,0.0
UNV,2024-06-25 04:55:00,-77.85,40.85,378.0,56.3,52.0,85.46,0.0,0.0,0.0,30.01,,10.0,,CLR,,,,,,,,,,,,,,,56.3,KUNV 250855Z AUTO 00000KT 10SM CLR 14/11 A3001 RMK AO2 T01350111,,0.0,13.499999999999998,0.0
UNV,2024-06-25 05:15:00,-77.85,40.85,378.0,57.6,52.3,82.45,0.0,0.0,0.0,30.0,,10.0,,CLR,,,,,,,,,,,,,,,57.6,KUNV 250915Z AUTO 00000KT 10SM CLR 14/11 A3000 RMK AO2 T01420113,,0.0,14.222222222222221,0.0
UNV,2024-06-25 05:35:00,-77.85,40.85,378.0,57.7,53.0,84.3,0.0,0.0,0.0,30.0,,10.0,,CLR,,,,,,,,,,,,,,,57.7,KUNV 250935Z AUTO 00000KT 10SM CLR 14/12 A3000 RMK AO2 T01430116,,0.0,14.277777777777779,0.0
UNV,2024-06-25 05:53:00,-77.85,40.85,378.0,57.2,53.6,87.74,0.0,0.0,0.0,30.0,,10.0,,CLR,,,,,,,,,,,,,,,57.2,KUNV 250953Z 00000KT 10SM CLR 14/12 A3000,,0.0,14.000000000000002,0.0
UNV,2024-06-25 06:53:00,-77.85,40.85,378.0,57.2,57.2,100.0,0.0,0.0,0.0,30.01,,10.0,,CLR,,,,,,,,,,,,,,,57.2,KUNV 251053Z 00000KT 10SM CLR 14/14 A3001,,0.0,14.000000000000002,0.0
UNV,2024-06-25 07:53:00,-77.85,40.85,378.0,62.6,57.2,82.5,0.0,0.0,0.0,30.02,,10.0,,CLR,,,,,,,,,,,,,,,62.6,KUNV 251153Z 00000KT 10SM CLR 17/14 A3002,,0.0,17.0,0.0
UNV,2024-06-25 08:53:00,-77.85,40.85,378.0,68.0,57.2,68.35,0.0,0.0,0.0,30.02,,10.0,,CLR,,,,,,,,,,,,,,,68.0,KUNV 251253Z 00000KT 10SM CLR 20/14 A3002,,0.0,20.0,0.0
UNV,2024-06-25 09:53:00,-77.85,40.85,378.0,71.6,55.4,56.63,230.0,4.0,0.0,30.04,,10.0,,CLR,,,,,,,,,,,,,,,71.6,KUNV 251353Z 23004KT 10SM CLR 22/13 A3004,,2.057776,21.999999999999996,0.0
UNV,2024-06-25 10:53:00,-77.85,40.85,378.0,75.2,55.4,50.17,200.0,7.0,0.0,30.0,,10.0,,CLR,,,,,,,,,,,,,,,75.2,KUNV 251453Z 20007KT 10SM CLR 24/13 A3000,,3.601108,24.0,0.0
UNV,2024-06-25 11:53:00,-77.85,40.85,378.0,73.4,53.6,49.9,200.0,6.0,0.0,29.98,,10.0,14.0,CLR,,,,,,,,,,,,,,,73.4,KUNV 251553Z 20006G14KT 10SM CLR 23/12 A2998,,3.086664,23.000000000000004,0.0
UNV,2024-06-25 12:53:00,-77.85,40.85,378.0,75.2,57.2,53.55,200.0,8.0,0.0,29.98,,10.0,,CLR,,,,,,,,,,,,,,,75.2,KUNV 251653Z 20008KT 10SM CLR 24/14 A2998,,4.115552,24.0,0.0
UNV,2024-06-25 13:53:00,-77.85,40.85,378.0,78.8,57.2,47.52,240.0,9.0,0.0,29.98,,10.0,16.0,CLR,,,,,,,,,,,,,,,78.8,KUNV 251753Z 24009G16KT 10SM CLR 26/14 A2998,,4.629996,26.0,0.0
UNV,2024-06-25 14:53:00,-77.85,40.85,378.0,78.8,57.2,47.52,220.0,7.0,0.0,29.96,,10.0,,SCT,,,,5000.0,,,,,,,,,,,78.8,KUNV 251853Z 22007KT 180V260 10SM SCT050 26/14 A2996,,3.601108,26.0,4.0
UNV,2024-06-25 15:53:00,-77.85,40.85,378.0,80.6,57.2,44.8,250.0,9.0,0.0,29.93,,10.0,12.0,SCT,,,,5000.0,,,,,,,,,,,80.81,KUNV 251953Z 25009G12KT 10SM SCT050 27/14 A2993,,4.629996,26.999999999999996,4.0
UNV,2024-06-25 16:53:00,-77.85,40.85,378.0,82.4,57.2,42.25,210.0,9.0,0.0,29.88,,10.0,14.0,FEW,,,,5000.0,,,,,,,,,,,82.08,KUNV 252053Z 21009G14KT 10SM FEW050 28/14 A2988,,4.629996,28.000000000000004,2.0
UNV,2024-06-25 17:53:00,-77.85,40.85,378.0,80.6,55.4,41.97,240.0,8.0,0.0,29.88,,10.0,,CLR,,,,,,,,,,,,,,,80.53,KUNV 252153Z 24008KT 10SM CLR 27/13 A2988,,4.115552,26.999999999999996,0.0
UNV,2024-06-25 18:53:00,-77.85,40.85,378.0,78.8,57.2,47.52,240.0,8.0,0.0,29.9,,10.0,,CLR,,,,,,,,,,,,,,,78.8,KUNV 252253Z 24008KT 10SM CLR 26/14 A2990,,4.115552,26.0,0.0
UNV,2024-06-25 19:53:00,-77.85,40.85,378.0,77.0,57.2,50.43,230.0,5.0,0.0,29.89,,10.0,,CLR,,,,,,,,,,,,,,,77.0,KUNV 252353Z 23005KT 10SM CLR 25/14 A2989,,2.57222,25.0,0.0
UNV,2024-06-25 20:53:00,-77.85,40.85,378.0,75.2,57.2,53.55,230.0,6.0,0.0,29.89,,10.0,,CLR,,,,,,,,,,,,,,,75.2,KUNV 260053Z 23006KT 10SM CLR 24/14 A2989,,3.086664,24.0,0.0
UNV,2024-06-25 21:53:00,-77.85,40.85,378.0,71.6,57.2,60.44,220.0,4.0,0.0,29.88,,10.0,,CLR,,,,,,,,,,,,,,,71.6,KUNV 260153Z 22004KT 10SM CLR 22/14 A2988,,2.057776,21.999999999999996,0.0
UNV,2024-06-25 22:15:00,-77.85,40.85,378.0,71.0,57.2,61.69,240.0,5.0,0.0,29.89,,10.0,,CLR,,,,,,,,,,,,,,,71.0,KUNV 260215Z AUTO 24005KT 10SM CLR 22/14 A2989 RMK AO2 T02170140,,2.57222,21.666666666666668,0.0
UNV,2024-06-25 22:35:00,-77.85,40.85,378.0,70.0,57.4,64.29,220.0,3.0,0.0,29.89,,10.0,,CLR,,,,,,,,,,,,,,,70.0,KUNV 260235Z AUTO 22003KT 10SM CLR 21/14 A2989 RMK AO2 T02110141,,1.543332,21.11111111111111,0.0
UNV,2024-06-25 22:55:00,-77.85,40.85,378.0,71.0,57.2,61.69,220.0,4.0,0.0,29.89,,10.0,,CLR,,,,,,,,,,,,,,,71.0,KUNV 260255Z AUTO 22004KT 10SM CLR 22/14 A2989 RMK AO2 T02160140,,2.057776,21.666666666666668,0.0
UNV,2024-06-25 23:15:00,-77.85,40.85,378.0,69.6,58.0,66.59,240.0,6.0,0.0,29.89,,10.0,,CLR,,,,,,,,,,,,,,,69.6,KUNV 260315Z AUTO 24006KT 10SM CLR 21/15 A2989 RMK AO2 T02090145,,3.086664,20.888888888888886,0.0
UNV,2024-06-25 23:35:00,-77.85,40.85,378.0,69.8,58.5,67.34,250.0,7.0,0.0,29.9,,10.0,,CLR,,,,,,,,,,,,,,,69.8,KUNV 260335Z AUTO 25007KT 10SM CLR 21/15 A2990 RMK AO2 T02100147,,3.601108,21.0,0.0
UNV,2024-06-25 23:55:00,-77.85,40.85,378.0,68.4,59.0,71.92,230.0,7.0,0.0,29.89,,10.0,,CLR,,,,,,,,,,,,,,,68.4,KUNV 260355Z AUTO 23007KT 10SM CLR 20/15 A2989 RMK AO2 T02020150,,3.601108,20.222222222222225,0.0
UNV,2024-06-26 00:15:00,-77.85,40.85,378.0,69.8,59.0,68.55,220.0,4.0,0.0,29.88,,10.0,,CLR,,,,,,,,,,,,,,,69.8,KUNV 260415Z AUTO 22004KT 10SM CLR 21/15 A2988 RMK AO2 T02100149,,2.057776,21.0,0.0
UNV,2024-06-26 00:35:00,-77.85,40.85,378.0,70.0,59.0,68.09,0.0,0.0,0.0,29.87,,10.0,,CLR,,,,,,,,,,,,,,,70.0,KUNV 260435Z AUTO 00000KT 10SM CLR 21/15 A2987 RMK AO2 T02120149,,0.0,21.11111111111111,0.0
UNV,2024-06-26 00:55:00,-77.85,40.85,378.0,71.2,58.5,64.2,0.0,0.0,0.0,29.86,,10.0,,CLR,,,,,,,,,,,,,,,71.2,KUNV 260455Z AUTO 00000KT 10SM CLR 22/15 A2986 RMK AO2 T02180147,,0.0,21.77777777777778,0.0
UNV,2024-06-26 01:15:00,-77.85,40.85,378.0,70.3,59.0,67.39,230.0,4.0,0.0,29.86,,10.0,,CLR,,,,,,,,,,,,,,,70.3,KUNV 260515Z AUTO 23004KT 10SM CLR 21/15 A2986 RMK AO2 T02130150,,2.057776,21.27777777777778,0.0
UNV,2024-06-26 01:35:00,-77.85,40.85,378.0,70.7,59.0,66.48,0.0,0.0,0.0,29.86,,10.0,,CLR,,,,,,,,,,,,,,,70.7,KUNV 260535Z AUTO 00000KT 10SM CLR 22/15 A2986 RMK AO2 T02150150,,0.0,21.5,0.0
UNV,2024-06-26 01:55:00,-77.85,40.85,378.0,68.5,59.0,71.67,0.0,0.0,0.0,29.85,,10.0,,CLR,,,,,,,,,,,,,,,68.5,KUNV 260555Z AUTO 00000KT 10SM CLR 20/15 A2985 RMK AO2 T02030151 10248 20202,,0.0,20.27777777777778,0.0
UNV,2024-06-26 02:15:00,-77.85,40.85,378.0,70.3,59.0,67.39,270.0,3.0,0.0,29.85,,10.0,,CLR,,,,,,,,,,,,,,,70.3,KUNV 260615Z AUTO 27003KT 10SM CLR 21/15 A2985 RMK AO2 T02130151,,1.543332,21.27777777777778,0.0
UNV,2024-06-26 02:35:00,-77.85,40.85,378.0,69.8,59.0,68.55,260.0,3.0,0.0,29.85,,10.0,,CLR,,,,,,,,,,,,,,,69.8,KUNV 260635Z AUTO 26003KT 10SM CLR 21/15 A2985 RMK AO2 T02100150,,1.543332,21.0,0.0
UNV,2024-06-26 02:55:00,-77.85,40.85,378.0,70.7,59.0,66.48,240.0,5.0,0.0,29.85,,10.0,,CLR,,,,,,,,,,,,,,,70.7,KUNV 260655Z AUTO 24005KT 10SM CLR 22/15 A2985 RMK AO2 T02150151,,2.57222,21.5,0.0
UNV,2024-06-26 03:15:00,-77.85,40.85,378.0,70.0,59.0,68.09,250.0,4.0,0.0,29.84,,10.0,,CLR,,,,,,,,,,,,,,,70.0,KUNV 260715Z AUTO 25004KT 10SM CLR 21/15 A2984 RMK AO2 T02110150,,2.057776,21.11111111111111,0.0
UNV,2024-06-26 03:35:00,-77.85,40.85,378.0,70.0,59.4,69.07,230.0,4.0,0.0,29.84,,10.0,,CLR,,,,,,,,,,,,,,,70.0,KUNV 260735Z AUTO 23004KT 10SM CLR 21/15 A2984 RMK AO2 T02120152,,2.057776,21.11111111111111,0.0
UNV,2024-06-26 03:55:00,-77.85,40.85,378.0,70.7,59.4,67.44,220.0,5.0,0.0,29.83,,10.0,,CLR,,,,,,,,,,,,,,,70.7,KUNV 260755Z AUTO 22005KT 10SM CLR 22/15 A2983 RMK AO2 T02150152,,2.57222,21.5,0.0
UNV,2024-06-26 04:15:00,-77.85,40.85,378.0,70.3,59.5,68.61,210.0,4.0,0.0,29.84,,10.0,,CLR,,,,,,,,,,,,,,,70.3,KUNV 260815Z AUTO 21004KT 10SM CLR 21/15 A2984 RMK AO2 T02130153,,2.057776,21.27777777777778,0.0
UNV,2024-06-26 04:35:00,-77.85,40.85,378.0,70.0,59.5,69.31,220.0,4.0,0.0,29.84,,10.0,,CLR,,,,,,,,,,,,,,,70.0,KUNV 260835Z AUTO 22004KT 10SM CLR 21/15 A2984 RMK AO2 T02110153,,2.057776,21.11111111111111,0.0
UNV,2024-06-26 04:55:00,-77.85,40.85,378.0,69.3,60.0,72.27,210.0,4.0,0.0,29.83,,10.0,,CLR,,,,,,,,,,,,,,,69.3,KUNV 260855Z AUTO 21004KT 10SM CLR 21/16 A2983 RMK AO2 T02070155,,2.057776,20.72222222222222,0.0
UNV,2024-06-26 05:15:00,-77.85,40.85,378.0,69.3,60.4,73.31,210.0,4.0,0.0,29.84,,10.0,,CLR,,,,,,,,,,,,,,,69.3,KUNV 260915Z AUTO 21004KT 10SM CLR 21/16 A2984 RMK AO2 T02070158,,2.057776,20.72222222222222,0.0
UNV,2024-06-26 05:35:00,-77.85,40.85,378.0,69.4,60.6,73.58,230.0,4.0,0.0,29.84,,10.0,,CLR,,,,,,,,,,,,,,,69.4,KUNV 260935Z AUTO 23004KT 10SM CLR 21/16 A2984 RMK AO2 T02080159,,2.057776,20.777777777777782,0.0
UNV,2024-06-26 05:53:00,-77.85,40.85,378.0,69.8,60.8,73.09,230.0,6.0,0.0,29.84,,10.0,,SCT,,,,4300.0,,,,,,,,,,,69.8,KUNV 260953Z 23006KT 10SM SCT043 21/16 A2984,,3.086664,21.0,4.0
UNV,2024-06-26 06:53:00,-77.85,40.85,378.0,71.6,62.6,73.27,250.0,7.0,0.0,29.84,,10.0,,SCT,,,,4300.0,,,,,,,,,,,71.6,KUNV 261053Z 25007KT 10SM SCT043 22/17 A2984,,3.601108,21.999999999999996,4.0
UNV,2024-06-26 07:53:00,-77.85,40.85,378.0,75.2,64.4,69.14,260.0,6.0,0.0,29.84,,10.0,,SCT,,,,4500.0,,,,,,,,,,,75.2,KUNV 261153Z 26006KT 10SM SCT045 24/18 A2984,,3.086664,24.0,4.0
UNV,2024-06-26 08:53:00,-77.85,40.85,378.0,77.0,66.2,69.33,260.0,8.0,0.0,29.85,,10.0,,SCT,,,,4500.0,,,,,,,,,,,77.0,KUNV 261253Z 26008KT 10SM SCT045 25/19 A2985,,4.115552,25.0,4.0
UNV,2024-06-26 09:53:00,-77.85,40.85,378.0,77.0,66.2,69.33,280.0,5.0,0.0,29.85,,10.0,,BKN,,,,3300.0,,,,,,,,,,,77.0,KUNV 261353Z 28005KT 10SM BKN033 25/19 A2985,,2.57222,25.0,6.0
UNV,2024-06-26 10:53:00,-77.85,40.85,378.0,77.0,66.2,69.33,280.0,4.0,0.0,29.85,,10.0,,SCT,SCT,,,3000.0,3500.0,,,,,,,,,,77.0,KUNV 261453Z 28004KT 10SM SCT030 SCT035 25/19 A2985,,2.057776,25.0,4.0
UNV,2024-06-26 11:53:00,-77.85,40.85,378.0,80.6,66.2,61.58,300.0,4.0,0.0,29.83,,10.0,,SCT,BKN,,,3500.0,5000.0,,,,,,,,,,82.75,KUNV 261553Z 30004KT 10SM SCT035 BKN050 27/19 A2983,,2.057776,26.999999999999996,6.0
UNV,2024-06-26 12:53:00,-77.85,40.85,378.0,84.2,68.0,58.32,240.0,10.0,0.0,29.83,,10.0,,SCT,BKN,,,4000.0,6000.0,,,,,,,,,,87.4,KUNV 261653Z 24010KT 10SM SCT040 BKN060 29/20 A2983,,5.14444,29.0,6.0
UNV,2024-06-26 13:53:00,-77.85,40.85,378.0,84.2,68.0,58.32,250.0,7.0,0.0,29.8,,10.0,,SCT,BKN,,,4000.0,6000.0,,,,,,,,,,87.4,KUNV 261753Z 25007KT 10SM SCT040 BKN060 29/20 A2980,,3.601108,29.0,6.0
UNV,2024-06-26 14:53:00,-77.85,40.85,378.0,84.2,66.2,54.8,210.0,7.0,0.0,29.77,,10.0,,SCT,BKN,,,3500.0,4500.0,,,,,,,,,,86.5,KUNV 261853Z 21007KT 10SM SCT035 BKN045 29/19 A2977,,3.601108,29.0,6.0
UNV,2024-06-26 15:53:00,-77.85,40.85,378.0,86.0,66.2,51.72,240.0,7.0,0.0,29.75,,10.0,,BKN,,,,4300.0,,,,,,,,,,,88.39,KUNV 261953Z 24007KT 10SM BKN043 30/19 A2975 RMK LTG DSNT N AND NE,,3.601108,30.0,6.0
UNV,2024-06-26 16:53:00,-77.85,40.85,378.0,84.2,64.4,51.47,270.0,14.0,0.0,29.73,,10.0,19.0,SCT,BKN,,,4000.0,5500.0,,,,,,,,,,85.71,KUNV 262053Z 27014G19KT 10SM SCT040 BKN055 29/18 A2973 RMK LTG DSNT N THRU SE,,7.202216,29.0,6.0
UNV,2024-06-26 17:53:00,-77.85,40.85,378.0,84.2,62.6,48.32,280.0,11.0,0.0,29.75,,10.0,18.0,SCT,BKN,,,3000.0,6000.0,,,,,,,,,,85.03,KUNV 262153Z 28011G18KT 10SM SCT030 BKN060 29/17 A2975 RMK LTG DSNT N AND NE,,5.6588840000000005,29.0,6.0
UNV,2024-06-26 18:53:00,-77.85,40.85,378.0,73.4,68.0,83.21,300.0,8.0,0.0,29.76,,10.0,,BKN,,,,2000.0,,,,VCSH,,,,,,,73.4,KUNV 262253Z 30008KT 10SM VCSH BKN020 23/20 A2976 RMK LTG DSNT NE,,4.115552,23.000000000000004,6.0
UNV,2024-06-26 19:53:00,-77.85,40.85,378.0,71.6,68.0,88.43,330.0,4.0,0.0,29.77,,10.0,,BKN,,,,3500.0,,,,,,,,,,,71.6,KUNV 262353Z 33004KT 10SM BKN035 22/20 A2977,,2.057776,21.999999999999996,6.0
UNV,2024-06-26 20:53:00,-77.85,40.85,378.0,68.0,68.0,100.0,0.0,0.0,0.0,29.77,,10.0,,OVC,,,,6000.0,,,,-RA,,,,,,,68.0,KUNV 270053Z COR 00000KT 10SM -RA OVC060 20/20 A2977 RMK LTG DSNT W,,0.0,20.0,8.0
UNV,2024-06-26 21:18:00,-77.85,40.85,378.0,68.0,68.0,100.0,60.0,6.0,0.0,29.77,,5.0,,OVC,,,,4000.0,,,,RA,,,,,,,68.0,KUNV 270118Z 06006KT 5SM RA OVC040 20/20 A2977,,3.086664,20.0,8.0
UNV,2024-06-26 21:40:00,-77.85,40.85,378.0,68.0,68.0,100.0,30.0,5.0,0.0,29.77,,2.0,,OVC,,,,2000.0,,,,+TSRA,,,,,,,68.0,KUNV 270140Z 03005KT 2SM +TSRA OVC020 20/20 A2977 RMK TSB40 FRQ LTGIC TS OHD MOV NE,,2.57222,20.0,8.0
UNV,2024-06-26 21:53:00,-77.85,40.85,378.0,66.2,66.2,100.0,290.0,3.0,0.0,29.8,,3.0,,OVC,,,,2000.0,,,,+TSRA,,,,,,,66.2,KUNV 270153Z 29003KT 3SM +TSRA OVC020 19/19 A2980 RMK TSB40 FRQ LTGIC TS OHD MOV NE,,1.543332,19.0,8.0
UNV,2024-06-26 22:15:00,-77.85,40.85,378.0,65.7,65.5,99.31,0.0,0.0,0.06,29.79,,4.0,,BKN,OVC,,,200.0,600.0,,,+RA,,,,,,,65.7,KUNV 270215Z AUTO 00000KT 4SM +RA BKN002 OVC006 19/19 A2979 RMK AO2 LTG DSNT S P0006 T01870186,,0.0,18.72222222222222,8.0
UNV,2024-06-26 22:35:00,-77.85,40.85,378.0,65.0,65.0,100.0,0.0,0.0,0.1,29.78,,10.0,,SCT,BKN,BKN,,200.0,600.0,2600.0,,-RA,,,,,,,65.0,KUNV 270235Z AUTO 00000KT 10SM -RA SCT002 BKN006 BKN026 18/18 A2978 RMK AO2 LTG DSNT S P0010 T01830183,,0.0,18.333333333333332,6.0
UNV,2024-06-26 22:55:00,-77.85,40.85,378.0,65.0,65.0,100.0,0.0,0.0,0.11,29.75,,10.0,,SCT,SCT,BKN,,500.0,3100.0,5500.0,,-RA,,,,,,,65.0,KUNV 270255Z AUTO 00000KT 10SM -RA SCT005 SCT031 BKN055 18/18 A2975 RMK AO2 P0011 60038 T01830183,,0.0,18.333333333333332,6.0
UNV,2024-06-26 23:15:00,-77.85,40.85,378.0,65.3,65.3,100.0,280.0,4.0,0.0,29.76,,10.0,,SCT,SCT,SCT,,4500.0,6000.0,7000.0,,-DZ,,,,,,,65.3,KUNV 270315Z AUTO 28004KT 10SM -DZ SCT045 SCT060 SCT070 19/19 A2976 RMK AO2 LTG DSNT SE T01850185,,2.057776,18.5,4.0
UNV,2024-06-26 23:35:00,-77.85,40.85,378.0,65.0,65.0,100.0,250.0,6.0,0.0,29.77,,10.0,,SCT,SCT,SCT,,300.0,4700.0,6000.0,,,,,,,,,65.0,KUNV 270335Z AUTO 25006KT 10SM SCT003 SCT047 SCT060 18/18 A2977 RMK AO2 T01830183,,3.086664,18.333333333333332,4.0
UNV,2024-06-26 23:55:00,-77.85,40.85,378.0,65.3,65.3,100.0,230.0,3.0,0.0,29.79,,10.0,,CLR,,,,,,,,,,,,,,,65.3,KUNV 270355Z AUTO 23003KT 10SM CLR 19/19 A2979 RMK AO2 T01850185,,1.543332,18.5,0.0
UNV,2024-06-27 00:15:00,-77.85,40.85,378.0,65.3,65.0,98.96,0.0,0.0,0.0,29.8,,10.0,,SCT,,,,700.0,,,,,,,,,,,65.3,KUNV 270415Z AUTO 00000KT 10SM SCT007 19/18 A2980 RMK AO2 T01850184,,0.0,18.5,4.0
UNV,2024-06-27 00:35:00,-77.85,40.85,378.0,65.7,65.5,99.31,0.0,0.0,0.0,29.8,,10.0,,SCT,SCT,,,700.0,1500.0,,,,,,,,,,65.7,KUNV 270435Z AUTO 00000KT 10SM SCT007 SCT015 19/19 A2980 RMK AO2 T01870186,,0.0,18.72222222222222,4.0
UNV,2024-06-27 00:55:00,-77.85,40.85,378.0,66.0,66.0,100.0,280.0,3.0,0.0,29.8,,10.0,,BKN,BKN,BKN,,900.0,1600.0,2100.0,,,,,,,,,66.0,KUNV 270455Z AUTO 28003KT 10SM BKN009 BKN016 BKN021 19/19 A2980 RMK AO2 T01890188,,1.543332,18.88888888888889,6.0
UNV,2024-06-27 01:15:00,-77.85,40.85,378.0,65.3,65.3,100.0,0.0,0.0,0.0,29.8,,10.0,,SCT,SCT,,,700.0,2100.0,,,,,,,,,,65.3,KUNV 270515Z AUTO 00000KT 10SM SCT007 SCT021 19/19 A2980 RMK AO2 T01850185,,0.0,18.5,4.0
UNV,2024-06-27 01:35:00,-77.85,40.85,378.0,65.0,65.0,100.0,0.0,0.0,0.0,29.8,,10.0,,CLR,,,,,,,,,,,,,,,65.0,KUNV 270535Z AUTO 00000KT 10SM CLR 18/18 A2980 RMK AO2 T01830183,,0.0,18.333333333333332,0.0
UNV,2024-06-27 01:55:00,-77.85,40.85,378.0,64.6,64.4,99.3,250.0,5.0,0.0,29.8,,10.0,,CLR,,,,,,,,,,,,,,,64.6,KUNV 270555Z AUTO 25005KT 10SM CLR 18/18 A2980 RMK AO2 60038 T01810180 10213 20180,,2.57222,18.111111111111107,0.0
UNV,2024-06-27 02:15:00,-77.85,40.85,378.0,64.6,64.6,100.0,250.0,4.0,0.0,29.8,,10.0,,SCT,,,,2100.0,,,,,,,,,,,64.6,KUNV 270615Z AUTO 25004KT 10SM SCT021 18/18 A2980 RMK AO2 T01810181,,2.057776,18.111111111111107,4.0
UNV,2024-06-27 02:35:00,-77.85,40.85,378.0,65.3,65.3,100.0,250.0,5.0,0.0,29.8,,10.0,,CLR,,,,,,,,,,,,,,,65.3,KUNV 270635Z AUTO 25005KT 10SM CLR 19/19 A2980 RMK AO2 T01850185,,2.57222,18.5,0.0
UNV,2024-06-27 02:55:00,-77.85,40.85,378.0,65.0,65.0,100.0,270.0,6.0,0.0,29.8,,10.0,,CLR,,,,,,,,,,,,,,,65.0,KUNV 270655Z AUTO 27006KT 10SM CLR 18/18 A2980 RMK AO2 T01840183,,3.086664,18.333333333333332,0.0
UNV,2024-06-27 03:15:00,-77.85,40.85,378.0,64.8,64.8,100.0,270.0,6.0,0.0,29.8,,10.0,,CLR,,,,,,,,,,,,,,,64.8,KUNV 270715Z AUTO 27006KT 10SM CLR 18/18 A2980 RMK AO2 T01820182,,3.086664,18.22222222222222,0.0
UNV,2024-06-27 03:35:00,-77.85,40.85,378.0,64.6,64.6,100.0,270.0,4.0,0.0,29.8,,10.0,,SCT,,,,1900.0,,,,,,,,,,,64.6,KUNV 270735Z AUTO 27004KT 10SM SCT019 18/18 A2980 RMK AO2 T01810181,,2.057776,18.111111111111107,4.0
UNV,2024-06-27 03:55:00,-77.85,40.85,378.0,64.6,64.4,99.3,280.0,8.0,0.0,29.8,,10.0,,CLR,,,,,,,,,,,,,,,64.6,KUNV 270755Z AUTO 28008KT 10SM CLR 18/18 A2980 RMK AO2 T01810180,,4.115552,18.111111111111107,0.0
UNV,2024-06-27 04:15:00,-77.85,40.85,378.0,64.4,63.7,97.58,290.0,5.0,0.0,29.8,,10.0,,CLR,,,,,,,,,,,,,,,64.4,KUNV 270815Z AUTO 29005KT 10SM CLR 18/18 A2980 RMK AO2 T01800176,,2.57222,18.000000000000004,0.0
UNV,2024-06-27 04:35:00,-77.85,40.85,378.0,64.0,62.6,95.2,290.0,4.0,0.0,29.8,,10.0,,CLR,,,,,,,,,,,,,,,64.0,KUNV 270835Z AUTO 29004KT 10SM CLR 18/17 A2980 RMK AO2 T01780170,,2.057776,17.77777777777778,0.0
UNV,2024-06-27 04:55:00,-77.85,40.85,378.0,63.7,63.0,97.57,300.0,4.0,0.0,29.81,,10.0,,CLR,,,,,,,,,,,,,,,63.7,KUNV 270855Z AUTO 30004KT 10SM CLR 18/17 A2981 RMK AO2 T01760172,,2.057776,17.61111111111111,0.0
UNV,2024-06-27 05:15:00,-77.85,40.85,378.0,63.7,62.8,96.89,300.0,4.0,0.0,29.82,,10.0,,CLR,,,,,,,,,,,,,,,63.7,KUNV 270915Z AUTO 30004KT 10SM CLR 18/17 A2982 RMK AO2 T01760171,,2.057776,17.61111111111111,0.0
UNV,2024-06-27 05:35:00,-77.85,40.85,378.0,62.2,62.2,100.0,0.0,0.0,0.0,29.82,,10.0,,SCT,,,,1700.0,,,,,,,,,,,62.2,KUNV 270935Z AUTO 00000KT 10SM SCT017 17/17 A2982 RMK AO2 T01680168,,0.0,16.77777777777778,4.0
UNV,2024-06-27 05:53:00,-77.85,40.85,378.0,60.8,60.8,100.0,0.0,0.0,0.0,29.83,,10.0,,BKN,,,,2300.0,,,,,,,,,,,60.8,KUNV 270953Z 00000KT 10SM BKN023 16/16 A2983,,0.0,16.0,6.0
UNV,2024-06-27 06:53:00,-77.85,40.85,378.0,62.6,60.8,93.83,330.0,8.0,0.0,29.85,,10.0,,BKN,,,,2300.0,,,,,,,,,,,62.6,KUNV 271053Z 33008KT 10SM BKN023 17/16 A2985,,4.115552,17.0,6.0
UNV,2024-06-27 07:53:00,-77.85,40.85,378.0,66.2,60.8,82.74,320.0,5.0,0.0,29.86,,10.0,,SCT,,,,2800.0,,,,,,,,,,,66.2,KUNV 271153Z 32005KT 10SM SCT028 19/16 A2986,,2.57222,19.0,4.0
UNV,2024-06-27 08:53:00,-77.85,40.85,378.0,68.0,60.8,77.75,300.0,5.0,0.0,29.87,,10.0,,SCT,,,,3300.0,,,,,,,,,,,68.0,KUNV 271253Z 30005KT 10SM SCT033 20/16 A2987,,2.57222,20.0,4.0
UNV,2024-06-27 09:53:00,-77.85,40.85,378.0,69.8,60.8,73.09,250.0,6.0,0.0,29.87,,10.0,,SCT,SCT,,,2200.0,2700.0,,,,,,,,,,69.8,KUNV 271353Z 25006KT 10SM SCT022 SCT027 21/16 A2987,,3.086664,21.0,4.0
UNV,2024-06-27 10:53:00,-77.85,40.85,378.0,71.6,60.8,68.75,300.0,3.0,0.0,29.87,,10.0,,SCT,SCT,,,2700.0,3400.0,,,,,,,,,,71.6,KUNV 271453Z 30003KT 10SM SCT027 SCT034 22/16 A2987,,1.543332,21.999999999999996,4.0
UNV,2024-06-27 11:53:00,-77.85,40.85,378.0,73.4,59.0,60.67,280.0,6.0,0.0,29.89,,10.0,,SCT,SCT,,,3500.0,4400.0,,,,,,,,,,73.4,KUNV 271553Z 28006KT 10SM SCT035 SCT044 23/15 A2989,,3.086664,23.000000000000004,4.0
UNV,2024-06-27 12:53:00,-77.85,40.85,378.0,75.2,59.0,57.12,330.0,8.0,0.0,29.89,,10.0,,SCT,SCT,,,3800.0,4500.0,,,,,,,,,,75.2,KUNV 271653Z 33008KT 10SM SCT038 SCT045 24/15 A2989,,4.115552,24.0,4.0
UNV,2024-06-27 13:53:00,-77.85,40.85,378.0,78.8,57.2,47.52,330.0,7.0,0.0,29.89,,10.0,14.0,SCT,,,,5000.0,,,,,,,,,,,78.8,KUNV 271753Z 33007G14KT 10SM SCT050 26/14 A2989,,3.601108,26.0,4.0
UNV,2024-06-27 14:53:00,-77.85,40.85,378.0,77.0,55.4,47.25,300.0,9.0,0.0,29.89,,10.0,15.0,SCT,,,,5000.0,,,,,,,,,,,77.0,KUNV 271853Z 30009G15KT 10SM SCT050 25/13 A2989,,4.629996,25.0,4.0
UNV,2024-06-27 15:53:00,-77.85,40.85,378.0,77.0,55.4,47.25,330.0,8.0,0.0,29.9,,10.0,,SCT,,,,5500.0,,,,,,,,,,,77.0,KUNV 271953Z 33008KT 10SM SCT055 25/13 A2990,,4.115552,25.0,4.0
UNV,2024-06-27 16:53:00,-77.85,40.85,378.0,77.0,55.4,47.25,310.0,10.0,0.0,29.9,,10.0,14.0,SCT,,,,5000.0,,,,,,,,,,,77.0,KUNV 272053Z COR 31010G14KT 10SM SCT050 25/13 A2990,,5.14444,25.0,4.0
UNV,2024-06-27 17:53:00,-77.85,40.85,378.0,75.2,53.6,46.98,310.0,7.0,0.0,29.91,,10.0,15.0,SCT,,,,6500.0,,,,,,,,,,,75.2,KUNV 272153Z 31007G15KT 10SM SCT065 24/12 A2991,,3.601108,24.0,4.0
UNV,2024-06-27 18:53:00,-77.85,40.85,378.0,75.2,51.8,43.97,340.0,6.0,0.0,29.93,,10.0,,FEW,,,,4500.0,,,,,,,,,,,75.2,KUNV 272253Z 34006KT 10SM FEW045 24/11 A2993,,3.086664,24.0,2.0
UNV,2024-06-27 19:53:00,-77.85,40.85,378.0,71.6,50.0,46.43,340.0,5.0,0.0,29.95,,10.0,,FEW,,,,8000.0,,,,,,,,,,,71.6,KUNV 272353Z 34005KT 10SM FEW080 22/10 A2995,,2.57222,21.999999999999996,2.0
UNV,2024-06-27 20:53:00,-77.85,40.85,378.0,68.0,50.0,52.51,350.0,5.0,0.0,29.97,,10.0,,CLR,,,,,,,,,,,,,,,68.0,KUNV 280053Z 35005KT 10SM CLR 20/10 A2997,,2.57222,20.0,0.0
UNV,2024-06-27 21:53:00,-77.85,40.85,378.0,66.2,50.0,55.88,350.0,4.0,0.0,30.01,,10.0,,CLR,,,,,,,,,,,,,,,66.2,KUNV 280153Z 35004KT 10SM CLR 19/10 A3001,,2.057776,19.0,0.0
UNV,2024-06-27 22:15:00,-77.85,40.85,378.0,65.0,49.5,57.19,360.0,3.0,0.0,30.01,,10.0,,CLR,,,,,,,,,,,,,,,65.0,KUNV 280215Z AUTO 36003KT 10SM CLR 18/10 A3001 RMK AO2 T01840097,,1.543332,18.333333333333332,0.0
UNV,2024-06-27 22:35:00,-77.85,40.85,378.0,64.6,49.5,57.99,350.0,3.0,0.0,30.02,,10.0,,CLR,,,,,,,,,,,,,,,64.6,KUNV 280235Z AUTO 35003KT 10SM CLR 18/10 A3002 RMK AO2 T01810097,,1.543332,18.111111111111107,0.0
UNV,2024-06-27 22:55:00,-77.85,40.85,378.0,63.5,49.5,60.27,0.0,0.0,0.0,30.02,,10.0,,CLR,,,,,,,,,,,,,,,63.5,KUNV 280255Z AUTO 00000KT 10SM CLR 18/10 A3002 RMK AO2 T01750097,,0.0,17.5,0.0
UNV,2024-06-27 23:15:00,-77.85,40.85,378.0,62.8,49.3,61.31,20.0,3.0,0.0,30.02,,10.0,,CLR,,,,,,,,,,,,,,,62.8,KUNV 280315Z AUTO 02003KT 10SM CLR 17/10 A3002 RMK AO2 T01710096,,1.543332,17.11111111111111,0.0
UNV,2024-06-27 23:35:00,-77.85,40.85,378.0,62.6,49.0,61.06,0.0,0.0,0.0,30.03,,10.0,,CLR,,,,,,,,,,,,,,,62.6,KUNV 280335Z AUTO 00000KT 10SM CLR 17/10 A3003 RMK AO2 T01700095,,0.0,17.0,0.0
UNV,2024-06-27 23:55:00,-77.85,40.85,378.0,61.3,49.5,65.13,0.0,0.0,0.0,30.04,,10.0,,CLR,,,,,,,,,,,,,,,61.3,KUNV 280355Z AUTO 00000KT 10SM CLR 16/10 A3004 RMK AO2 T01630097,,0.0,16.27777777777778,0.0
UNV,2024-06-28 00:15:00,-77.85,40.85,378.0,60.3,48.7,65.5,0.0,0.0,0.0,30.04,,10.0,,CLR,,,,,,,,,,,,,,,60.3,KUNV 280415Z AUTO 00000KT 10SM CLR 16/09 A3004 RMK AO2 T01570093,,0.0,15.722222222222221,0.0
UNV,2024-06-28 00:35:00,-77.85,40.85,378.0,60.0,48.6,65.95,0.0,0.0,0.0,30.05,,10.0,,CLR,,,,,,,,,,,,,,,60.0,KUNV 280435Z AUTO 00000KT 10SM CLR 16/09 A3005 RMK AO2 T01560092,,0.0,15.555555555555555,0.0
UNV,2024-06-28 00:55:00,-77.85,40.85,378.0,59.4,50.4,72.06,360.0,6.0,0.0,30.05,,10.0,,CLR,,,,,,,,,,,,,,,59.4,KUNV 280455Z AUTO 36006KT 10SM CLR 15/10 A3005 RMK AO2 T01520102,,3.086664,15.222222222222221,0.0
UNV,2024-06-28 01:15:00,-77.85,40.85,378.0,59.0,50.0,72.01,0.0,0.0,0.0,30.04,,10.0,,CLR,,,,,,,,,,,,,,,59.0,KUNV 280515Z AUTO 00000KT 10SM CLR 15/10 A3004 RMK AO2 T01510101,,0.0,15.0,0.0
UNV,2024-06-28 01:35:00,-77.85,40.85,378.0,57.6,50.7,77.72,0.0,0.0,0.0,30.05,,10.0,,CLR,,,,,,,,,,,,,,,57.6,KUNV 280535Z AUTO 00000KT 10SM CLR 14/10 A3005 RMK AO2 T01420104,,0.0,14.222222222222221,0.0
UNV,2024-06-28 01:55:00,-77.85,40.85,378.0,56.5,51.6,83.6,0.0,0.0,0.0,30.05,,10.0,,CLR,,,,,,,,,,,,,,,56.5,KUNV 280555Z AUTO 00000KT 10SM CLR 14/11 A3005 RMK AO2 T01360109 10220 20136,,0.0,13.61111111111111,0.0
UNV,2024-06-28 02:15:00,-77.85,40.85,378.0,57.4,50.7,78.28,0.0,0.0,0.0,30.05,,10.0,,CLR,,,,,,,,,,,,,,,57.4,KUNV 280615Z AUTO 00000KT 10SM CLR 14/10 A3005 RMK AO2 T01410104,,0.0,14.11111111111111,0.0
UNV,2024-06-28 02:35:00,-77.85,40.85,378.0,57.0,51.3,81.2,0.0,0.0,0.0,30.06,,10.0,,CLR,,,,,,,,,,,,,,,57.0,KUNV 280635Z AUTO 00000KT 10SM CLR 14/11 A3006 RMK AO2 T01380107,,0.0,13.88888888888889,0.0
UNV,2024-06-28 02:55:00,-77.85,40.85,378.0,55.6,53.6,92.97,0.0,0.0,0.0,30.07,,10.0,,CLR,,,,,,,,,,,,,,,55.6,KUNV 280655Z AUTO 00000KT 10SM CLR 13/12 A3007 RMK AO2 T01310120,,0.0,13.11111111111111,0.0
UNV,2024-06-28 03:15:00,-77.85,40.85,378.0,55.4,53.6,93.65,0.0,0.0,0.0,30.07,,10.0,,CLR,,,,,,,,,,,,,,,55.4,KUNV 280715Z AUTO 00000KT 10SM CLR 13/12 A3007 RMK AO2 T01300120,,0.0,13.0,0.0
UNV,2024-06-28 03:35:00,-77.85,40.85,378.0,57.2,52.0,82.73,0.0,0.0,0.0,30.07,,10.0,,CLR,,,,,,,,,,,,,,,57.2,KUNV 280735Z AUTO 00000KT 10SM CLR 14/11 A3007 RMK AO2 T01400112,,0.0,14.000000000000002,0.0
UNV,2024-06-28 03:55:00,-77.85,40.85,378.0,56.5,52.7,87.06,0.0,0.0,0.0,30.07,,10.0,,CLR,,,,,,,,,,,,,,,56.5,KUNV 280755Z AUTO 00000KT 10SM CLR 14/12 A3007 RMK AO2 T01360115,,0.0,13.61111111111111,0.0
UNV,2024-06-28 04:15:00,-77.85,40.85,378.0,55.0,53.2,93.63,0.0,0.0,0.0,30.07,,10.0,,CLR,,,,,,,,,,,,,,,55.0,KUNV 280815Z AUTO 00000KT 10SM CLR 13/12 A3007 RMK AO2 T01280118,,0.0,12.777777777777779,0.0
UNV,2024-06-28 04:35:00,-77.85,40.85,378.0,54.3,53.8,98.19,0.0,0.0,0.0,30.08,,10.0,,CLR,,,,,,,,,,,,,,,54.3,KUNV 280835Z AUTO 00000KT 10SM CLR 12/12 A3008 RMK AO2 T01240121,,0.0,12.388888888888888,0.0
UNV,2024-06-28 04:55:00,-77.85,40.85,378.0,54.0,53.8,99.27,0.0,0.0,0.0,30.1,,10.0,,CLR,,,,,,,,,,,,,,,54.0,KUNV 280855Z AUTO 00000KT 10SM CLR 12/12 A3010 RMK AO2 T01220121,,0.0,12.222222222222221,0.0
UNV,2024-06-28 05:15:00,-77.85,40.85,378.0,53.8,53.8,100.0,0.0,0.0,0.0,30.1,,10.0,,CLR,,,,,,,,,,,,,,,53.8,KUNV 280915Z AUTO 00000KT 10SM CLR 12/12 A3010 RMK AO2 T01210121,,0.0,12.111111111111109,0.0
UNV,2024-06-28 05:35:00,-77.85,40.85,378.0,53.4,53.2,99.27,0.0,0.0,0.0,30.11,,10.0,,CLR,,,,,,,,,,,,,,,53.4,KUNV 280935Z AUTO 00000KT 10SM CLR 12/12 A3011 RMK AO2 T01190118,,0.0,11.88888888888889,0.0
UNV,2024-06-28 05:53:00,-77.85,40.85,378.0,53.6,53.6,100.0,0.0,0.0,0.0,30.11,,10.0,,CLR,,,,,,,,,,,,,,,53.6,KUNV 280953Z 00000KT 10SM CLR 12/12 A3011,,0.0,12.0,0.0
UNV,2024-06-28 06:53:00,-77.85,40.85,378.0,53.6,53.6,100.0,0.0,0.0,0.0,30.13,,10.0,,CLR,,,,,,,,,,,,,,,53.6,KUNV 281053Z 00000KT 10SM CLR 12/12 A3013,,0.0,12.0,0.0
UNV,2024-06-28 07:53:00,-77.85,40.85,378.0,59.0,57.2,93.74,0.0,0.0,0.0,30.15,,10.0,,CLR,,,,,,,,,,,,,,,59.0,KUNV 281153Z 00000KT 10SM CLR 15/14 A3015,,0.0,15.0,0.0
UNV,2024-06-28 08:53:00,-77.85,40.85,378.0,62.6,51.8,67.75,0.0,0.0,0.0,30.15,,10.0,,CLR,,,,,,,,,,,,,,,62.6,KUNV 281253Z 00000KT 10SM CLR 17/11 A3015,,0.0,17.0,0.0
UNV,2024-06-28 09:53:00,-77.85,40.85,378.0,66.2,48.2,52.25,170.0,4.0,0.0,30.16,,10.0,,CLR,,,,,,,,,,,,,,,66.2,KUNV 281353Z 17004KT 10SM CLR 19/09 A3016,,2.057776,19.0,0.0
UNV,2024-06-28 10:53:00,-77.85,40.85,378.0,69.8,48.2,46.16,130.0,5.0,0.0,30.16,,10.0,,CLR,,,,,,,,,,,,,,,69.8,KUNV 281453Z 13005KT 10SM CLR 21/09 A3016,,2.57222,21.0,0.0
UNV,2024-06-28 11:53:00,-77.85,40.85,378.0,71.6,48.2,43.42,180.0,5.0,0.0,30.15,,10.0,,CLR,,,,,,,,,,,,,,,71.6,KUNV 281553Z 18005KT 10SM CLR 22/09 A3015,,2.57222,21.999999999999996,0.0
UNV,2024-06-28 12:53:00,-77.85,40.85,378.0,73.4,50.0,43.69,150.0,10.0,0.0,30.15,,10.0,,CLR,,,,,,,,,,,,,,,73.4,KUNV 281653Z 15010KT 10SM CLR 23/10 A3015,,5.14444,23.000000000000004,0.0
UNV,2024-06-28 13:53:00,-77.85,40.85,378.0,75.2,51.8,43.97,140.0,7.0,0.0,30.12,,10.0,,CLR,,,,,,,,,,,,,,,75.2,KUNV 281753Z 14007KT 10SM CLR 24/11 A3012,,3.601108,24.0,0.0
UNV,2024-06-28 14:53:00,-77.85,40.85,378.0,75.2,53.6,46.98,190.0,10.0,0.0,30.11,,10.0,,CLR,,,,,,,,,,,,,,,75.2,KUNV 281853Z 19010KT 10SM CLR 24/12 A3011,,5.14444,24.0,0.0
UNV,2024-06-28 15:53:00,-77.85,40.85,378.0,77.0,55.4,47.25,200.0,7.0,0.0,30.1,,10.0,,CLR,,,,,,,,,,,,,,,77.0,KUNV 281953Z 20007KT 10SM CLR 25/13 A3010,,3.601108,25.0,0.0
UNV,2024-06-28 16:53:00,-77.85,40.85,378.0,77.0,53.6,44.25,150.0,8.0,0.0,30.09,,10.0,,CLR,,,,,,,,,,,,,,,77.0,KUNV 282053Z 15008KT 10SM CLR 25/12 A3009,,4.115552,25.0,0.0
UNV,2024-06-28 17:53:00,-77.85,40.85,378.0,77.0,55.4,47.25,180.0,15.0,0.0,30.07,,10.0,,CLR,,,,,,,,,,,,,,,77.0,KUNV 282153Z 18015KT 10SM CLR 25/13 A3007,,7.71666,25.0,0.0
UNV,2024-06-28 18:53:00,-77.85,40.85,378.0,77.0,55.4,47.25,180.0,8.0,0.0,30.07,,10.0,,CLR,,,,,,,,,,,,,,,77.0,KUNV 282253Z 18008KT 10SM CLR 25/13 A3007,,4.115552,25.0,0.0
UNV,2024-06-28 19:53:00,-77.85,40.85,378.0,75.2,53.6,46.98,150.0,3.0,0.0,30.08,,10.0,,CLR,,,,,,,,,,,,,,,75.2,KUNV 282353Z 15003KT 10SM CLR 24/12 A3008,,1.543332,24.0,0.0
UNV,2024-06-28 20:53:00,-77.85,40.85,378.0,73.4,55.4,53.29,150.0,3.0,0.0,30.09,,10.0,,CLR,,,,,,,,,,,,,,,73.4,KUNV 290053Z 15003KT 10SM CLR 23/13 A3009,,1.543332,23.000000000000004,0.0
UNV,2024-06-28 21:53:00,-77.85,40.85,378.0,71.6,55.4,56.63,170.0,5.0,0.0,30.1,,10.0,,CLR,,,,,,,,,,,,,,,71.6,KUNV 290153Z 17005KT 10SM CLR 22/13 A3010,,2.57222,21.999999999999996,0.0
UNV,2024-06-28 22:15:00,-77.85,40.85,378.0,71.8,55.4,56.25,160.0,3.0,0.0,30.1,,10.0,,CLR,,,,,,,,,,,,,,,71.8,KUNV 290215Z AUTO 16003KT 10SM CLR 22/13 A3010 RMK AO2 T02210130,,1.543332,22.11111111111111,0.0
UNV,2024-06-28 22:35:00,-77.85,40.85,378.0,72.0,55.8,56.69,160.0,3.0,0.0,30.1,,10.0,,CLR,,,,,,,,,,,,,,,72.0,KUNV 290235Z AUTO 16003KT 10SM CLR 22/13 A3010 RMK AO2 T02220132,,1.543332,22.22222222222222,0.0
UNV,2024-06-28 22:55:00,-77.85,40.85,378.0,72.0,56.5,58.14,160.0,4.0,0.0,30.1,,10.0,,CLR,,,,,,,,,,,,,,,72.0,KUNV 290255Z AUTO 16004KT 10SM CLR 22/14 A3010 RMK AO2 T02220136,,2.057776,22.22222222222222,0.0
UNV,2024-06-28 23:15:00,-77.85,40.85,378.0,71.6,57.0,60.01,170.0,3.0,0.0,30.1,,10.0,,CLR,,,,,,,,,,,,,,,71.6,KUNV 290315Z AUTO 17003KT 10SM CLR 22/14 A3010 RMK AO2 T02200139,,1.543332,21.999999999999996,0.0
UNV,2024-06-28 23:35:00,-77.85,40.85,378.0,71.8,57.6,60.91,170.0,9.0,0.0,30.1,,10.0,,CLR,,,,,,,,,,,,,,,71.8,KUNV 290335Z AUTO 17009KT 10SM CLR 22/14 A3010 RMK AO2 T02210142,,4.629996,22.11111111111111,0.0
UNV,2024-06-28 23:55:00,-77.85,40.85,378.0,71.6,57.7,61.54,180.0,7.0,0.0,30.1,,10.0,,CLR,,,,,,,,,,,,,,,71.6,KUNV 290355Z AUTO 18007KT 10SM CLR 22/14 A3010 RMK AO2 T02200143,,3.601108,21.999999999999996,0.0
UNV,2024-06-29 00:15:00,-77.85,40.85,378.0,71.8,58.3,62.46,200.0,9.0,0.0,30.1,,10.0,,CLR,,,,,,,,,,,,,,,71.8,KUNV 290415Z AUTO 20009KT 10SM CLR 22/15 A3010 RMK AO2 T02210146,,4.629996,22.11111111111111,0.0
UNV,2024-06-29 00:35:00,-77.85,40.85,378.0,71.6,58.6,63.56,190.0,7.0,0.0,30.1,,10.0,,CLR,,,,,,,,,,,,,,,71.6,KUNV 290435Z AUTO 19007KT 10SM CLR 22/15 A3010 RMK AO2 T02200148,,3.601108,21.999999999999996,0.0
UNV,2024-06-29 00:55:00,-77.85,40.85,378.0,71.0,59.0,65.81,180.0,5.0,0.0,30.1,,10.0,,CLR,,,,,,,,,,,,,,,71.0,KUNV 290455Z AUTO 18005KT 10SM CLR 22/15 A3010 RMK AO2 T02170149,,2.57222,21.666666666666668,0.0
UNV,2024-06-29 01:15:00,-77.85,40.85,378.0,71.0,59.0,65.81,200.0,6.0,0.0,30.1,,10.0,,CLR,,,,,,,,,,,,,,,71.0,KUNV 290515Z AUTO 20006KT 10SM CLR 22/15 A3010 RMK AO2 T02160151,,3.086664,21.666666666666668,0.0
UNV,2024-06-29 01:35:00,-77.85,40.85,378.0,70.7,60.0,68.9,180.0,7.0,0.0,30.1,,10.0,,CLR,,,,,,,,,,,,,,,70.7,KUNV 290535Z AUTO 18007KT 10SM CLR 22/16 A3010 RMK AO2 T02150155,,3.601108,21.5,0.0
UNV,2024-06-29 01:55:00,-77.85,40.85,378.0,70.7,60.0,68.9,190.0,6.0,0.0,30.1,,10.0,,BKN,,,,2600.0,,,,,,,,,,,70.7,KUNV 290555Z AUTO 19006KT 10SM BKN026 22/16 A3010 RMK AO2 T02150156 10240 20215,,3.086664,21.5,6.0
UNV,2024-06-29 02:15:00,-77.85,40.85,378.0,71.0,60.8,70.16,190.0,8.0,0.0,30.1,,10.0,,OVC,,,,2400.0,,,,,,,,,,,71.0,KUNV 290615Z AUTO 19008KT 10SM OVC024 22/16 A3010 RMK AO2 T02160160,,4.115552,21.666666666666668,8.0
UNV,2024-06-29 02:35:00,-77.85,40.85,378.0,71.0,61.3,71.42,200.0,7.0,0.0,30.1,,10.0,,OVC,,,,2400.0,,,,,,,,,,,71.0,KUNV 290635Z AUTO 20007KT 10SM OVC024 22/16 A3010 RMK AO2 T02160163,,3.601108,21.666666666666668,8.0
UNV,2024-06-29 02:55:00,-77.85,40.85,378.0,70.7,61.7,73.18,190.0,8.0,0.0,30.1,,10.0,,OVC,,,,2400.0,,,,,,,,,,,70.7,KUNV 290655Z AUTO 19008KT 10SM OVC024 22/17 A3010 RMK AO2 T02150165,,4.115552,21.5,8.0
UNV,2024-06-29 03:15:00,-77.85,40.85,378.0,70.7,62.2,74.48,190.0,5.0,0.0,30.1,,10.0,,OVC,,,,2200.0,,,,,,,,,,,70.7,KUNV 290715Z AUTO 19005KT 10SM OVC022 22/17 A3010 RMK AO2 T02150168,,2.57222,21.5,8.0
UNV,2024-06-29 03:35:00,-77.85,40.85,378.0,70.5,62.6,76.06,200.0,5.0,0.0,30.1,,10.0,,OVC,,,,2200.0,,,,DZ,,,,,,,70.5,KUNV 290735Z AUTO 20005KT 10SM DZ OVC022 21/17 A3010 RMK AO2 T02140170,,2.57222,21.38888888888889,8.0
UNV,2024-06-29 03:55:00,-77.85,40.85,378.0,69.8,63.0,79.0,190.0,6.0,0.0,30.1,,10.0,,OVC,,,,2200.0,,,,-RA,,,,,,,69.8,KUNV 290755Z AUTO 19006KT 10SM -RA OVC022 21/17 A3010 RMK AO2 T02100173,,3.086664,21.0,8.0
UNV,2024-06-29 04:15:00,-77.85,40.85,378.0,69.8,63.5,80.4,190.0,6.0,0.0,30.1,,10.0,,OVC,,,,2000.0,,,,,,,,,,,69.8,KUNV 290815Z AUTO 19006KT 10SM OVC020 21/18 A3010 RMK AO2 T02100175,,3.086664,21.0,8.0
UNV,2024-06-29 04:35:00,-77.85,40.85,378.0,69.8,63.5,80.4,190.0,5.0,0.0,30.09,,10.0,,OVC,,,,2000.0,,,,,,,,,,,69.8,KUNV 290835Z AUTO 19005KT 10SM OVC020 21/18 A3009 RMK AO2 T02100175,,2.57222,21.0,8.0
UNV,2024-06-29 04:55:00,-77.85,40.85,378.0,69.8,63.5,80.4,180.0,3.0,0.0,30.09,,10.0,,OVC,,,,1800.0,,,,,,,,,,,69.8,KUNV 290855Z AUTO 18003KT 10SM OVC018 21/18 A3009 RMK AO2 T02100175,,1.543332,21.0,8.0
UNV,2024-06-29 05:15:00,-77.85,40.85,378.0,68.0,66.4,94.62,200.0,6.0,0.01,30.09,,10.0,,SCT,SCT,OVC,,400.0,900.0,1800.0,,-RA,,,,,,,68.0,KUNV 290915Z AUTO 20006KT 10SM -RA SCT004 SCT009 OVC018 20/19 A3009 RMK AO2 P0001 T02010191,,3.086664,20.0,8.0
UNV,2024-06-29 05:35:00,-77.85,40.85,378.0,68.4,66.7,94.3,190.0,7.0,0.01,30.09,,10.0,,SCT,SCT,OVC,,400.0,1000.0,1800.0,,,,,,,,,68.4,KUNV 290935Z AUTO 19007KT 10SM SCT004 SCT010 OVC018 20/19 A3009 RMK AO2 P0001 T02020193,,3.601108,20.222222222222225,8.0
UNV,2024-06-29 05:53:00,-77.85,40.85,378.0,69.8,66.2,88.34,190.0,6.0,0.0,30.09,,10.0,,OVC,,,,1800.0,,,,,,,,,,,69.8,KUNV 290953Z 19006KT 10SM OVC018 21/19 A3009,,3.086664,21.0,8.0
UNV,2024-06-29 06:53:00,-77.85,40.85,378.0,69.8,66.2,88.34,190.0,6.0,0.0,30.09,,10.0,,OVC,,,,1600.0,,,,,,,,,,,69.8,KUNV 291053Z 19006KT 10SM OVC016 21/19 A3009,,3.086664,21.0,8.0
UNV,2024-06-29 07:53:00,-77.85,40.85,378.0,69.8,66.2,88.34,210.0,10.0,0.0,30.1,,10.0,15.0,OVC,,,,1600.0,,,,,,,,,,,69.8,KUNV 291153Z 21010G15KT 10SM OVC016 21/19 A3010,,5.14444,21.0,8.0
UNV,2024-06-29 08:53:00,-77.85,40.85,378.0,71.6,66.2,83.09,200.0,7.0,0.0,30.09,,10.0,15.0,BKN,OVC,,,1800.0,2200.0,,,,,,,,,,71.6,KUNV 291253Z 20007G15KT 10SM BKN018 OVC022 22/19 A3009,,3.601108,21.999999999999996,8.0
UNV,2024-06-29 09:53:00,-77.85,40.85,378.0,71.6,64.4,78.04,200.0,12.0,0.0,30.08,,10.0,17.0,BKN,BKN,,,1800.0,2400.0,,,,,,,,,,71.6,KUNV 291353Z 20012G17KT 10SM BKN018 BKN024 22/18 A3008,,6.173328,21.999999999999996,6.0
UNV,2024-06-29 10:53:00,-77.85,40.85,378.0,75.2,66.2,73.61,200.0,11.0,0.0,30.07,,10.0,15.0,BKN,,,,2500.0,,,,,,,,,,,75.2,KUNV 291453Z 20011G15KT 10SM BKN025 24/19 A3007,,5.6588840000000005,24.0,6.0
UNV,2024-06-29 11:53:00,-77.85,40.85,378.0,75.2,66.2,73.61,190.0,10.0,0.0,30.07,,10.0,,BKN,,,,2500.0,,,,,,,,,,,75.2,KUNV 291553Z 19010KT 10SM BKN025 24/19 A3007,,5.14444,24.0,6.0
UNV,2024-06-29 12:53:00,-77.85,40.85,378.0,73.4,69.8,88.51,200.0,8.0,0.0,30.06,,6.0,,BKN,,,,2000.0,,,,-RA,,,,,,,73.4,KUNV 291653Z 20008KT 6SM -RA BKN020 23/21 A3006,,4.115552,23.000000000000004,6.0
UNV,2024-06-29 13:53:00,-77.85,40.85,378.0,73.4,73.4,100.0,200.0,3.0,0.0,30.05,,10.0,,BKN,,,,2500.0,,,,-RA,,,,,,,73.4,KUNV 291753Z 20003KT 10SM -RA BKN025 23/23 A3005,,1.543332,23.000000000000004,6.0
UNV,2024-06-29 14:53:00,-77.85,40.85,378.0,78.8,73.4,83.55,200.0,6.0,0.0,30.03,,10.0,,SCT,,,,3000.0,,,,,,,,,,,78.8,KUNV 291853Z 20006KT 10SM SCT030 26/23 A3003,,3.086664,26.0,4.0
UNV,2024-06-29 15:53:00,-77.85,40.85,378.0,73.4,71.6,94.1,290.0,27.0,0.0,30.06,,0.25,35.0,OVC,,,,200.0,,,,+TSRA,,,,,,,73.4,KUNV 291953Z 29027G35KT 1/4SM R24/2000FT +TSRA OVC002 23/22 A3006 RMK TSB47 TS OHD TS MOV NE,,13.889988,23.000000000000004,8.0
UNV,2024-06-29 16:53:00,-77.85,40.85,378.0,71.6,71.6,100.0,180.0,4.0,0.0,30.02,,5.0,,OVC,,,,4000.0,,,,VCTS -RA,,,,,,,71.6,KUNV 292053Z 18004KT 5SM VCTS -RA OVC040 22/22 A3002 RMK TSB1947 TSE2053,,2.057776,21.999999999999996,8.0
UNV,2024-06-29 17:15:00,-77.85,40.85,378.0,71.6,71.6,100.0,200.0,4.0,0.0,30.01,,7.0,,FEW,BKN,,,1200.0,4000.0,,,-RA,,,,,,,71.6,KUNV 292115Z 20004KT 7SM -RA FEW012 BKN040 22/22 A3001,,2.057776,21.999999999999996,6.0
UNV,2024-06-29 17:53:00,-77.85,40.85,378.0,73.4,73.4,100.0,240.0,6.0,0.0,30.02,,10.0,,FEW,BKN,,,1200.0,3500.0,,,,,,,,,,73.4,KUNV 292153Z COR 24006KT 10SM FEW012 BKN035 23/23 A3002,,3.086664,23.000000000000004,6.0
UNV,2024-06-29 18:53:00,-77.85,40.85,378.0,75.2,73.4,94.14,210.0,4.0,0.0,30.02,,10.0,,SCT,,,,5000.0,,,,,,,,,,,75.2,KUNV 292253Z 21004KT 10SM SCT050 24/23 A3002,,2.057776,24.0,4.0
UNV,2024-06-29 19:53:00,-77.85,40.85,378.0,75.2,73.4,94.14,250.0,4.0,0.0,30.02,,10.0,,SCT,,,,5000.0,,,,VCSH,,,,,,,75.2,KUNV 292353Z 25004KT 10SM VCSH SCT050 24/23 A3002,,2.057776,24.0,4.0
UNV,2024-06-29 20:53:00,-77.85,40.85,378.0,73.4,73.4,100.0,0.0,0.0,0.0,30.01,,10.0,,SCT,,,,5000.0,,,,,,,,,,,73.4,KUNV 300053Z 00000KT 10SM SCT050 23/23 A3001,,0.0,23.000000000000004,4.0
UNV,2024-06-29 21:53:00,-77.85,40.85,378.0,71.6,71.6,100.0,0.0,0.0,0.0,30.02,,10.0,,CLR,,,,,,,,,,,,,,,71.6,KUNV 300153Z 00000KT 10SM CLR 22/22 A3002,,0.0,21.999999999999996,0.0
UNV,2024-06-29 22:15:00,-77.85,40.85,378.0,71.6,71.6,100.0,0.0,0.0,0.0,30.02,,10.0,,CLR,,,,,,,,,,,,,,,71.6,KUNV 300215Z AUTO 00000KT 10SM CLR 22/22 A3002 RMK AO2 T02200220,,0.0,21.999999999999996,0.0
UNV,2024-06-29 22:35:00,-77.85,40.85,378.0,71.8,71.8,100.0,0.0,0.0,0.0,30.01,,10.0,,CLR,,,,,,,,,,,,,,,71.8,KUNV 300235Z AUTO 00000KT 10SM CLR 22/22 A3001 RMK AO2 T02210221,,0.0,22.11111111111111,0.0
UNV,2024-06-29 22:55:00,-77.85,40.85,378.0,71.8,71.8,100.0,0.0,0.0,0.0,30.01,,10.0,,SCT,,,,4600.0,,,,,,,,,,,71.8,KUNV 300255Z AUTO 00000KT 10SM SCT046 22/22 A3001 RMK AO2 LTG DSNT S 60001 T02210221,,0.0,22.11111111111111,4.0
UNV,2024-06-29 23:15:00,-77.85,40.85,378.0,71.6,71.6,100.0,0.0,0.0,0.0,30.01,,10.0,,SCT,SCT,SCT,,3900.0,4600.0,6000.0,,,,,,,,,71.6,KUNV 300315Z AUTO 00000KT 10SM SCT039 SCT046 SCT060 22/22 A3001 RMK AO2 T02200220,,0.0,21.999999999999996,4.0
UNV,2024-06-29 23:35:00,-77.85,40.85,378.0,71.6,71.6,100.0,0.0,0.0,0.0,30.01,,10.0,,CLR,,,,,,,,,,,,,,,71.6,KUNV 300335Z AUTO 00000KT 10SM CLR 22/22 A3001 RMK AO2 T02200220,,0.0,21.999999999999996,0.0
UNV,2024-06-29 23:55:00,-77.85,40.85,378.0,71.6,71.6,100.0,250.0,7.0,0.0,30.02,,10.0,,CLR,,,,,,,,,,,,,,,71.6,KUNV 300355Z AUTO 25007KT 10SM CLR 22/22 A3002 RMK AO2 T02200220,,3.601108,21.999999999999996,0.0
