station,valid,lon,lat,elevation,tmpf,dwpf,relh,drct,sknt,p01i,alti,mslp,vsby,gust,skyc1,skyc2,skyc3,skyc4,skyl1,skyl2,skyl3,skyl4,wxcodes,ice_accretion_1hr,ice_accretion_3hr,ice_accretion_6hr,peak_wind_gust,peak_wind_drct,peak_wind_time,feel,metar,snowdepth,wind_speed_ms,tmpc,sky_oktas
UNV,2024-04-15 00:15:00,-77.85,40.85,378.0,56.5,56.5,100.0,210.0,6.0,0.01,29.76,,10.0,,BKN,BKN,OVC,,6000.0,7000.0,12000.0,,-VCTSRA,,,,,,,56.5,KUNV 150415Z AUTO 21006KT 10SM -VCTSRA BKN060 BKN070 OVC120 14/14 A2976 RMK AO2 LTG DSNT E AND W P0001 T01360136,,3.086664,13.61111111111111,8
UNV,2024-04-15 00:35:00,-77.85,40.85,378.0,56.3,56.3,100.0,210.0,7.0,0.01,29.75,,10.0,,SCT,SCT,BKN,,6000.0,7000.0,12000.0,,,,,,,,,56.3,KUNV 150435Z AUTO 21007KT 10SM SCT060 SCT070 BKN120 14/14 A2975 RMK AO2 LTG DSNT SW AND W P0001 T01350135,,3.601108,13.499999999999998,6
UNV,2024-04-15 00:55:00,-77.85,40.85,378.0,56.0,56.0,100.0,280.0,4.0,0.01,29.76,,10.0,,SCT,SCT,,,9000.0,12000.0,,,,,,,,,,56.0,KUNV 150455Z AUTO 28004KT 10SM SCT090 SCT120 13/13 A2976 RMK AO2 LTG DSNT E AND SW P0001 T01330133,,2.057776,13.333333333333334,4
UNV,2024-04-15 01:15:00,-77.85,40.85,378.0,55.4,55.4,100.0,290.0,3.0,0.0,29.76,,10.0,,SCT,SCT,,,9000.0,11000.0,,,,,,,,,,55.4,KUNV 150515Z AUTO 29003KT 10SM SCT090 SCT110 13/13 A2976 RMK AO2 LTG DSNT S AND SW T01300130,,1.543332,13.0,4
UNV,2024-04-15 01:35:00,-77.85,40.85,378.0,56.0,55.8,99.28,260.0,6.0,0.0,29.76,,10.0,,BKN,BKN,,,8000.0,11000.0,,,,,,,,,,56.0,KUNV 150535Z AUTO 26006KT 10SM BKN080 BKN110 13/13 A2976 RMK AO2 LTG DSNT S THRU W T01330132,,3.086664,13.333333333333334,6
UNV,2024-04-15 01:55:00,-77.85,40.85,378.0,56.0,56.0,100.0,230.0,4.0,0.0,29.76,,10.0,,SCT,OVC,,,8000.0,11000.0,,,,,,,,,,56.0,KUNV 150555Z AUTO 23004KT 10SM SCT080 OVC110 13/13 A2976 RMK AO2 LTG DSNT W 60025 T01340134 10155 20130,,2.057776,13.333333333333334,8
UNV,2024-04-15 02:15:00,-77.85,40.85,378.0,55.2,55.2,100.0,220.0,5.0,0.0,29.76,,10.0,,SCT,OVC,,,9000.0,11000.0,,,,,,,,,,55.2,KUNV 150615Z AUTO 22005KT 10SM SCT090 OVC110 13/13 A2976 RMK AO2 LTG DSNT S AND W T01290129,,2.57222,12.888888888888891,8
UNV,2024-04-15 02:35:00,-77.85,40.85,378.0,55.0,55.0,100.0,0.0,0.0,0.0,29.76,,4.0,,SCT,BKN,,,9000.0,11000.0,,,BR,,,,,,,55.0,KUNV 150635Z AUTO 00000KT 4SM BR SCT090 BKN110 13/13 A2976 RMK AO2 LTG DSNT S AND SW T01270127,,0.0,12.777777777777779,6
UNV,2024-04-15 02:55:00,-77.85,40.85,378.0,54.0,54.0,100.0,190.0,5.0,0.0,29.77,,10.0,,SCT,BKN,,,9500.0,11000.0,,,,,,,,,,54.0,KUNV 150655Z AUTO 19005KT 10SM SCT095 BKN110 12/12 A2977 RMK AO2 LTG DSNT SW T01230123,,2.57222,12.222222222222221,6
UNV,2024-04-15 03:15:00,-77.85,40.85,378.0,55.6,55.4,99.28,210.0,3.0,0.0,29.77,,10.0,,SCT,OVC,,,8000.0,9500.0,,,,,,,,,,55.6,KUNV 150715Z AUTO 21003KT 10SM SCT080 OVC095 13/13 A2977 RMK AO2 LTG DSNT S AND SW T01310130,,1.543332,13.11111111111111,8
UNV,2024-04-15 03:35:00,-77.85,40.85,378.0,55.4,55.4,100.0,0.0,0.0,0.0,29.78,,10.0,,BKN,,,,9500.0,,,,,,,,,,,55.4,KUNV 150735Z AUTO 00000KT 10SM BKN095 13/13 A2978 RMK AO2 LTG DSNT SW T01300130,,0.0,13.0,6
UNV,2024-04-15 03:55:00,-77.85,40.85,378.0,56.0,56.0,100.0,230.0,3.0,0.0,29.78,,10.0,,BKN,,,,9500.0,,,,,,,,,,,56.0,KUNV 150755Z AUTO 23003KT 10SM BKN095 13/13 A2978 RMK AO2 LTG DSNT SW T01330133,,1.543332,13.333333333333334,6
UNV,2024-04-15 04:15:00,-77.85,40.85,378.0,55.0,55.0,100.0,230.0,3.0,0.0,29.78,,10.0,,SCT,SCT,BKN,,7500.0,8000.0,11000.0,,,,,,,,,55.0,KUNV 150815Z AUTO 23003KT 10SM SCT075 SCT080 BKN110 13/13 A2978 RMK AO2 T01280128,,1.543332,12.777777777777779,6
UNV,2024-04-15 04:35:00,-77.85,40.85,378.0,54.0,53.8,99.27,200.0,3.0,0.0,29.79,,1.75,,SCT,SCT,BKN,,6500.0,8000.0,10000.0,,BR,,,,,,,54.0,KUNV 150835Z AUTO 20003KT 1 3/4SM BR SCT065 SCT080 BKN100 12/12 A2979 RMK AO2 VIS 1V5 T01220121,,1.543332,12.222222222222221,6
UNV,2024-04-15 04:55:00,-77.85,40.85,378.0,53.8,53.8,100.0,250.0,4.0,0.0,29.8,,10.0,,CLR,,,,,,,,,,,,,,,53.8,KUNV 150855Z AUTO 25004KT 10SM CLR 12/12 A2980 RMK AO2 T01210121,,2.057776,12.111111111111109,0
UNV,2024-04-15 05:15:00,-77.85,40.85,378.0,52.0,52.0,100.0,0.0,0.0,0.0,29.8,,10.0,,CLR,,,,,,,,,,,,,,,52.0,KUNV 150915Z AUTO 00000KT 10SM CLR 11/11 A2980 RMK AO2 T01110111,,0.0,11.11111111111111,0
UNV,2024-04-15 05:35:00,-77.85,40.85,378.0,51.8,51.8,100.0,210.0,3.0,0.0,29.8,,1.0,,VV ,,,,700.0,,,,BR,,,,,,,51.8,KUNV 150935Z AUTO 21003KT 1SM BR VV007 11/11 A2980 RMK AO2 T01100110,,1.543332,10.999999999999998,-1
UNV,2024-04-15 05:53:00,-77.85,40.85,378.0,51.8,51.8,100.0,200.0,5.0,0.0,29.81,,10.0,,CLR,,,,,,,,,,,,,,,51.8,KUNV 150953Z 20005KT 10SM CLR 11/11 A2981,,2.57222,10.999999999999998,0
UNV,2024-04-15 06:53:00,-77.85,40.85,378.0,51.8,51.8,100.0,0.0,0.0,0.0,29.83,,10.0,,FEW,,,,500.0,,,,,,,,,,,51.8,KUNV 151053Z 00000KT 10SM FEW005 11/11 A2983,,0.0,10.999999999999998,2
UNV,2024-04-15 07:53:00,-77.85,40.85,378.0,55.4,55.4,100.0,0.0,0.0,0.0,29.86,,10.0,,SCT,,,,10000.0,,,,,,,,,,,55.4,KUNV 151153Z 00000KT 10SM SCT100 13/13 A2986,,0.0,13.0,4
UNV,2024-04-15 08:53:00,-77.85,40.85,378.0,60.8,55.4,82.37,230.0,5.0,0.0,29.89,,10.0,,SCT,,,,11000.0,,,,,,,,,,,60.8,KUNV 151253Z 23005KT 10SM SCT110 16/13 A2989,,2.57222,16.0,4
UNV,2024-04-15 09:53:00,-77.85,40.85,378.0,62.6,51.8,67.75,0.0,0.0,0.0,29.89,,10.0,,SCT,,,,11000.0,,,,,,,,,,,62.6,KUNV 151353Z 00000KT 10SM SCT110 17/11 A2989,,0.0,17.0,4
UNV,2024-04-15 10:53:00,-77.85,40.85,378.0,66.2,53.6,63.82,,3.0,0.0,29.9,,10.0,,SCT,SCT,,,3500.0,11000.0,,,,,,,,,,66.2,KUNV 151453Z VRB03KT 10SM SCT035 SCT110 19/12 A2990,,1.543332,19.0,4
UNV,2024-04-15 11:53:00,-77.85,40.85,378.0,69.8,46.4,43.13,330.0,7.0,0.0,29.89,,10.0,,SCT,,,,3500.0,,,,,,,,,,,69.8,KUNV 151553Z 33007KT 10SM SCT035 21/08 A2989,,3.601108,21.0,4
UNV,2024-04-15 12:53:00,-77.85,40.85,378.0,69.8,48.2,46.16,340.0,8.0,0.0,29.89,,10.0,,SCT,,,,5000.0,,,,,,,,,,,69.8,KUNV 151653Z 34008KT 300V360 10SM SCT050 21/09 A2989,,4.115552,21.0,4
UNV,2024-04-15 13:53:00,-77.85,40.85,378.0,69.8,48.2,46.16,280.0,8.0,0.0,29.89,,10.0,15.0,SCT,,,,10000.0,,,,,,,,,,,69.8,KUNV 151753Z 28008G15KT 10SM SCT100 21/09 A2989,,4.115552,21.0,4
UNV,2024-04-15 14:53:00,-77.85,40.85,378.0,71.6,46.4,40.57,290.0,10.0,0.0,29.88,,10.0,16.0,SCT,,,,8500.0,,,,,,,,,,,71.6,KUNV 151853Z 29010G16KT 10SM SCT085 22/08 A2988,,5.14444,21.999999999999996,4
UNV,2024-04-15 15:53:00,-77.85,40.85,378.0,73.4,44.6,35.66,280.0,13.0,0.0,29.87,,10.0,,SCT,,,,9000.0,,,,,,,,,,,73.4,KUNV 151953Z 28013KT 10SM SCT090 23/07 A2987,,6.687772,23.000000000000004,4
UNV,2024-04-15 16:53:00,-77.85,40.85,378.0,73.4,41.0,31.05,290.0,17.0,0.0,29.89,,10.0,23.0,SCT,,,,9000.0,,,,,,,,,,,73.4,KUNV 152053Z 29017G23KT 10SM SCT090 23/05 A2989,,8.745548,23.000000000000004,4
UNV,2024-04-15 17:53:00,-77.85,40.85,378.0,71.6,37.4,28.68,210.0,12.0,0.0,29.9,,10.0,18.0,SCT,,,,9000.0,,,,,,,,,,,71.6,KUNV 152153Z 21012G18KT 10SM SCT090 22/03 A2990,,6.173328,21.999999999999996,4
UNV,2024-04-15 18:53:00,-77.85,40.85,378.0,69.8,33.8,26.43,330.0,9.0,0.0,29.91,,10.0,15.0,CLR,,,,,,,,,,,,,,,69.8,KUNV 152253Z 33009G15KT 10SM CLR 21/01 A2991,,4.629996,21.0,0
UNV,2024-04-15 19:53:00,-77.85,40.85,378.0,66.2,30.2,25.88,330.0,7.0,0.0,29.93,,10.0,15.0,CLR,,,,,,,,,,,,,,,66.2,KUNV 152353Z 33007G15KT 10SM CLR 19/M01 A2993,,3.601108,19.0,0
UNV,2024-04-15 20:53:00,-77.85,40.85,378.0,64.4,30.2,27.55,320.0,8.0,0.0,29.97,,10.0,16.0,CLR,,,,,,,,,,,,,,,64.4,KUNV 160053Z 32008G16KT 10SM CLR 18/M01 A2997,,4.115552,18.000000000000004,0
UNV,2024-04-15 21:53:00,-77.85,40.85,378.0,60.8,28.4,29.06,330.0,13.0,0.0,30.02,,10.0,19.0,CLR,,,,,,,,,,,,,,,60.8,KUNV 160153Z 33013G19KT 10SM CLR 16/M02 A3002,,6.687772,16.0,0
UNV,2024-04-15 22:15:00,-77.85,40.85,378.0,58.3,27.0,29.99,340.0,10.0,0.0,30.04,,10.0,18.0,CLR,,,,,,,,,,,,,,,58.3,KUNV 160215Z AUTO 34010G18KT 10SM CLR 15/M03 A3004 RMK AO2 T01461028,,5.14444,14.61111111111111,0
UNV,2024-04-15 22:35:00,-77.85,40.85,378.0,57.0,28.0,32.75,340.0,11.0,0.0,30.05,,10.0,,CLR,,,,,,,,,,,,,,,57.0,KUNV 160235Z AUTO 34011KT 10SM CLR 14/M02 A3005 RMK AO2 T01381022,,5.6588840000000005,13.88888888888889,0
UNV,2024-04-15 22:55:00,-77.85,40.85,378.0,55.8,28.8,35.34,350.0,9.0,0.0,30.06,,10.0,,CLR,,,,,,,,,,,,,,,55.8,KUNV 160255Z AUTO 35009KT 320V020 10SM CLR 13/M02 A3006 RMK AO2 T01321018,,4.629996,13.222222222222221,0
UNV,2024-04-15 23:15:00,-77.85,40.85,378.0,54.3,29.0,37.63,10.0,5.0,0.0,30.07,,10.0,,CLR,,,,,,,,,,,,,,,54.3,KUNV 160315Z AUTO 01005KT 10SM CLR 12/M02 A3007 RMK AO2 T01241016,,2.57222,12.388888888888888,0
UNV,2024-04-15 23:35:00,-77.85,40.85,378.0,53.0,29.3,39.95,360.0,4.0,0.0,30.07,,10.0,,SCT,,,,11000.0,,,,,,,,,,,53.0,KUNV 160335Z AUTO 36004KT 10SM SCT110 12/M01 A3007 RMK AO2 T01171015,,2.057776,11.666666666666666,4
UNV,2024-04-15 23:55:00,-77.85,40.85,378.0,53.2,29.3,39.66,10.0,3.0,0.0,30.07,,10.0,,CLR,,,,,,,,,,,,,,,53.2,KUNV 160355Z AUTO 01003KT 10SM CLR 12/M01 A3007 RMK AO2 T01181015,,1.543332,11.777777777777779,0
UNV,2024-04-16 00:15:00,-77.85,40.85,378.0,53.0,29.0,39.47,0.0,0.0,0.0,30.07,,10.0,,CLR,,,,,,,,,,,,,,,53.0,KUNV 160415Z AUTO 00000KT 10SM CLR 12/M02 A3007 RMK AO2 T01161017,,0.0,11.666666666666666,0
UNV,2024-04-16 00:35:00,-77.85,40.85,378.0,53.0,28.8,39.15,0.0,0.0,0.0,30.07,,10.0,,CLR,,,,,,,,,,,,,,,53.0,KUNV 160435Z AUTO 00000KT 10SM CLR 12/M02 A3007 RMK AO2 T01171018,,0.0,11.666666666666666,0
UNV,2024-04-16 00:55:00,-77.85,40.85,378.0,50.7,29.0,42.96,0.0,0.0,0.0,30.08,,10.0,,CLR,,,,,,,,,,,,,,,50.7,KUNV 160455Z AUTO 00000KT 10SM CLR 10/M02 A3008 RMK AO2 T01041017,,0.0,10.388888888888891,0
UNV,2024-04-16 01:15:00,-77.85,40.85,378.0,52.7,29.0,39.91,0.0,0.0,0.0,30.09,,10.0,,CLR,,,,,,,,,,,,,,,52.7,KUNV 160515Z AUTO 00000KT 10SM CLR 12/M02 A3009 RMK AO2 T01151017,,0.0,11.500000000000002,0
UNV,2024-04-16 01:35:00,-77.85,40.85,378.0,50.4,30.6,46.37,0.0,0.0,0.0,30.09,,10.0,,CLR,,,,,,,,,,,,,,,50.4,KUNV 160535Z AUTO 00000KT 10SM CLR 10/M01 A3009 RMK AO2 T01021008,,0.0,10.222222222222221,0
UNV,2024-04-16 01:55:00,-77.85,40.85,378.0,50.0,30.2,46.31,280.0,3.0,0.0,30.09,,10.0,,CLR,,,,,,,,,,,,,,,50.0,KUNV 160555Z AUTO 28003KT 10SM CLR 10/M01 A3009 RMK AO2 T01011010 10189 20100,,1.543332,10.0,0
UNV,2024-04-16 02:15:00,-77.85,40.85,378.0,46.6,29.5,51.12,0.0,0.0,0.0,30.1,,10.0,,CLR,,,,,,,,,,,,,,,46.6,KUNV 160615Z AUTO 00000KT 10SM CLR 08/M01 A3010 RMK AO2 T00811014,,0.0,8.11111111111111,0
UNV,2024-04-16 02:35:00,-77.85,40.85,378.0,47.3,29.3,49.38,0.0,0.0,0.0,30.1,,10.0,,CLR,,,,,,,,,,,,,,,47.3,KUNV 160635Z AUTO 00000KT 10SM CLR 09/M01 A3010 RMK AO2 T00851015,,0.0,8.499999999999998,0
UNV,2024-04-16 02:55:00,-77.85,40.85,378.0,47.7,29.0,48.05,0.0,0.0,0.0,30.11,,10.0,,CLR,,,,,,,,,,,,,,,47.7,KUNV 160655Z AUTO 00000KT 10SM CLR 09/M02 A3011 RMK AO2 T00871017,,0.0,8.722222222222223,0
UNV,2024-04-16 03:15:00,-77.85,40.85,378.0,45.7,29.5,52.89,0.0,0.0,0.0,30.11,,10.0,,CLR,,,,,,,,,,,,,,,45.7,KUNV 160715Z AUTO 00000KT 10SM CLR 08/M01 A3011 RMK AO2 T00761014,,0.0,7.6111111111111125,0
UNV,2024-04-16 03:35:00,-77.85,40.85,378.0,46.0,30.7,54.91,0.0,0.0,0.0,30.11,,10.0,,CLR,,,,,,,,,,,,,,,46.0,KUNV 160735Z AUTO 00000KT 10SM CLR 08/M01 A3011 RMK AO2 T00771007,,0.0,7.777777777777778,0
UNV,2024-04-16 03:55:00,-77.85,40.85,378.0,45.7,30.0,53.98,0.0,0.0,0.0,30.11,,10.0,,CLR,,,,,,,,,,,,,,,45.7,KUNV 160755Z AUTO 00000KT 10SM CLR 08/M01 A3011 RMK AO2 T00761012,,0.0,7.6111111111111125,0
UNV,2024-04-16 04:15:00,-77.85,40.85,378.0,43.0,30.0,59.83,0.0,0.0,0.0,30.11,,10.0,,CLR,,,,,,,,,,,,,,,43.0,KUNV 160815Z AUTO 00000KT 10SM CLR 06/M01 A3011 RMK AO2 T00621012,,0.0,6.111111111111111,0
UNV,2024-04-16 04:35:00,-77.85,40.85,378.0,44.6,31.0,58.62,0.0,0.0,0.0,30.12,,10.0,,CLR,,,,,,,,,,,,,,,44.6,KUNV 160835Z AUTO 00000KT 10SM CLR 07/M01 A3012 RMK AO2 T00701006,,0.0,7.000000000000001,0
UNV,2024-04-16 04:55:00,-77.85,40.85,378.0,44.0,31.0,59.97,0.0,0.0,0.0,30.12,,10.0,,CLR,,,,,,,,,,,,,,,44.0,KUNV 160855Z AUTO 00000KT 10SM CLR 07/00 A3012 RMK AO2 T00661005,,0.0,6.666666666666667,0
UNV,2024-04-16 05:15:00,-77.85,40.85,378.0,43.3,31.3,62.35,0.0,0.0,0.0,30.13,,10.0,,CLR,,,,,,,,,,,,,,,43.3,KUNV 160915Z AUTO 00000KT 10SM CLR 06/00 A3013 RMK AO2 T00631004,,0.0,6.277777777777776,0
UNV,2024-04-16 05:35:00,-77.85,40.85,378.0,42.8,31.5,64.08,0.0,0.0,0.0,30.14,,10.0,,CLR,,,,,,,,,,,,,,,42.8,KUNV 160935Z AUTO 00000KT 10SM CLR 06/00 A3014 RMK AO2 T00601003,,0.0,5.999999999999998,0
UNV,2024-04-16 05:53:00,-77.85,40.85,378.0,42.8,32.0,65.38,0.0,0.0,0.0,30.15,,10.0,,CLR,,,,,,,,,,,,,,,42.8,KUNV 160953Z 00000KT 10SM CLR 06/00 A3015,,0.0,5.999999999999998,0
UNV,2024-04-16 06:53:00,-77.85,40.85,378.0,41.0,32.0,70.08,0.0,0.0,0.0,30.16,,10.0,,CLR,,,,,,,,,,,,,,,41.0,KUNV 161053Z 00000KT 10SM CLR 05/00 A3016,,0.0,5.0,0
UNV,2024-04-16 07:53:00,-77.85,40.85,378.0,44.6,33.8,65.61,0.0,0.0,0.0,30.19,,10.0,,CLR,,,,,,,,,,,,,,,44.6,KUNV 161153Z 00000KT 10SM CLR 07/01 A3019,,0.0,7.000000000000001,0
UNV,2024-04-16 08:53:00,-77.85,40.85,378.0,50.0,33.8,53.54,0.0,0.0,0.0,30.2,,10.0,,CLR,,,,,,,,,,,,,,,50.0,KUNV 161253Z 00000KT 10SM CLR 10/01 A3020,,0.0,10.0,0
UNV,2024-04-16 09:53:00,-77.85,40.85,378.0,55.4,33.8,43.9,0.0,0.0,0.0,30.2,,10.0,,CLR,,,,,,,,,,,,,,,55.4,KUNV 161353Z 00000KT 10SM CLR 13/01 A3020,,0.0,13.0,0
UNV,2024-04-16 10:53:00,-77.85,40.85,378.0,59.0,32.0,35.87,200.0,4.0,0.0,30.2,,10.0,,CLR,,,,,,,,,,,,,,,59.0,KUNV 161453Z 20004KT 10SM CLR 15/00 A3020,,2.057776,15.0,0
UNV,2024-04-16 11:53:00,-77.85,40.85,378.0,62.6,33.8,33.93,170.0,5.0,0.0,30.18,,10.0,,CLR,,,,,,,,,,,,,,,62.6,KUNV 161553Z 17005KT 10SM CLR 17/01 A3018,,2.57222,17.0,0
UNV,2024-04-16 12:53:00,-77.85,40.85,378.0,64.4,35.6,34.22,0.0,0.0,0.0,30.16,,10.0,,CLR,,,,,,,,,,,,,,,64.4,KUNV 161653Z 00000KT 10SM CLR 18/02 A3016,,0.0,18.000000000000004,0
UNV,2024-04-16 13:53:00,-77.85,40.85,378.0,68.0,33.8,28.11,0.0,0.0,0.0,30.15,,10.0,,CLR,,,,,,,,,,,,,,,68.0,KUNV 161753Z 00000KT 10SM CLR 20/01 A3015,,0.0,20.0,0
UNV,2024-04-16 14:53:00,-77.85,40.85,378.0,69.8,37.4,30.49,,3.0,0.0,30.13,,10.0,,CLR,,,,,,,,,,,,,,,69.8,KUNV 161853Z VRB03KT 10SM CLR 21/03 A3013,,1.543332,21.0,0
UNV,2024-04-16 15:53:00,-77.85,40.85,378.0,71.6,35.6,26.71,230.0,3.0,0.0,30.11,,10.0,,CLR,,,,,,,,,,,,,,,71.6,KUNV 161953Z 23003KT 10SM CLR 22/02 A3011,,1.543332,21.999999999999996,0
UNV,2024-04-16 16:53:00,-77.85,40.85,378.0,73.4,35.6,25.13,0.0,0.0,0.0,30.09,,10.0,,CLR,,,,,,,,,,,,,,,73.4,KUNV 162053Z 00000KT 10SM CLR 23/02 A3009,,0.0,23.000000000000004,0
UNV,2024-04-16 17:53:00,-77.85,40.85,378.0,73.4,35.6,25.13,0.0,0.0,0.0,30.07,,10.0,,CLR,,,,,,,,,,,,,,,73.4,KUNV 162153Z 00000KT 10SM CLR 23/02 A3007,,0.0,23.000000000000004,0
UNV,2024-04-16 18:53:00,-77.85,40.85,378.0,73.4,30.2,20.23,0.0,0.0,0.0,30.07,,10.0,,CLR,,,,,,,,,,,,,,,73.4,KUNV 162253Z 00000KT 10SM CLR 23/M01 A3007,,0.0,23.000000000000004,0
UNV,2024-04-16 19:53:00,-77.85,40.85,378.0,69.8,32.0,24.59,0.0,0.0,0.0,30.08,,10.0,,CLR,,,,,,,,,,,,,,,69.8,KUNV 162353Z 00000KT 10SM CLR 21/00 A3008,,0.0,21.0,0
UNV,2024-04-16 20:53:00,-77.85,40.85,378.0,68.0,33.8,28.11,0.0,0.0,0.0,30.1,,10.0,,CLR,,,,,,,,,,,,,,,68.0,KUNV 170053Z 00000KT 10SM CLR 20/01 A3010,,0.0,20.0,0
UNV,2024-04-16 21:53:00,-77.85,40.85,378.0,62.6,35.6,36.45,220.0,3.0,0.0,30.12,,10.0,,CLR,,,,,,,,,,,,,,,62.6,KUNV 170153Z 22003KT 10SM CLR 17/02 A3012,,1.543332,17.0,0
UNV,2024-04-16 22:15:00,-77.85,40.85,378.0,61.3,37.0,40.34,0.0,0.0,0.0,30.12,,10.0,,CLR,,,,,,,,,,,,,,,61.3,KUNV 170215Z AUTO 00000KT 10SM CLR 16/03 A3012 RMK AO2 LTG DSNT W T01630028,,0.0,16.27777777777778,0
UNV,2024-04-16 22:35:00,-77.85,40.85,378.0,61.7,36.7,39.3,0.0,0.0,0.0,30.11,,10.0,,CLR,,,,,,,,,,,,,,,61.7,KUNV 170235Z AUTO 00000KT 10SM CLR 17/03 A3011 RMK AO2 T01650026,,0.0,16.5,0
UNV,2024-04-16 22:55:00,-77.85,40.85,378.0,61.0,36.5,39.97,0.0,0.0,0.0,30.11,,10.0,,CLR,,,,,,,,,,,,,,,61.0,KUNV 170255Z AUTO 00000KT 10SM CLR 16/03 A3011 RMK AO2 T01610025,,0.0,16.11111111111111,0
UNV,2024-04-16 23:15:00,-77.85,40.85,378.0,60.0,34.7,38.56,80.0,3.0,0.0,30.1,,10.0,,CLR,,,,,,,,,,,,,,,60.0,KUNV 170315Z AUTO 08003KT 10SM CLR 16/02 A3010 RMK AO2 T01560015,,1.543332,15.555555555555555,0
UNV,2024-04-16 23:35:00,-77.85,40.85,378.0,60.4,35.8,39.72,30.0,5.0,0.0,30.1,,10.0,,CLR,,,,,,,,,,,,,,,60.4,KUNV 170335Z AUTO 03005KT 10SM CLR 16/02 A3010 RMK AO2 T01580021,,2.57222,15.777777777777779,0
UNV,2024-04-16 23:55:00,-77.85,40.85,378.0,57.7,37.4,46.6,30.0,6.0,0.0,30.1,,10.0,,CLR,,,,,,,,,,,,,,,57.7,KUNV 170355Z AUTO 03006KT 10SM CLR 14/03 A3010 RMK AO2 T01430030,,3.086664,14.277777777777779,0
UNV,2024-04-17 00:15:00,-77.85,40.85,378.0,57.0,37.0,47.04,10.0,4.0,0.0,30.09,,10.0,,CLR,,,,,,,,,,,,,,,57.0,KUNV 170415Z AUTO 01004KT 10SM CLR 14/03 A3009 RMK AO2 T01390028,,2.057776,13.88888888888889,0
UNV,2024-04-17 00:35:00,-77.85,40.85,378.0,56.7,37.0,47.55,40.0,5.0,0.0,30.09,,10.0,,CLR,,,,,,,,,,,,,,,56.7,KUNV 170435Z AUTO 04005KT 10SM CLR 14/03 A3009 RMK AO2 T01370027,,2.57222,13.722222222222223,0
UNV,2024-04-17 00:55:00,-77.85,40.85,378.0,55.0,37.0,50.58,0.0,0.0,0.0,30.1,,10.0,,CLR,,,,,,,,,,,,,,,55.0,KUNV 170455Z AUTO 00000KT 10SM CLR 13/03 A3010 RMK AO2 T01280027,,0.0,12.777777777777779,0
UNV,2024-04-17 01:15:00,-77.85,40.85,378.0,54.3,36.5,50.87,20.0,7.0,0.0,30.09,,10.0,,CLR,,,,,,,,,,,,,,,54.3,KUNV 170515Z AUTO 02007KT 10SM CLR 12/03 A3009 RMK AO2 T01240025,,3.601108,12.388888888888888,0
UNV,2024-04-17 01:35:00,-77.85,40.85,378.0,53.8,36.0,50.79,20.0,4.0,0.0,30.1,,10.0,,CLR,,,,,,,,,,,,,,,53.8,KUNV 170535Z AUTO 02004KT 10SM CLR 12/02 A3010 RMK AO2 T01210022,,2.057776,12.111111111111109,0
UNV,2024-04-17 01:55:00,-77.85,40.85,378.0,53.2,36.0,51.92,40.0,6.0,0.0,30.1,,10.0,,CLR,,,,,,,,,,,,,,,53.2,KUNV 170555Z AUTO 04006KT 10SM CLR 12/02 A3010 RMK AO2 LTG DSNT SW T01180022 10208 20118,,3.086664,11.777777777777779,0
UNV,2024-04-17 02:15:00,-77.85,40.85,378.0,52.5,36.5,54.34,50.0,3.0,0.0,30.08,,10.0,,CLR,,,,,,,,,,,,,,,52.5,KUNV 170615Z AUTO 05003KT 10SM CLR 11/03 A3008 RMK AO2 T01140025,,1.543332,11.38888888888889,0
UNV,2024-04-17 02:35:00,-77.85,40.85,378.0,50.0,38.0,63.23,0.0,0.0,0.0,30.09,,10.0,,CLR,,,,,,,,,,,,,,,50.0,KUNV 170635Z AUTO 00000KT 10SM CLR 10/03 A3009 RMK AO2 T01010033,,0.0,10.0,0
UNV,2024-04-17 02:55:00,-77.85,40.85,378.0,52.7,36.7,54.37,40.0,4.0,0.0,30.07,,10.0,,CLR,,,,,,,,,,,,,,,52.7,KUNV 170655Z AUTO 04004KT 10SM CLR 12/03 A3007 RMK AO2 T01150026,,2.057776,11.500000000000002,0
UNV,2024-04-17 03:15:00,-77.85,40.85,378.0,52.5,35.8,52.85,20.0,3.0,0.0,30.07,,10.0,,CLR,,,,,,,,,,,,,,,52.5,KUNV 170715Z AUTO 02003KT 10SM CLR 11/02 A3007 RMK AO2 T01140021,,1.543332,11.38888888888889,0
UNV,2024-04-17 03:35:00,-77.85,40.85,378.0,52.7,35.6,52.05,30.0,4.0,0.0,30.07,,10.0,,CLR,,,,,,,,,,,,,,,52.7,KUNV 170735Z AUTO 03004KT 10SM CLR 12/02 A3007 RMK AO2 T01150020,,2.057776,11.500000000000002,0
UNV,2024-04-17 03:55:00,-77.85,40.85,378.0,51.8,35.6,53.81,40.0,4.0,0.0,30.07,,10.0,,CLR,,,,,,,,,,,,,,,51.8,KUNV 170755Z AUTO 04004KT 10SM CLR 11/02 A3007 RMK AO2 T01100020,,2.057776,10.999999999999998,0
UNV,2024-04-17 04:15:00,-77.85,40.85,378.0,51.0,35.8,55.86,30.0,5.0,0.0,30.07,,10.0,,CLR,,,,,,,,,,,,,,,51.0,KUNV 170815Z AUTO 03005KT 10SM CLR 11/02 A3007 RMK AO2 T01060021,,2.57222,10.555555555555555,0
UNV,2024-04-17 04:35:00,-77.85,40.85,378.0,50.5,35.6,56.46,0.0,0.0,0.0,30.07,,10.0,,CLR,,,,,,,,,,,,,,,50.5,KUNV 170835Z AUTO 00000KT 10SM CLR 10/02 A3007 RMK AO2 T01030020,,0.0,10.277777777777779,0
UNV,2024-04-17 04:55:00,-77.85,40.85,378.0,49.3,36.0,59.98,0.0,0.0,0.0,30.07,,10.0,,CLR,,,,,,,,,,,,,,,49.3,KUNV 170855Z AUTO 00000KT 10SM CLR 10/02 A3007 RMK AO2 T00960023,,0.0,9.611111111111109,0
UNV,2024-04-17 05:15:00,-77.85,40.85,378.0,50.0,35.6,57.52,40.0,4.0,0.0,30.06,,10.0,,SCT,,,,11000.0,,,,,,,,,,,50.0,KUNV 170915Z AUTO 04004KT 10SM SCT110 10/02 A3006 RMK AO2 T01010020,,2.057776,10.0,4
UNV,2024-04-17 05:35:00,-77.85,40.85,378.0,50.7,35.0,54.72,0.0,0.0,0.0,30.06,,10.0,,SCT,,,,11000.0,,,,,,,,,,,50.7,KUNV 170935Z AUTO 00000KT 10SM SCT110 10/02 A3006 RMK AO2 T01040017,,0.0,10.388888888888891,4
UNV,2024-04-17 05:53:00,-77.85,40.85,378.0,50.0,35.6,57.52,0.0,0.0,0.0,30.06,,10.0,,SCT,,,,11000.0,,,,,,,,,,,50.0,KUNV 170953Z 00000KT 10SM SCT110 10/02 A3006,,0.0,10.0,4
UNV,2024-04-17 06:53:00,-77.85,40.85,378.0,48.2,37.4,66.05,0.0,0.0,0.0,30.05,,10.0,,SCT,,,,11000.0,,,,,,,,,,,48.2,KUNV 171053Z 00000KT 10SM SCT110 09/03 A3005,,0.0,9.000000000000002,4
UNV,2024-04-17 07:53:00,-77.85,40.85,378.0,50.0,37.4,61.76,0.0,0.0,0.0,30.06,,10.0,,BKN,,,,10000.0,,,,,,,,,,,50.0,KUNV 171153Z 00000KT 10SM BKN100 10/03 A3006,,0.0,10.0,6
UNV,2024-04-17 08:53:00,-77.85,40.85,378.0,51.8,41.0,66.48,,4.0,0.0,30.07,,10.0,,SCT,BKN,BKN,,6000.0,7500.0,9000.0,,VCSH,,,,,,,51.8,KUNV 171253Z VRB04KT 10SM VCSH SCT060 BKN075 BKN090 11/05 A3007,,2.057776,10.999999999999998,6
UNV,2024-04-17 09:28:00,-77.85,40.85,378.0,51.8,41.0,66.48,,4.0,0.0,30.06,,6.0,,SCT,BKN,BKN,,3700.0,4500.0,8000.0,,-RA BR,,,,,,,51.8,KUNV 171328Z VRB04KT 6SM -RA BR SCT037 BKN045 BKN080 11/05 A3006,,2.057776,10.999999999999998,6
UNV,2024-04-17 09:53:00,-77.85,40.85,378.0,50.0,44.6,81.61,,4.0,0.0,30.05,,8.0,,SCT,BKN,BKN,,4000.0,4900.0,6500.0,,-RA,,,,,,,50.0,KUNV 171353Z VRB04KT 8SM -RA SCT040 BKN049 BKN065 10/07 A3005,,2.057776,10.0,6
UNV,2024-04-17 10:53:00,-77.85,40.85,378.0,50.0,46.4,87.37,0.0,0.0,0.0,30.07,,10.0,,SCT,BKN,BKN,,7000.0,8000.0,10000.0,,,,,,,,,50.0,KUNV 171453Z 00000KT 10SM SCT070 BKN080 BKN100 10/08 A3007,,0.0,10.0,6
UNV,2024-04-17 11:53:00,-77.85,40.85,378.0,55.4,48.2,76.66,360.0,3.0,0.0,30.06,,7.0,,SCT,,,,10000.0,,,,VCSH,,,,,,,55.4,KUNV 171553Z 36003KT 7SM VCSH SCT100 13/09 A3006,,1.543332,13.0,4
UNV,2024-04-17 12:53:00,-77.85,40.85,378.0,55.4,46.4,71.64,,5.0,0.0,29.99,,10.0,,SCT,,,,9500.0,,,,,,,,,,,55.4,KUNV 171653Z VRB05KT 10SM SCT095 13/08 A2999,,2.57222,13.0,4
UNV,2024-04-17 13:53:00,-77.85,40.85,378.0,55.4,46.4,71.64,60.0,3.0,0.0,29.97,,10.0,,OVC,,,,8000.0,,,,,,,,,,,55.4,KUNV 171753Z 06003KT 10SM OVC080 13/08 A2997,,1.543332,13.0,8
UNV,2024-04-17 14:53:00,-77.85,40.85,378.0,57.2,48.2,71.83,360.0,3.0,0.0,29.97,,10.0,,SCT,,,,8000.0,,,,,,,,,,,57.2,KUNV 171853Z 36003KT 10SM SCT080 14/09 A2997,,1.543332,14.000000000000002,4
UNV,2024-04-17 15:53:00,-77.85,40.85,378.0,62.6,50.0,63.38,100.0,3.0,0.0,29.92,,10.0,,SCT,,,,9000.0,,,,,,,,,,,62.6,KUNV 171953Z 10003KT 10SM SCT090 17/10 A2992,,1.543332,17.0,4
UNV,2024-04-17 16:53:00,-77.85,40.85,378.0,62.6,51.8,67.75,40.0,3.0,0.0,29.89,,10.0,,OVC,,,,10000.0,,,,,,,,,,,62.6,KUNV 172053Z 04003KT 10SM OVC100 17/11 A2989,,1.543332,17.0,8
UNV,2024-04-17 17:53:00,-77.85,40.85,378.0,62.6,48.2,59.26,120.0,4.0,0.0,29.88,,10.0,,BKN,,,,11000.0,,,,,,,,,,,62.6,KUNV 172153Z 12004KT 10SM BKN110 17/09 A2988,,2.057776,17.0,6
UNV,2024-04-17 18:53:00,-77.85,40.85,378.0,60.8,48.2,63.15,130.0,6.0,0.0,29.88,,10.0,,SCT,BKN,,,5000.0,9000.0,,,,,,,,,,60.8,KUNV 172253Z 13006KT 10SM SCT050 BKN090 16/09 A2988,,3.086664,16.0,6
UNV,2024-04-17 19:53:00,-77.85,40.85,378.0,60.8,48.2,63.15,110.0,4.0,0.0,29.87,,10.0,,SCT,,,,10000.0,,,,,,,,,,,60.8,KUNV 172353Z 11004KT 10SM SCT100 16/09 A2987,,2.057776,16.0,4
UNV,2024-04-17 20:53:00,-77.85,40.85,378.0,60.8,50.0,67.54,110.0,5.0,0.0,29.87,,10.0,,SCT,,,,12000.0,,,,,,,,,,,60.8,KUNV 180053Z 11005KT 10SM SCT120 16/10 A2987,,2.57222,16.0,4
UNV,2024-04-17 21:53:00,-77.85,40.85,378.0,60.8,53.6,77.14,130.0,6.0,0.0,29.87,,10.0,,OVC,,,,2400.0,,,,VCTS,,,,,,,60.8,KUNV 180153Z 13006KT 10SM VCTS OVC024 16/12 A2987 RMK LTG DSNT SW THRU NW,,3.086664,16.0,8
UNV,2024-04-17 22:15:00,-77.85,40.85,378.0,60.0,53.0,77.64,270.0,10.0,0.02,29.93,,10.0,23.0,BKN,OVC,,,2200.0,2700.0,,,,,,,,,,60.0,KUNV 180215Z AUTO 27010G23KT 10SM /VCTSRA BKN022 OVC027 16/12 A2993 RMK AO2 LTG DSNT W THRU N P0002 T01550116,,5.14444,15.555555555555555,8
UNV,2024-04-17 22:35:00,-77.85,40.85,378.0,57.6,56.5,96.11,270.0,3.0,0.08,29.92,,10.0,,SCT,BKN,OVC,,2200.0,4000.0,5500.0,,TSRA,,,,,,,57.6,KUNV 180235Z AUTO 27003KT 10SM TSRA SCT022 BKN040 OVC055 14/14 A2992 RMK AO2 LTG DSNT N AND NE P0008 T01420136,,1.543332,14.222222222222221,8
UNV,2024-04-17 22:55:00,-77.85,40.85,378.0,56.5,56.5,100.0,0.0,0.0,0.14,29.92,,5.0,,SCT,SCT,BKN,,3100.0,4100.0,6000.0,,RA,,,,,,,56.5,KUNV 180255Z AUTO 00000KT 5SM RA SCT031 SCT041 BKN060 14/14 A2992 RMK AO2 LTG DSNT NE AND SW P0014 60014 T01360136,,0.0,13.61111111111111,6
UNV,2024-04-17 23:15:00,-77.85,40.85,378.0,56.3,56.3,100.0,140.0,3.0,0.05,29.89,,5.0,,SCT,BKN,OVC,,3300.0,4500.0,8500.0,,RA,,,,,,,56.3,KUNV 180315Z AUTO 14003KT 5SM RA SCT033 BKN045 OVC085 14/14 A2989 RMK AO2 P0005 T01350135,,1.543332,13.499999999999998,8
UNV,2024-04-17 23:35:00,-77.85,40.85,378.0,56.3,56.3,100.0,250.0,6.0,0.06,29.91,,10.0,,SCT,SCT,OVC,,4700.0,6000.0,8500.0,,-RA,,,,,,,56.3,KUNV 180335Z AUTO 25006KT 10SM -RA SCT047 SCT060 OVC085 14/14 A2991 RMK AO2 P0006 T01350135,,3.086664,13.499999999999998,8
UNV,2024-04-17 23:55:00,-77.85,40.85,378.0,56.3,56.3,100.0,240.0,6.0,0.08,29.91,,7.0,,SCT,BKN,OVC,,4700.0,6000.0,8500.0,,RA,,,,,,,56.3,KUNV 180355Z AUTO 24006KT 7SM RA SCT047 BKN060 OVC085 14/14 A2991 RMK AO2 P0008 T01350135,,3.086664,13.499999999999998,8
UNV,2024-04-18 00:15:00,-77.85,40.85,378.0,56.0,56.0,100.0,190.0,6.0,0.03,29.9,,7.0,,SCT,BKN,OVC,,2700.0,6000.0,8000.0,,RA,,,,,,,56.0,KUNV 180415Z AUTO 19006KT 7SM RA SCT027 BKN060 OVC080 13/13 A2990 RMK AO2 P0003 T01330133,,3.086664,13.333333333333334,8
UNV,2024-04-18 00:35:00,-77.85,40.85,378.0,56.0,56.0,100.0,210.0,3.0,0.05,29.89,,7.0,,SCT,SCT,OVC,,3300.0,7000.0,8500.0,,-RA,,,,,,,56.0,KUNV 180435Z AUTO 21003KT 7SM -RA SCT033 SCT070 OVC085 13/13 A2989 RMK AO2 P0005 T01330133,,1.543332,13.333333333333334,8
UNV,2024-04-18 00:55:00,-77.85,40.85,378.0,55.6,55.6,100.0,260.0,7.0,0.05,29.9,,10.0,,SCT,,,,8500.0,,,,,,,,,,,55.6,KUNV 180455Z AUTO 26007KT 10SM SCT085 13/13 A2990 RMK AO2 P0005 T01310131,,3.601108,13.11111111111111,4
UNV,2024-04-18 01:15:00,-77.85,40.85,378.0,55.4,55.4,100.0,260.0,4.0,0.0,29.91,,10.0,,SCT,,,,9500.0,,,,,,,,,,,55.4,KUNV 180515Z AUTO 26004KT 10SM SCT095 13/13 A2991 RMK AO2 T01300130,,2.057776,13.0,4
UNV,2024-04-18 01:35:00,-77.85,40.85,378.0,54.7,54.7,100.0,250.0,4.0,0.0,29.9,,10.0,,SCT,SCT,,,7500.0,9500.0,,,,,,,,,,54.7,KUNV 180535Z AUTO 25004KT 10SM SCT075 SCT095 13/13 A2990 RMK AO2 T01260126,,2.057776,12.611111111111112,4
UNV,2024-04-18 01:55:00,-77.85,40.85,378.0,54.5,54.5,100.0,240.0,4.0,0.0,29.9,,10.0,,CLR,,,,,,,,,,,,,,,54.5,KUNV 180555Z AUTO 24004KT 10SM CLR 13/13 A2990 RMK AO2 60027 T01250125 10161 20124,,2.057776,12.5,0
UNV,2024-04-18 02:15:00,-77.85,40.85,378.0,54.7,54.7,100.0,240.0,4.0,0.0,29.9,,10.0,,BKN,,,,7500.0,,,,,,,,,,,54.7,KUNV 180615Z AUTO 24004KT 10SM BKN075 13/13 A2990 RMK AO2 T01260126,,2.057776,12.611111111111112,6
UNV,2024-04-18 02:35:00,-77.85,40.85,378.0,54.7,54.7,100.0,250.0,3.0,0.0,29.89,,10.0,,OVC,,,,7500.0,,,,,,,,,,,54.7,KUNV 180635Z AUTO 25003KT 10SM OVC075 13/13 A2989 RMK AO2 T01260126,,1.543332,12.611111111111112,8
UNV,2024-04-18 02:55:00,-77.85,40.85,378.0,54.7,54.7,100.0,240.0,5.0,0.0,29.89,,10.0,,SCT,SCT,OVC,,2500.0,3500.0,7500.0,,,,,,,,,54.7,KUNV 180655Z AUTO 24005KT 10SM SCT025 SCT035 OVC075 13/13 A2989 RMK AO2 T01260126,,2.57222,12.611111111111112,8
UNV,2024-04-18 03:15:00,-77.85,40.85,378.0,54.5,54.3,99.27,0.0,0.0,0.0,29.89,,10.0,,SCT,BKN,OVC,,3300.0,4800.0,6500.0,,,,,,,,,54.5,KUNV 180715Z AUTO 00000KT 10SM SCT033 BKN048 OVC065 13/12 A2989 RMK AO2 T01250124,,0.0,12.5,8
UNV,2024-04-18 03:35:00,-77.85,40.85,378.0,54.7,54.5,99.27,230.0,3.0,0.0,29.89,,10.0,,SCT,SCT,OVC,,3300.0,4000.0,4900.0,,,,,,,,,54.7,KUNV 180735Z AUTO 23003KT 10SM SCT033 SCT040 OVC049 13/13 A2989 RMK AO2 T01260125,,1.543332,12.611111111111112,8
UNV,2024-04-18 03:55:00,-77.85,40.85,378.0,54.7,54.7,100.0,0.0,0.0,0.0,29.89,,10.0,,SCT,BKN,OVC,,2300.0,3600.0,4700.0,,,,,,,,,54.7,KUNV 180755Z AUTO 00000KT 10SM SCT023 BKN036 OVC047 13/13 A2989 RMK AO2 T01260126,,0.0,12.611111111111112,8
UNV,2024-04-18 04:15:00,-77.85,40.85,378.0,55.0,55.0,100.0,240.0,5.0,0.0,29.9,,10.0,,SCT,OVC,,,2200.0,3900.0,,,-RA,,,,,,,55.0,KUNV 180815Z AUTO 24005KT 10SM -RA SCT022 OVC039 13/13 A2990 RMK AO2 T01270127,,2.57222,12.777777777777779,8
UNV,2024-04-18 04:35:00,-77.85,40.85,378.0,55.0,55.0,100.0,220.0,4.0,0.01,29.9,,10.0,,BKN,BKN,OVC,,3500.0,4100.0,5500.0,,,,,,,,,55.0,KUNV 180835Z AUTO 22004KT 10SM BKN035 BKN041 OVC055 13/13 A2990 RMK AO2 P0001 T01280128,,2.057776,12.777777777777779,8
UNV,2024-04-18 04:55:00,-77.85,40.85,378.0,55.4,55.2,99.28,230.0,5.0,0.01,29.91,,10.0,,SCT,BKN,OVC,,2200.0,3700.0,4300.0,,,,,,,,,55.4,KUNV 180855Z AUTO 23005KT 10SM SCT022 BKN037 OVC043 13/13 A2991 RMK AO2 P0001 60001 T01300129,,2.57222,13.0,8
UNV,2024-04-18 05:15:00,-77.85,40.85,378.0,55.6,55.4,99.28,270.0,5.0,0.0,29.92,,10.0,,SCT,SCT,OVC,,2500.0,3700.0,4700.0,,,,,,,,,55.6,KUNV 180915Z AUTO 27005KT 10SM SCT025 SCT037 OVC047 13/13 A2992 RMK AO2 T01310130,,2.57222,13.11111111111111,8
UNV,2024-04-18 05:35:00,-77.85,40.85,378.0,56.3,56.3,100.0,260.0,4.0,0.0,29.92,,10.0,,SCT,SCT,OVC,,2800.0,4100.0,4700.0,,,,,,,,,56.3,KUNV 180935Z AUTO 26004KT 10SM SCT028 SCT041 OVC047 14/14 A2992 RMK AO2 T01350135,,2.057776,13.499999999999998,8
UNV,2024-04-18 05:53:00,-77.85,40.85,378.0,57.2,55.4,93.69,260.0,6.0,0.0,29.92,,10.0,,SCT,BKN,OVC,,2800.0,4700.0,7000.0,,,,,,,,,57.2,KUNV 180953Z 26006KT 10SM SCT028 BKN047 OVC070 14/13 A2992,,3.086664,14.000000000000002,8
UNV,2024-04-18 06:53:00,-77.85,40.85,378.0,57.2,55.4,93.69,290.0,5.0,0.0,29.95,,10.0,,SCT,BKN,BKN,,1700.0,3600.0,6500.0,,,,,,,,,57.2,KUNV 181053Z 29005KT 10SM SCT017 BKN036 BKN065 14/13 A2995,,2.57222,14.000000000000002,6
UNV,2024-04-18 07:53:00,-77.85,40.85,378.0,57.2,55.4,93.69,280.0,5.0,0.0,29.97,,10.0,,SCT,BKN,BKN,,2300.0,2700.0,6500.0,,,,,,,,,57.2,KUNV 181153Z 28005KT 10SM SCT023 BKN027 BKN065 14/13 A2997,,2.57222,14.000000000000002,6
UNV,2024-04-18 08:53:00,-77.85,40.85,378.0,59.0,55.4,87.83,260.0,4.0,0.0,29.99,,10.0,,SCT,BKN,BKN,,1800.0,3100.0,6500.0,,,,,,,,,59.0,KUNV 181253Z 26004KT 10SM SCT018 BKN031 BKN065 15/13 A2999,,2.057776,15.0,6
UNV,2024-04-18 09:53:00,-77.85,40.85,378.0,59.0,53.6,82.25,270.0,5.0,0.0,29.99,,10.0,,SCT,BKN,BKN,,2100.0,2600.0,6000.0,,,,,,,,,59.0,KUNV 181353Z 27005KT 10SM SCT021 BKN026 BKN060 15/12 A2999,,2.57222,15.0,6
UNV,2024-04-18 10:53:00,-77.85,40.85,378.0,60.8,50.0,67.54,320.0,6.0,0.0,30.01,,10.0,,SCT,BKN,BKN,,2600.0,4400.0,6000.0,,,,,,,,,60.8,KUNV 181453Z 32006KT 10SM SCT026 BKN044 BKN060 16/10 A3001,,3.086664,16.0,6
UNV,2024-04-18 11:53:00,-77.85,40.85,378.0,60.8,50.0,67.54,310.0,9.0,0.0,30.04,,10.0,,SCT,BKN,,,3000.0,6000.0,,,,,,,,,,60.8,KUNV 181553Z 31009KT 10SM SCT030 BKN060 16/10 A3004,,4.629996,16.0,6
UNV,2024-04-18 12:53:00,-77.85,40.85,378.0,62.6,50.0,63.38,280.0,9.0,0.0,30.04,,10.0,,SCT,BKN,,,3300.0,4500.0,,,,,,,,,,62.6,KUNV 181653Z 28009KT 10SM SCT033 BKN045 17/10 A3004,,4.629996,17.0,6
UNV,2024-04-18 13:53:00,-77.85,40.85,378.0,60.8,48.2,63.15,310.0,9.0,0.0,30.03,,10.0,,BKN,BKN,,,3800.0,4500.0,,,,,,,,,,60.8,KUNV 181753Z 31009KT 10SM BKN038 BKN045 16/09 A3003,,4.629996,16.0,6
UNV,2024-04-18 14:53:00,-77.85,40.85,378.0,62.6,48.2,59.26,,3.0,0.0,30.02,,10.0,,BKN,,,,4200.0,,,,,,,,,,,62.6,KUNV 181853Z VRB03KT 10SM BKN042 17/09 A3002,,1.543332,17.0,6
UNV,2024-04-18 15:53:00,-77.85,40.85,378.0,64.4,48.2,55.63,300.0,12.0,0.0,30.03,,10.0,,BKN,BKN,,,4400.0,5000.0,,,,,,,,,,64.4,KUNV 181953Z 30012KT 10SM BKN044 BKN050 18/09 A3003,,6.173328,18.000000000000004,6
UNV,2024-04-18 16:53:00,-77.85,40.85,378.0,64.4,44.6,48.55,300.0,7.0,0.0,30.03,,10.0,,SCT,,,,5000.0,,,,,,,,,,,64.4,KUNV 182053Z 30007KT 10SM SCT050 18/07 A3003,,3.601108,18.000000000000004,4
UNV,2024-04-18 17:53:00,-77.85,40.85,378.0,66.2,46.4,48.83,280.0,8.0,0.0,30.03,,10.0,,SCT,,,,6000.0,,,,,,,,,,,66.2,KUNV 182153Z 28008KT 10SM SCT060 19/08 A3003,,4.115552,19.0,4
UNV,2024-04-18 18:53:00,-77.85,40.85,378.0,64.4,44.6,48.55,300.0,7.0,0.0,30.04,,10.0,,SCT,,,,7000.0,,,,,,,,,,,64.4,KUNV 182253Z 30007KT 10SM SCT070 18/07 A3004,,3.601108,18.000000000000004,4
UNV,2024-04-18 19:53:00,-77.85,40.85,378.0,62.6,44.6,51.72,300.0,4.0,0.0,30.06,,10.0,,CLR,,,,,,,,,,,,,,,62.6,KUNV 182353Z 30004KT 10SM CLR 17/07 A3006,,2.057776,17.0,0
UNV,2024-04-18 20:53:00,-77.85,40.85,378.0,60.8,44.6,55.12,310.0,3.0,0.0,30.07,,10.0,,CLR,,,,,,,,,,,,,,,60.8,KUNV 190053Z 31003KT 10SM CLR 16/07 A3007,,1.543332,16.0,0
UNV,2024-04-18 21:53:00,-77.85,40.85,378.0,57.2,44.6,62.69,0.0,0.0,0.0,30.07,,10.0,,CLR,,,,,,,,,,,,,,,57.2,KUNV 190153Z 00000KT 10SM CLR 14/07 A3007,,0.0,14.000000000000002,0
UNV,2024-04-18 22:15:00,-77.85,40.85,378.0,54.0,44.8,70.95,0.0,0.0,0.0,30.07,,10.0,,CLR,,,,,,,,,,,,,,,54.0,KUNV 190215Z AUTO 00000KT 10SM CLR 12/07 A3007 RMK AO2 T01230071,,0.0,12.222222222222221,0
UNV,2024-04-18 22:35:00,-77.85,40.85,378.0,55.0,45.0,68.93,0.0,0.0,0.0,30.06,,10.0,,CLR,,,,,,,,,,,,,,,55.0,KUNV 190235Z AUTO 00000KT 10SM CLR 13/07 A3006 RMK AO2 T01280072,,0.0,12.777777777777779,0
UNV,2024-04-18 22:55:00,-77.85,40.85,378.0,55.4,45.0,67.94,0.0,0.0,0.0,30.06,,10.0,,CLR,,,,,,,,,,,,,,,55.4,KUNV 190255Z AUTO 00000KT 10SM CLR 13/07 A3006 RMK AO2 T01300073,,0.0,13.0,0
UNV,2024-04-18 23:15:00,-77.85,40.85,378.0,55.4,44.8,67.42,0.0,0.0,0.0,30.06,,10.0,,CLR,,,,,,,,,,,,,,,55.4,KUNV 190315Z AUTO 00000KT 10SM CLR 13/07 A3006 RMK AO2 T01300071,,0.0,13.0,0
UNV,2024-04-18 23:35:00,-77.85,40.85,378.0,52.7,45.3,75.84,200.0,3.0,0.0,30.06,,10.0,,CLR,,,,,,,,,,,,,,,52.7,KUNV 190335Z AUTO 20003KT 10SM CLR 12/07 A3006 RMK AO2 T01150074,,1.543332,11.500000000000002,0
UNV,2024-04-18 23:55:00,-77.85,40.85,378.0,52.3,45.5,77.56,0.0,0.0,0.0,30.05,,10.0,,CLR,,,,,,,,,,,,,,,52.3,KUNV 190355Z AUTO 00000KT 10SM CLR 11/08 A3005 RMK AO2 T01130075,,0.0,11.277777777777777,0
UNV,2024-04-19 00:15:00,-77.85,40.85,378.0,53.0,45.0,74.16,0.0,0.0,0.0,30.05,,10.0,,CLR,,,,,,,,,,,,,,,53.0,KUNV 190415Z AUTO 00000KT 10SM CLR 12/07 A3005 RMK AO2 T01170072,,0.0,11.666666666666666,0
UNV,2024-04-19 00:35:00,-77.85,40.85,378.0,53.0,45.0,74.16,0.0,0.0,0.0,30.05,,10.0,,CLR,,,,,,,,,,,,,,,53.0,KUNV 190435Z AUTO 00000KT 10SM CLR 12/07 A3005 RMK AO2 T01170073,,0.0,11.666666666666666,0
UNV,2024-04-19 00:55:00,-77.85,40.85,378.0,53.0,45.3,75.01,0.0,0.0,0.0,30.04,,10.0,,CLR,,,,,,,,,,,,,,,53.0,KUNV 190455Z AUTO 00000KT 10SM CLR 12/07 A3004 RMK AO2 T01170074,,0.0,11.666666666666666,0
UNV,2024-04-19 01:15:00,-77.85,40.85,378.0,51.8,45.5,79.0,340.0,5.0,0.0,30.05,,10.0,,CLR,,,,,,,,,,,,,,,51.8,KUNV 190515Z AUTO 34005KT 10SM CLR 11/08 A3005 RMK AO2 T01100075,,2.57222,10.999999999999998,0
UNV,2024-04-19 01:35:00,-77.85,40.85,378.0,50.0,47.5,91.07,0.0,0.0,0.0,30.05,,10.0,,CLR,,,,,,,,,,,,,,,50.0,KUNV 190535Z AUTO 00000KT 10SM CLR 10/09 A3005 RMK AO2 T01010086,,0.0,10.0,0
UNV,2024-04-19 01:55:00,-77.85,40.85,378.0,50.0,47.0,89.37,80.0,4.0,0.0,30.04,,10.0,,CLR,,,,,,,,,,,,,,,50.0,KUNV 190555Z AUTO 08004KT 10SM CLR 10/08 A3004 RMK AO2 T01000083 10162 20100,,2.057776,10.0,0
UNV,2024-04-19 02:15:00,-77.85,40.85,378.0,49.6,49.3,98.89,90.0,3.0,0.0,30.03,,10.0,,CLR,,,,,,,,,,,,,,,48.81,KUNV 190615Z AUTO 09003KT 10SM CLR 10/10 A3003 RMK AO2 T00980096,,1.543332,9.777777777777779,0
UNV,2024-04-19 02:35:00,-77.85,40.85,378.0,50.0,49.6,98.52,0.0,0.0,0.0,30.03,,10.0,,CLR,,,,,,,,,,,,,,,50.0,KUNV 190635Z AUTO 00000KT 10SM CLR 10/10 A3003 RMK AO2 T00990098,,0.0,10.0,0
UNV,2024-04-19 02:55:00,-77.85,40.85,378.0,49.6,49.5,99.63,0.0,0.0,0.0,30.03,,7.0,,CLR,,,,,,,,,,,,,,,49.6,KUNV 190655Z AUTO 00000KT 7SM CLR 10/10 A3003 RMK AO2 T00980097,,0.0,9.777777777777779,0
UNV,2024-04-19 03:15:00,-77.85,40.85,378.0,50.0,49.6,98.52,0.0,0.0,0.0,30.04,,7.0,,CLR,,,,,,,,,,,,,,,50.0,KUNV 190715Z AUTO 00000KT 7SM CLR 10/10 A3004 RMK AO2 T00990098,,0.0,10.0,0
UNV,2024-04-19 03:35:00,-77.85,40.85,378.0,49.6,49.5,99.63,0.0,0.0,0.0,30.05,,7.0,,BKN,,,,1300.0,,,,,,,,,,,49.6,KUNV 190735Z AUTO 00000KT 7SM BKN013 10/10 A3005 RMK AO2 T00980097,,0.0,9.777777777777779,6
UNV,2024-04-19 03:55:00,-77.85,40.85,378.0,50.0,50.0,100.0,0.0,0.0,0.0,30.05,,7.0,,OVC,,,,1300.0,,,,,,,,,,,50.0,KUNV 190755Z AUTO 00000KT 7SM OVC013 10/10 A3005 RMK AO2 T01000100,,0.0,10.0,8
UNV,2024-04-19 04:15:00,-77.85,40.85,378.0,50.0,50.0,100.0,0.0,0.0,0.0,30.06,,7.0,,OVC,,,,1100.0,,,,,,,,,,,50.0,KUNV 190815Z AUTO 00000KT 7SM OVC011 10/10 A3006 RMK AO2 T01010100,,0.0,10.0,8
UNV,2024-04-19 04:35:00,-77.85,40.85,378.0,50.0,50.0,100.0,0.0,0.0,0.0,30.05,,7.0,,OVC,,,,1100.0,,,,,,,,,,,50.0,KUNV 190835Z AUTO 00000KT 7SM OVC011 10/10 A3005 RMK AO2 T01010100,,0.0,10.0,8
UNV,2024-04-19 04:55:00,-77.85,40.85,378.0,50.0,50.0,100.0,130.0,3.0,0.0,30.04,,7.0,,OVC,,,,900.0,,,,,,,,,,,50.0,KUNV 190855Z AUTO 13003KT 7SM OVC009 10/10 A3004 RMK AO2 T01010100,,1.543332,10.0,8
UNV,2024-04-19 05:15:00,-77.85,40.85,378.0,50.0,50.0,100.0,0.0,0.0,0.0,30.03,,7.0,,OVC,,,,900.0,,,,,,,,,,,50.0,KUNV 190915Z AUTO 00000KT 7SM OVC009 10/10 A3003 RMK AO2 LTG DSNT SW T01000100,,0.0,10.0,8
UNV,2024-04-19 05:35:00,-77.85,40.85,378.0,49.6,49.6,100.0,0.0,0.0,0.0,30.03,,7.0,,OVC,,,,900.0,,,,,,,,,,,49.6,KUNV 190935Z AUTO 00000KT 7SM OVC009 10/10 A3003 RMK AO2 T00980098,,0.0,9.777777777777779,8
UNV,2024-04-19 05:53:00,-77.85,40.85,378.0,50.0,50.0,100.0,150.0,4.0,0.0,30.03,,3.0,,OVC,,,,900.0,,,,BR,,,,,,,50.0,KUNV 190953Z 15004KT 3SM BR OVC009 10/10 A3003,,2.057776,10.0,8
UNV,2024-04-19 06:53:00,-77.85,40.85,378.0,50.0,50.0,100.0,,4.0,0.0,30.03,,3.0,,OVC,,,,700.0,,,,BR,,,,,,,50.0,KUNV 191053Z VRB04KT 3SM BR OVC007 10/10 A3003,,2.057776,10.0,8
UNV,2024-04-19 07:53:00,-77.85,40.85,378.0,50.0,50.0,100.0,0.0,0.0,0.0,30.03,,3.0,,OVC,,,,700.0,,,,BR,,,,,,,50.0,KUNV 191153Z 00000KT 3SM BR OVC007 10/10 A3003,,0.0,10.0,8
UNV,2024-04-19 08:53:00,-77.85,40.85,378.0,48.2,48.2,100.0,,5.0,0.0,30.02,,4.0,,OVC,,,,700.0,,,,BR,,,,,,,45.63,KUNV 191253Z VRB05KT 4SM BR OVC007 09/09 A3002,,2.57222,9.000000000000002,8
UNV,2024-04-19 09:53:00,-77.85,40.85,378.0,50.0,48.2,93.5,0.0,0.0,0.0,30.03,,5.0,,OVC,,,,900.0,,,,BR,,,,,,,50.0,KUNV 191353Z 00000KT 5SM BR OVC009 10/09 A3003,,0.0,10.0,8
UNV,2024-04-19 10:53:00,-77.85,40.85,378.0,50.0,48.2,93.5,0.0,0.0,0.0,30.04,,7.0,,OVC,,,,900.0,,,,-RA,,,,,,,50.0,KUNV 191453Z 00000KT 7SM -RA OVC009 10/09 A3004,,0.0,10.0,8
UNV,2024-04-19 11:10:00,-77.85,40.85,378.0,50.0,48.2,93.5,200.0,8.0,0.0,30.04,,5.0,,OVC,,,,1000.0,,,,-DZ BR,,,,,,,50.0,KUNV 191510Z 20008KT 5SM -DZ BR OVC010 10/09 A3004,,4.115552,10.0,8
UNV,2024-04-19 11:53:00,-77.85,40.85,378.0,50.0,48.2,93.5,180.0,6.0,0.0,30.02,,5.0,,OVC,,,,1000.0,,,,BR,,,,,,,50.0,KUNV 191553Z 18006KT 5SM BR OVC010 10/09 A3002,,3.086664,10.0,8
UNV,2024-04-19 12:53:00,-77.85,40.85,378.0,50.0,50.0,100.0,200.0,9.0,0.0,30.0,,5.0,,OVC,,,,1100.0,,,,BR,,,,,,,50.0,KUNV 191653Z 20009KT 5SM BR OVC011 10/10 A3000,,4.629996,10.0,8
UNV,2024-04-19 13:53:00,-77.85,40.85,378.0,51.8,50.0,93.55,200.0,8.0,0.0,29.98,,6.0,,OVC,,,,1100.0,,,,BR,,,,,,,51.8,KUNV 191753Z COR 20008KT 6SM BR OVC011 11/10 A2998,,4.115552,10.999999999999998,8
UNV,2024-04-19 14:53:00,-77.85,40.85,378.0,51.8,50.0,93.55,170.0,7.0,0.0,29.98,,6.0,,OVC,,,,1100.0,,,,BR,,,,,,,51.8,KUNV 191853Z 17007KT 6SM BR OVC011 11/10 A2998,,3.601108,10.999999999999998,8
UNV,2024-04-19 15:53:00,-77.85,40.85,378.0,53.6,50.0,87.56,160.0,10.0,0.0,29.96,,10.0,,OVC,,,,1100.0,,,,,,,,,,,53.6,KUNV 191953Z 16010KT 10SM OVC011 12/10 A2996,,5.14444,12.0,8
UNV,2024-04-19 16:53:00,-77.85,40.85,378.0,51.8,50.0,93.55,160.0,8.0,0.0,29.97,,10.0,,OVC,,,,1100.0,,,,,,,,,,,51.8,KUNV 192053Z 16008KT 10SM OVC011 11/10 A2997,,4.115552,10.999999999999998,8
UNV,2024-04-19 17:53:00,-77.85,40.85,378.0,51.8,51.8,100.0,180.0,7.0,0.0,29.97,,7.0,,OVC,,,,1100.0,,,,,,,,,,,51.8,KUNV 192153Z 18007KT 7SM OVC011 11/11 A2997,,3.601108,10.999999999999998,8
UNV,2024-04-19 18:53:00,-77.85,40.85,378.0,51.8,51.8,100.0,0.0,0.0,0.0,29.98,,10.0,,OVC,,,,900.0,,,,,,,,,,,51.8,KUNV 192253Z 00000KT 10SM OVC009 11/11 A2998,,0.0,10.999999999999998,8
UNV,2024-04-19 19:53:00,-77.85,40.85,378.0,51.8,51.8,100.0,0.0,0.0,0.0,29.98,,5.0,,OVC,,,,900.0,,,,-RA BR,,,,,,,51.8,KUNV 192353Z 00000KT 5SM -RA BR OVC009 11/11 A2998,,0.0,10.999999999999998,8
UNV,2024-04-19 20:53:00,-77.85,40.85,378.0,51.8,51.8,100.0,0.0,0.0,0.0,29.99,,10.0,,OVC,,,,1100.0,,,,,,,,,,,51.8,KUNV 200053Z 00000KT 10SM OVC011 11/11 A2999,,0.0,10.999999999999998,8
UNV,2024-04-19 21:53:00,-77.85,40.85,378.0,51.8,51.8,100.0,0.0,0.0,0.0,30.0,,10.0,,OVC,,,,600.0,,,,,,,,,,,51.8,KUNV 200153Z 00000KT 10SM OVC006 11/11 A3000,,0.0,10.999999999999998,8
UNV,2024-04-19 22:15:00,-77.85,40.85,378.0,51.4,51.4,100.0,0.0,0.0,0.0,30.01,,7.0,,OVC,,,,700.0,,,,,,,,,,,51.4,KUNV 200215Z AUTO 00000KT 7SM OVC007 11/11 A3001 RMK AO2 T01080108,,0.0,10.777777777777779,8
UNV,2024-04-19 22:35:00,-77.85,40.85,378.0,51.3,51.0,98.9,0.0,0.0,0.0,30.01,,7.0,,OVC,,,,700.0,,,,,,,,,,,51.3,KUNV 200235Z AUTO 00000KT 7SM OVC007 11/11 A3001 RMK AO2 T01070106,,0.0,10.722222222222221,8
UNV,2024-04-19 22:55:00,-77.85,40.85,378.0,51.3,51.0,98.9,0.0,0.0,0.0,30.01,,7.0,,OVC,,,,700.0,,,,,,,,,,,51.3,KUNV 200255Z AUTO 00000KT 7SM OVC007 11/11 A3001 RMK AO2 T01070106,,0.0,10.722222222222221,8
UNV,2024-04-19 23:15:00,-77.85,40.85,378.0,51.3,51.3,100.0,0.0,0.0,0.0,30.01,,7.0,,OVC,,,,700.0,,,,,,,,,,,51.3,KUNV 200315Z AUTO 00000KT 7SM OVC007 11/11 A3001 RMK AO2 T01070107,,0.0,10.722222222222221,8
UNV,2024-04-19 23:35:00,-77.85,40.85,378.0,50.5,50.4,99.63,0.0,0.0,0.0,30.0,,5.0,,BKN,,,,500.0,,,,BR,,,,,,,50.5,KUNV 200335Z AUTO 00000KT 5SM BR BKN005 10/10 A3000 RMK AO2 T01030102,,0.0,10.277777777777779,6
UNV,2024-04-19 23:55:00,-77.85,40.85,378.0,50.0,50.0,100.0,0.0,0.0,0.0,30.01,,5.0,,BKN,BKN,,,500.0,5000.0,,,BR,,,,,,,50.0,KUNV 200355Z AUTO 00000KT 5SM BR BKN005 BKN050 10/10 A3001 RMK AO2 T01000100,,0.0,10.0,6
UNV,2024-04-20 00:15:00,-77.85,40.85,378.0,49.5,49.3,99.26,0.0,0.0,0.0,30.0,,3.0,,SCT,,,,500.0,,,,BR,,,,,,,49.5,KUNV 200415Z AUTO 00000KT 3SM BR SCT005 10/10 A3000 RMK AO2 T00970096,,0.0,9.722222222222221,4
UNV,2024-04-20 00:35:00,-77.85,40.85,378.0,48.6,48.6,100.0,0.0,0.0,0.0,30.0,,1.0,,VV ,,,,700.0,,,,BR,,,,,,,48.6,KUNV 200435Z AUTO 00000KT 1SM BR VV007 09/09 A3000 RMK AO2 T00920092,,0.0,9.222222222222221,-1
UNV,2024-04-20 00:55:00,-77.85,40.85,378.0,48.2,48.0,99.25,0.0,0.0,0.0,30.0,,0.5,,VV ,,,,500.0,,,,FG,,,,,,,48.2,KUNV 200455Z AUTO 00000KT 1/2SM FG VV005 09/09 A3000 RMK AO2 T00900089,,0.0,9.000000000000002,-1
UNV,2024-04-20 01:15:00,-77.85,40.85,378.0,48.2,48.0,99.25,0.0,0.0,0.0,30.0,,5.0,,SCT,,,,9500.0,,,,BR,,,,,,,48.2,KUNV 200515Z AUTO 00000KT 5SM BR SCT095 09/09 A3000 RMK AO2 T00900089,,0.0,9.000000000000002,4
UNV,2024-04-20 01:35:00,-77.85,40.85,378.0,48.6,48.6,100.0,0.0,0.0,0.0,29.99,,5.0,,BKN,,,,9500.0,,,,BR,,,,,,,48.6,KUNV 200535Z AUTO 00000KT 5SM BR BKN095 09/09 A2999 RMK AO2 T00920092,,0.0,9.222222222222221,6
UNV,2024-04-20 01:55:00,-77.85,40.85,378.0,49.0,49.0,100.0,0.0,0.0,0.0,29.99,,5.0,,BKN,,,,9500.0,,,,BR,,,,,,,49.0,KUNV 200555Z AUTO 00000KT 5SM BR BKN095 10/09 A2999 RMK AO2 T00950094 10112 20088,,0.0,9.444444444444445,6
UNV,2024-04-20 02:15:00,-77.85,40.85,378.0,49.0,48.7,98.88,0.0,0.0,0.0,29.98,,7.0,,SCT,,,,9500.0,,,,,,,,,,,49.0,KUNV 200615Z AUTO 00000KT 7SM SCT095 09/09 A2998 RMK AO2 T00940093,,0.0,9.444444444444445,4
UNV,2024-04-20 02:35:00,-77.85,40.85,378.0,48.6,48.6,100.0,0.0,0.0,0.0,29.98,,10.0,,SCT,,,,10000.0,,,,,,,,,,,48.6,KUNV 200635Z AUTO 00000KT 10SM SCT100 09/09 A2998 RMK AO2 T00920092,,0.0,9.222222222222221,4
UNV,2024-04-20 02:55:00,-77.85,40.85,378.0,49.0,48.7,98.88,0.0,0.0,0.0,29.98,,10.0,,SCT,SCT,,,3700.0,10000.0,,,,,,,,,,49.0,KUNV 200655Z AUTO 00000KT 10SM SCT037 SCT100 10/09 A2998 RMK AO2 T00950093,,0.0,9.444444444444445,4
UNV,2024-04-20 03:15:00,-77.85,40.85,378.0,49.3,49.0,98.89,0.0,0.0,0.0,29.98,,10.0,,BKN,BKN,,,3900.0,4500.0,,,,,,,,,,49.3,KUNV 200715Z AUTO 00000KT 10SM BKN039 BKN045 10/09 A2998 RMK AO2 T00960094,,0.0,9.611111111111109,6
UNV,2024-04-20 03:35:00,-77.85,40.85,378.0,49.5,47.3,92.09,0.0,0.0,0.0,29.99,,10.0,,SCT,SCT,,,3900.0,11000.0,,,,,,,,,,49.5,KUNV 200735Z AUTO 00000KT 10SM SCT039 SCT110 10/09 A2999 RMK AO2 T00970085,,0.0,9.722222222222221,4
UNV,2024-04-20 03:55:00,-77.85,40.85,378.0,50.0,43.0,76.76,0.0,0.0,0.0,29.99,,10.0,,SCT,SCT,,,3900.0,11000.0,,,,,,,,,,50.0,KUNV 200755Z AUTO 00000KT 10SM SCT039 SCT110 10/06 A2999 RMK AO2 T01000061,,0.0,10.0,4
UNV,2024-04-20 04:15:00,-77.85,40.85,378.0,50.4,39.2,65.29,0.0,0.0,0.0,30.0,,10.0,,SCT,SCT,,,3900.0,10000.0,,,,,,,,,,50.4,KUNV 200815Z AUTO 00000KT 10SM SCT039 SCT100 10/04 A3000 RMK AO2 T01020040,,0.0,10.222222222222221,4
UNV,2024-04-20 04:35:00,-77.85,40.85,378.0,50.0,35.2,56.61,290.0,13.0,0.0,30.0,,10.0,17.0,BKN,,,,10000.0,,,,,,,,,,,50.0,KUNV 200835Z AUTO 29013G17KT 10SM BKN100 10/02 A3000 RMK AO2 T01010018,,6.687772,10.0,6
UNV,2024-04-20 04:55:00,-77.85,40.85,378.0,50.0,34.3,54.62,300.0,9.0,0.0,30.0,,10.0,,OVC,,,,10000.0,,,,,,,,,,,50.0,KUNV 200855Z AUTO 30009KT 270V330 10SM OVC100 10/01 A3000 RMK AO2 T00990013,,4.629996,10.0,8
UNV,2024-04-20 05:15:00,-77.85,40.85,378.0,49.3,32.0,51.12,310.0,7.0,0.0,30.0,,10.0,,OVC,,,,10000.0,,,,,,,,,,,45.87,KUNV 200915Z AUTO 31007KT 10SM OVC100 10/00 A3000 RMK AO2 T00960001,,3.601108,9.611111111111109,8
UNV,2024-04-20 05:35:00,-77.85,40.85,378.0,49.0,32.0,51.7,310.0,6.0,0.0,30.0,,10.0,,OVC,,,,11000.0,,,,,,,,,,,46.0,KUNV 200935Z AUTO 31006KT 10SM OVC110 10/00 A3000 RMK AO2 T00950000,,3.086664,9.444444444444445,8
UNV,2024-04-20 05:53:00,-77.85,40.85,378.0,48.2,32.0,53.27,300.0,7.0,0.0,30.0,,10.0,,OVC,,,,11000.0,,,,,,,,,,,44.53,KUNV 200953Z 30007KT 10SM OVC110 09/00 A3000,,3.601108,9.000000000000002,8
UNV,2024-04-20 06:53:00,-77.85,40.85,378.0,48.2,32.0,53.27,290.0,4.0,0.0,30.0,,10.0,,BKN,,,,11000.0,,,,,,,,,,,46.34,KUNV 201053Z 29004KT 10SM BKN110 09/00 A3000,,2.057776,9.000000000000002,6
UNV,2024-04-20 07:53:00,-77.85,40.85,378.0,50.0,30.2,46.31,280.0,7.0,0.0,30.01,,10.0,,SCT,,,,11000.0,,,,,,,,,,,50.0,KUNV 201153Z 28007KT 10SM SCT110 10/M01 A3001,,3.601108,10.0,4
UNV,2024-04-20 08:53:00,-77.85,40.85,378.0,50.0,32.0,49.81,270.0,7.0,0.0,30.01,,10.0,,BKN,,,,10000.0,,,,,,,,,,,50.0,KUNV 201253Z 27007KT 10SM BKN100 10/00 A3001,,3.601108,10.0,6
UNV,2024-04-20 09:53:00,-77.85,40.85,378.0,53.6,30.2,40.54,270.0,10.0,0.0,30.0,,10.0,,FEW,,,,5000.0,,,,,,,,,,,53.6,KUNV 201353Z 27010KT 10SM FEW050 12/M01 A3000,,5.14444,12.0,2
UNV,2024-04-20 10:53:00,-77.85,40.85,378.0,57.2,32.0,38.26,250.0,14.0,0.0,29.98,,10.0,19.0,SCT,,,,5000.0,,,,,,,,,,,57.2,KUNV 201453Z 25014G19KT 10SM SCT050 14/00 A2998,,7.202216,14.000000000000002,4
UNV,2024-04-20 11:53:00,-77.85,40.85,378.0,59.0,32.0,35.87,280.0,14.0,0.0,29.96,,10.0,20.0,SCT,,,,7000.0,,,,,,,,,,,59.0,KUNV 201553Z 28014G20KT 10SM SCT070 15/00 A2996,,7.202216,15.0,4
UNV,2024-04-20 12:53:00,-77.85,40.85,378.0,59.0,30.2,33.35,270.0,17.0,0.0,29.95,,10.0,22.0,SCT,,,,7000.0,,,,,,,,,,,59.0,KUNV 201653Z 27017G22KT 10SM SCT070 15/M01 A2995,,8.745548,15.0,4
UNV,2024-04-20 13:53:00,-77.85,40.85,378.0,57.2,28.4,33.05,280.0,15.0,0.0,29.94,,10.0,23.0,SCT,SCT,,,7000.0,9000.0,,,,,,,,,,57.2,KUNV 201753Z 28015G23KT 10SM SCT070 SCT090 14/M02 A2994,,7.71666,14.000000000000002,4
UNV,2024-04-20 14:53:00,-77.85,40.85,378.0,59.0,28.4,30.98,290.0,18.0,0.0,29.94,,10.0,33.0,BKN,,,,8000.0,,,,,,,,,,,59.0,KUNV 201853Z 29018G33KT 10SM BKN080 15/M02 A2994,,9.259992,15.0,6
UNV,2024-04-20 15:53:00,-77.85,40.85,378.0,59.0,24.8,26.7,290.0,20.0,0.0,29.94,,10.0,33.0,SCT,,,,8000.0,,,,,,,,,,,59.0,KUNV 201953Z 29020G33KT 10SM SCT080 15/M04 A2994,,10.28888,15.0,4
UNV,2024-04-20 16:53:00,-77.85,40.85,378.0,55.4,24.8,30.4,300.0,14.0,0.0,29.96,,10.0,23.0,SCT,,,,8000.0,,,,,,,,,,,55.4,KUNV 202053Z 30014G23KT 10SM SCT080 13/M04 A2996,,7.202216,13.0,4
UNV,2024-04-20 17:53:00,-77.85,40.85,378.0,53.6,26.6,34.98,320.0,11.0,0.0,29.98,,10.0,21.0,SCT,,,,8000.0,,,,,,,,,,,53.6,KUNV 202153Z 32011G21KT 10SM SCT080 12/M03 A2998,,5.6588840000000005,12.0,4
UNV,2024-04-20 18:53:00,-77.85,40.85,378.0,50.0,23.0,34.39,300.0,12.0,0.0,30.01,,10.0,21.0,CLR,,,,,,,,,,,,,,,50.0,KUNV 202253Z 30012G21KT 10SM CLR 10/M05 A3001,,6.173328,10.0,0
UNV,2024-04-20 19:53:00,-77.85,40.85,378.0,46.4,23.0,39.36,300.0,13.0,0.0,30.03,,10.0,20.0,CLR,,,,,,,,,,,,,,,40.02,KUNV 202353Z 30013G20KT 280V340 10SM CLR 08/M05 A3003,,6.687772,8.0,0
UNV,2024-04-20 20:53:00,-77.85,40.85,378.0,44.6,21.2,39.06,330.0,6.0,0.0,30.05,,10.0,,CLR,,,,,,,,,,,,,,,40.71,KUNV 210053Z 33006KT 10SM CLR 07/M06 A3005,,3.086664,7.000000000000001,0
UNV,2024-04-20 22:15:00,-77.85,40.85,378.0,41.0,19.4,41.54,330.0,8.0,0.0,30.08,,10.0,,CLR,,,,,,,,,,,,,,,35.2,KUNV 210215Z AUTO 33008KT 10SM CLR 05/M07 A3008 RMK AO2 T00501070,,4.115552,5.0,0
UNV,2024-04-20 22:35:00,-77.85,40.85,378.0,40.6,19.4,42.19,350.0,6.0,0.0,30.08,,10.0,,CLR,,,,,,,,,,,,,,,35.89,KUNV 210235Z AUTO 35006KT 10SM CLR 05/M07 A3008 RMK AO2 T00481070,,3.086664,4.777777777777779,0
UNV,2024-04-20 22:55:00,-77.85,40.85,378.0,40.0,19.6,43.55,340.0,5.0,0.0,30.08,,10.0,,CLR,,,,,,,,,,,,,,,35.9,KUNV 210255Z AUTO 34005KT 10SM CLR 04/M07 A3008 RMK AO2 T00441069,,2.57222,4.444444444444445,0
UNV,2024-04-20 23:15:00,-77.85,40.85,378.0,39.6,19.4,43.86,340.0,5.0,0.0,30.08,,10.0,,CLR,,,,,,,,,,,,,,,35.42,KUNV 210315Z AUTO 34005KT 10SM CLR 04/M07 A3008 RMK AO2 T00421070,,2.57222,4.222222222222223,0
UNV,2024-04-20 23:35:00,-77.85,40.85,378.0,39.2,19.4,44.55,310.0,5.0,0.0,30.08,,10.0,,CLR,,,,,,,,,,,,,,,34.95,KUNV 210335Z AUTO 31005KT 10SM CLR 04/M07 A3008 RMK AO2 T00401070,,2.57222,4.000000000000002,0
UNV,2024-04-20 23:55:00,-77.85,40.85,378.0,38.5,19.8,46.57,340.0,4.0,0.0,30.08,,10.0,,CLR,,,,,,,,,,,,,,,35.01,KUNV 210355Z AUTO 34004KT 10SM CLR 04/M07 A3008 RMK AO2 T00361068,,2.057776,3.611111111111111,0
UNV,2024-04-21 00:15:00,-77.85,40.85,378.0,37.8,20.0,48.28,330.0,5.0,0.0,30.08,,10.0,,CLR,,,,,,,,,,,,,,,33.28,KUNV 210415Z AUTO 33005KT 10SM CLR 03/M07 A3008 RMK AO2 T00321066,,2.57222,3.2222222222222205,0
UNV,2024-04-21 00:35:00,-77.85,40.85,378.0,38.0,19.8,47.49,330.0,4.0,0.0,30.07,,10.0,,CLR,,,,,,,,,,,,,,,34.43,KUNV 210435Z AUTO 33004KT 10SM CLR 03/M07 A3007 RMK AO2 T00331068,,2.057776,3.3333333333333335,0
UNV,2024-04-21 00:55:00,-77.85,40.85,378.0,37.6,19.4,47.43,310.0,3.0,0.0,30.07,,10.0,,CLR,,,,,,,,,,,,,,,35.09,KUNV 210455Z AUTO 31003KT 10SM CLR 03/M07 A3007 RMK AO2 T00311070,,1.543332,3.111111111111112,0
UNV,2024-04-21 01:15:00,-77.85,40.85,378.0,37.4,19.4,47.8,0.0,0.0,0.0,30.07,,10.0,,CLR,,,,,,,,,,,,,,,37.4,KUNV 210515Z AUTO 00000KT 10SM CLR 03/M07 A3007 RMK AO2 T00301070,,0.0,2.999999999999999,0
UNV,2024-04-21 01:35:00,-77.85,40.85,378.0,37.2,19.4,48.18,280.0,3.0,0.0,30.06,,10.0,,CLR,,,,,,,,,,,,,,,34.63,KUNV 210535Z AUTO 28003KT 10SM CLR 03/M07 A3006 RMK AO2 T00291070,,1.543332,2.8888888888888906,0
UNV,2024-04-21 01:55:00,-77.85,40.85,378.0,36.5,20.7,52.35,0.0,0.0,0.0,30.06,,10.0,,CLR,,,,,,,,,,,,,,,36.5,KUNV 210555Z AUTO 00000KT 10SM CLR 03/M06 A3006 RMK AO2 T00251063 10079 20025,,0.0,2.5,0
UNV,2024-04-21 02:15:00,-77.85,40.85,378.0,35.2,20.3,54.19,280.0,4.0,0.0,30.06,,10.0,,CLR,,,,,,,,,,,,,,,31.16,KUNV 210615Z AUTO 28004KT 10SM CLR 02/M06 A3006 RMK AO2 T00181065,,2.057776,1.7777777777777795,0
UNV,2024-04-21 02:35:00,-77.85,40.85,378.0,34.0,21.0,58.56,290.0,4.0,0.0,30.05,,10.0,,CLR,,,,,,,,,,,,,,,29.76,KUNV 210635Z AUTO 29004KT 10SM CLR 01/M06 A3005 RMK AO2 T00121062,,2.057776,1.1111111111111112,0
UNV,2024-04-21 02:55:00,-77.85,40.85,378.0,35.0,20.0,53.93,290.0,3.0,0.0,30.04,,10.0,,CLR,,,,,,,,,,,,,,,32.12,KUNV 210655Z AUTO 29003KT 10SM CLR 02/M07 A3004 RMK AO2 T00171067,,1.543332,1.6666666666666667,0
UNV,2024-04-21 03:15:00,-77.85,40.85,378.0,34.3,20.3,56.17,290.0,4.0,0.0,30.04,,10.0,,CLR,,,,,,,,,,,,,,,30.11,KUNV 210715Z AUTO 29004KT 10SM CLR 01/M06 A3004 RMK AO2 T00131065,,2.057776,1.2777777777777761,0
UNV,2024-04-21 03:35:00,-77.85,40.85,378.0,33.8,20.7,58.28,270.0,5.0,0.0,30.04,,10.0,,CLR,,,,,,,,,,,,,,,28.53,KUNV 210735Z AUTO 27005KT 10SM CLR 01/M06 A3004 RMK AO2 T00101063,,2.57222,0.9999999999999984,0
UNV,2024-04-21 03:55:00,-77.85,40.85,378.0,33.3,20.5,58.96,280.0,4.0,0.0,30.04,,10.0,,CLR,,,,,,,,,,,,,,,28.94,KUNV 210755Z AUTO 28004KT 10SM CLR 01/M06 A3004 RMK AO2 T00071064,,2.057776,0.7222222222222207,0
UNV,2024-04-21 04:15:00,-77.85,40.85,378.0,33.3,20.3,58.46,250.0,4.0,0.0,30.05,,10.0,,CLR,,,,,,,,,,,,,,,28.94,KUNV 210815Z AUTO 25004KT 10SM CLR 01/M06 A3005 RMK AO2 T00071065,,2.057776,0.7222222222222207,0
UNV,2024-04-21 04:35:00,-77.85,40.85,378.0,30.4,23.0,73.66,190.0,3.0,0.0,30.06,,10.0,,CLR,,,,,,,,,,,,,,,26.86,KUNV 210835Z AUTO 19003KT 10SM CLR M01/M05 A3006 RMK AO2 T10091050,,1.543332,-0.8888888888888897,0
UNV,2024-04-21 04:55:00,-77.85,40.85,378.0,31.0,22.3,69.8,0.0,0.0,0.0,30.06,,10.0,,CLR,,,,,,,,,,,,,,,31.0,KUNV 210855Z AUTO 00000KT 10SM CLR M01/M05 A3006 RMK AO2 T10061054,,0.0,-0.5555555555555556,0
UNV,2024-04-21 05:15:00,-77.85,40.85,378.0,30.0,22.5,73.31,190.0,3.0,0.0,30.06,,10.0,,CLR,,,,,,,,,,,,,,,26.4,KUNV 210915Z AUTO 19003KT 10SM CLR M01/M05 A3006 RMK AO2 T10111053,,1.543332,-1.1111111111111112,0
UNV,2024-04-21 05:35:00,-77.85,40.85,378.0,30.0,22.5,73.31,200.0,3.0,0.0,30.06,,10.0,,CLR,,,,,,,,,,,,,,,26.4,KUNV 210935Z AUTO 20003KT 10SM CLR M01/M05 A3006 RMK AO2 T10111053,,1.543332,-1.1111111111111112,0
UNV,2024-04-21 05:53:00,-77.85,40.85,378.0,30.2,23.0,74.26,200.0,3.0,0.0,30.06,,10.0,,CLR,,,,,,,,,,,,,,,26.63,KUNV 210953Z 20003KT 10SM CLR M01/M05 A3006,,1.543332,-1.0000000000000004,0
UNV,2024-04-21 06:53:00,-77.85,40.85,378.0,32.0,23.0,69.04,0.0,0.0,0.0,30.06,,10.0,,BKN,,,,5500.0,,,,,,,,,,,32.0,KUNV 211053Z 00000KT 10SM BKN055 00/M05 A3006,,0.0,0.0,6
UNV,2024-04-21 07:53:00,-77.85,40.85,378.0,32.0,24.8,74.44,0.0,0.0,0.0,30.06,,10.0,,BKN,,,,5500.0,,,,,,,,,,,32.0,KUNV 211153Z 00000KT 10SM BKN055 00/M04 A3006,,0.0,0.0,6
UNV,2024-04-21 08:53:00,-77.85,40.85,378.0,35.6,24.8,64.46,220.0,4.0,0.0,30.05,,10.0,,OVC,,,,5500.0,,,,,,,,,,,31.62,KUNV 211253Z 22004KT 10SM OVC055 02/M04 A3005,,2.057776,2.000000000000001,8
UNV,2024-04-21 09:53:00,-77.85,40.85,378.0,39.2,24.8,55.95,230.0,6.0,0.0,30.06,,10.0,,OVC,,,,5500.0,,,,,,,,,,,34.2,KUNV 211353Z 23006KT 10SM OVC055 04/M04 A3006,,3.086664,4.000000000000002,8
UNV,2024-04-21 10:53:00,-77.85,40.85,378.0,41.0,23.0,48.39,240.0,9.0,0.0,30.06,,10.0,,OVC,,,,5500.0,,,,,,,,,,,34.7,KUNV 211453Z 24009KT 10SM OVC055 05/M05 A3006,,4.629996,5.0,8
UNV,2024-04-21 11:53:00,-77.85,40.85,378.0,41.0,23.0,48.39,240.0,9.0,0.0,30.05,,10.0,,BKN,,,,4800.0,,,,,,,,,,,34.7,KUNV 211553Z 24009KT 10SM BKN048 05/M05 A3005,,4.629996,5.0,6
UNV,2024-04-21 12:53:00,-77.85,40.85,378.0,42.8,24.8,48.67,250.0,6.0,0.0,30.03,,10.0,,OVC,,,,5000.0,,,,,,,,,,,38.54,KUNV 211653Z 25006KT 10SM OVC050 06/M04 A3003,,3.086664,5.999999999999998,8
UNV,2024-04-21 13:53:00,-77.85,40.85,378.0,44.6,26.6,48.96,240.0,8.0,0.0,30.0,,10.0,14.0,OVC,,,,5000.0,,,,,,,,,,,39.63,KUNV 211753Z 24008G14KT 10SM OVC050 07/M03 A3000,,4.115552,7.000000000000001,8
UNV,2024-04-21 14:53:00,-77.85,40.85,378.0,44.6,24.8,45.44,290.0,10.0,0.0,30.0,,10.0,16.0,OVC,,,,5000.0,,,,,,,,,,,38.77,KUNV 211853Z 29010G16KT 10SM OVC050 07/M04 A3000,,5.14444,7.000000000000001,8
UNV,2024-04-21 15:53:00,-77.85,40.85,378.0,46.4,24.8,42.44,300.0,11.0,0.0,29.98,,10.0,17.0,BKN,OVC,,,5000.0,5500.0,,,,,,,,,,40.66,KUNV 211953Z 30011G17KT 10SM BKN050 OVC055 08/M04 A2998,,5.6588840000000005,8.0,8
UNV,2024-04-21 16:53:00,-77.85,40.85,378.0,46.4,24.8,42.44,300.0,11.0,0.0,29.97,,10.0,18.0,BKN,BKN,,,5000.0,5500.0,,,,,,,,,,40.66,KUNV 212053Z 30011G18KT 10SM BKN050 BKN055 08/M04 A2997,,5.6588840000000005,8.0,6
UNV,2024-04-21 17:53:00,-77.85,40.85,378.0,46.4,26.6,45.73,290.0,10.0,0.0,29.98,,10.0,17.0,BKN,BKN,,,5000.0,6000.0,,,,,,,,,,41.03,KUNV 212153Z 29010G17KT 10SM BKN050 BKN060 08/M03 A2998,,5.14444,8.0,6
UNV,2024-04-21 18:53:00,-77.85,40.85,378.0,46.4,24.8,42.44,300.0,10.0,0.0,29.98,,10.0,16.0,BKN,,,,6000.0,,,,,,,,,,,41.03,KUNV 212253Z 30010G16KT 10SM BKN060 08/M04 A2998,,5.14444,8.0,6
UNV,2024-04-21 19:53:00,-77.85,40.85,378.0,44.6,23.0,42.14,300.0,8.0,0.0,29.99,,10.0,,BKN,,,,6000.0,,,,,,,,,,,39.63,KUNV 212353Z 30008KT 10SM BKN060 07/M05 A2999,,4.115552,7.000000000000001,6
UNV,2024-04-21 20:53:00,-77.85,40.85,378.0,42.8,23.0,45.14,310.0,7.0,0.0,30.01,,10.0,,BKN,,,,6000.0,,,,,,,,,,,37.94,KUNV 220053Z 31007KT 10SM BKN060 06/M05 A3001,,3.601108,5.999999999999998,6
UNV,2024-04-21 21:53:00,-77.85,40.85,378.0,41.0,23.0,48.39,320.0,9.0,0.0,30.04,,10.0,,BKN,,,,6000.0,,,,,,,,,,,34.7,KUNV 220153Z 32009KT 10SM BKN060 05/M05 A3004,,4.629996,5.0,6
UNV,2024-04-21 22:15:00,-77.85,40.85,378.0,39.6,23.0,51.09,320.0,4.0,0.0,30.05,,10.0,,CLR,,,,,,,,,,,,,,,36.3,KUNV 220215Z AUTO 32004KT 10SM CLR 04/M05 A3005 RMK AO2 T00421050,,2.057776,4.222222222222223,0
UNV,2024-04-21 22:35:00,-77.85,40.85,378.0,39.4,22.5,50.42,320.0,7.0,0.0,30.05,,10.0,,CLR,,,,,,,,,,,,,,,33.8,KUNV 220235Z AUTO 32007KT 10SM CLR 04/M05 A3005 RMK AO2 T00411053,,3.601108,4.111111111111111,0
UNV,2024-04-21 22:55:00,-77.85,40.85,378.0,39.4,22.0,49.36,310.0,4.0,0.0,30.05,,10.0,,CLR,,,,,,,,,,,,,,,36.06,KUNV 220255Z AUTO 31004KT 10SM CLR 04/M05 A3005 RMK AO2 T00411055,,2.057776,4.111111111111111,0
UNV,2024-04-21 23:15:00,-77.85,40.85,378.0,39.2,22.0,49.75,300.0,6.0,0.0,30.05,,10.0,,CLR,,,,,,,,,,,,,,,34.2,KUNV 220315Z AUTO 30006KT 10SM CLR 04/M06 A3005 RMK AO2 LTG DSNT SE T00401056,,3.086664,4.000000000000002,0
UNV,2024-04-21 23:35:00,-77.85,40.85,378.0,39.2,22.0,49.75,300.0,4.0,0.0,30.05,,10.0,,CLR,,,,,,,,,,,,,,,35.83,KUNV 220335Z AUTO 30004KT 10SM CLR 04/M05 A3005 RMK AO2 T00401055,,2.057776,4.000000000000002,0
UNV,2024-04-21 23:55:00,-77.85,40.85,378.0,38.3,22.0,51.53,0.0,0.0,0.0,30.05,,10.0,,CLR,,,,,,,,,,,,,,,38.3,KUNV 220355Z AUTO 00000KT 10SM CLR 04/M05 A3005 RMK AO2 T00351055,,0.0,3.4999999999999982,0
UNV,2024-04-22 00:15:00,-77.85,40.85,378.0,37.6,22.5,54.1,290.0,3.0,0.0,30.06,,10.0,,CLR,,,,,,,,,,,,,,,35.09,KUNV 220415Z AUTO 29003KT 10SM CLR 03/M05 A3006 RMK AO2 T00311053,,1.543332,3.111111111111112,0
UNV,2024-04-22 00:35:00,-77.85,40.85,378.0,38.3,22.0,51.53,290.0,3.0,0.0,30.05,,10.0,,CLR,,,,,,,,,,,,,,,35.89,KUNV 220435Z AUTO 29003KT 10SM CLR 04/M05 A3005 RMK AO2 T00351055,,1.543332,3.4999999999999982,0
UNV,2024-04-22 00:55:00,-77.85,40.85,378.0,37.6,22.0,52.97,290.0,3.0,0.0,30.05,,10.0,,CLR,,,,,,,,,,,,,,,35.09,KUNV 220455Z AUTO 29003KT 10SM CLR 03/M05 A3005 RMK AO2 T00311055,,1.543332,3.111111111111112,0
UNV,2024-04-22 01:15:00,-77.85,40.85,378.0,37.4,22.0,53.39,0.0,0.0,0.0,30.05,,10.0,,CLR,,,,,,,,,,,,,,,37.4,KUNV 220515Z AUTO 00000KT 10SM CLR 03/M05 A3005 RMK AO2 T00301055,,0.0,2.999999999999999,0
UNV,2024-04-22 01:35:00,-77.85,40.85,378.0,37.0,22.0,54.23,290.0,3.0,0.0,30.05,,10.0,,CLR,,,,,,,,,,,,,,,34.4,KUNV 220535Z AUTO 29003KT 10SM CLR 03/M05 A3005 RMK AO2 T00271055,,1.543332,2.7777777777777777,0
UNV,2024-04-22 01:55:00,-77.85,40.85,378.0,36.5,22.3,56.02,290.0,4.0,0.0,30.04,,10.0,,CLR,,,,,,,,,,,,,,,32.68,KUNV 220555Z AUTO 29004KT 10SM CLR 03/M05 A3004 RMK AO2 T00251054 10062 20025,,2.057776,2.5,0
UNV,2024-04-22 02:15:00,-77.85,40.85,378.0,35.6,22.5,58.54,240.0,4.0,0.0,30.04,,10.0,,CLR,,,,,,,,,,,,,,,31.62,KUNV 220615Z AUTO 24004KT 10SM CLR 02/M05 A3004 RMK AO2 T00201053,,2.057776,2.000000000000001,0
UNV,2024-04-22 02:35:00,-77.85,40.85,378.0,33.8,23.0,64.23,240.0,6.0,0.0,30.04,,10.0,,CLR,,,,,,,,,,,,,,,27.7,KUNV 220635Z AUTO 24006KT 10SM CLR 01/M05 A3004 RMK AO2 T00101050,,3.086664,0.9999999999999984,0
UNV,2024-04-22 02:55:00,-77.85,40.85,378.0,34.7,23.0,61.96,260.0,3.0,0.0,30.04,,10.0,,CLR,,,,,,,,,,,,,,,31.78,KUNV 220655Z AUTO 26003KT 10SM CLR 02/M05 A3004 RMK AO2 T00151050,,1.543332,1.5000000000000016,0
UNV,2024-04-22 03:15:00,-77.85,40.85,378.0,33.0,23.0,66.32,250.0,3.0,0.0,30.04,,10.0,,CLR,,,,,,,,,,,,,,,29.83,KUNV 220715Z AUTO 25003KT 10SM CLR 01/M05 A3004 RMK AO2 T00051050,,1.543332,0.5555555555555556,0
UNV,2024-04-22 03:35:00,-77.85,40.85,378.0,31.6,23.5,71.65,220.0,4.0,0.0,30.04,,10.0,,CLR,,,,,,,,,,,,,,,26.95,KUNV 220735Z AUTO 22004KT 10SM CLR 00/M05 A3004 RMK AO2 T10021047,,2.057776,-0.22222222222222143,0
UNV,2024-04-22 03:55:00,-77.85,40.85,378.0,30.7,23.4,74.0,190.0,4.0,0.0,30.04,,10.0,,CLR,,,,,,,,,,,,,,,25.9,KUNV 220755Z AUTO 19004KT 10SM CLR M01/M05 A3004 RMK AO2 T10071048,,2.057776,-0.7222222222222227,0
UNV,2024-04-22 04:15:00,-77.85,40.85,378.0,31.0,23.4,73.11,200.0,3.0,0.0,30.05,,10.0,,CLR,,,,,,,,,,,,,,,27.55,KUNV 220815Z AUTO 20003KT 10SM CLR M01/M05 A3005 RMK AO2 T10061048,,1.543332,-0.5555555555555556,0
UNV,2024-04-22 04:35:00,-77.85,40.85,378.0,32.0,23.0,69.04,220.0,4.0,0.0,30.05,,10.0,,CLR,,,,,,,,,,,,,,,27.42,KUNV 220835Z AUTO 22004KT 10SM CLR 00/M05 A3005 RMK AO2 T10011049,,2.057776,0.0,0
UNV,2024-04-22 04:55:00,-77.85,40.85,378.0,31.6,23.0,70.17,230.0,6.0,0.0,30.06,,10.0,,CLR,,,,,,,,,,,,,,,25.05,KUNV 220855Z AUTO 23006KT 10SM CLR 00/M05 A3006 RMK AO2 T10021050,,3.086664,-0.22222222222222143,0
UNV,2024-04-22 05:15:00,-77.85,40.85,378.0,32.0,23.0,69.04,250.0,6.0,0.0,30.06,,10.0,,CLR,,,,,,,,,,,,,,,25.53,KUNV 220915Z AUTO 25006KT 10SM CLR 00/M05 A3006 RMK AO2 T00011049,,3.086664,0.0,0
UNV,2024-04-22 05:35:00,-77.85,40.85,378.0,32.4,23.4,69.09,0.0,0.0,0.0,30.06,,10.0,,CLR,,,,,,,,,,,,,,,32.4,KUNV 220935Z AUTO 00000KT 10SM CLR 00/M05 A3006 RMK AO2 T00021048,,0.0,0.22222222222222143,0
UNV,2024-04-22 05:53:00,-77.85,40.85,378.0,32.0,23.0,69.04,0.0,0.0,0.0,30.07,,10.0,,CLR,,,,,,,,,,,,,,,32.0,KUNV 220953Z 00000KT 10SM CLR 00/M05 A3007,,0.0,0.0,0
UNV,2024-04-22 06:53:00,-77.85,40.85,378.0,33.8,24.8,69.25,0.0,0.0,0.0,30.08,,10.0,,CLR,,,,,,,,,,,,,,,33.8,KUNV 221053Z 00000KT 10SM CLR 01/M04 A3008,,0.0,0.9999999999999984,0
UNV,2024-04-22 07:53:00,-77.85,40.85,378.0,37.4,24.8,60.04,0.0,0.0,0.0,30.09,,10.0,,CLR,,,,,,,,,,,,,,,37.4,KUNV 221153Z 00000KT 10SM CLR 03/M04 A3009,,0.0,2.999999999999999,0
UNV,2024-04-22 08:53:00,-77.85,40.85,378.0,42.8,28.4,56.48,280.0,6.0,0.0,30.1,,10.0,11.0,CLR,,,,,,,,,,,,,,,38.54,KUNV 221253Z 28006G11KT 10SM CLR 06/M02 A3010,,3.086664,5.999999999999998,0
UNV,2024-04-22 09:53:00,-77.85,40.85,378.0,48.2,30.2,49.53,260.0,7.0,0.0,30.11,,10.0,,CLR,,,,,,,,,,,,,,,44.53,KUNV 221353Z 26007KT 10SM CLR 09/M01 A3011,,3.601108,9.000000000000002,0
UNV,2024-04-22 10:53:00,-77.85,40.85,378.0,50.0,28.4,43.03,270.0,10.0,0.0,30.11,,10.0,,FEW,,,,4500.0,,,,,,,,,,,50.0,KUNV 221453Z 27010KT 10SM FEW045 10/M02 A3011,,5.14444,10.0,2
UNV,2024-04-22 11:53:00,-77.85,40.85,378.0,53.6,23.0,30.11,330.0,7.0,0.0,30.11,,10.0,18.0,CLR,,,,,,,,,,,,,,,53.6,KUNV 221553Z 33007G18KT 300V010 10SM CLR 12/M05 A3011,,3.601108,12.0,0
UNV,2024-04-22 12:53:00,-77.85,40.85,378.0,55.4,23.0,28.2,300.0,14.0,0.0,30.1,,10.0,20.0,FEW,,,,6500.0,,,,,,,,,,,55.4,KUNV 221653Z 30014G20KT 10SM FEW065 13/M05 A3010,,7.202216,13.0,2
UNV,2024-04-22 13:53:00,-77.85,40.85,378.0,57.2,23.0,26.42,330.0,10.0,0.0,30.09,,10.0,,FEW,,,,6500.0,,,,,,,,,,,57.2,KUNV 221753Z 33010KT 300V360 10SM FEW065 14/M05 A3009,,5.14444,14.000000000000002,2
UNV,2024-04-22 14:53:00,-77.85,40.85,378.0,57.2,21.2,24.49,320.0,9.0,0.0,30.07,,10.0,,FEW,,,,7500.0,,,,,,,,,,,57.2,KUNV 221853Z 32009KT 300V360 10SM FEW075 14/M06 A3007,,4.629996,14.000000000000002,2
UNV,2024-04-22 15:53:00,-77.85,40.85,378.0,59.0,21.2,22.95,330.0,10.0,0.0,30.05,,10.0,16.0,FEW,,,,7500.0,,,,,,,,,,,59.0,KUNV 221953Z 33010G16KT 270V030 10SM FEW075 15/M06 A3005,,5.14444,15.0,2
UNV,2024-04-22 16:53:00,-77.85,40.85,378.0,60.8,23.0,23.23,300.0,11.0,0.0,30.04,,10.0,20.0,FEW,,,,7500.0,,,,,,,,,,,60.8,KUNV 222053Z 30011G20KT 10SM FEW075 16/M05 A3004,,5.6588840000000005,16.0,2
UNV,2024-04-22 17:53:00,-77.85,40.85,378.0,59.0,21.2,22.95,310.0,8.0,0.0,30.05,,10.0,15.0,FEW,,,,7500.0,,,,,,,,,,,59.0,KUNV 222153Z 31008G15KT 10SM FEW075 15/M06 A3005,,4.115552,15.0,2
UNV,2024-04-22 18:53:00,-77.85,40.85,378.0,59.0,21.2,22.95,290.0,8.0,0.0,30.05,,10.0,,FEW,,,,7500.0,,,,,,,,,,,59.0,KUNV 222253Z 29008KT 10SM FEW075 15/M06 A3005,,4.115552,15.0,2
UNV,2024-04-22 19:53:00,-77.85,40.85,378.0,55.4,23.0,28.2,280.0,5.0,0.0,30.05,,10.0,,CLR,,,,,,,,,,,,,,,55.4,KUNV 222353Z 28005KT 10SM CLR 13/M05 A3005,,2.57222,13.0,0
UNV,2024-04-22 20:53:00,-77.85,40.85,378.0,51.8,24.8,34.69,270.0,5.0,0.0,30.07,,10.0,,CLR,,,,,,,,,,,,,,,51.8,KUNV 230053Z 27005KT 10SM CLR 11/M04 A3007,,2.57222,10.999999999999998,0
UNV,2024-04-22 21:53:00,-77.85,40.85,378.0,51.8,23.0,32.17,250.0,5.0,0.0,30.1,,10.0,,CLR,,,,,,,,,,,,,,,51.8,KUNV 230153Z 25005KT 10SM CLR 11/M05 A3010,,2.57222,10.999999999999998,0
UNV,2024-04-22 22:15:00,-77.85,40.85,378.0,48.4,24.6,39.03,0.0,0.0,0.0,30.1,,10.0,,CLR,,,,,,,,,,,,,,,48.4,KUNV 230215Z AUTO 00000KT 10SM CLR 09/M04 A3010 RMK AO2 T00911041,,0.0,9.11111111111111,0
UNV,2024-04-22 22:35:00,-77.85,40.85,378.0,47.0,24.8,41.49,180.0,3.0,0.0,30.1,,10.0,,CLR,,,,,,,,,,,,,,,45.84,KUNV 230235Z AUTO 18003KT 10SM CLR 08/M04 A3010 RMK AO2 T00841040,,1.543332,8.333333333333334,0
UNV,2024-04-22 22:55:00,-77.85,40.85,378.0,46.2,25.5,44.02,190.0,3.0,0.0,30.1,,10.0,,CLR,,,,,,,,,,,,,,,44.92,KUNV 230255Z AUTO 19003KT 10SM CLR 08/M04 A3010 RMK AO2 T00791036,,1.543332,7.88888888888889,0
UNV,2024-04-22 23:15:00,-77.85,40.85,378.0,45.5,25.7,45.58,190.0,3.0,0.0,30.1,,10.0,,CLR,,,,,,,,,,,,,,,44.12,KUNV 230315Z AUTO 19003KT 10SM CLR 08/M03 A3010 RMK AO2 T00751035,,1.543332,7.5,0
UNV,2024-04-22 23:35:00,-77.85,40.85,378.0,46.6,24.8,42.12,0.0,0.0,0.0,30.1,,10.0,,CLR,,,,,,,,,,,,,,,46.6,KUNV 230335Z AUTO 00000KT 10SM CLR 08/M04 A3010 RMK AO2 T00811040,,0.0,8.11111111111111,0
UNV,2024-04-22 23:55:00,-77.85,40.85,378.0,45.7,25.0,43.94,0.0,0.0,0.0,30.1,,10.0,,CLR,,,,,,,,,,,,,,,45.7,KUNV 230355Z AUTO 00000KT 10SM CLR 08/M04 A3010 RMK AO2 T00761038,,0.0,7.6111111111111125,0
UNV,2024-04-23 00:15:00,-77.85,40.85,378.0,44.8,25.3,46.04,0.0,0.0,0.0,30.1,,10.0,,CLR,,,,,,,,,,,,,,,44.8,KUNV 230415Z AUTO 00000KT 10SM CLR 07/M04 A3010 RMK AO2 T00711037,,0.0,7.11111111111111,0
UNV,2024-04-23 00:35:00,-77.85,40.85,378.0,46.0,25.0,43.44,0.0,0.0,0.0,30.1,,10.0,,CLR,,,,,,,,,,,,,,,46.0,KUNV 230435Z AUTO 00000KT 10SM CLR 08/M04 A3010 RMK AO2 T00771038,,0.0,7.777777777777778,0
UNV,2024-04-23 00:55:00,-77.85,40.85,378.0,46.4,25.0,42.79,0.0,0.0,0.0,30.1,,10.0,,CLR,,,,,,,,,,,,,,,46.4,KUNV 230455Z AUTO 00000KT 10SM CLR 08/M04 A3010 RMK AO2 T00801039,,0.0,8.0,0
UNV,2024-04-23 01:15:00,-77.85,40.85,378.0,44.8,25.5,46.42,190.0,3.0,0.0,30.1,,10.0,,CLR,,,,,,,,,,,,,,,43.32,KUNV 230515Z AUTO 19003KT 10SM CLR 07/M04 A3010 RMK AO2 T00711036,,1.543332,7.11111111111111,0
UNV,2024-04-23 01:35:00,-77.85,40.85,378.0,45.0,25.7,46.46,0.0,0.0,0.0,30.1,,10.0,,CLR,,,,,,,,,,,,,,,45.0,KUNV 230535Z AUTO 00000KT 10SM CLR 07/M03 A3010 RMK AO2 T00731035,,0.0,7.222222222222222,0
UNV,2024-04-23 01:55:00,-77.85,40.85,378.0,43.3,26.0,50.19,260.0,3.0,0.0,30.09,,10.0,,CLR,,,,,,,,,,,,,,,41.61,KUNV 230555Z AUTO 26003KT 10SM CLR 06/M03 A3009 RMK AO2 T00631033 10126 20063,,1.543332,6.277777777777776,0
UNV,2024-04-23 02:15:00,-77.85,40.85,378.0,43.5,26.0,49.81,0.0,0.0,0.0,30.08,,10.0,,CLR,,,,,,,,,,,,,,,43.5,KUNV 230615Z AUTO 00000KT 10SM CLR 06/M03 A3008 RMK AO2 T00641034,,0.0,6.388888888888889,0
UNV,2024-04-23 02:35:00,-77.85,40.85,378.0,42.6,26.0,51.56,0.0,0.0,0.0,30.08,,10.0,,CLR,,,,,,,,,,,,,,,42.6,KUNV 230635Z AUTO 00000KT 10SM CLR 06/M03 A3008 RMK AO2 T00591034,,0.0,5.888888888888889,0
UNV,2024-04-23 02:55:00,-77.85,40.85,378.0,42.8,25.3,49.7,0.0,0.0,0.0,30.08,,10.0,,CLR,,,,,,,,,,,,,,,42.8,KUNV 230655Z AUTO 00000KT 10SM CLR 06/M04 A3008 RMK AO2 T00601037,,0.0,5.999999999999998,0
UNV,2024-04-23 03:15:00,-77.85,40.85,378.0,41.0,25.5,53.71,0.0,0.0,0.0,30.08,,10.0,,CLR,,,,,,,,,,,,,,,41.0,KUNV 230715Z AUTO 00000KT 10SM CLR 05/M04 A3008 RMK AO2 T00501036,,0.0,5.0,0
UNV,2024-04-23 03:35:00,-77.85,40.85,378.0,39.2,27.0,61.29,0.0,0.0,0.0,30.09,,10.0,,CLR,,,,,,,,,,,,,,,39.2,KUNV 230735Z AUTO 00000KT 10SM CLR 04/M03 A3009 RMK AO2 T00401027,,0.0,4.000000000000002,0
UNV,2024-04-23 03:55:00,-77.85,40.85,378.0,39.0,27.3,62.54,0.0,0.0,0.0,30.09,,10.0,,CLR,,,,,,,,,,,,,,,39.0,KUNV 230755Z AUTO 00000KT 10SM CLR 04/M03 A3009 RMK AO2 T00391026,,0.0,3.888888888888889,0
UNV,2024-04-23 04:15:00,-77.85,40.85,378.0,40.0,27.5,60.65,0.0,0.0,0.0,30.09,,10.0,,CLR,,,,,,,,,,,,,,,40.0,KUNV 230815Z AUTO 00000KT 10SM CLR 05/M02 A3009 RMK AO2 T00451025,,0.0,4.444444444444445,0
UNV,2024-04-23 04:35:00,-77.85,40.85,378.0,38.7,27.3,63.28,0.0,0.0,0.0,30.1,,10.0,,CLR,,,,,,,,,,,,,,,38.7,KUNV 230835Z AUTO 00000KT 10SM CLR 04/M03 A3010 RMK AO2 T00371026,,0.0,3.7222222222222237,0
UNV,2024-04-23 04:55:00,-77.85,40.85,378.0,37.6,27.5,66.62,0.0,0.0,0.0,30.1,,10.0,,CLR,,,,,,,,,,,,,,,37.6,KUNV 230855Z AUTO 00000KT 10SM CLR 03/M02 A3010 RMK AO2 T00311025,,0.0,3.111111111111112,0
UNV,2024-04-23 05:15:00,-77.85,40.85,378.0,35.6,27.5,72.09,0.0,0.0,0.0,30.1,,10.0,,CLR,,,,,,,,,,,,,,,35.6,KUNV 230915Z AUTO 00000KT 10SM CLR 02/M02 A3010 RMK AO2 T00201025,,0.0,2.000000000000001,0
UNV,2024-04-23 05:35:00,-77.85,40.85,378.0,37.4,27.0,65.77,0.0,0.0,0.0,30.1,,10.0,,CLR,,,,,,,,,,,,,,,37.4,KUNV 230935Z AUTO 00000KT 10SM CLR 03/M03 A3010 RMK AO2 T00301028,,0.0,2.999999999999999,0
UNV,2024-04-23 05:53:00,-77.85,40.85,378.0,35.6,26.6,69.46,0.0,0.0,0.0,30.1,,10.0,,CLR,,,,,,,,,,,,,,,35.6,KUNV 230953Z 00000KT 10SM CLR 02/M03 A3010,,0.0,2.000000000000001,0
UNV,2024-04-23 06:53:00,-77.85,40.85,378.0,37.4,26.6,64.7,0.0,0.0,0.0,30.12,,10.0,,CLR,,,,,,,,,,,,,,,37.4,KUNV 231053Z 00000KT 10SM CLR 03/M03 A3012,,0.0,2.999999999999999,0
UNV,2024-04-23 07:53:00,-77.85,40.85,378.0,39.2,30.2,69.88,0.0,0.0,0.0,30.12,,10.0,,CLR,,,,,,,,,,,,,,,39.2,KUNV 231153Z 00000KT 10SM CLR 04/M01 A3012,,0.0,4.000000000000002,0
UNV,2024-04-23 08:53:00,-77.85,40.85,378.0,46.4,32.0,57.0,0.0,0.0,0.0,30.12,,10.0,,CLR,,,,,,,,,,,,,,,46.4,KUNV 231253Z 00000KT 10SM CLR 08/00 A3012,,0.0,8.0,0
UNV,2024-04-23 09:53:00,-77.85,40.85,378.0,53.6,32.0,43.61,210.0,5.0,0.0,30.1,,10.0,,CLR,,,,,,,,,,,,,,,53.6,KUNV 231353Z 21005KT 10SM CLR 12/00 A3010,,2.57222,12.0,0
UNV,2024-04-23 10:53:00,-77.85,40.85,378.0,59.0,30.2,33.35,220.0,14.0,0.0,30.07,,10.0,19.0,CLR,,,,,,,,,,,,,,,59.0,KUNV 231453Z 22014G19KT 10SM CLR 15/M01 A3007,,7.202216,15.0,0
UNV,2024-04-23 11:53:00,-77.85,40.85,378.0,60.8,30.2,31.28,210.0,10.0,0.0,30.03,,10.0,16.0,CLR,,,,,,,,,,,,,,,60.8,KUNV 231553Z 21010G16KT 10SM CLR 16/M01 A3003,,5.14444,16.0,0
UNV,2024-04-23 12:53:00,-77.85,40.85,378.0,62.6,28.4,27.27,190.0,11.0,0.0,29.99,,10.0,18.0,CLR,,,,,,,,,,,,,,,62.6,KUNV 231653Z 19011G18KT 10SM CLR 17/M02 A2999,,5.6588840000000005,17.0,0
UNV,2024-04-23 13:53:00,-77.85,40.85,378.0,64.4,28.4,25.6,220.0,11.0,0.0,29.98,,10.0,20.0,CLR,,,,,,,,,,,,,,,64.4,KUNV 231753Z 22011G20KT 10SM CLR 18/M02 A2998,,5.6588840000000005,18.000000000000004,0
UNV,2024-04-23 14:53:00,-77.85,40.85,378.0,64.4,28.4,25.6,210.0,10.0,0.0,29.94,,10.0,17.0,CLR,,,,,,,,,,,,,,,64.4,KUNV 231853Z 21010G17KT 10SM CLR 18/M02 A2994,,5.14444,18.000000000000004,0
UNV,2024-04-23 15:53:00,-77.85,40.85,378.0,68.0,30.2,24.32,190.0,9.0,0.0,29.89,,10.0,14.0,CLR,,,,,,,,,,,,,,,68.0,KUNV 231953Z 19009G14KT 150V220 10SM CLR 20/M01 A2989,,4.629996,20.0,0
UNV,2024-04-23 16:53:00,-77.85,40.85,378.0,66.2,28.4,24.04,240.0,11.0,0.0,29.88,,10.0,,CLR,,,,,,,,,,,,,,,66.2,KUNV 232053Z 24011KT 10SM CLR 19/M02 A2988,,5.6588840000000005,19.0,0
UNV,2024-04-23 17:53:00,-77.85,40.85,378.0,66.2,28.4,24.04,220.0,11.0,0.0,29.87,,10.0,15.0,CLR,,,,,,,,,,,,,,,66.2,KUNV 232153Z 22011G15KT 10SM CLR 19/M02 A2987,,5.6588840000000005,19.0,0
UNV,2024-04-23 18:53:00,-77.85,40.85,378.0,64.4,28.4,25.6,270.0,7.0,0.0,29.86,,10.0,,CLR,,,,,,,,,,,,,,,64.4,KUNV 232253Z 27007KT 10SM CLR 18/M02 A2986,,3.601108,18.000000000000004,0
UNV,2024-04-23 19:53:00,-77.85,40.85,378.0,62.6,26.6,25.32,270.0,5.0,0.0,29.86,,10.0,,CLR,,,,,,,,,,,,,,,62.6,KUNV 232353Z 27005KT 10SM CLR 17/M03 A2986,,2.57222,17.0,0
UNV,2024-04-23 20:53:00,-77.85,40.85,378.0,60.8,28.4,29.06,0.0,0.0,0.0,29.88,,10.0,,CLR,,,,,,,,,,,,,,,60.8,KUNV 240053Z 00000KT 10SM CLR 16/M02 A2988,,0.0,16.0,0
UNV,2024-04-23 21:53:00,-77.85,40.85,378.0,60.8,28.4,29.06,0.0,0.0,0.0,29.87,,10.0,,CLR,,,,,,,,,,,,,,,60.8,KUNV 240153Z 00000KT 10SM CLR 16/M02 A2987,,0.0,16.0,0
UNV,2024-04-23 22:15:00,-77.85,40.85,378.0,58.0,32.0,37.18,320.0,3.0,0.0,29.86,,10.0,,CLR,,,,,,,,,,,,,,,58.0,KUNV 240215Z AUTO 32003KT 10SM CLR 14/00 A2986 RMK AO2 T01440001,,1.543332,14.444444444444445,0
UNV,2024-04-23 22:35:00,-77.85,40.85,378.0,57.4,31.0,36.48,0.0,0.0,0.0,29.86,,7.0,,CLR,,,,,,,,,,,,,,,57.4,KUNV 240235Z AUTO 00000KT 7SM CLR 14/M01 A2986 RMK AO2 LTG DSNT W T01411006,,0.0,14.11111111111111,0
UNV,2024-04-23 22:55:00,-77.85,40.85,378.0,58.0,31.0,35.7,0.0,0.0,0.0,29.85,,10.0,,CLR,,,,,,,,,,,,,,,58.0,KUNV 240255Z AUTO 00000KT 10SM CLR 15/00 A2985 RMK AO2 T01451005,,0.0,14.444444444444445,0
UNV,2024-04-23 23:15:00,-77.85,40.85,378.0,56.0,33.6,42.61,0.0,0.0,0.0,29.83,,7.0,,CLR,,,,,,,,,,,,,,,56.0,KUNV 240315Z AUTO 00000KT 7SM CLR 13/01 A2983 RMK AO2 T01340009,,0.0,13.333333333333334,0
UNV,2024-04-23 23:35:00,-77.85,40.85,378.0,56.0,32.0,39.96,290.0,3.0,0.0,29.83,,7.0,,CLR,,,,,,,,,,,,,,,56.0,KUNV 240335Z AUTO 29003KT 7SM CLR 13/00 A2983 RMK AO2 T01340000,,1.543332,13.333333333333334,0
UNV,2024-04-23 23:55:00,-77.85,40.85,378.0,57.2,30.2,35.57,280.0,6.0,0.0,29.84,,10.0,,CLR,,,,,,,,,,,,,,,57.2,KUNV 240355Z AUTO 28006KT 10SM CLR 14/M01 A2984 RMK AO2 T01401010,,3.086664,14.000000000000002,0
UNV,2024-04-24 00:15:00,-77.85,40.85,378.0,57.6,30.6,35.64,290.0,5.0,0.0,29.84,,10.0,,CLR,,,,,,,,,,,,,,,57.6,KUNV 240415Z AUTO 29005KT 10SM CLR 14/M01 A2984 RMK AO2 T01421008,,2.57222,14.222222222222221,0
UNV,2024-04-24 00:35:00,-77.85,40.85,378.0,57.7,32.0,37.58,300.0,12.0,0.0,29.85,,10.0,22.0,CLR,,,,,,,,,,,,,,,57.7,KUNV 240435Z AUTO 30012G22KT 10SM CLR 14/00 A2985 RMK AO2 T01430000,,6.173328,14.277777777777779,0
UNV,2024-04-24 00:55:00,-77.85,40.85,378.0,56.3,34.5,43.69,270.0,10.0,0.0,29.86,,10.0,14.0,SCT,,,,9000.0,,,,,,,,,,,56.3,KUNV 240455Z AUTO 27010G14KT 10SM SCT090 14/01 A2986 RMK AO2 T01350014,,5.14444,13.499999999999998,4
UNV,2024-04-24 01:15:00,-77.85,40.85,378.0,55.6,36.3,48.14,250.0,9.0,0.0,29.87,,10.0,14.0,SCT,,,,8000.0,,,,,,,,,,,55.6,KUNV 240515Z AUTO 25009G14KT 10SM SCT080 13/02 A2987 RMK AO2 T01310024,,4.629996,13.11111111111111,4
UNV,2024-04-24 01:35:00,-77.85,40.85,378.0,55.4,37.2,50.24,260.0,11.0,0.0,29.86,,10.0,14.0,SCT,,,,8000.0,,,,,,,,,,,55.4,KUNV 240535Z AUTO 26011G14KT 10SM SCT080 13/03 A2986 RMK AO2 T01300029,,5.6588840000000005,13.0,4
UNV,2024-04-24 01:55:00,-77.85,40.85,378.0,54.7,37.4,51.94,240.0,8.0,0.0,29.85,,10.0,,SCT,SCT,,,7500.0,9000.0,,,,,,,,,,54.7,KUNV 240555Z AUTO 24008KT 10SM SCT075 SCT090 13/03 A2985 RMK AO2 T01260030 10167 20123,,4.115552,12.611111111111112,4
UNV,2024-04-24 02:15:00,-77.85,40.85,378.0,54.5,37.8,53.15,240.0,8.0,0.0,29.84,,10.0,,SCT,,,,7500.0,,,,,,,,,,,54.5,KUNV 240615Z AUTO 24008KT 10SM SCT075 13/03 A2984 RMK AO2 T01250032,,4.115552,12.5,4
UNV,2024-04-24 02:35:00,-77.85,40.85,378.0,53.8,38.3,55.61,240.0,6.0,0.0,29.83,,10.0,,CLR,,,,,,,,,,,,,,,53.8,KUNV 240635Z AUTO 24006KT 10SM CLR 12/04 A2983 RMK AO2 T01210035,,3.086664,12.111111111111109,0
UNV,2024-04-24 02:55:00,-77.85,40.85,378.0,53.6,38.3,56.02,240.0,6.0,0.0,29.83,,10.0,,SCT,,,,6500.0,,,,,,,,,,,53.6,KUNV 240655Z AUTO 24006KT 10SM SCT065 12/04 A2983 RMK AO2 T01200035,,3.086664,12.0,4
UNV,2024-04-24 03:15:00,-77.85,40.85,378.0,54.5,38.0,53.57,230.0,12.0,0.0,29.82,,10.0,16.0,SCT,SCT,,,5500.0,6500.0,,,,,,,,,,54.5,KUNV 240715Z AUTO 23012G16KT 10SM SCT055 SCT065 13/03 A2982 RMK AO2 T01250034,,6.173328,12.5,4
UNV,2024-04-24 03:35:00,-77.85,40.85,378.0,54.0,38.3,55.2,250.0,6.0,0.0,29.82,,10.0,,SCT,BKN,,,4900.0,5500.0,,,,,,,,,,54.0,KUNV 240735Z AUTO 25006KT 10SM SCT049 BKN055 12/04 A2982 RMK AO2 T01230035,,3.086664,12.222222222222221,6
UNV,2024-04-24 03:55:00,-77.85,40.85,378.0,53.0,38.3,57.26,240.0,8.0,0.0,29.83,,10.0,,SCT,SCT,,,4700.0,5500.0,,,,,,,,,,53.0,KUNV 240755Z AUTO 24008KT 10SM SCT047 SCT055 12/04 A2983 RMK AO2 T01160035,,4.115552,11.666666666666666,4
UNV,2024-04-24 04:15:00,-77.85,40.85,378.0,52.7,40.0,61.87,250.0,9.0,0.0,29.83,,10.0,,SCT,SCT,BKN,,1100.0,2300.0,3900.0,,-RA,,,,,,,52.7,KUNV 240815Z AUTO 25009KT 10SM -RA SCT011 SCT023 BKN039 12/05 A2983 RMK AO2 T01150045,,4.629996,11.500000000000002,6
UNV,2024-04-24 04:35:00,-77.85,40.85,378.0,53.0,41.0,63.61,280.0,6.0,0.0,29.84,,10.0,,SCT,SCT,BKN,,900.0,1500.0,3700.0,,RA,,,,,,,53.0,KUNV 240835Z AUTO 28006KT 10SM RA SCT009 SCT015 BKN037 12/05 A2984 RMK AO2 T01170051,,3.086664,11.666666666666666,6
UNV,2024-04-24 04:55:00,-77.85,40.85,378.0,51.0,43.5,75.4,250.0,12.0,0.0,29.85,,10.0,,SCT,BKN,OVC,,1000.0,1500.0,3600.0,,-RA,,,,,,,51.0,KUNV 240855Z AUTO 25012KT 10SM -RA SCT010 BKN015 OVC036 11/06 A2985 RMK AO2 T01060064,,6.173328,10.555555555555555,8
UNV,2024-04-24 05:15:00,-77.85,40.85,378.0,51.0,43.7,75.98,250.0,8.0,0.0,29.84,,10.0,,SCT,SCT,BKN,,1200.0,2000.0,3400.0,,,,,,,,,51.0,KUNV 240915Z AUTO 25008KT 10SM SCT012 SCT020 BKN034 11/07 A2984 RMK AO2 T01050065,,4.115552,10.555555555555555,6
UNV,2024-04-24 05:35:00,-77.85,40.85,378.0,51.0,43.3,74.82,260.0,8.0,0.0,29.84,,10.0,,SCT,SCT,,,3700.0,6500.0,,,,,,,,,,51.0,KUNV 240935Z AUTO 26008KT 10SM SCT037 SCT065 11/06 A2984 RMK AO2 T01050063,,4.115552,10.555555555555555,4
UNV,2024-04-24 05:53:00,-77.85,40.85,378.0,51.8,42.8,71.26,280.0,8.0,0.0,29.84,,10.0,,SCT,,,,3900.0,,,,,,,,,,,51.8,KUNV 240953Z 28008KT 10SM SCT039 11/06 A2984,,4.115552,10.999999999999998,4
UNV,2024-04-24 06:53:00,-77.85,40.85,378.0,50.0,42.8,76.18,280.0,10.0,0.0,29.86,,10.0,,SCT,SCT,,,3500.0,4500.0,,,,,,,,,,50.0,KUNV 241053Z 28010KT 10SM SCT035 SCT045 10/06 A2986,,5.14444,10.0,4
UNV,2024-04-24 07:53:00,-77.85,40.85,378.0,51.8,42.8,71.26,200.0,5.0,0.0,29.88,,10.0,,SCT,,,,3800.0,,,,,,,,,,,51.8,KUNV 241153Z 20005KT 10SM SCT038 11/06 A2988,,2.57222,10.999999999999998,4
UNV,2024-04-24 08:53:00,-77.85,40.85,378.0,51.8,42.8,71.26,270.0,5.0,0.0,29.89,,10.0,,BKN,BKN,,,3000.0,4500.0,,,,,,,,,,51.8,KUNV 241253Z 27005KT 10SM BKN030 BKN045 11/06 A2989,,2.57222,10.999999999999998,6
UNV,2024-04-24 09:53:00,-77.85,40.85,378.0,53.6,41.0,62.23,330.0,5.0,0.0,29.89,,10.0,,BKN,BKN,,,2800.0,3700.0,,,,,,,,,,53.6,KUNV 241353Z 33005KT 10SM BKN028 BKN037 12/05 A2989,,2.57222,12.0,6
UNV,2024-04-24 10:05:00,-77.85,40.85,378.0,50.0,42.8,76.18,280.0,9.0,0.0,29.91,,,,BKN,BKN,,,1400.0,2900.0,,,-RA,,,,,,,50.0,KUNV 241405Z 28009KT 7 SM -RA BKN014 BKN029 10/06 A2991 RMK VIS SE THRU SW 2 1/2,,4.629996,10.0,6
UNV,2024-04-24 10:53:00,-77.85,40.85,378.0,50.0,46.4,87.37,240.0,8.0,0.0,29.92,,10.0,,SCT,SCT,,,1000.0,3900.0,,,VCSH,,,,,,,50.0,KUNV 241453Z 24008KT 10SM VCSH SCT010 SCT039 10/08 A2992,,4.115552,10.0,4
UNV,2024-04-24 11:53:00,-77.85,40.85,378.0,53.6,44.6,71.45,300.0,4.0,0.0,29.94,,10.0,,SCT,SCT,BKN,,800.0,2000.0,2500.0,,VCSH,,,,,,,53.6,KUNV 241553Z 30004KT 10SM VCSH SCT008 SCT020 BKN025 12/07 A2994,,2.057776,12.0,6
UNV,2024-04-24 12:53:00,-77.85,40.85,378.0,57.2,42.8,58.52,290.0,12.0,0.0,29.95,,10.0,18.0,SCT,BKN,,,3400.0,3900.0,,,VCSH,,,,,,,57.2,KUNV 241653Z 29012G18KT 10SM VCSH SCT034 BKN039 14/06 A2995,,6.173328,14.000000000000002,6
UNV,2024-04-24 13:53:00,-77.85,40.85,378.0,60.8,42.8,51.45,300.0,10.0,0.0,29.95,,10.0,15.0,BKN,,,,3600.0,,,,-RA,,,,,,,60.8,KUNV 241753Z 30010G15KT 10SM -RA BKN036 16/06 A2995,,5.14444,16.0,6
UNV,2024-04-24 14:53:00,-77.85,40.85,378.0,60.8,44.6,55.12,280.0,13.0,0.0,29.96,,10.0,18.0,BKN,,,,4500.0,,,,,,,,,,,60.8,KUNV 241853Z 28013G18KT 10SM BKN045 16/07 A2996,,6.687772,16.0,6
UNV,2024-04-24 15:53:00,-77.85,40.85,378.0,60.8,37.4,41.71,330.0,13.0,0.0,29.97,,10.0,19.0,BKN,BKN,,,4500.0,5000.0,,,,,,,,,,60.8,KUNV 241953Z 33013G19KT 10SM BKN045 BKN050 16/03 A2997,,6.687772,16.0,6
UNV,2024-04-24 16:53:00,-77.85,40.85,378.0,59.0,37.4,44.47,300.0,14.0,0.0,29.98,,10.0,19.0,BKN,BKN,,,4000.0,4500.0,,,,,,,,,,59.0,KUNV 242053Z 30014G19KT 10SM BKN040 BKN045 15/03 A2998,,7.202216,15.0,6
UNV,2024-04-24 17:53:00,-77.85,40.85,378.0,59.0,37.4,44.47,330.0,7.0,0.0,30.01,,10.0,15.0,BKN,BKN,,,4000.0,4500.0,,,,,,,,,,59.0,KUNV 242153Z 33007G15KT 10SM BKN040 BKN045 15/03 A3001,,3.601108,15.0,6
UNV,2024-04-24 18:53:00,-77.85,40.85,378.0,57.2,37.4,47.44,320.0,10.0,0.0,30.03,,10.0,,BKN,BKN,,,4800.0,6000.0,,,,,,,,,,57.2,KUNV 242253Z 32010KT 10SM BKN048 BKN060 14/03 A3003,,5.14444,14.000000000000002,6
UNV,2024-04-24 19:53:00,-77.85,40.85,378.0,55.4,39.2,54.34,330.0,10.0,0.0,30.06,,10.0,17.0,BKN,BKN,,,4000.0,5000.0,,,,,,,,,,55.4,KUNV 242353Z 33010G17KT 10SM BKN040 BKN050 13/04 A3006,,5.14444,13.0,6
UNV,2024-04-24 20:53:00,-77.85,40.85,378.0,51.8,37.4,57.77,330.0,10.0,0.0,30.1,,10.0,,SCT,SCT,,,4000.0,5000.0,,,,,,,,,,51.8,KUNV 250053Z 33010KT 10SM SCT040 SCT050 11/03 A3010,,5.14444,10.999999999999998,4
UNV,2024-04-24 21:53:00,-77.85,40.85,378.0,48.2,39.2,70.88,330.0,6.0,0.0,30.13,,10.0,,SCT,SCT,,,2800.0,4000.0,,,,,,,,,,45.04,KUNV 250153Z 33006KT 270V360 10SM SCT028 SCT040 09/04 A3013,,3.086664,9.000000000000002,4
UNV,2024-04-24 22:15:00,-77.85,40.85,378.0,48.6,38.3,67.41,330.0,5.0,0.0,30.14,,10.0,,SCT,,,,3000.0,,,,,,,,,,,46.11,KUNV 250215Z AUTO 33005KT 10SM SCT030 09/04 A3014 RMK AO2 T00920035,,2.57222,9.222222222222221,4
UNV,2024-04-24 22:35:00,-77.85,40.85,378.0,48.7,38.3,67.16,340.0,4.0,0.0,30.14,,10.0,,BKN,BKN,,,3400.0,4200.0,,,,,,,,,,46.92,KUNV 250235Z AUTO 34004KT 10SM BKN034 BKN042 09/04 A3014 RMK AO2 T00930035,,2.057776,9.277777777777779,6
UNV,2024-04-24 22:55:00,-77.85,40.85,378.0,47.3,39.2,73.31,40.0,8.0,0.0,30.15,,10.0,,SCT,OVC,,,2500.0,3200.0,,,,,,,,,,42.96,KUNV 250255Z AUTO 04008KT 10SM SCT025 OVC032 09/04 A3015 RMK AO2 T00850040,,4.115552,8.499999999999998,8
UNV,2024-04-24 23:15:00,-77.85,40.85,378.0,46.4,38.7,74.38,50.0,7.0,0.0,30.15,,10.0,,BKN,BKN,BKN,,2500.0,3200.0,4300.0,,,,,,,,,42.33,KUNV 250315Z AUTO 05007KT 10SM BKN025 BKN032 BKN043 08/04 A3015 RMK AO2 T00800037,,3.601108,8.0,6
UNV,2024-04-24 23:35:00,-77.85,40.85,378.0,45.5,38.0,74.87,50.0,4.0,0.0,30.16,,10.0,8.0,OVC,,,,2100.0,,,,,,,,,,,43.18,KUNV 250335Z AUTO 05004G08KT 10SM OVC021 08/03 A3016 RMK AO2 T00750034,,2.057776,7.5,8
UNV,2024-04-24 23:55:00,-77.85,40.85,378.0,44.8,36.5,72.48,40.0,8.0,0.0,30.17,,10.0,,OVC,,,,2100.0,,,,,,,,,,,39.88,KUNV 250355Z AUTO 04008KT 10SM OVC021 07/03 A3017 RMK AO2 T00710025,,4.115552,7.11111111111111,8
UNV,2024-04-25 00:15:00,-77.85,40.85,378.0,44.4,35.6,71.02,0.0,0.0,0.0,30.17,,10.0,,BKN,OVC,,,2100.0,2900.0,,,,,,,,,,44.4,KUNV 250415Z AUTO 00000KT 10SM BKN021 OVC029 07/02 A3017 RMK AO2 T00690020,,0.0,6.888888888888888,8
UNV,2024-04-25 00:35:00,-77.85,40.85,378.0,44.0,35.0,70.42,40.0,9.0,0.0,30.17,,10.0,,BKN,BKN,BKN,,2100.0,2900.0,3400.0,,,,,,,,,38.44,KUNV 250435Z AUTO 04009KT 10SM BKN021 BKN029 BKN034 07/02 A3017 RMK AO2 T00670017,,4.629996,6.666666666666667,6
UNV,2024-04-25 00:55:00,-77.85,40.85,378.0,44.0,34.7,69.58,40.0,7.0,0.0,30.18,,10.0,,BKN,BKN,BKN,,2300.0,3300.0,4200.0,,,,,,,,,39.41,KUNV 250455Z AUTO 04007KT 10SM BKN023 BKN033 BKN042 07/02 A3018 RMK AO2 T00670015,,3.601108,6.666666666666667,6
UNV,2024-04-25 01:15:00,-77.85,40.85,378.0,43.3,35.6,74.07,50.0,8.0,0.0,30.18,,10.0,,SCT,BKN,BKN,,2300.0,2900.0,4500.0,,,,,,,,,38.03,KUNV 250515Z AUTO 05008KT 10SM SCT023 BKN029 BKN045 06/02 A3018 RMK AO2 T00630020,,4.115552,6.277777777777776,6
UNV,2024-04-25 01:35:00,-77.85,40.85,378.0,42.8,35.4,74.91,50.0,7.0,0.0,30.18,,10.0,,BKN,BKN,BKN,,2100.0,3100.0,3600.0,,,,,,,,,37.94,KUNV 250535Z AUTO 05007KT 10SM BKN021 BKN031 BKN036 06/02 A3018 RMK AO2 T00600019,,3.601108,5.999999999999998,6
UNV,2024-04-25 01:55:00,-77.85,40.85,378.0,41.5,35.6,79.38,80.0,4.0,0.0,30.18,,10.0,,OVC,,,,2100.0,,,,,,,,,,,38.51,KUNV 250555Z AUTO 08004KT 10SM OVC021 05/02 A3018 RMK AO2 T00530020 10121 20053,,2.057776,5.277777777777778,8
UNV,2024-04-25 02:15:00,-77.85,40.85,378.0,41.0,34.7,78.09,60.0,8.0,0.0,30.19,,10.0,,OVC,,,,1900.0,,,,,,,,,,,35.2,KUNV 250615Z AUTO 06008KT 10SM OVC019 05/02 A3019 RMK AO2 T00500015,,4.115552,5.0,8
UNV,2024-04-25 02:35:00,-77.85,40.85,378.0,40.3,34.7,80.23,60.0,3.0,0.0,30.2,,10.0,,BKN,BKN,,,1600.0,2100.0,,,-DZ,,,,,,,38.18,KUNV 250635Z AUTO 06003KT 10SM -DZ BKN016 BKN021 05/02 A3020 RMK AO2 T00460015,,1.543332,4.61111111111111,6
UNV,2024-04-25 02:55:00,-77.85,40.85,378.0,39.6,34.0,80.18,40.0,10.0,0.0,30.2,,10.0,14.0,BKN,,,,1600.0,,,,-DZ,,,,,,,32.5,KUNV 250655Z AUTO 04010G14KT 10SM -DZ BKN016 04/01 A3020 RMK AO2 T00420012,,5.14444,4.222222222222223,6
UNV,2024-04-25 03:15:00,-77.85,40.85,378.0,39.2,31.0,72.18,50.0,10.0,0.0,30.21,,10.0,14.0,OVC,,,,1800.0,,,,,,,,,,,32.0,KUNV 250715Z AUTO 05010G14KT 10SM OVC018 04/00 A3021 RMK AO2 T00401005,,5.14444,4.000000000000002,8
UNV,2024-04-25 03:35:00,-77.85,40.85,378.0,39.2,29.0,66.54,40.0,8.0,0.0,30.22,,10.0,,OVC,,,,1800.0,,,,,,,,,,,32.98,KUNV 250735Z AUTO 04008KT 10SM OVC018 04/M02 A3022 RMK AO2 T00401016,,4.115552,4.000000000000002,8
UNV,2024-04-25 03:55:00,-77.85,40.85,378.0,39.2,27.5,62.57,0.0,0.0,0.0,30.23,,10.0,,OVC,,,,2200.0,,,,,,,,,,,39.2,KUNV 250755Z AUTO 00000KT 10SM OVC022 04/M02 A3023 RMK AO2 T00401025,,0.0,4.000000000000002,8
UNV,2024-04-25 04:15:00,-77.85,40.85,378.0,38.5,26.2,60.95,50.0,9.0,0.0,30.23,,10.0,14.0,BKN,,,,2400.0,,,,,,,,,,,31.6,KUNV 250815Z AUTO 05009G14KT 10SM BKN024 04/M03 A3023 RMK AO2 T00361032,,4.629996,3.611111111111111,6
UNV,2024-04-25 04:35:00,-77.85,40.85,378.0,38.0,25.5,60.37,0.0,0.0,0.0,30.24,,10.0,,BKN,,,,2400.0,,,,,,,,,,,38.0,KUNV 250835Z AUTO 00000KT 10SM BKN024 03/M04 A3024 RMK AO2 T00341036,,0.0,3.3333333333333335,6
UNV,2024-04-25 04:55:00,-77.85,40.85,378.0,38.0,23.7,56.01,50.0,11.0,0.0,30.24,,10.0,15.0,BKN,OVC,,,2600.0,5000.0,,,,,,,,,,30.05,KUNV 250855Z AUTO 05011G15KT 10SM BKN026 OVC050 03/M05 A3024 RMK AO2 T00331046,,5.6588840000000005,3.3333333333333335,8
UNV,2024-04-25 05:15:00,-77.85,40.85,378.0,37.4,23.0,55.68,40.0,4.0,0.0,30.26,,10.0,,SCT,OVC,,,2600.0,5000.0,,,,,,,,,,33.73,KUNV 250915Z AUTO 04004KT 10SM SCT026 OVC050 03/M05 A3026 RMK AO2 T00301049,,2.057776,2.999999999999999,8
UNV,2024-04-25 05:35:00,-77.85,40.85,378.0,37.4,23.0,55.68,40.0,9.0,0.0,30.26,,10.0,,OVC,,,,5000.0,,,,,,,,,,,30.23,KUNV 250935Z AUTO 04009KT 10SM OVC050 03/M05 A3026 RMK AO2 T00301051,,4.629996,2.999999999999999,8
UNV,2024-04-25 05:53:00,-77.85,40.85,378.0,37.4,21.2,51.61,50.0,7.0,0.0,30.26,,10.0,,OVC,,,,5000.0,,,,,,,,,,,31.36,KUNV 250953Z 05007KT 10SM OVC050 03/M06 A3026,,3.601108,2.999999999999999,8
UNV,2024-04-25 06:53:00,-77.85,40.85,378.0,37.4,23.0,55.68,50.0,7.0,0.0,30.29,,10.0,,OVC,,,,5000.0,,,,,,,,,,,31.36,KUNV 251053Z 05007KT 10SM OVC050 03/M05 A3029,,3.601108,2.999999999999999,8
UNV,2024-04-25 07:53:00,-77.85,40.85,378.0,37.4,23.0,55.68,50.0,8.0,0.0,30.31,,10.0,,SCT,,,,5000.0,,,,,,,,,,,30.76,KUNV 251153Z 05008KT 10SM SCT050 03/M05 A3031,,4.115552,2.999999999999999,4
UNV,2024-04-25 08:53:00,-77.85,40.85,378.0,39.2,21.2,48.1,70.0,5.0,0.0,30.33,,10.0,,SCT,,,,5000.0,,,,,,,,,,,34.95,KUNV 251253Z 07005KT 10SM SCT050 04/M06 A3033,,2.57222,4.000000000000002,4
UNV,2024-04-25 09:53:00,-77.85,40.85,378.0,41.0,21.2,44.85,80.0,5.0,0.0,30.33,,10.0,,CLR,,,,,,,,,,,,,,,37.08,KUNV 251353Z 08005KT 10SM CLR 05/M06 A3033,,2.57222,5.0,0
UNV,2024-04-25 10:53:00,-77.85,40.85,378.0,44.6,21.2,39.06,60.0,5.0,0.0,30.33,,10.0,,CLR,,,,,,,,,,,,,,,41.36,KUNV 251453Z 06005KT 10SM CLR 07/M06 A3033,,2.57222,7.000000000000001,0
UNV,2024-04-25 11:53:00,-77.85,40.85,378.0,48.2,21.2,34.09,40.0,5.0,0.0,30.32,,10.0,,CLR,,,,,,,,,,,,,,,45.63,KUNV 251553Z COR 04005KT 10SM CLR 09/M06 A3032,,2.57222,9.000000000000002,0
UNV,2024-04-25 12:53:00,-77.85,40.85,378.0,51.8,23.0,32.17,20.0,8.0,0.0,30.3,,10.0,,CLR,,,,,,,,,,,,,,,51.8,KUNV 251653Z 02008KT 10SM CLR 11/M05 A3030,,4.115552,10.999999999999998,0
UNV,2024-04-25 13:53:00,-77.85,40.85,378.0,53.6,24.8,32.46,10.0,3.0,0.0,30.28,,10.0,,CLR,,,,,,,,,,,,,,,53.6,KUNV 251753Z 01003KT 10SM CLR 12/M04 A3028,,1.543332,12.0,0
UNV,2024-04-25 14:53:00,-77.85,40.85,378.0,53.6,26.6,34.98,330.0,4.0,0.0,30.27,,10.0,,CLR,,,,,,,,,,,,,,,53.6,KUNV 251853Z 33004KT 10SM CLR 12/M03 A3027,,2.057776,12.0,0
UNV,2024-04-25 15:53:00,-77.85,40.85,378.0,55.4,26.6,32.76,,4.0,0.0,30.24,,10.0,,FEW,,,,6000.0,,,,,,,,,,,55.4,KUNV 251953Z VRB04KT 10SM FEW060 13/M03 A3024,,2.057776,13.0,2
UNV,2024-04-25 16:53:00,-77.85,40.85,378.0,55.4,28.4,35.28,,5.0,0.0,30.24,,10.0,,SCT,,,,6000.0,,,,,,,,,,,55.4,KUNV 252053Z VRB05KT 10SM SCT060 13/M02 A3024,,2.57222,13.0,4
UNV,2024-04-25 17:53:00,-77.85,40.85,378.0,55.4,23.0,28.2,,3.0,0.0,30.24,,10.0,,SCT,,,,6500.0,,,,,,,,,,,55.4,KUNV 252153Z VRB03KT 10SM SCT065 13/M05 A3024,,1.543332,13.0,4
UNV,2024-04-25 18:53:00,-77.85,40.85,378.0,55.4,23.0,28.2,0.0,0.0,0.0,30.25,,10.0,,FEW,,,,6500.0,,,,,,,,,,,55.4,KUNV 252253Z 00000KT 10SM FEW065 13/M05 A3025,,0.0,13.0,2
UNV,2024-04-25 19:53:00,-77.85,40.85,378.0,53.6,21.2,27.91,0.0,0.0,0.0,30.25,,10.0,,CLR,,,,,,,,,,,,,,,53.6,KUNV 252353Z 00000KT 10SM CLR 12/M06 A3025,,0.0,12.0,0
UNV,2024-04-25 20:53:00,-77.85,40.85,378.0,53.6,23.0,30.11,0.0,0.0,0.0,30.26,,10.0,,CLR,,,,,,,,,,,,,,,53.6,KUNV 260053Z 00000KT 10SM CLR 12/M05 A3026,,0.0,12.0,0
UNV,2024-04-25 21:53:00,-77.85,40.85,378.0,50.0,24.8,37.08,0.0,0.0,0.0,30.27,,10.0,,CLR,,,,,,,,,,,,,,,50.0,KUNV 260153Z 00000KT 10SM CLR 10/M04 A3027,,0.0,10.0,0
UNV,2024-04-25 22:15:00,-77.85,40.85,378.0,48.0,25.5,41.13,360.0,3.0,0.0,30.28,,10.0,,CLR,,,,,,,,,,,,,,,46.98,KUNV 260215Z AUTO 36003KT 10SM CLR 09/M04 A3028 RMK AO2 T00881036,,1.543332,8.88888888888889,0
UNV,2024-04-25 22:35:00,-77.85,40.85,378.0,48.4,24.0,38.07,0.0,0.0,0.0,30.28,,10.0,,CLR,,,,,,,,,,,,,,,48.4,KUNV 260235Z AUTO 00000KT 10SM CLR 09/M04 A3028 RMK AO2 T00911044,,0.0,9.11111111111111,0
UNV,2024-04-25 22:55:00,-77.85,40.85,378.0,46.8,24.3,40.94,20.0,8.0,0.0,30.29,,10.0,,CLR,,,,,,,,,,,,,,,42.34,KUNV 260255Z AUTO 02008KT 10SM CLR 08/M04 A3029 RMK AO2 T00821043,,4.115552,8.222222222222221,0
UNV,2024-04-25 23:15:00,-77.85,40.85,378.0,47.0,22.0,36.89,30.0,5.0,0.0,30.29,,10.0,,CLR,,,,,,,,,,,,,,,44.21,KUNV 260315Z AUTO 03005KT 10SM CLR 08/M05 A3029 RMK AO2 T00841055,,2.57222,8.333333333333334,0
UNV,2024-04-25 23:35:00,-77.85,40.85,378.0,45.0,22.0,39.79,30.0,5.0,0.0,30.3,,10.0,,CLR,,,,,,,,,,,,,,,41.83,KUNV 260335Z AUTO 03005KT 10SM CLR 07/M05 A3030 RMK AO2 T00731055,,2.57222,7.222222222222222,0
UNV,2024-04-25 23:55:00,-77.85,40.85,378.0,43.0,23.0,44.8,40.0,8.0,0.0,30.3,,10.0,,CLR,,,,,,,,,,,,,,,37.66,KUNV 260355Z AUTO 04008KT 10SM CLR 06/M05 A3030 RMK AO2 T00621049,,4.115552,6.111111111111111,0
UNV,2024-04-26 00:15:00,-77.85,40.85,378.0,43.0,22.0,42.95,40.0,11.0,0.0,30.31,,10.0,,CLR,,,,,,,,,,,,,,,36.37,KUNV 260415Z AUTO 04011KT 10SM CLR 06/M05 A3031 RMK AO2 T00611055,,5.6588840000000005,6.111111111111111,0
UNV,2024-04-26 00:35:00,-77.85,40.85,378.0,43.0,20.3,39.96,40.0,9.0,0.0,30.32,,10.0,,CLR,,,,,,,,,,,,,,,37.19,KUNV 260435Z AUTO 04009KT 10SM CLR 06/M06 A3032 RMK AO2 T00621065,,4.629996,6.111111111111111,0
UNV,2024-04-26 00:55:00,-77.85,40.85,378.0,42.3,20.5,41.4,40.0,8.0,0.0,30.32,,10.0,,CLR,,,,,,,,,,,,,,,36.8,KUNV 260455Z AUTO 04008KT 10SM CLR 06/M06 A3032 RMK AO2 T00571064,,4.115552,5.7222222222222205,0
UNV,2024-04-26 01:15:00,-77.85,40.85,378.0,41.0,20.7,43.9,40.0,7.0,0.0,30.32,,10.0,,CLR,,,,,,,,,,,,,,,35.75,KUNV 260515Z AUTO 04007KT 10SM CLR 05/M06 A3032 RMK AO2 T00511063,,3.601108,5.0,0
UNV,2024-04-26 01:35:00,-77.85,40.85,378.0,41.0,20.3,43.16,20.0,4.0,0.0,30.33,,10.0,,CLR,,,,,,,,,,,,,,,37.93,KUNV 260535Z AUTO 02004KT 10SM CLR 05/M06 A3033 RMK AO2 T00491065,,2.057776,5.0,0
UNV,2024-04-26 01:55:00,-77.85,40.85,378.0,40.0,21.2,46.62,40.0,6.0,0.0,30.33,,10.0,,CLR,,,,,,,,,,,,,,,35.17,KUNV 260555Z AUTO 04006KT 10SM CLR 05/M06 A3033 RMK AO2 T00451060 10125 20045,,3.086664,4.444444444444445,0
UNV,2024-04-26 02:15:00,-77.85,40.85,378.0,39.7,20.5,45.79,0.0,0.0,0.0,30.33,,10.0,,CLR,,,,,,,,,,,,,,,39.7,KUNV 260615Z AUTO 00000KT 10SM CLR 04/M06 A3033 RMK AO2 T00431064,,0.0,4.2777777777777795,0
UNV,2024-04-26 02:35:00,-77.85,40.85,378.0,39.7,20.3,45.4,0.0,0.0,0.0,30.33,,10.0,,CLR,,,,,,,,,,,,,,,39.7,KUNV 260635Z AUTO 00000KT 10SM CLR 04/M06 A3033 RMK AO2 T00431065,,0.0,4.2777777777777795,0
UNV,2024-04-26 02:55:00,-77.85,40.85,378.0,38.5,21.0,49.01,0.0,0.0,0.0,30.33,,10.0,,CLR,,,,,,,,,,,,,,,38.5,KUNV 260655Z AUTO 00000KT 10SM CLR 04/M06 A3033 RMK AO2 T00361062,,0.0,3.611111111111111,0
UNV,2024-04-26 03:15:00,-77.85,40.85,378.0,38.0,19.4,46.69,0.0,0.0,0.0,30.34,,10.0,,CLR,,,,,,,,,,,,,,,38.0,KUNV 260715Z AUTO 00000KT 10SM CLR 03/M07 A3034 RMK AO2 T00341070,,0.0,3.3333333333333335,0
UNV,2024-04-26 03:35:00,-77.85,40.85,378.0,38.3,20.0,47.34,0.0,0.0,0.0,30.35,,10.0,,CLR,,,,,,,,,,,,,,,38.3,KUNV 260735Z AUTO 00000KT 10SM CLR 04/M07 A3035 RMK AO2 T00351066,,0.0,3.4999999999999982,0
UNV,2024-04-26 03:55:00,-77.85,40.85,378.0,37.0,21.2,52.43,40.0,4.0,0.0,30.35,,10.0,,CLR,,,,,,,,,,,,,,,33.26,KUNV 260755Z AUTO 04004KT 10SM CLR 03/M06 A3035 RMK AO2 T00281060,,2.057776,2.7777777777777777,0
UNV,2024-04-26 04:15:00,-77.85,40.85,378.0,37.4,21.0,51.17,50.0,3.0,0.0,30.36,,10.0,,CLR,,,,,,,,,,,,,,,34.86,KUNV 260815Z AUTO 05003KT 10SM CLR 03/M06 A3036 RMK AO2 T00301062,,1.543332,2.999999999999999,0
UNV,2024-04-26 04:35:00,-77.85,40.85,378.0,36.0,21.4,55.01,30.0,5.0,0.0,30.36,,10.0,,CLR,,,,,,,,,,,,,,,31.15,KUNV 260835Z AUTO 03005KT 10SM CLR 02/M06 A3036 RMK AO2 T00221059,,2.57222,2.2222222222222223,0
UNV,2024-04-26 04:55:00,-77.85,40.85,378.0,36.5,21.0,53.02,20.0,5.0,0.0,30.36,,10.0,,CLR,,,,,,,,,,,,,,,31.74,KUNV 260855Z AUTO 02005KT 10SM CLR 03/M06 A3036 RMK AO2 T00251062,,2.57222,2.5,0
UNV,2024-04-26 05:15:00,-77.85,40.85,378.0,35.8,21.0,54.51,20.0,3.0,0.0,30.37,,10.0,,CLR,,,,,,,,,,,,,,,33.03,KUNV 260915Z AUTO 02003KT 10SM CLR 02/M06 A3037 RMK AO2 T00211061,,1.543332,2.1111111111111094,0
UNV,2024-04-26 05:35:00,-77.85,40.85,378.0,35.6,20.7,54.25,40.0,4.0,0.0,30.37,,10.0,,CLR,,,,,,,,,,,,,,,31.62,KUNV 260935Z AUTO 04004KT 10SM CLR 02/M06 A3037 RMK AO2 T00201063,,2.057776,2.000000000000001,0
UNV,2024-04-26 05:53:00,-77.85,40.85,378.0,35.6,21.2,55.41,50.0,5.0,0.0,30.37,,10.0,,CLR,,,,,,,,,,,,,,,30.67,KUNV 260953Z 05005KT 10SM CLR 02/M06 A3037,,2.57222,2.000000000000001,0
UNV,2024-04-26 06:53:00,-77.85,40.85,378.0,35.6,21.2,55.41,50.0,5.0,0.0,30.38,,10.0,,CLR,,,,,,,,,,,,,,,30.67,KUNV 261053Z 05005KT 10SM CLR 02/M06 A3038,,2.57222,2.000000000000001,0
UNV,2024-04-26 07:53:00,-77.85,40.85,378.0,39.2,23.0,51.89,40.0,4.0,0.0,30.39,,10.0,,CLR,,,,,,,,,,,,,,,35.83,KUNV 261153Z 04004KT 10SM CLR 04/M05 A3039,,2.057776,4.000000000000002,0
UNV,2024-04-26 08:53:00,-77.85,40.85,378.0,42.8,23.0,45.14,30.0,6.0,0.0,30.4,,10.0,,CLR,,,,,,,,,,,,,,,38.54,KUNV 261253Z 03006KT 10SM CLR 06/M05 A3040,,3.086664,5.999999999999998,0
UNV,2024-04-26 09:53:00,-77.85,40.85,378.0,48.2,26.6,42.73,0.0,0.0,0.0,30.39,,10.0,,CLR,,,,,,,,,,,,,,,48.2,KUNV 261353Z 00000KT 10SM CLR 09/M03 A3039,,0.0,9.000000000000002,0
UNV,2024-04-26 10:53:00,-77.85,40.85,378.0,53.6,32.0,43.61,130.0,5.0,0.0,30.4,,10.0,,CLR,,,,,,,,,,,,,,,53.6,KUNV 261453Z 13005KT 10SM CLR 12/00 A3040,,2.57222,12.0,0
UNV,2024-04-26 11:53:00,-77.85,40.85,378.0,57.2,33.8,41.13,180.0,9.0,0.0,30.39,,10.0,16.0,CLR,,,,,,,,,,,,,,,57.2,KUNV 261553Z 18009G16KT 150V210 10SM CLR 14/01 A3039,,4.629996,14.000000000000002,0
UNV,2024-04-26 12:53:00,-77.85,40.85,378.0,57.2,35.6,44.19,210.0,7.0,0.0,30.39,,10.0,17.0,CLR,,,,,,,,,,,,,,,57.2,KUNV 261653Z 21007G17KT 10SM CLR 14/02 A3039,,3.601108,14.000000000000002,0
UNV,2024-04-26 13:53:00,-77.85,40.85,378.0,59.0,37.4,44.47,180.0,9.0,0.0,30.38,,10.0,,SCT,,,,9000.0,,,,,,,,,,,59.0,KUNV 261753Z 18009KT 10SM SCT090 15/03 A3038,,4.629996,15.0,4
UNV,2024-04-26 14:53:00,-77.85,40.85,378.0,60.8,35.6,38.85,140.0,5.0,0.0,30.37,,10.0,,SCT,,,,9000.0,,,,,,,,,,,60.8,KUNV 261853Z 14005KT 10SM SCT090 16/02 A3037,,2.57222,16.0,4
UNV,2024-04-26 15:53:00,-77.85,40.85,378.0,60.8,35.6,38.85,160.0,9.0,0.0,30.33,,10.0,,CLR,,,,,,,,,,,,,,,60.8,KUNV 261953Z 16009KT 10SM CLR 16/02 A3033,,4.629996,16.0,0
UNV,2024-04-26 16:53:00,-77.85,40.85,378.0,62.6,35.6,36.45,200.0,8.0,0.0,30.32,,10.0,,CLR,,,,,,,,,,,,,,,62.6,KUNV 262053Z 20008KT 10SM CLR 17/02 A3032,,4.115552,17.0,0
UNV,2024-04-26 17:53:00,-77.85,40.85,378.0,62.6,33.8,33.93,170.0,10.0,0.0,30.32,,10.0,,CLR,,,,,,,,,,,,,,,62.6,KUNV 262153Z 17010KT 10SM CLR 17/01 A3032,,5.14444,17.0,0
UNV,2024-04-26 18:53:00,-77.85,40.85,378.0,60.8,33.8,36.16,170.0,10.0,0.0,30.31,,10.0,,CLR,,,,,,,,,,,,,,,60.8,KUNV 262253Z 17010KT 10SM CLR 16/01 A3031,,5.14444,16.0,0
UNV,2024-04-26 19:53:00,-77.85,40.85,378.0,57.2,32.0,38.26,160.0,8.0,0.0,30.32,,10.0,,CLR,,,,,,,,,,,,,,,57.2,KUNV 262353Z 16008KT 130V190 10SM CLR 14/00 A3032,,4.115552,14.000000000000002,0
UNV,2024-04-26 20:53:00,-77.85,40.85,378.0,55.4,30.2,37.97,170.0,6.0,0.0,30.34,,10.0,,CLR,,,,,,,,,,,,,,,55.4,KUNV 270053Z 17006KT 10SM CLR 13/M01 A3034,,3.086664,13.0,0
UNV,2024-04-26 21:53:00,-77.85,40.85,378.0,53.6,28.4,37.67,170.0,4.0,0.0,30.35,,10.0,,CLR,,,,,,,,,,,,,,,53.6,KUNV 270153Z 17004KT 10SM CLR 12/M02 A3035,,2.057776,12.0,0
UNV,2024-04-26 22:15:00,-77.85,40.85,378.0,54.0,29.0,38.05,170.0,6.0,0.0,30.35,,10.0,,CLR,,,,,,,,,,,,,,,54.0,KUNV 270215Z AUTO 17006KT 10SM CLR 12/M02 A3035 RMK AO2 T01221016,,3.086664,12.222222222222221,0
UNV,2024-04-26 22:35:00,-77.85,40.85,378.0,53.6,29.7,39.73,180.0,4.0,0.0,30.35,,10.0,,CLR,,,,,,,,,,,,,,,53.6,KUNV 270235Z AUTO 18004KT 10SM CLR 12/M01 A3035 RMK AO2 T01201013,,2.057776,12.0,0
UNV,2024-04-26 22:55:00,-77.85,40.85,378.0,53.2,30.0,40.81,180.0,7.0,0.0,30.36,,10.0,,CLR,,,,,,,,,,,,,,,53.2,KUNV 270255Z AUTO 18007KT 10SM CLR 12/M01 A3036 RMK AO2 T01181011,,3.601108,11.777777777777779,0
UNV,2024-04-26 23:15:00,-77.85,40.85,378.0,53.2,30.0,40.81,170.0,6.0,0.0,30.37,,10.0,14.0,CLR,,,,,,,,,,,,,,,53.2,KUNV 270315Z AUTO 17006G14KT 10SM CLR 12/M01 A3037 RMK AO2 T01181011,,3.086664,11.777777777777779,0
UNV,2024-04-26 23:35:00,-77.85,40.85,378.0,52.7,30.0,41.57,180.0,6.0,0.0,30.37,,10.0,,CLR,,,,,,,,,,,,,,,52.7,KUNV 270335Z AUTO 18006KT 10SM CLR 12/M01 A3037 RMK AO2 T01151012,,3.086664,11.500000000000002,0
UNV,2024-04-26 23:55:00,-77.85,40.85,378.0,52.0,29.3,41.45,150.0,8.0,0.0,30.35,,10.0,,CLR,,,,,,,,,,,,,,,52.0,KUNV 270355Z AUTO 15008KT 120V180 10SM CLR 11/M01 A3035 RMK AO2 T01121015,,4.115552,11.11111111111111,0
UNV,2024-04-27 00:15:00,-77.85,40.85,378.0,52.0,29.0,40.95,180.0,5.0,0.0,30.35,,10.0,,CLR,,,,,,,,,,,,,,,52.0,KUNV 270415Z AUTO 18005KT 10SM CLR 11/M02 A3035 RMK AO2 T01121017,,2.57222,11.11111111111111,0
UNV,2024-04-27 00:35:00,-77.85,40.85,378.0,51.6,28.8,41.22,190.0,10.0,0.0,30.36,,10.0,,CLR,,,,,,,,,,,,,,,51.6,KUNV 270435Z AUTO 19010KT 10SM CLR 11/M02 A3036 RMK AO2 T01091018,,5.14444,10.88888888888889,0
UNV,2024-04-27 00:55:00,-77.85,40.85,378.0,51.8,28.2,39.92,190.0,6.0,0.0,30.37,,10.0,,CLR,,,,,,,,,,,,,,,51.8,KUNV 270455Z AUTO 19006KT 10SM CLR 11/M02 A3037 RMK AO2 T01101021,,3.086664,10.999999999999998,0
UNV,2024-04-27 01:15:00,-77.85,40.85,378.0,51.4,27.7,39.69,150.0,8.0,0.0,30.37,,10.0,,CLR,,,,,,,,,,,,,,,51.4,KUNV 270515Z AUTO 15008KT 10SM CLR 11/M02 A3037 RMK AO2 T01081024,,4.115552,10.777777777777779,0
UNV,2024-04-27 01:35:00,-77.85,40.85,378.0,51.0,27.5,39.95,160.0,5.0,0.0,30.37,,10.0,,CLR,,,,,,,,,,,,,,,51.0,KUNV 270535Z AUTO 16005KT 10SM CLR 11/M02 A3037 RMK AO2 T01061025,,2.57222,10.555555555555555,0
UNV,2024-04-27 01:55:00,-77.85,40.85,378.0,50.4,28.0,41.7,190.0,4.0,0.0,30.37,,10.0,,CLR,,,,,,,,,,,,,,,50.4,KUNV 270555Z AUTO 19004KT 10SM CLR 10/M02 A3037 RMK AO2 T01021023 10143 20102,,2.057776,10.222222222222221,0
UNV,2024-04-27 02:15:00,-77.85,40.85,378.0,50.0,28.2,42.67,190.0,6.0,0.0,30.35,,10.0,,CLR,,,,,,,,,,,,,,,50.0,KUNV 270615Z AUTO 19006KT 10SM CLR 10/M02 A3035 RMK AO2 T01011021,,3.086664,10.0,0
UNV,2024-04-27 02:35:00,-77.85,40.85,378.0,50.0,28.4,43.03,170.0,6.0,0.0,30.35,,10.0,,CLR,,,,,,,,,,,,,,,50.0,KUNV 270635Z AUTO 17006KT 10SM CLR 10/M02 A3035 RMK AO2 T01001020,,3.086664,10.0,0
UNV,2024-04-27 02:55:00,-77.85,40.85,378.0,50.0,28.8,43.74,170.0,8.0,0.0,30.36,,10.0,,CLR,,,,,,,,,,,,,,,50.0,KUNV 270655Z AUTO 17008KT 10SM CLR 10/M02 A3036 RMK AO2 T00991018,,4.115552,10.0,0
UNV,2024-04-27 03:15:00,-77.85,40.85,378.0,49.3,29.0,45.26,180.0,7.0,0.0,30.36,,10.0,,CLR,,,,,,,,,,,,,,,45.87,KUNV 270715Z AUTO 18007KT 10SM CLR 10/M02 A3036 RMK AO2 T00961016,,3.601108,9.611111111111109,0
UNV,2024-04-27 03:35:00,-77.85,40.85,378.0,49.5,29.0,44.92,170.0,7.0,0.0,30.37,,10.0,,CLR,,,,,,,,,,,,,,,46.11,KUNV 270735Z AUTO 17007KT 10SM CLR 10/M02 A3037 RMK AO2 T00971017,,3.601108,9.722222222222221,0
UNV,2024-04-27 03:55:00,-77.85,40.85,378.0,49.0,29.0,45.77,0.0,0.0,0.0,30.36,,10.0,,CLR,,,,,,,,,,,,,,,49.0,KUNV 270755Z AUTO 00000KT 10SM CLR 10/M02 A3036 RMK AO2 T00951016,,0.0,9.444444444444445,0
UNV,2024-04-27 04:15:00,-77.85,40.85,378.0,49.0,29.0,45.77,0.0,0.0,0.0,30.36,,10.0,,CLR,,,,,,,,,,,,,,,49.0,KUNV 270815Z AUTO 00000KT 10SM CLR 10/M02 A3036 RMK AO2 T00951017,,0.0,9.444444444444445,0
UNV,2024-04-27 04:35:00,-77.85,40.85,378.0,48.7,29.0,46.29,190.0,4.0,0.0,30.37,,10.0,,CLR,,,,,,,,,,,,,,,46.92,KUNV 270835Z AUTO 19004KT 10SM CLR 09/M02 A3037 RMK AO2 T00931017,,2.057776,9.277777777777779,0
UNV,2024-04-27 04:55:00,-77.85,40.85,378.0,48.4,28.6,46.05,190.0,5.0,0.0,30.37,,10.0,,CLR,,,,,,,,,,,,,,,45.87,KUNV 270855Z AUTO 19005KT 10SM CLR 09/M02 A3037 RMK AO2 T00911019,,2.57222,9.11111111111111,0
UNV,2024-04-27 05:15:00,-77.85,40.85,378.0,48.2,28.4,46.02,0.0,0.0,0.0,30.37,,10.0,,CLR,,,,,,,,,,,,,,,48.2,KUNV 270915Z AUTO 00000KT 10SM CLR 09/M02 A3037 RMK AO2 T00901020,,0.0,9.000000000000002,0
UNV,2024-04-27 05:35:00,-77.85,40.85,378.0,47.7,28.6,47.27,0.0,0.0,0.0,30.37,,10.0,,CLR,,,,,,,,,,,,,,,47.7,KUNV 270935Z AUTO 00000KT 10SM CLR 09/M02 A3037 RMK AO2 T00871019,,0.0,8.722222222222223,0
UNV,2024-04-27 05:53:00,-77.85,40.85,378.0,48.2,28.4,46.02,180.0,9.0,0.0,30.37,,10.0,,CLR,,,,,,,,,,,,,,,43.66,KUNV 270953Z 18009KT 10SM CLR 09/M02 A3037,,4.629996,9.000000000000002,0
UNV,2024-04-27 06:53:00,-77.85,40.85,378.0,48.2,28.4,46.02,170.0,5.0,0.0,30.38,,10.0,,CLR,,,,,,,,,,,,,,,45.63,KUNV 271053Z 17005KT 10SM CLR 09/M02 A3038,,2.57222,9.000000000000002,0
UNV,2024-04-27 07:53:00,-77.85,40.85,378.0,48.2,30.2,49.53,180.0,6.0,0.0,30.38,,10.0,,CLR,,,,,,,,,,,,,,,45.04,KUNV 271153Z 18006KT 10SM CLR 09/M01 A3038,,3.086664,9.000000000000002,0
UNV,2024-04-27 08:53:00,-77.85,40.85,378.0,50.0,32.0,49.81,180.0,6.0,0.0,30.39,,10.0,,CLR,,,,,,,,,,,,,,,50.0,KUNV 271253Z 18006KT 10SM CLR 10/00 A3039 RMK LTG DSNT NW,,3.086664,10.0,0
UNV,2024-04-27 09:53:00,-77.85,40.85,378.0,48.2,33.8,57.26,200.0,5.0,0.0,30.37,,10.0,,SCT,,,,1200.0,,,,-DZ,,,,,,,45.63,KUNV 271353Z 20005KT 10SM -DZ SCT012 09/01 A3037 RMK LTG DSNT W,,2.57222,9.000000000000002,4
UNV,2024-04-27 10:53:00,-77.85,40.85,378.0,48.2,37.4,66.05,190.0,6.0,0.0,30.39,,10.0,,SCT,SCT,BKN,,1200.0,1700.0,3100.0,,-RA,,,,,,,45.04,KUNV 271453Z 19006KT 10SM -RA SCT012 SCT017 BKN031 09/03 A3039,,3.086664,9.000000000000002,6
UNV,2024-04-27 11:53:00,-77.85,40.85,378.0,46.4,41.0,81.34,200.0,8.0,0.0,30.4,,3.0,,BKN,BKN,OVC,,1200.0,1400.0,2800.0,,RA,,,,,,,41.85,KUNV 271553Z 20008KT 3SM RA BKN012 BKN014 OVC028 08/05 A3040,,4.115552,8.0,8
UNV,2024-04-27 12:53:00,-77.85,40.85,378.0,48.2,44.6,87.28,220.0,4.0,0.0,30.38,,10.0,,OVC,,,,1500.0,,,,-RA,,,,,,,46.34,KUNV 271653Z 22004KT 10SM -RA OVC015 09/07 A3038,,2.057776,9.000000000000002,8
UNV,2024-04-27 13:53:00,-77.85,40.85,378.0,46.4,46.4,100.0,180.0,6.0,0.0,30.37,,10.0,,OVC,,,,1300.0,,,,-DZ,,,,,,,42.87,KUNV 271753Z 18006KT 10SM -DZ OVC013 08/08 A3037,,3.086664,8.0,8
UNV,2024-04-27 14:53:00,-77.85,40.85,378.0,48.2,46.4,93.45,200.0,6.0,0.0,30.34,,10.0,,OVC,,,,1600.0,,,,,,,,,,,45.04,KUNV 271853Z 20006KT 10SM OVC016 09/08 A3034,,3.086664,9.000000000000002,8
UNV,2024-04-27 15:53:00,-77.85,40.85,378.0,48.2,46.4,93.45,200.0,8.0,0.0,30.32,,8.0,,OVC,,,,1300.0,,,,,,,,,,,44.07,KUNV 271953Z 20008KT 8SM OVC013 09/08 A3032,,4.115552,9.000000000000002,8
UNV,2024-04-27 16:53:00,-77.85,40.85,378.0,50.0,46.4,87.37,190.0,6.0,0.0,30.31,,8.0,,OVC,,,,1100.0,,,,,,,,,,,50.0,KUNV 272053Z 19006KT 8SM OVC011 10/08 A3031,,3.086664,10.0,8
UNV,2024-04-27 17:53:00,-77.85,40.85,378.0,48.2,46.4,93.45,170.0,6.0,0.0,30.3,,6.0,,OVC,,,,1100.0,,,,BR,,,,,,,45.04,KUNV 272153Z 17006KT 6SM BR OVC011 09/08 A3030,,3.086664,9.000000000000002,8
UNV,2024-04-27 18:53:00,-77.85,40.85,378.0,48.2,48.2,100.0,180.0,6.0,0.0,30.29,,6.0,,OVC,,,,900.0,,,,BR,,,,,,,45.04,KUNV 272253Z 18006KT 6SM BR OVC009 09/09 A3029,,3.086664,9.000000000000002,8
UNV,2024-04-27 19:53:00,-77.85,40.85,378.0,48.2,48.2,100.0,160.0,8.0,0.0,30.28,,4.0,,OVC,,,,700.0,,,,BR,,,,,,,44.07,KUNV 272353Z 16008KT 4SM BR OVC007 09/09 A3028,,4.115552,9.000000000000002,8
UNV,2024-04-27 20:53:00,-77.85,40.85,378.0,48.2,48.2,100.0,160.0,5.0,0.0,30.27,,4.0,,OVC,,,,500.0,,,,-DZ BR,,,,,,,45.63,KUNV 280053Z 16005KT 4SM -DZ BR OVC005 09/09 A3027,,2.57222,9.000000000000002,8
UNV,2024-04-27 21:53:00,-77.85,40.85,378.0,48.2,48.2,100.0,170.0,4.0,0.0,30.27,,3.0,,OVC,,,,500.0,,,,-DZ BR,,,,,,,46.34,KUNV 280153Z 17004KT 3SM -DZ BR OVC005 09/09 A3027,,2.057776,9.000000000000002,8
UNV,2024-04-27 22:15:00,-77.85,40.85,378.0,48.2,48.2,100.0,0.0,0.0,0.0,30.27,,5.0,,OVC,,,,500.0,,,,-RA,,,,,,,48.2,KUNV 280215Z AUTO 00000KT 5SM -RA OVC005 09/09 A3027 RMK AO2 T00900090,,0.0,9.000000000000002,8
UNV,2024-04-27 22:35:00,-77.85,40.85,378.0,48.2,48.2,100.0,0.0,0.0,0.0,30.26,,5.0,,OVC,,,,500.0,,,,BR,,,,,,,48.2,KUNV 280235Z AUTO 00000KT 5SM BR OVC005 09/09 A3026 RMK AO2 T00900090,,0.0,9.000000000000002,8
UNV,2024-04-27 22:55:00,-77.85,40.85,378.0,48.4,48.4,100.0,0.0,0.0,0.0,30.27,,5.0,,OVC,,,,500.0,,,,BR,,,,,,,48.4,KUNV 280255Z AUTO 00000KT 5SM BR OVC005 09/09 A3027 RMK AO2 T00910091,,0.0,9.11111111111111,8
UNV,2024-04-27 23:15:00,-77.85,40.85,378.0,48.6,48.4,99.25,0.0,0.0,0.0,30.26,,5.0,,OVC,,,,500.0,,,,BR,,,,,,,48.6,KUNV 280315Z AUTO 00000KT 5SM BR OVC005 09/09 A3026 RMK AO2 T00920091,,0.0,9.222222222222221,8
UNV,2024-04-27 23:35:00,-77.85,40.85,378.0,48.6,48.4,99.25,0.0,0.0,0.0,30.26,,4.0,,OVC,,,,500.0,,,,BR,,,,,,,48.6,KUNV 280335Z AUTO 00000KT 4SM BR OVC005 09/09 A3026 RMK AO2 T00920091,,0.0,9.222222222222221,8
UNV,2024-04-27 23:55:00,-77.85,40.85,378.0,48.6,48.6,100.0,0.0,0.0,0.0,30.25,,3.0,,OVC,,,,300.0,,,,BR,,,,,,,48.6,KUNV 280355Z AUTO 00000KT 3SM BR OVC003 09/09 A3025 RMK AO2 T00920092,,0.0,9.222222222222221,8
UNV,2024-04-28 00:15:00,-77.85,40.85,378.0,48.6,48.6,100.0,0.0,0.0,0.0,30.25,,2.5,,OVC,,,,300.0,,,,BR,,,,,,,48.6,KUNV 280415Z AUTO 00000KT 2 1/2SM BR OVC003 09/09 A3025 RMK AO2 T00920092,,0.0,9.222222222222221,8
UNV,2024-04-28 00:35:00,-77.85,40.85,378.0,48.7,48.7,100.0,0.0,0.0,0.0,30.25,,2.5,,OVC,,,,300.0,,,,BR,,,,,,,48.7,KUNV 280435Z AUTO 00000KT 2 1/2SM BR OVC003 09/09 A3025 RMK AO2 T00930093,,0.0,9.277777777777779,8
UNV,2024-04-28 00:55:00,-77.85,40.85,378.0,48.7,48.7,100.0,0.0,0.0,0.0,30.25,,1.75,,OVC,,,,100.0,,,,BR,,,,,,,48.7,KUNV 280455Z AUTO 00000KT 1 3/4SM BR OVC001 09/09 A3025 RMK AO2 T00930093,,0.0,9.277777777777779,8
UNV,2024-04-28 01:15:00,-77.85,40.85,378.0,49.0,49.0,100.0,0.0,0.0,0.0,30.24,,2.0,,OVC,,,,100.0,,,,BR,,,,,,,49.0,KUNV 280515Z AUTO 00000KT 2SM BR OVC001 10/10 A3024 RMK AO2 T00950095,,0.0,9.444444444444445,8
UNV,2024-04-28 01:35:00,-77.85,40.85,378.0,49.0,49.0,100.0,0.0,0.0,0.0,30.23,,2.0,,OVC,,,,100.0,,,,BR,,,,,,,49.0,KUNV 280535Z AUTO 00000KT 2SM BR OVC001 10/10 A3023 RMK AO2 T00950095,,0.0,9.444444444444445,8
UNV,2024-04-28 01:55:00,-77.85,40.85,378.0,49.5,49.5,100.0,0.0,0.0,0.0,30.22,,3.0,,OVC,,,,100.0,,,,BR,,,,,,,49.5,KUNV 280555Z AUTO 00000KT 3SM BR OVC001 10/10 A3022 RMK AO2 T00970097 10097 20088,,0.0,9.722222222222221,8
UNV,2024-04-28 02:15:00,-77.85,40.85,378.0,49.6,49.5,99.63,0.0,0.0,0.0,30.22,,3.0,,OVC,,,,300.0,,,,BR,,,,,,,49.6,KUNV 280615Z AUTO 00000KT 3SM BR OVC003 10/10 A3022 RMK AO2 T00980097,,0.0,9.777777777777779,8
UNV,2024-04-28 02:35:00,-77.85,40.85,378.0,49.6,49.5,99.63,0.0,0.0,0.0,30.21,,2.5,,OVC,,,,300.0,,,,BR,,,,,,,49.6,KUNV 280635Z AUTO 00000KT 2 1/2SM BR OVC003 10/10 A3021 RMK AO2 T00980097,,0.0,9.777777777777779,8
UNV,2024-04-28 02:55:00,-77.85,40.85,378.0,50.0,49.6,98.52,0.0,0.0,0.0,30.2,,3.0,,OVC,,,,300.0,,,,BR,,,,,,,50.0,KUNV 280655Z AUTO 00000KT 3SM BR OVC003 10/10 A3020 RMK AO2 T00990098,,0.0,10.0,8
UNV,2024-04-28 03:15:00,-77.85,40.85,378.0,50.0,50.0,100.0,0.0,0.0,0.0,30.2,,4.0,,OVC,,,,300.0,,,,BR,,,,,,,50.0,KUNV 280715Z AUTO 00000KT 4SM BR OVC003 10/10 A3020 RMK AO2 T01000100,,0.0,10.0,8
UNV,2024-04-28 03:35:00,-77.85,40.85,378.0,50.0,50.0,100.0,0.0,0.0,0.0,30.2,,3.0,,OVC,,,,300.0,,,,BR,,,,,,,50.0,KUNV 280735Z AUTO 00000KT 3SM BR OVC003 10/10 A3020 RMK AO2 T01000100,,0.0,10.0,8
UNV,2024-04-28 03:55:00,-77.85,40.85,378.0,50.0,50.0,100.0,0.0,0.0,0.0,30.21,,3.0,,OVC,,,,300.0,,,,BR,,,,,,,50.0,KUNV 280755Z AUTO 00000KT 3SM BR OVC003 10/10 A3021 RMK AO2 T01010100,,0.0,10.0,8
UNV,2024-04-28 04:15:00,-77.85,40.85,378.0,50.0,50.0,100.0,0.0,0.0,0.0,30.2,,2.0,,OVC,,,,300.0,,,,BR,,,,,,,50.0,KUNV 280815Z AUTO 00000KT 2SM BR OVC003 10/10 A3020 RMK AO2 T01000100,,0.0,10.0,8
UNV,2024-04-28 04:35:00,-77.85,40.85,378.0,50.0,50.0,100.0,0.0,0.0,0.0,30.2,,1.5,,OVC,,,,300.0,,,,BR,,,,,,,50.0,KUNV 280835Z AUTO 00000KT 1 1/2SM BR OVC003 10/10 A3020 RMK AO2 T01000100,,0.0,10.0,8
UNV,2024-04-28 04:55:00,-77.85,40.85,378.0,50.0,50.0,100.0,0.0,0.0,0.0,30.19,,1.25,,OVC,,,,300.0,,,,BR,,,,,,,50.0,KUNV 280855Z AUTO 00000KT 1 1/4SM BR OVC003 10/10 A3019 RMK AO2 T01010100,,0.0,10.0,8
UNV,2024-04-28 05:15:00,-77.85,40.85,378.0,50.0,50.0,100.0,0.0,0.0,0.0,30.19,,2.0,,OVC,,,,300.0,,,,BR,,,,,,,50.0,KUNV 280915Z AUTO 00000KT 2SM BR OVC003 10/10 A3019 RMK AO2 T01010100,,0.0,10.0,8
UNV,2024-04-28 05:35:00,-77.85,40.85,378.0,50.0,50.0,100.0,0.0,0.0,0.0,30.19,,4.0,,OVC,,,,300.0,,,,BR,,,,,,,50.0,KUNV 280935Z AUTO 00000KT 4SM BR OVC003 10/10 A3019 RMK AO2 T01000100,,0.0,10.0,8
UNV,2024-04-28 05:53:00,-77.85,40.85,378.0,50.0,50.0,100.0,0.0,0.0,0.0,30.18,,2.0,,OVC,,,,300.0,,,,BR,,,,,,,50.0,KUNV 280953Z 00000KT 2SM BR OVC003 10/10 A3018,,0.0,10.0,8
UNV,2024-04-28 06:53:00,-77.85,40.85,378.0,50.0,50.0,100.0,0.0,0.0,0.0,30.18,,0.5,,OVC,,,,300.0,,,,FG,,,,,,,50.0,KUNV 281053Z 00000KT 1/2SM RY24/6000FT FG OVC003 10/10 A3018,,0.0,10.0,8
UNV,2024-04-28 07:53:00,-77.85,40.85,378.0,50.0,50.0,100.0,0.0,0.0,0.0,30.19,,0.75,,OVC,,,,300.0,,,,BR,,,,,,,50.0,KUNV 281153Z 00000KT 3/4SM RY24/6000FT BR OVC003 10/10 A3019,,0.0,10.0,8
UNV,2024-04-28 08:32:00,-77.85,40.85,378.0,50.0,50.0,100.0,200.0,4.0,0.0,30.19,,3.0,,OVC,,,,300.0,,,,BR,,,,,,,50.0,KUNV 281232Z 20004KT 3SM BR OVC003 10/10 A3019,,2.057776,10.0,8
UNV,2024-04-28 08:53:00,-77.85,40.85,378.0,51.8,51.8,100.0,0.0,0.0,0.0,30.19,,4.0,,OVC,,,,300.0,,,,BR,,,,,,,51.8,KUNV 281253Z 00000KT 4SM BR OVC003 11/11 A3019,,0.0,10.999999999999998,8
UNV,2024-04-28 09:53:00,-77.85,40.85,378.0,57.2,55.4,93.69,0.0,0.0,0.0,30.17,,10.0,,SCT,,,,500.0,,,,,,,,,,,57.2,KUNV 281353Z 00000KT 10SM SCT005 14/13 A3017,,0.0,14.000000000000002,4
UNV,2024-04-28 10:53:00,-77.85,40.85,378.0,62.6,55.4,77.29,0.0,0.0,0.0,30.16,,10.0,,CLR,,,,,,,,,,,,,,,62.6,KUNV 281453Z 00000KT 10SM CLR 17/13 A3016,,0.0,17.0,0
UNV,2024-04-28 11:53:00,-77.85,40.85,378.0,69.8,57.2,64.26,0.0,0.0,0.0,30.15,,10.0,,CLR,,,,,,,,,,,,,,,69.8,KUNV 281553Z 00000KT 10SM CLR 21/14 A3015,,0.0,21.0,0
UNV,2024-04-28 12:53:00,-77.85,40.85,378.0,77.0,59.0,53.8,250.0,6.0,0.0,30.11,,10.0,,CLR,,,,,,,,,,,,,,,77.0,KUNV 281653Z 25006KT 10SM CLR 25/15 A3011,,3.086664,25.0,0
UNV,2024-04-28 13:53:00,-77.85,40.85,378.0,78.8,57.2,47.52,250.0,9.0,0.0,30.1,,10.0,15.0,BKN,,,,5500.0,,,,,,,,,,,78.8,KUNV 281753Z 25009G15KT 10SM BKN055 26/14 A3010,,4.629996,26.0,6
UNV,2024-04-28 14:53:00,-77.85,40.85,378.0,82.4,55.4,39.58,270.0,14.0,0.0,30.08,,10.0,21.0,BKN,,,,6500.0,,,,,,,,,,,81.75,KUNV 281853Z 27014G21KT 10SM BKN065 28/13 A3008,,7.202216,28.000000000000004,6
UNV,2024-04-28 15:53:00,-77.85,40.85,378.0,80.6,53.6,39.3,270.0,11.0,0.0,30.07,,10.0,18.0,BKN,,,,7000.0,,,,,,,,,,,80.29,KUNV 281953Z 27011G18KT 10SM BKN070 27/12 A3007,,5.6588840000000005,26.999999999999996,6
UNV,2024-04-28 16:53:00,-77.85,40.85,378.0,80.6,53.6,39.3,270.0,12.0,0.0,30.06,,10.0,20.0,BKN,,,,7500.0,,,,,,,,,,,80.29,KUNV 282053Z 27012G20KT 10SM BKN075 27/12 A3006,,6.173328,26.999999999999996,6
UNV,2024-04-28 17:53:00,-77.85,40.85,378.0,80.6,51.8,36.79,290.0,11.0,0.0,30.06,,10.0,18.0,BKN,,,,7500.0,,,,,,,,,,,80.08,KUNV 282153Z 29011G18KT 10SM BKN075 27/11 A3006,,5.6588840000000005,26.999999999999996,6
UNV,2024-04-28 18:53:00,-77.85,40.85,378.0,78.8,53.6,41.69,280.0,9.0,0.0,30.06,,10.0,16.0,SCT,,,,7500.0,,,,,,,,,,,78.8,KUNV 282253Z 28009G16KT 10SM SCT075 26/12 A3006,,4.629996,26.0,4
UNV,2024-04-28 19:53:00,-77.85,40.85,378.0,75.2,55.4,50.17,260.0,6.0,0.0,30.06,,10.0,,SCT,,,,7500.0,,,,,,,,,,,75.2,KUNV 282353Z 26006KT 10SM SCT075 24/13 A3006,,3.086664,24.0,4
UNV,2024-04-28 20:53:00,-77.85,40.85,378.0,73.4,53.6,49.9,250.0,5.0,0.0,30.07,,10.0,,CLR,,,,,,,,,,,,,,,73.4,KUNV 290053Z 25005KT 10SM CLR 23/12 A3007,,2.57222,23.000000000000004,0
UNV,2024-04-28 21:53:00,-77.85,40.85,378.0,73.4,53.6,49.9,250.0,4.0,0.0,30.07,,10.0,,CLR,,,,,,,,,,,,,,,73.4,KUNV 290153Z 25004KT 10SM CLR 23/12 A3007,,2.057776,23.000000000000004,0
UNV,2024-04-28 22:21:00,-77.85,40.85,378.0,68.0,53.6,59.97,0.0,0.0,0.0,30.08,,10.0,,CLR,,,,,,,,,,,,,,,68.0,KUNV 290221Z AUTO 00000KT 10SM CLR 20/12 A3008 RMK AO2,,0.0,20.0,0
UNV,2024-04-28 22:41:00,-77.85,40.85,378.0,68.0,53.6,59.97,0.0,0.0,0.0,30.07,,10.0,,SCT,,,,6000.0,,,,,,,,,,,68.0,KUNV 290241Z AUTO 00000KT 10SM SCT060 20/12 A3007 RMK AO2,,0.0,20.0,4
UNV,2024-04-28 22:59:00,-77.85,40.85,378.0,68.0,53.6,59.97,40.0,3.0,0.0,30.07,,10.0,,SCT,,,,6000.0,,,,,,,,,,,68.0,KUNV 290259Z AUTO 04003KT 10SM SCT060 20/12 A3007 RMK AO2,,1.543332,20.0,4
UNV,2024-04-28 23:19:00,-77.85,40.85,378.0,69.8,55.4,60.21,0.0,0.0,0.0,30.07,,10.0,,SCT,,,,6000.0,,,,,,,,,,,69.8,KUNV 290319Z AUTO 00000KT 10SM SCT060 21/13 A3007 RMK AO2,,0.0,21.0,4
UNV,2024-04-28 23:40:00,-77.85,40.85,378.0,66.2,53.6,63.82,0.0,0.0,0.0,30.06,,10.0,,CLR,,,,,,,,,,,,,,,66.2,KUNV 290340Z AUTO 00000KT 10SM CLR 19/12 A3006 RMK AO2,,0.0,19.0,0
UNV,2024-04-28 23:59:00,-77.85,40.85,378.0,66.2,55.4,68.15,10.0,5.0,0.0,30.06,,10.0,,CLR,,,,,,,,,,,,,,,66.2,KUNV 290359Z AUTO 01005KT 10SM CLR 19/13 A3006 RMK AO2,,2.57222,19.0,0
UNV,2024-04-29 00:19:00,-77.85,40.85,378.0,64.4,57.2,77.45,0.0,0.0,0.0,30.07,,10.0,,CLR,,,,,,,,,,,,,,,64.4,KUNV 290419Z AUTO 00000KT 10SM CLR 18/14 A3007 RMK AO2,,0.0,18.000000000000004,0
UNV,2024-04-29 00:52:00,-77.85,40.85,378.0,64.4,57.2,77.45,0.0,0.0,0.0,30.07,,10.0,,SCT,,,,6000.0,,,,,,,,,,,64.4,KUNV 290452Z AUTO 00000KT 10SM SCT060 18/14 A3007 RMK AO2,,0.0,18.000000000000004,4
UNV,2024-04-29 01:19:00,-77.85,40.85,378.0,60.8,55.4,82.37,0.0,0.0,0.0,30.07,,10.0,,CLR,,,,,,,,,,,,,,,60.8,KUNV 290519Z AUTO 00000KT 10SM CLR 16/13 A3007 RMK AO2,,0.0,16.0,0
UNV,2024-04-29 01:39:00,-77.85,40.85,378.0,64.4,55.4,72.56,0.0,0.0,0.0,30.07,,10.0,,SCT,,,,6000.0,,,,,,,,,,,64.4,KUNV 290539Z AUTO 00000KT 10SM SCT060 18/13 A3007 RMK AO2,,0.0,18.000000000000004,4
UNV,2024-04-29 01:59:00,-77.85,40.85,378.0,62.6,55.4,77.29,0.0,0.0,0.0,30.06,,10.0,,SCT,,,,6000.0,,,,,,,,,,,62.6,KUNV 290559Z AUTO 00000KT 10SM SCT060 17/13 A3006 RMK AO2,,0.0,17.0,4
UNV,2024-04-29 02:19:00,-77.85,40.85,378.0,62.6,55.4,77.29,0.0,0.0,0.0,30.06,,10.0,,SCT,,,,6000.0,,,,,,,,,,,62.6,KUNV 290619Z AUTO 00000KT 10SM SCT060 17/13 A3006 RMK AO2,,0.0,17.0,4
UNV,2024-04-29 02:40:00,-77.85,40.85,378.0,62.6,55.4,77.29,0.0,0.0,0.0,30.05,,10.0,,CLR,,,,,,,,,,,,,,,62.6,KUNV 290640Z AUTO 00000KT 10SM CLR 17/13 A3005 RMK AO2,,0.0,17.0,0
UNV,2024-04-29 02:59:00,-77.85,40.85,378.0,60.8,55.4,82.37,0.0,0.0,0.0,30.05,,10.0,,CLR,,,,,,,,,,,,,,,60.8,KUNV 290659Z AUTO 00000KT 10SM CLR 16/13 A3005 RMK AO2,,0.0,16.0,0
UNV,2024-04-29 03:19:00,-77.85,40.85,378.0,60.8,55.4,82.37,0.0,0.0,0.0,30.05,,10.0,,CLR,,,,,,,,,,,,,,,60.8,KUNV 290719Z AUTO 00000KT 10SM CLR 16/13 A3005 RMK AO2,,0.0,16.0,0
UNV,2024-04-29 03:40:00,-77.85,40.85,378.0,60.8,55.4,82.37,0.0,0.0,0.0,30.05,,10.0,,CLR,,,,,,,,,,,,,,,60.8,KUNV 290740Z AUTO 00000KT 10SM CLR 16/13 A3005 RMK AO2,,0.0,16.0,0
UNV,2024-04-29 03:59:00,-77.85,40.85,378.0,60.8,55.4,82.37,0.0,0.0,0.0,30.04,,10.0,,CLR,,,,,,,,,,,,,,,60.8,KUNV 290759Z AUTO 00000KT 10SM CLR 16/13 A3004 RMK AO2,,0.0,16.0,0
UNV,2024-04-29 04:19:00,-77.85,40.85,378.0,59.0,37.4,44.47,0.0,0.0,0.0,30.05,,10.0,,CLR,,,,,,,,,,,,,,,59.0,KUNV 290819Z AUTO 00000KT 10SM CLR 15/03 A3005 RMK AO2,,0.0,15.0,0
UNV,2024-04-29 04:40:00,-77.85,40.85,378.0,59.0,55.4,87.83,0.0,0.0,0.0,30.05,,10.0,,CLR,,,,,,,,,,,,,,,59.0,KUNV 290840Z AUTO 00000KT 10SM CLR 15/13 A3005 RMK AO2,,0.0,15.0,0
UNV,2024-04-29 04:59:00,-77.85,40.85,378.0,59.0,55.4,87.83,0.0,0.0,0.0,30.04,,10.0,,CLR,,,,,,,,,,,,,,,59.0,KUNV 290859Z AUTO 00000KT 10SM CLR 15/13 A3004 RMK AO2,,0.0,15.0,0
UNV,2024-04-29 05:20:00,-77.85,40.85,378.0,59.0,55.4,87.83,0.0,0.0,0.0,30.05,,10.0,,CLR,,,,,,,,,,,,,,,59.0,KUNV 290920Z AUTO 00000KT 10SM CLR 15/13 A3005 RMK AO2,,0.0,15.0,0
UNV,2024-04-29 05:53:00,-77.85,40.85,378.0,59.0,55.4,87.83,0.0,0.0,0.0,30.05,,10.0,,CLR,,,,,,,,,,,,,,,59.0,KUNV 290953Z 00000KT 10SM CLR 15/13 A3005,,0.0,15.0,0
UNV,2024-04-29 06:53:00,-77.85,40.85,378.0,57.2,57.2,100.0,0.0,0.0,0.0,30.04,,10.0,,CLR,,,,,,,,,,,,,,,57.2,KUNV 291053Z 00000KT 10SM CLR 14/14 A3004,,0.0,14.000000000000002,0
UNV,2024-04-29 07:53:00,-77.85,40.85,378.0,60.8,57.2,87.92,0.0,0.0,0.0,30.05,,10.0,,CLR,,,,,,,,,,,,,,,60.8,KUNV 291153Z 00000KT 10SM CLR 16/14 A3005,,0.0,16.0,0
UNV,2024-04-29 08:53:00,-77.85,40.85,378.0,68.0,55.4,64.04,230.0,4.0,0.0,30.06,,10.0,,CLR,,,,,,,,,,,,,,,68.0,KUNV 291253Z 23004KT 10SM CLR 20/13 A3006,,2.057776,20.0,0
UNV,2024-04-29 09:53:00,-77.85,40.85,378.0,75.2,57.2,53.55,270.0,5.0,0.0,30.06,,10.0,,CLR,,,,,,,,,,,,,,,75.2,KUNV 291353Z 27005KT 10SM CLR 24/14 A3006,,2.57222,24.0,0
UNV,2024-04-29 10:53:00,-77.85,40.85,378.0,78.8,55.4,44.52,310.0,9.0,0.0,30.06,,10.0,,BKN,,,,6000.0,,,,,,,,,,,78.8,KUNV 291453Z 31009KT 10SM BKN060 26/13 A3006,,4.629996,26.0,6
UNV,2024-04-29 11:53:00,-77.85,40.85,378.0,80.6,57.2,44.8,240.0,9.0,0.0,30.05,,10.0,15.0,BKN,,,,7000.0,,,,,,,,,,,80.81,KUNV 291553Z 24009G15KT 10SM BKN070 27/14 A3005,,4.629996,26.999999999999996,6
UNV,2024-04-29 12:53:00,-77.85,40.85,378.0,80.6,55.4,41.97,230.0,6.0,0.0,30.04,,10.0,12.0,BKN,,,,7000.0,,,,,,,,,,,80.53,KUNV 291653Z 23006G12KT 10SM BKN070 27/13 A3004,,3.086664,26.999999999999996,6
UNV,2024-04-29 13:53:00,-77.85,40.85,378.0,82.4,55.4,39.58,280.0,6.0,0.0,30.02,,10.0,12.0,BKN,,,,7000.0,,,,,,,,,,,81.75,KUNV 291753Z 28006G12KT 10SM BKN070 28/13 A3002,,3.086664,28.000000000000004,6
UNV,2024-04-29 14:53:00,-77.85,40.85,378.0,84.2,55.4,37.35,240.0,8.0,0.0,30.0,,10.0,14.0,BKN,,,,8000.0,,,,,,,,,,,83.09,KUNV 291853Z 24008G14KT 10SM BKN080 29/13 A3000,,4.115552,29.0,6
UNV,2024-04-29 15:53:00,-77.85,40.85,378.0,82.4,55.4,39.58,250.0,9.0,0.0,29.99,,10.0,15.0,BKN,,,,8000.0,,,,,,,,,,,81.75,KUNV 291953Z 25009G15KT 10SM BKN080 28/13 A2999,,4.629996,28.000000000000004,6
UNV,2024-04-29 16:53:00,-77.85,40.85,378.0,82.4,53.6,37.07,230.0,10.0,0.0,29.97,,10.0,,BKN,,,,8000.0,,,,,,,,,,,81.46,KUNV 292053Z 23010KT 10SM BKN080 28/12 A2997,,5.14444,28.000000000000004,6
UNV,2024-04-29 17:53:00,-77.85,40.85,378.0,82.4,55.4,39.58,240.0,8.0,0.0,29.95,,10.0,,SCT,,,,7000.0,,,,,,,,,,,81.75,KUNV 292153Z 24008KT 10SM SCT070 28/13 A2995,,4.115552,28.000000000000004,4
UNV,2024-04-29 18:53:00,-77.85,40.85,378.0,80.6,51.8,36.79,250.0,8.0,0.0,29.94,,10.0,,CLR,,,,,,,,,,,,,,,80.08,KUNV 292253Z 25008KT 10SM CLR 27/11 A2994,,4.115552,26.999999999999996,0
UNV,2024-04-29 19:53:00,-77.85,40.85,378.0,78.8,51.8,39.02,0.0,0.0,0.0,29.93,,10.0,,CLR,,,,,,,,,,,,,,,78.8,KUNV 292353Z 00000KT 10SM CLR 26/11 A2993,,0.0,26.0,0
UNV,2024-04-29 20:53:00,-77.85,40.85,378.0,75.2,53.6,46.98,0.0,0.0,0.0,29.93,,10.0,,CLR,,,,,,,,,,,,,,,75.2,KUNV 300053Z 00000KT 10SM CLR 24/12 A2993,,0.0,24.0,0
UNV,2024-04-29 21:53:00,-77.85,40.85,378.0,71.6,53.6,53.03,0.0,0.0,0.0,29.93,,10.0,,CLR,,,,,,,,,,,,,,,71.6,KUNV 300153Z 00000KT 10SM CLR 22/12 A2993,,0.0,21.999999999999996,0
UNV,2024-04-29 22:29:00,-77.85,40.85,378.0,71.6,53.6,53.03,0.0,0.0,0.0,29.93,,10.0,,CLR,,,,,,,,,,,,,,,71.6,KUNV 300229Z AUTO 00000KT 10SM CLR 22/12 A2993 RMK AO2,,0.0,21.999999999999996,0
UNV,2024-04-29 22:59:00,-77.85,40.85,378.0,69.8,53.6,56.38,0.0,0.0,0.0,29.92,,10.0,,CLR,,,,,,,,,,,,,,,69.8,KUNV 300259Z AUTO 00000KT 10SM CLR 21/12 A2992 RMK AO2,,0.0,21.0,0
UNV,2024-04-29 23:19:00,-77.85,40.85,378.0,71.6,53.6,53.03,0.0,0.0,0.0,29.91,,10.0,,CLR,,,,,,,,,,,,,,,71.6,KUNV 300319Z AUTO 00000KT 10SM CLR 22/12 A2991 RMK AO2,,0.0,21.999999999999996,0
UNV,2024-04-29 23:39:00,-77.85,40.85,378.0,71.6,53.6,53.03,0.0,0.0,0.0,29.9,,10.0,,CLR,,,,,,,,,,,,,,,71.6,KUNV 300339Z AUTO 00000KT 10SM CLR 22/12 A2990 RMK AO2,,0.0,21.999999999999996,0
