"col","row","lon","lat","spring_resource_quality_2015"
1200,118,-74.999999999996,45.0000000000016,0
1201,118,-74.9583333333293,45.0000000000016,0.0765501214859684
1202,118,-74.9166666666626,45.0000000000016,0.0715712977661973
1203,118,-74.874999999996,45.0000000000016,0.216453526638741
1204,118,-74.8333333333293,45.0000000000016,0.415471553872111
1205,118,-74.7916666666626,45.0000000000016,0.349494170205462
1206,118,-74.749999999996,45.0000000000016,0.335863482157044
1207,118,-74.7083333333293,45.0000000000016,0.353785943346113
1208,118,-74.6666666666626,45.0000000000016,0.447666611208903
1209,118,-74.624999999996,45.0000000000016,0.538847742084992
1210,118,-74.5833333333293,45.0000000000016,0.577305748864887
1211,118,-74.5416666666626,45.0000000000016,0.465582279257213
1212,118,-74.499999999996,45.0000000000016,0.402383090400954
1213,118,-74.4583333333293,45.0000000000016,0.477135602377474
1214,118,-74.4166666666626,45.0000000000016,0.469845760454208
1215,118,-74.3749999999959,45.0000000000016,0.397120265185233
1216,118,-74.3333333333293,45.0000000000016,0.446013550463665
1217,118,-74.2916666666626,45.0000000000016,0.610760221811759
1218,118,-74.2499999999959,45.0000000000016,0.598529844589583
1219,118,-74.2083333333293,45.0000000000016,0.548756671925486
1220,118,-74.1666666666626,45.0000000000016,0.472087688158697
1221,118,-74.1249999999959,45.0000000000016,0.617576211139112
1222,118,-74.0833333333293,45.0000000000016,0.59655947371262
1223,118,-74.0416666666626,45.0000000000016,0.535298354989172
1224,118,-73.9999999999959,45.0000000000016,0.563012508706884
1225,118,-73.9583333333293,45.0000000000016,0.523196464589692
1226,118,-73.9166666666626,45.0000000000016,0.568061325685681
1227,118,-73.8749999999959,45.0000000000016,0.64515221004779
1228,118,-73.8333333333292,45.0000000000016,0.651012996644587
1229,118,-73.7916666666626,45.0000000000016,0.628529436003718
1230,118,-73.7499999999959,45.0000000000016,0.583482886232757
1231,118,-73.7083333333292,45.0000000000016,0.632610702233982
1232,118,-73.6666666666626,45.0000000000016,0.574918638952848
1233,118,-73.6249999999959,45.0000000000016,0.588035138626295
1234,118,-73.5833333333292,45.0000000000016,0.510314214090032
1235,118,-73.5416666666625,45.0000000000016,0.498646764055023
1236,118,-73.4999999999959,45.0000000000016,0.371516006920809
1237,118,-73.4583333333292,45.0000000000016,0.395632185579014
1238,118,-73.4166666666625,45.0000000000016,0.457553420226304
1239,118,-73.3749999999959,45.0000000000016,0.350379921328641
1240,118,-73.3333333333292,45.0000000000016,0.0860952753009218
1199,119,-75.0416666666627,44.958333333335,0.0320745212296599
1200,119,-74.999999999996,44.958333333335,0.152416270893489
1201,119,-74.9583333333293,44.958333333335,0.229680445918909
1202,119,-74.9166666666626,44.958333333335,0.439859740539154
1203,119,-74.874999999996,44.958333333335,0.43086554751075
1204,119,-74.8333333333293,44.958333333335,0.547154532775983
1205,119,-74.7916666666626,44.958333333335,0.51468600753627
1206,119,-74.749999999996,44.958333333335,0.533309705573057
1207,119,-74.7083333333293,44.958333333335,0.565849239278394
1208,119,-74.6666666666626,44.958333333335,0.537437764078365
1209,119,-74.624999999996,44.958333333335,0.57566276152675
1210,119,-74.5833333333293,44.958333333335,0.541615016842137
1211,119,-74.5416666666626,44.958333333335,0.388876498566553
1212,119,-74.499999999996,44.958333333335,0.399492143886948
1213,119,-74.4583333333293,44.958333333335,0.424287010963991
1214,119,-74.4166666666626,44.958333333335,0.42468069691067
1215,119,-74.3749999999959,44.958333333335,0.443485367020629
1216,119,-74.3333333333293,44.958333333335,0.519965608222859
1217,119,-74.2916666666626,44.958333333335,0.587387245750069
1218,119,-74.2499999999959,44.958333333335,0.550019913925034
1219,119,-74.2083333333293,44.958333333335,0.508430326842415
1220,119,-74.1666666666626,44.958333333335,0.448214790621829
1221,119,-74.1249999999959,44.958333333335,0.477269094927826
1222,119,-74.0833333333293,44.958333333335,0.429826793684221
1223,119,-74.0416666666626,44.958333333335,0.413941985515283
1224,119,-73.9999999999959,44.958333333335,0.5804213468435
1225,119,-73.9583333333293,44.958333333335,0.57187641616947
1226,119,-73.9166666666626,44.958333333335,0.587834111143983
1227,119,-73.8749999999959,44.958333333335,0.628104835707271
1228,119,-73.8333333333292,44.958333333335,0.554246702360738
1229,119,-73.7916666666626,44.958333333335,0.516476112353792
1230,119,-73.7499999999959,44.958333333335,0.57961662516434
1231,119,-73.7083333333292,44.958333333335,0.574813644708866
1232,119,-73.6666666666626,44.958333333335,0.502785035223826
1233,119,-73.6249999999959,44.958333333335,0.524759276876815
1234,119,-73.5833333333292,44.958333333335,0.454393677454432
1235,119,-73.5416666666625,44.958333333335,0.465922852889581
1236,119,-73.4999999999959,44.958333333335,0.487757975604498
1237,119,-73.4583333333292,44.958333333335,0.445072988941305
1238,119,-73.4166666666625,44.958333333335,0.292436405891278
1239,119,-73.3749999999959,44.958333333335,0.262926176380683
1240,119,-73.3333333333292,44.958333333335,0.0171026416319522
1196,120,-75.1666666666627,44.9166666666683,0
1197,120,-75.124999999996,44.9166666666683,0.0442255589373226
1198,120,-75.0833333333293,44.9166666666683,0.303021452282884
1199,120,-75.0416666666627,44.9166666666683,0.336389533966601
1200,120,-74.999999999996,44.9166666666683,0.49616906078823
1201,120,-74.9583333333293,44.9166666666683,0.54387860500771
1202,120,-74.9166666666626,44.9166666666683,0.512700306316018
1203,120,-74.874999999996,44.9166666666683,0.518000525668869
1204,120,-74.8333333333293,44.9166666666683,0.533037680165304
1205,120,-74.7916666666626,44.9166666666683,0.528442763773608
1206,120,-74.749999999996,44.9166666666683,0.543029758060668
1207,120,-74.7083333333293,44.9166666666683,0.559091810805416
1208,120,-74.6666666666626,44.9166666666683,0.550283232437273
1209,120,-74.624999999996,44.9166666666683,0.495184463404809
1210,120,-74.5833333333293,44.9166666666683,0.483263449961573
1211,120,-74.5416666666626,44.9166666666683,0.51917361603882
1212,120,-74.499999999996,44.9166666666683,0.553890028360189
1213,120,-74.4583333333293,44.9166666666683,0.499955785625121
1214,120,-74.4166666666626,44.9166666666683,0.569846209327934
1215,120,-74.3749999999959,44.9166666666683,0.541780761161393
1216,120,-74.3333333333293,44.9166666666683,0.557534117488661
1217,120,-74.2916666666626,44.9166666666683,0.492495646580636
1218,120,-74.2499999999959,44.9166666666683,0.456055489129647
1219,120,-74.2083333333293,44.9166666666683,0.411248384516278
1220,120,-74.1666666666626,44.9166666666683,0.396851111079527
1221,120,-74.1249999999959,44.9166666666683,0.388619808266996
1222,120,-74.0833333333293,44.9166666666683,0.433700586738417
1223,120,-74.0416666666626,44.9166666666683,0.513637350355999
1224,120,-73.9999999999959,44.9166666666683,0.533662797313391
1225,120,-73.9583333333293,44.9166666666683,0.504582774188353
1226,120,-73.9166666666626,44.9166666666683,0.565317722688684
1227,120,-73.8749999999959,44.9166666666683,0.63549656766028
1228,120,-73.8333333333292,44.9166666666683,0.545474906638903
1229,120,-73.7916666666626,44.9166666666683,0.444133231376733
1230,120,-73.7499999999959,44.9166666666683,0.565132236957522
1231,120,-73.7083333333292,44.9166666666683,0.569844749332059
1232,120,-73.6666666666626,44.9166666666683,0.543187807103139
1233,120,-73.6249999999959,44.9166666666683,0.589119903212466
1234,120,-73.5833333333292,44.9166666666683,0.590691321692673
1235,120,-73.5416666666625,44.9166666666683,0.484514010966145
1236,120,-73.4999999999959,44.9166666666683,0.513406383171937
1237,120,-73.4583333333292,44.9166666666683,0.50166799308521
1238,120,-73.4166666666625,44.9166666666683,0.305015403579509
1239,120,-73.3749999999959,44.9166666666683,0.104035557055876
1240,120,-73.3333333333292,44.9166666666683,0
1194,121,-75.249999999996,44.8750000000016,0.140754864270292
1195,121,-75.2083333333293,44.8750000000016,0.286274214022568
1196,121,-75.1666666666627,44.8750000000016,0.369930970583457
1197,121,-75.124999999996,44.8750000000016,0.497582803018872
1198,121,-75.0833333333293,44.8750000000016,0.52711877134291
1199,121,-75.0416666666627,44.8750000000016,0.516789271506518
1200,121,-74.999999999996,44.8750000000016,0.540584433649194
1201,121,-74.9583333333293,44.8750000000016,0.536752932892063
1202,121,-74.9166666666626,44.8750000000016,0.558250803640082
1203,121,-74.874999999996,44.8750000000016,0.581268238761087
1204,121,-74.8333333333293,44.8750000000016,0.58857825066624
1205,121,-74.7916666666626,44.8750000000016,0.54475214078916
1206,121,-74.749999999996,44.8750000000016,0.540915765374874
1207,121,-74.7083333333293,44.8750000000016,0.560532398735679
1208,121,-74.6666666666626,44.8750000000016,0.53925248737184
1209,121,-74.624999999996,44.8750000000016,0.591122559225409
1210,121,-74.5833333333293,44.8750000000016,0.551243705357508
1211,121,-74.5416666666626,44.8750000000016,0.508658605948566
1212,121,-74.499999999996,44.8750000000016,0.572202408126387
1213,121,-74.4583333333293,44.8750000000016,0.555371796038613
1214,121,-74.4166666666626,44.8750000000016,0.405113519452191
1215,121,-74.3749999999959,44.8750000000016,0.322912864048333
1216,121,-74.3333333333293,44.8750000000016,0.397548254465605
1217,121,-74.2916666666626,44.8750000000016,0.501447498266155
1218,121,-74.2499999999959,44.8750000000016,0.430761192871836
1219,121,-74.2083333333293,44.8750000000016,0.431536687196776
1220,121,-74.1666666666626,44.8750000000016,0.483991010796784
1221,121,-74.1249999999959,44.8750000000016,0.530872438433707
1222,121,-74.0833333333293,44.8750000000016,0.514550913117799
1223,121,-74.0416666666626,44.8750000000016,0.422166382907773
1224,121,-73.9999999999959,44.8750000000016,0.453384186211412
1225,121,-73.9583333333293,44.8750000000016,0.465491910550607
1226,121,-73.9166666666626,44.8750000000016,0.544233685588849
1227,121,-73.8749999999959,44.8750000000016,0.479802842585121
1228,121,-73.8333333333292,44.8750000000016,0.610042791122831
1229,121,-73.7916666666626,44.8750000000016,0.628202039297067
1230,121,-73.7499999999959,44.8750000000016,0.64753577958313
1231,121,-73.7083333333292,44.8750000000016,0.649786508947959
1232,121,-73.6666666666626,44.8750000000016,0.585158511668162
1233,121,-73.6249999999959,44.8750000000016,0.623887829039163
1234,121,-73.5833333333292,44.8750000000016,0.605227435122718
1235,121,-73.5416666666625,44.8750000000016,0.575865879005669
1236,121,-73.4999999999959,44.8750000000016,0.562672719186088
1237,121,-73.4583333333292,44.8750000000016,0.513075791816573
1238,121,-73.4166666666625,44.8750000000016,0.439786220718123
1239,121,-73.3749999999959,44.8750000000016,0.202957414995264
1192,122,-75.3333333333293,44.833333333335,0.0758630323068162
1193,122,-75.2916666666627,44.833333333335,0.328127264223507
1194,122,-75.249999999996,44.833333333335,0.508544927536194
1195,122,-75.2083333333293,44.833333333335,0.487060317973602
1196,122,-75.1666666666627,44.833333333335,0.520658531356879
1197,122,-75.124999999996,44.833333333335,0.511688950528445
1198,122,-75.0833333333293,44.833333333335,0.495877229535298
1199,122,-75.0416666666627,44.833333333335,0.533714190197554
1200,122,-74.999999999996,44.833333333335,0.532046975066016
1201,122,-74.9583333333293,44.833333333335,0.560505231165842
1202,122,-74.9166666666626,44.833333333335,0.534084827568401
1203,122,-74.874999999996,44.833333333335,0.541873172770334
1204,122,-74.8333333333293,44.833333333335,0.554218976267487
1205,122,-74.7916666666626,44.833333333335,0.529035736917887
1206,122,-74.749999999996,44.833333333335,0.532448749452817
1207,122,-74.7083333333293,44.833333333335,0.567149909974882
1208,122,-74.6666666666626,44.833333333335,0.573660447787395
1209,122,-74.624999999996,44.833333333335,0.592592169688474
1210,122,-74.5833333333293,44.833333333335,0.558529484599722
1211,122,-74.5416666666626,44.833333333335,0.553453681448007
1212,122,-74.499999999996,44.833333333335,0.564519256318211
1213,122,-74.4583333333293,44.833333333335,0.382533868407296
1214,122,-74.4166666666626,44.833333333335,0.418088592772167
1215,122,-74.3749999999959,44.833333333335,0.462794075504804
1216,122,-74.3333333333293,44.833333333335,0.400004817516492
1217,122,-74.2916666666626,44.833333333335,0.401848152084711
1218,122,-74.2499999999959,44.833333333335,0.436426307362347
1219,122,-74.2083333333293,44.833333333335,0.546424432569197
1220,122,-74.1666666666626,44.833333333335,0.567556508619042
1221,122,-74.1249999999959,44.833333333335,0.621276375659272
1222,122,-74.0833333333293,44.833333333335,0.588680826502871
1223,122,-74.0416666666626,44.833333333335,0.56268279828275
1224,122,-73.9999999999959,44.833333333335,0.541988286877774
1225,122,-73.9583333333293,44.833333333335,0.52326515482561
1226,122,-73.9166666666626,44.833333333335,0.532963306249739
1227,122,-73.8749999999959,44.833333333335,0.583869668870373
1228,122,-73.8333333333292,44.833333333335,0.643144832960927
1229,122,-73.7916666666626,44.833333333335,0.658777162888003
1230,122,-73.7499999999959,44.833333333335,0.6164550579705
1231,122,-73.7083333333292,44.833333333335,0.622313041193389
1232,122,-73.6666666666626,44.833333333335,0.592739963171559
1233,122,-73.6249999999959,44.833333333335,0.621302947868816
1234,122,-73.5833333333292,44.833333333335,0.593630628442227
1235,122,-73.5416666666625,44.833333333335,0.595539447255063
1236,122,-73.4999999999959,44.833333333335,0.448068290876788
1237,122,-73.4583333333292,44.833333333335,0.426383037302061
1238,122,-73.4166666666625,44.833333333335,0.270371354083896
1239,122,-73.3749999999959,44.833333333335,0.078325043271312
1240,122,-73.3333333333292,44.833333333335,0
1190,123,-75.4166666666627,44.7916666666683,0.0822194376623774
1191,123,-75.374999999996,44.7916666666683,0.172250314383655
1192,123,-75.3333333333293,44.7916666666683,0.426916947160638
1193,123,-75.2916666666627,44.7916666666683,0.463239105291293
1194,123,-75.249999999996,44.7916666666683,0.427650794024857
1195,123,-75.2083333333293,44.7916666666683,0.483432882926941
1196,123,-75.1666666666627,44.7916666666683,0.438284708348547
1197,123,-75.124999999996,44.7916666666683,0.480144677418497
1198,123,-75.0833333333293,44.7916666666683,0.592131947177264
1199,123,-75.0416666666627,44.7916666666683,0.557904885902182
1200,123,-74.999999999996,44.7916666666683,0.508074580605831
1201,123,-74.9583333333293,44.7916666666683,0.544323922631096
1202,123,-74.9166666666626,44.7916666666683,0.521569199619443
1203,123,-74.874999999996,44.7916666666683,0.547499437961128
1204,123,-74.8333333333293,44.7916666666683,0.564495140728028
1205,123,-74.7916666666626,44.7916666666683,0.559880775496948
1206,123,-74.749999999996,44.7916666666683,0.583542656174304
1207,123,-74.7083333333293,44.7916666666683,0.597157733163017
1208,123,-74.6666666666626,44.7916666666683,0.584513018682075
1209,123,-74.624999999996,44.7916666666683,0.52415557634775
1210,123,-74.5833333333293,44.7916666666683,0.441514960267273
1211,123,-74.5416666666626,44.7916666666683,0.569613301035994
1212,123,-74.499999999996,44.7916666666683,0.540938660778235
1213,123,-74.4583333333293,44.7916666666683,0.487760013761125
1214,123,-74.4166666666626,44.7916666666683,0.536878765112512
1215,123,-74.3749999999959,44.7916666666683,0.549523684946546
1216,123,-74.3333333333293,44.7916666666683,0.55387859015362
1217,123,-74.2916666666626,44.7916666666683,0.543866289563897
1218,123,-74.2499999999959,44.7916666666683,0.632080572592666
1219,123,-74.2083333333293,44.7916666666683,0.628105048106251
1220,123,-74.1666666666626,44.7916666666683,0.663444880303682
1221,123,-74.1249999999959,44.7916666666683,0.657207561075037
1222,123,-74.0833333333293,44.7916666666683,0.661439019000245
1223,123,-74.0416666666626,44.7916666666683,0.672257654200265
1224,123,-73.9999999999959,44.7916666666683,0.590530530012711
1225,123,-73.9583333333293,44.7916666666683,0.640747198048912
1226,123,-73.9166666666626,44.7916666666683,0.595674062015742
1227,123,-73.8749999999959,44.7916666666683,0.643581535733492
1228,123,-73.8333333333292,44.7916666666683,0.629452947429217
1229,123,-73.7916666666626,44.7916666666683,0.660231816120976
1230,123,-73.7499999999959,44.7916666666683,0.548763279749295
1231,123,-73.7083333333292,44.7916666666683,0.632002970717901
1232,123,-73.6666666666626,44.7916666666683,0.604962217748042
1233,123,-73.6249999999959,44.7916666666683,0.643198878155323
1234,123,-73.5833333333292,44.7916666666683,0.649516873454348
1235,123,-73.5416666666625,44.7916666666683,0.556827107609344
1236,123,-73.4999999999959,44.7916666666683,0.484765487842199
1237,123,-73.4583333333292,44.7916666666683,0.446240079919101
1238,123,-73.4166666666625,44.7916666666683,0.235763214589177
1239,123,-73.3749999999959,44.7916666666683,0.263218401482584
1240,123,-73.3333333333292,44.7916666666683,0
1189,124,-75.4583333333294,44.7500000000016,0.0940704877914757
1190,124,-75.4166666666627,44.7500000000016,0.254111825984481
1191,124,-75.374999999996,44.7500000000016,0.443576298249886
1192,124,-75.3333333333293,44.7500000000016,0.354855601888822
1193,124,-75.2916666666627,44.7500000000016,0.36749984792268
1194,124,-75.249999999996,44.7500000000016,0.494080239120423
1195,124,-75.2083333333293,44.7500000000016,0.434390379589366
1196,124,-75.1666666666627,44.7500000000016,0.385193576319725
1197,124,-75.124999999996,44.7500000000016,0.443188950449267
1198,124,-75.0833333333293,44.7500000000016,0.551939806459592
1199,124,-75.0416666666627,44.7500000000016,0.52882374348802
1200,124,-74.999999999996,44.7500000000016,0.492426970784889
1201,124,-74.9583333333293,44.7500000000016,0.575610581668243
1202,124,-74.9166666666626,44.7500000000016,0.574936151913585
1203,124,-74.874999999996,44.7500000000016,0.544100237566874
1204,124,-74.8333333333293,44.7500000000016,0.582307085680154
1205,124,-74.7916666666626,44.7500000000016,0.590651471480768
1206,124,-74.749999999996,44.7500000000016,0.545551429684015
1207,124,-74.7083333333293,44.7500000000016,0.470138929422193
1208,124,-74.6666666666626,44.7500000000016,0.464887450614191
1209,124,-74.624999999996,44.7500000000016,0.551016624691272
1210,124,-74.5833333333293,44.7500000000016,0.569139144255215
1211,124,-74.5416666666626,44.7500000000016,0.613904857288384
1212,124,-74.499999999996,44.7500000000016,0.61201731126903
1213,124,-74.4583333333293,44.7500000000016,0.604115970575904
1214,124,-74.4166666666626,44.7500000000016,0.619914516886471
1215,124,-74.3749999999959,44.7500000000016,0.621868817671936
1216,124,-74.3333333333293,44.7500000000016,0.648976823907011
1217,124,-74.2916666666626,44.7500000000016,0.597172893280063
1218,124,-74.2499999999959,44.7500000000016,0.61711544913576
1219,124,-74.2083333333293,44.7500000000016,0.554668508635959
1220,124,-74.1666666666626,44.7500000000016,0.636310451076378
1221,124,-74.1249999999959,44.7500000000016,0.625769053876372
1222,124,-74.0833333333293,44.7500000000016,0.603058405830636
1223,124,-74.0416666666626,44.7500000000016,0.5606845384332
1224,124,-73.9999999999959,44.7500000000016,0.614443154686063
1225,124,-73.9583333333293,44.7500000000016,0.288728942591644
1226,124,-73.9166666666626,44.7500000000016,0.564022847794995
1227,124,-73.8749999999959,44.7500000000016,0.596097612514068
1228,124,-73.8333333333292,44.7500000000016,0.434194117931958
1229,124,-73.7916666666626,44.7500000000016,0.531489170824863
1230,124,-73.7499999999959,44.7500000000016,0.566365824026581
1231,124,-73.7083333333292,44.7500000000016,0.664850013576357
1232,124,-73.6666666666626,44.7500000000016,0.606698347262391
1233,124,-73.6249999999959,44.7500000000016,0.634102887960237
1234,124,-73.5833333333292,44.7500000000016,0.60620452655059
1235,124,-73.5416666666625,44.7500000000016,0.503900491959055
1236,124,-73.4999999999959,44.7500000000016,0.522091702150842
1237,124,-73.4583333333292,44.7500000000016,0.338963993796544
1238,124,-73.4166666666625,44.7500000000016,0.28510793754786
1239,124,-73.3749999999959,44.7500000000016,0.0132018899135942
1240,124,-73.3333333333292,44.7500000000016,0
1187,125,-75.5416666666627,44.708333333335,0
1188,125,-75.499999999996,44.708333333335,0.211431580297921
1189,125,-75.4583333333294,44.708333333335,0.406885143936014
1190,125,-75.4166666666627,44.708333333335,0.48386959292009
1191,125,-75.374999999996,44.708333333335,0.453461456951998
1192,125,-75.3333333333293,44.708333333335,0.448776235954732
1193,125,-75.2916666666627,44.708333333335,0.564377079517604
1194,125,-75.249999999996,44.708333333335,0.497411170931169
1195,125,-75.2083333333293,44.708333333335,0.469363981104837
1196,125,-75.1666666666627,44.708333333335,0.390433717163994
1197,125,-75.124999999996,44.708333333335,0.515751470556013
1198,125,-75.0833333333293,44.708333333335,0.554163073678353
1199,125,-75.0416666666627,44.708333333335,0.558312444614121
1200,125,-74.999999999996,44.708333333335,0.500905382529178
1201,125,-74.9583333333293,44.708333333335,0.594697169482782
1202,125,-74.9166666666626,44.708333333335,0.583706478713764
1203,125,-74.874999999996,44.708333333335,0.596287922739702
1204,125,-74.8333333333293,44.708333333335,0.606307712957449
1205,125,-74.7916666666626,44.708333333335,0.604749220836511
1206,125,-74.749999999996,44.708333333335,0.579999346864106
1207,125,-74.7083333333293,44.708333333335,0.536236407174514
1208,125,-74.6666666666626,44.708333333335,0.493962485706843
1209,125,-74.624999999996,44.708333333335,0.544967771581641
1210,125,-74.5833333333293,44.708333333335,0.599200813610607
1211,125,-74.5416666666626,44.708333333335,0.598478235349973
1212,125,-74.499999999996,44.708333333335,0.631958233238614
1213,125,-74.4583333333293,44.708333333335,0.637002653423413
1214,125,-74.4166666666626,44.708333333335,0.657680913099641
1215,125,-74.3749999999959,44.708333333335,0.660523787975901
1216,125,-74.3333333333293,44.708333333335,0.562245335644604
1217,125,-74.2916666666626,44.708333333335,0.600149219621903
1218,125,-74.2499999999959,44.708333333335,0.641874436191921
1219,125,-74.2083333333293,44.708333333335,0.526438384334955
1220,125,-74.1666666666626,44.708333333335,0.48227634849143
1221,125,-74.1249999999959,44.708333333335,0.467190547233691
1222,125,-74.0833333333293,44.708333333335,0.608567239064482
1223,125,-74.0416666666626,44.708333333335,0.67628720502743
1224,125,-73.9999999999959,44.708333333335,0.624225681595242
1225,125,-73.9583333333293,44.708333333335,0.493992630346257
1226,125,-73.9166666666626,44.708333333335,0.594704615576012
1227,125,-73.8749999999959,44.708333333335,0.526669975072812
1228,125,-73.8333333333292,44.708333333335,0.628271168834972
1229,125,-73.7916666666626,44.708333333335,0.632137874067426
1230,125,-73.7499999999959,44.708333333335,0.633994433987194
1231,125,-73.7083333333292,44.708333333335,0.538181614784915
1232,125,-73.6666666666626,44.708333333335,0.557712587397015
1233,125,-73.6249999999959,44.708333333335,0.58190744447666
1234,125,-73.5833333333292,44.708333333335,0.528298839807405
1235,125,-73.5416666666625,44.708333333335,0.499595533344789
1236,125,-73.4999999999959,44.708333333335,0.500943829560364
1237,125,-73.4583333333292,44.708333333335,0.392765927196153
1238,125,-73.4166666666625,44.708333333335,0.160794820011206
1239,125,-73.3749999999959,44.708333333335,0.193687539956385
1186,126,-75.5833333333294,44.6666666666683,0.0273111852869559
1187,126,-75.5416666666627,44.6666666666683,0.330151522202283
1188,126,-75.499999999996,44.6666666666683,0.428416192584178
1189,126,-75.4583333333294,44.6666666666683,0.469110535721694
1190,126,-75.4166666666627,44.6666666666683,0.532459231137241
1191,126,-75.374999999996,44.6666666666683,0.426760544722007
1192,126,-75.3333333333293,44.6666666666683,0.44040394013342
1193,126,-75.2916666666627,44.6666666666683,0.442380903252019
1194,126,-75.249999999996,44.6666666666683,0.518828462829267
1195,126,-75.2083333333293,44.6666666666683,0.438471444775757
1196,126,-75.1666666666627,44.6666666666683,0.499489178550234
1197,126,-75.124999999996,44.6666666666683,0.57616970103375
1198,126,-75.0833333333293,44.6666666666683,0.567591011824012
1199,126,-75.0416666666627,44.6666666666683,0.550058482092093
1200,126,-74.999999999996,44.6666666666683,0.501336087608444
1201,126,-74.9583333333293,44.6666666666683,0.485927535697899
1202,126,-74.9166666666626,44.6666666666683,0.566145855501488
1203,126,-74.874999999996,44.6666666666683,0.605371168022107
1204,126,-74.8333333333293,44.6666666666683,0.528101783133605
1205,126,-74.7916666666626,44.6666666666683,0.549157434410909
1206,126,-74.749999999996,44.6666666666683,0.533190681967566
1207,126,-74.7083333333293,44.6666666666683,0.582558171990283
1208,126,-74.6666666666626,44.6666666666683,0.593868187474854
1209,126,-74.624999999996,44.6666666666683,0.633092674646307
1210,126,-74.5833333333293,44.6666666666683,0.644709762959796
1211,126,-74.5416666666626,44.6666666666683,0.607604237912185
1212,126,-74.499999999996,44.6666666666683,0.587383678466772
1213,126,-74.4583333333293,44.6666666666683,0.62670831901357
1214,126,-74.4166666666626,44.6666666666683,0.655222960694748
1215,126,-74.3749999999959,44.6666666666683,0.66026239595869
1216,126,-74.3333333333293,44.6666666666683,0.643408676686866
1217,126,-74.2916666666626,44.6666666666683,0.492368528524742
1218,126,-74.2499999999959,44.6666666666683,0.584132705369416
1219,126,-74.2083333333293,44.6666666666683,0.516289461106062
1220,126,-74.1666666666626,44.6666666666683,0.581936680269592
1221,126,-74.1249999999959,44.6666666666683,0.632712362688165
1222,126,-74.0833333333293,44.6666666666683,0.618159119814899
1223,126,-74.0416666666626,44.6666666666683,0.621537403975815
1224,126,-73.9999999999959,44.6666666666683,0.600029331416591
1225,126,-73.9583333333293,44.6666666666683,0.593272561586955
1226,126,-73.9166666666626,44.6666666666683,0.583557230102665
1227,126,-73.8749999999959,44.6666666666683,0.613320040661795
1228,126,-73.8333333333292,44.6666666666683,0.587006284205446
1229,126,-73.7916666666626,44.6666666666683,0.575767244531939
1230,126,-73.7499999999959,44.6666666666683,0.570347785489578
1231,126,-73.7083333333292,44.6666666666683,0.474024321805028
1232,126,-73.6666666666626,44.6666666666683,0.482682979556445
1233,126,-73.6249999999959,44.6666666666683,0.542118280306362
1234,126,-73.5833333333292,44.6666666666683,0.490039678624448
1235,126,-73.5416666666625,44.6666666666683,0.508226551761522
1236,126,-73.4999999999959,44.6666666666683,0.503937530761138
1237,126,-73.4583333333292,44.6666666666683,0.423497760740046
1238,126,-73.4166666666625,44.6666666666683,0.00764114531801369
1239,126,-73.3749999999959,44.6666666666683,0
1185,127,-75.624999999996,44.6250000000016,0.173766302749256
1186,127,-75.5833333333294,44.6250000000016,0.468656916459312
1187,127,-75.5416666666627,44.6250000000016,0.501189562806747
1188,127,-75.499999999996,44.6250000000016,0.45262821469357
1189,127,-75.4583333333294,44.6250000000016,0.386749200926699
1190,127,-75.4166666666627,44.6250000000016,0.402013856918934
1191,127,-75.374999999996,44.6250000000016,0.408998576692401
1192,127,-75.3333333333293,44.6250000000016,0.507386008885279
1193,127,-75.2916666666627,44.6250000000016,0.532467375200168
1194,127,-75.249999999996,44.6250000000016,0.494003853628114
1195,127,-75.2083333333293,44.6250000000016,0.512159044111781
1196,127,-75.1666666666627,44.6250000000016,0.498615104944744
1197,127,-75.124999999996,44.6250000000016,0.531477881276091
1198,127,-75.0833333333293,44.6250000000016,0.550649722795819
1199,127,-75.0416666666627,44.6250000000016,0.580882759892471
1200,127,-74.999999999996,44.6250000000016,0.59988969021598
1201,127,-74.9583333333293,44.6250000000016,0.52690140008103
1202,127,-74.9166666666626,44.6250000000016,0.58439425936233
1203,127,-74.874999999996,44.6250000000016,0.553656601545273
1204,127,-74.8333333333293,44.6250000000016,0.564135828134553
1205,127,-74.7916666666626,44.6250000000016,0.625341673496714
1206,127,-74.749999999996,44.6250000000016,0.639983459379467
1207,127,-74.7083333333293,44.6250000000016,0.61798693856038
1208,127,-74.6666666666626,44.6250000000016,0.653076990064385
1209,127,-74.624999999996,44.6250000000016,0.667623226552804
1210,127,-74.5833333333293,44.6250000000016,0.676348885047583
1211,127,-74.5416666666626,44.6250000000016,0.628245308643148
1212,127,-74.499999999996,44.6250000000016,0.608874562799286
1213,127,-74.4583333333293,44.6250000000016,0.545621791378631
1214,127,-74.4166666666626,44.6250000000016,0.614352021141658
1215,127,-74.3749999999959,44.6250000000016,0.634907019589637
1216,127,-74.3333333333293,44.6250000000016,0.662668376444523
1217,127,-74.2916666666626,44.6250000000016,0.591941309321404
1218,127,-74.2499999999959,44.6250000000016,0.605933212784048
1219,127,-74.2083333333293,44.6250000000016,0.589521335719502
1220,127,-74.1666666666626,44.6250000000016,0.6400957885267
1221,127,-74.1249999999959,44.6250000000016,0.642587315941795
1222,127,-74.0833333333293,44.6250000000016,0.636328525652464
1223,127,-74.0416666666626,44.6250000000016,0.652850751057574
1224,127,-73.9999999999959,44.6250000000016,0.636040738129683
1225,127,-73.9583333333293,44.6250000000016,0.623580144961357
1226,127,-73.9166666666626,44.6250000000016,0.54072403072936
1227,127,-73.8749999999959,44.6250000000016,0.555722812707585
1228,127,-73.8333333333292,44.6250000000016,0.567574714593461
1229,127,-73.7916666666626,44.6250000000016,0.533002504605833
1230,127,-73.7499999999959,44.6250000000016,0.542515513692478
1231,127,-73.7083333333292,44.6250000000016,0.578427264691801
1232,127,-73.6666666666626,44.6250000000016,0.577747332301125
1233,127,-73.6249999999959,44.6250000000016,0.552803225307202
1234,127,-73.5833333333292,44.6250000000016,0.515817351231092
1235,127,-73.5416666666625,44.6250000000016,0.42013214432198
1236,127,-73.4999999999959,44.6250000000016,0.429327664717084
1237,127,-73.4583333333292,44.6250000000016,0.445959042762568
1238,127,-73.4166666666625,44.6250000000016,0.131474515093137
1239,127,-73.3749999999959,44.6250000000016,0
1183,128,-75.7083333333294,44.5833333333349,0.00155648652401716
1184,128,-75.6666666666627,44.5833333333349,0.286607484648371
1185,128,-75.624999999996,44.5833333333349,0.462305664428755
1186,128,-75.5833333333294,44.5833333333349,0.513958217432596
1187,128,-75.5416666666627,44.5833333333349,0.414424637220726
1188,128,-75.499999999996,44.5833333333349,0.382998530232151
1189,128,-75.4583333333294,44.5833333333349,0.467492332380966
1190,128,-75.4166666666627,44.5833333333349,0.482580133880089
1191,128,-75.374999999996,44.5833333333349,0.493335249165031
1192,128,-75.3333333333293,44.5833333333349,0.46299562977362
1193,128,-75.2916666666627,44.5833333333349,0.489846526765088
1194,128,-75.249999999996,44.5833333333349,0.588344205005058
1195,128,-75.2083333333293,44.5833333333349,0.43400855903042
1196,128,-75.1666666666627,44.5833333333349,0.496113657558344
1197,128,-75.124999999996,44.5833333333349,0.505811922014096
1198,128,-75.0833333333293,44.5833333333349,0.516026471471287
1199,128,-75.0416666666627,44.5833333333349,0.577844386282237
1200,128,-74.999999999996,44.5833333333349,0.651071488782864
1201,128,-74.9583333333293,44.5833333333349,0.56800052478007
1202,128,-74.9166666666626,44.5833333333349,0.614190435786407
1203,128,-74.874999999996,44.5833333333349,0.617506213891969
1204,128,-74.8333333333293,44.5833333333349,0.641265589699428
1205,128,-74.7916666666626,44.5833333333349,0.642442329385751
1206,128,-74.749999999996,44.5833333333349,0.596456776917135
1207,128,-74.7083333333293,44.5833333333349,0.64157582933433
1208,128,-74.6666666666626,44.5833333333349,0.66446926214039
1209,128,-74.624999999996,44.5833333333349,0.603527684343272
1210,128,-74.5833333333293,44.5833333333349,0.643986978730943
1211,128,-74.5416666666626,44.5833333333349,0.68170357581161
1212,128,-74.499999999996,44.5833333333349,0.656737152457937
1213,128,-74.4583333333293,44.5833333333349,0.60438424089711
1214,128,-74.4166666666626,44.5833333333349,0.609238155276765
1215,128,-74.3749999999959,44.5833333333349,0.620137716630984
1216,128,-74.3333333333293,44.5833333333349,0.624470864732768
1217,128,-74.2916666666626,44.5833333333349,0.515049531823038
1218,128,-74.2499999999959,44.5833333333349,0.65145187866629
1219,128,-74.2083333333293,44.5833333333349,0.651161434167617
1220,128,-74.1666666666626,44.5833333333349,0.617390541895546
1221,128,-74.1249999999959,44.5833333333349,0.589079266849593
1222,128,-74.0833333333293,44.5833333333349,0.601098348045217
1223,128,-74.0416666666626,44.5833333333349,0.672805698276974
1224,128,-73.9999999999959,44.5833333333349,0.611975926069956
1225,128,-73.9583333333293,44.5833333333349,0.535867440401352
1226,128,-73.9166666666626,44.5833333333349,0.530628058530386
1227,128,-73.8749999999959,44.5833333333349,0.50660582137645
1228,128,-73.8333333333292,44.5833333333349,0.526183466050943
1229,128,-73.7916666666626,44.5833333333349,0.551667365673355
1230,128,-73.7499999999959,44.5833333333349,0.521522248062284
1231,128,-73.7083333333292,44.5833333333349,0.588617895171396
1232,128,-73.6666666666626,44.5833333333349,0.572203062098763
1233,128,-73.6249999999959,44.5833333333349,0.60880235130024
1234,128,-73.5833333333292,44.5833333333349,0.516690517637729
1235,128,-73.5416666666625,44.5833333333349,0.404088055769778
1236,128,-73.4999999999959,44.5833333333349,0.460090567873963
1237,128,-73.4583333333292,44.5833333333349,0.47741533154793
1238,128,-73.4166666666625,44.5833333333349,0.0312589783053673
1239,128,-73.3749999999959,44.5833333333349,0
1182,129,-75.749999999996,44.5416666666683,0.293832588172401
1183,129,-75.7083333333294,44.5416666666683,0.367900294195958
1184,129,-75.6666666666627,44.5416666666683,0.47308377648281
1185,129,-75.624999999996,44.5416666666683,0.555198920301444
1186,129,-75.5833333333294,44.5416666666683,0.347901483938111
1187,129,-75.5416666666627,44.5416666666683,0.456420970894035
1188,129,-75.499999999996,44.5416666666683,0.528613515806611
1189,129,-75.4583333333294,44.5416666666683,0.400454519514671
1190,129,-75.4166666666627,44.5416666666683,0.498491468414628
1191,129,-75.374999999996,44.5416666666683,0.579914903674339
1192,129,-75.3333333333293,44.5416666666683,0.550620522930544
1193,129,-75.2916666666627,44.5416666666683,0.522943867849846
1194,129,-75.249999999996,44.5416666666683,0.499730574660387
1195,129,-75.2083333333293,44.5416666666683,0.559796452300943
1196,129,-75.1666666666627,44.5416666666683,0.594011571924279
1197,129,-75.124999999996,44.5416666666683,0.563465664519099
1198,129,-75.0833333333293,44.5416666666683,0.605514993576414
1199,129,-75.0416666666627,44.5416666666683,0.550648414346876
1200,129,-74.999999999996,44.5416666666683,0.644665902471846
1201,129,-74.9583333333293,44.5416666666683,0.582564473459194
1202,129,-74.9166666666626,44.5416666666683,0.571328221479972
1203,129,-74.874999999996,44.5416666666683,0.61958869750621
1204,129,-74.8333333333293,44.5416666666683,0.621986406832325
1205,129,-74.7916666666626,44.5416666666683,0.643585320288177
1206,129,-74.749999999996,44.5416666666683,0.61814707954195
1207,129,-74.7083333333293,44.5416666666683,0.63997448799234
1208,129,-74.6666666666626,44.5416666666683,0.643027971764612
1209,129,-74.624999999996,44.5416666666683,0.638950966632293
1210,129,-74.5833333333293,44.5416666666683,0.639323307339029
1211,129,-74.5416666666626,44.5416666666683,0.670144653304218
1212,129,-74.499999999996,44.5416666666683,0.650042739301099
1213,129,-74.4583333333293,44.5416666666683,0.609053700073973
1214,129,-74.4166666666626,44.5416666666683,0.627899006744498
1215,129,-74.3749999999959,44.5416666666683,0.642203474632939
1216,129,-74.3333333333293,44.5416666666683,0.648831417764414
1217,129,-74.2916666666626,44.5416666666683,0.485196548618982
1218,129,-74.2499999999959,44.5416666666683,0.613162697575678
1219,129,-74.2083333333293,44.5416666666683,0.655643375631117
1220,129,-74.1666666666626,44.5416666666683,0.653561379810361
1221,129,-74.1249999999959,44.5416666666683,0.64100911937958
1222,129,-74.0833333333293,44.5416666666683,0.563815828107269
1223,129,-74.0416666666626,44.5416666666683,0.5811886666148
1224,129,-73.9999999999959,44.5416666666683,0.557106167424394
1225,129,-73.9583333333293,44.5416666666683,0.531218162968485
1226,129,-73.9166666666626,44.5416666666683,0.617800211501103
1227,129,-73.8749999999959,44.5416666666683,0.505745173240595
1228,129,-73.8333333333292,44.5416666666683,0.570885163431711
1229,129,-73.7916666666626,44.5416666666683,0.611768273582256
1230,129,-73.7499999999959,44.5416666666683,0.490162656273664
1231,129,-73.7083333333292,44.5416666666683,0.579918497026205
1232,129,-73.6666666666626,44.5416666666683,0.609470326062462
1233,129,-73.6249999999959,44.5416666666683,0.630446665039732
1234,129,-73.5833333333292,44.5416666666683,0.48782169809519
1235,129,-73.5416666666625,44.5416666666683,0.403868860495807
1236,129,-73.4999999999959,44.5416666666683,0.404882762758067
1237,129,-73.4583333333292,44.5416666666683,0.509564970535013
1238,129,-73.4166666666625,44.5416666666683,0.254383814368628
1239,129,-73.3749999999959,44.5416666666683,0.000231623454020539
1240,129,-73.3333333333292,44.5416666666683,0
1181,130,-75.7916666666627,44.5000000000016,0.506075324331011
1182,130,-75.749999999996,44.5000000000016,0.385653763186827
1183,130,-75.7083333333294,44.5000000000016,0.420418111756898
1184,130,-75.6666666666627,44.5000000000016,0.509374203291516
1185,130,-75.624999999996,44.5000000000016,0.223826077905568
1186,130,-75.5833333333294,44.5000000000016,0.499135126438268
1187,130,-75.5416666666627,44.5000000000016,0.563930936592579
1188,130,-75.499999999996,44.5000000000016,0.536055384839169
1189,130,-75.4583333333294,44.5000000000016,0.485067927870066
1190,130,-75.4166666666627,44.5000000000016,0.578047424847673
1191,130,-75.374999999996,44.5000000000016,0.56117219624561
1192,130,-75.3333333333293,44.5000000000016,0.583035666860289
1193,130,-75.2916666666627,44.5000000000016,0.530105364157667
1194,130,-75.249999999996,44.5000000000016,0.537503990332565
1195,130,-75.2083333333293,44.5000000000016,0.611974287371406
1196,130,-75.1666666666627,44.5000000000016,0.570582861377697
1197,130,-75.124999999996,44.5000000000016,0.629149583640763
1198,130,-75.0833333333293,44.5000000000016,0.627123691897677
1199,130,-75.0416666666627,44.5000000000016,0.621653119214644
1200,130,-74.999999999996,44.5000000000016,0.650820173379542
1201,130,-74.9583333333293,44.5000000000016,0.649820793133381
1202,130,-74.9166666666626,44.5000000000016,0.509846842794999
1203,130,-74.874999999996,44.5000000000016,0.61781325454473
1204,130,-74.8333333333293,44.5000000000016,0.645861907482343
1205,130,-74.7916666666626,44.5000000000016,0.570885841518896
1206,130,-74.749999999996,44.5000000000016,0.52704916050532
1207,130,-74.7083333333293,44.5000000000016,0.570615769848612
1208,130,-74.6666666666626,44.5000000000016,0.615150719922139
1209,130,-74.624999999996,44.5000000000016,0.626526098710615
1210,130,-74.5833333333293,44.5000000000016,0.588772940242851
1211,130,-74.5416666666626,44.5000000000016,0.578883454480735
1212,130,-74.499999999996,44.5000000000016,0.537235645849334
1213,130,-74.4583333333293,44.5000000000016,0.580623989100504
1214,130,-74.4166666666626,44.5000000000016,0.508886702139729
1215,130,-74.3749999999959,44.5000000000016,0.536531541163494
1216,130,-74.3333333333293,44.5000000000016,0.521225804573393
1217,130,-74.2916666666626,44.5000000000016,0.426661005511655
1218,130,-74.2499999999959,44.5000000000016,0.550239615271278
1219,130,-74.2083333333293,44.5000000000016,0.556016752107924
1220,130,-74.1666666666626,44.5000000000016,0.484689978939379
1221,130,-74.1249999999959,44.5000000000016,0.38425668837374
1222,130,-74.0833333333293,44.5000000000016,0.617904693753692
1223,130,-74.0416666666626,44.5000000000016,0.618067434167392
1224,130,-73.9999999999959,44.5000000000016,0.554581589008124
1225,130,-73.9583333333293,44.5000000000016,0.490613427071722
1226,130,-73.9166666666626,44.5000000000016,0.453425078463694
1227,130,-73.8749999999959,44.5000000000016,0.429830093789242
1228,130,-73.8333333333292,44.5000000000016,0.505096710739366
1229,130,-73.7916666666626,44.5000000000016,0.556179171243415
1230,130,-73.7499999999959,44.5000000000016,0.546737771098673
1231,130,-73.7083333333292,44.5000000000016,0.555008842137387
1232,130,-73.6666666666626,44.5000000000016,0.63562576166274
1233,130,-73.6249999999959,44.5000000000016,0.646277233835874
1234,130,-73.5833333333292,44.5000000000016,0.610753419001081
1235,130,-73.5416666666625,44.5000000000016,0.580816379399817
1236,130,-73.4999999999959,44.5000000000016,0.51367475031936
1237,130,-73.4583333333292,44.5000000000016,0.531817504144936
1238,130,-73.4166666666625,44.5000000000016,0.513921409070051
1239,130,-73.3749999999959,44.5000000000016,0.0798598865671476
1240,130,-73.3333333333292,44.5000000000016,0
1241,130,-73.2916666666625,44.5000000000016,0
1180,131,-75.8333333333294,44.4583333333349,NA
1181,131,-75.7916666666627,44.4583333333349,0.557541934761899
1182,131,-75.749999999996,44.4583333333349,0.448801122013249
1183,131,-75.7083333333294,44.4583333333349,0.407256306141968
1184,131,-75.6666666666627,44.4583333333349,0.478684237304145
1185,131,-75.624999999996,44.4583333333349,0.292814341448481
1186,131,-75.5833333333294,44.4583333333349,0.572004282533567
1187,131,-75.5416666666627,44.4583333333349,0.544756851190699
1188,131,-75.499999999996,44.4583333333349,0.563291655307121
1189,131,-75.4583333333294,44.4583333333349,0.59912423057237
1190,131,-75.4166666666627,44.4583333333349,0.551775726474382
1191,131,-75.374999999996,44.4583333333349,0.55474032047625
1192,131,-75.3333333333293,44.4583333333349,0.555612083520753
1193,131,-75.2916666666627,44.4583333333349,0.584951105512949
1194,131,-75.249999999996,44.4583333333349,0.542179233584235
1195,131,-75.2083333333293,44.4583333333349,0.562553761215338
1196,131,-75.1666666666627,44.4583333333349,0.605298023515437
1197,131,-75.124999999996,44.4583333333349,0.631494616017382
1198,131,-75.0833333333293,44.4583333333349,0.6600109485501
1199,131,-75.0416666666627,44.4583333333349,0.640477701062375
1200,131,-74.999999999996,44.4583333333349,0.652838276951054
1201,131,-74.9583333333293,44.4583333333349,0.648873153901883
1202,131,-74.9166666666626,44.4583333333349,0.669051901268681
1203,131,-74.874999999996,44.4583333333349,0.653219518477001
1204,131,-74.8333333333293,44.4583333333349,0.64436154416462
1205,131,-74.7916666666626,44.4583333333349,0.56643837336845
1206,131,-74.749999999996,44.4583333333349,0.459182062856897
1207,131,-74.7083333333293,44.4583333333349,0.60044182456597
1208,131,-74.6666666666626,44.4583333333349,0.618625143629472
1209,131,-74.624999999996,44.4583333333349,0.60468443536314
1210,131,-74.5833333333293,44.4583333333349,0.603146515314982
1211,131,-74.5416666666626,44.4583333333349,0.520744343177362
1212,131,-74.499999999996,44.4583333333349,0.530213990104792
1213,131,-74.4583333333293,44.4583333333349,0.587741546796478
1214,131,-74.4166666666626,44.4583333333349,0.543768540783051
1215,131,-74.3749999999959,44.4583333333349,0.555640167056263
1216,131,-74.3333333333293,44.4583333333349,0.521131662758227
1217,131,-74.2916666666626,44.4583333333349,0.572419019386055
1218,131,-74.2499999999959,44.4583333333349,0.455302037214828
1219,131,-74.2083333333293,44.4583333333349,0.505769908157421
1220,131,-74.1666666666626,44.4583333333349,0.51762135775382
1221,131,-74.1249999999959,44.4583333333349,0.50193718676166
1222,131,-74.0833333333293,44.4583333333349,0.504051364736428
1223,131,-74.0416666666626,44.4583333333349,0.490242203506547
1224,131,-73.9999999999959,44.4583333333349,0.514176342526079
1225,131,-73.9583333333293,44.4583333333349,0.437719693592491
1226,131,-73.9166666666626,44.4583333333349,0.530877938026951
1227,131,-73.8749999999959,44.4583333333349,0.566914840593797
1228,131,-73.8333333333292,44.4583333333349,0.629465343177088
1229,131,-73.7916666666626,44.4583333333349,0.607987478150943
1230,131,-73.7499999999959,44.4583333333349,0.543280910133435
1231,131,-73.7083333333292,44.4583333333349,0.553037164514013
1232,131,-73.6666666666626,44.4583333333349,0.55341917071557
1233,131,-73.6249999999959,44.4583333333349,0.511201493885722
1234,131,-73.5833333333292,44.4583333333349,0.537322554776635
1235,131,-73.5416666666625,44.4583333333349,0.596744536262633
1236,131,-73.4999999999959,44.4583333333349,0.5122306145425
1237,131,-73.4583333333292,44.4583333333349,0.616058426774137
1238,131,-73.4166666666625,44.4583333333349,0.529590369684126
1239,131,-73.3749999999959,44.4583333333349,0.0222708400399586
1240,131,-73.3333333333292,44.4583333333349,0
1241,131,-73.2916666666625,44.4583333333349,0
1179,132,-75.8749999999961,44.4166666666683,NA
1180,132,-75.8333333333294,44.4166666666683,0.586425880265085
1181,132,-75.7916666666627,44.4166666666683,0.494824970571229
1182,132,-75.749999999996,44.4166666666683,0.398097178455577
1183,132,-75.7083333333294,44.4166666666683,0.531087707243094
1184,132,-75.6666666666627,44.4166666666683,0.568572201267219
1185,132,-75.624999999996,44.4166666666683,0.539276111800518
1186,132,-75.5833333333294,44.4166666666683,0.582020270441474
1187,132,-75.5416666666627,44.4166666666683,0.619044120673743
1188,132,-75.499999999996,44.4166666666683,0.630470457416981
1189,132,-75.4583333333294,44.4166666666683,0.557240074866511
1190,132,-75.4166666666627,44.4166666666683,0.512643089121377
1191,132,-75.374999999996,44.4166666666683,0.550531395006198
1192,132,-75.3333333333293,44.4166666666683,0.589928746434653
1193,132,-75.2916666666627,44.4166666666683,0.592648366814074
1194,132,-75.249999999996,44.4166666666683,0.618048595774016
1195,132,-75.2083333333293,44.4166666666683,0.622768370757774
1196,132,-75.1666666666627,44.4166666666683,0.63255090959852
1197,132,-75.124999999996,44.4166666666683,0.620326949383088
1198,132,-75.0833333333293,44.4166666666683,0.645859679334103
1199,132,-75.0416666666627,44.4166666666683,0.652381986690319
1200,132,-74.999999999996,44.4166666666683,0.652657107643905
1201,132,-74.9583333333293,44.4166666666683,0.667118656826961
1202,132,-74.9166666666626,44.4166666666683,0.675942803459274
1203,132,-74.874999999996,44.4166666666683,0.651770332539598
1204,132,-74.8333333333293,44.4166666666683,0.656083406517483
1205,132,-74.7916666666626,44.4166666666683,0.65403596509713
1206,132,-74.749999999996,44.4166666666683,0.407952363087501
1207,132,-74.7083333333293,44.4166666666683,0.474008500476521
1208,132,-74.6666666666626,44.4166666666683,0.569320232699013
1209,132,-74.624999999996,44.4166666666683,0.499352121440788
1210,132,-74.5833333333293,44.4166666666683,0.543850396082483
1211,132,-74.5416666666626,44.4166666666683,0.535112990025497
1212,132,-74.499999999996,44.4166666666683,0.579197269443294
1213,132,-74.4583333333293,44.4166666666683,0.609466925382132
1214,132,-74.4166666666626,44.4166666666683,0.554828946854871
1215,132,-74.3749999999959,44.4166666666683,0.659619053335199
1216,132,-74.3333333333293,44.4166666666683,0.647543756118328
1217,132,-74.2916666666626,44.4166666666683,0.425428792582903
1218,132,-74.2499999999959,44.4166666666683,0.436959947503915
1219,132,-74.2083333333293,44.4166666666683,0.525543967006356
1220,132,-74.1666666666626,44.4166666666683,0.476793573085254
1221,132,-74.1249999999959,44.4166666666683,0.485288033563899
1222,132,-74.0833333333293,44.4166666666683,0.463045765106868
1223,132,-74.0416666666626,44.4166666666683,0.469986226549086
1224,132,-73.9999999999959,44.4166666666683,0.473779220140348
1225,132,-73.9583333333293,44.4166666666683,0.567066895267503
1226,132,-73.9166666666626,44.4166666666683,0.552374202875908
1227,132,-73.8749999999959,44.4166666666683,0.571420559050866
1228,132,-73.8333333333292,44.4166666666683,0.633067231105977
1229,132,-73.7916666666626,44.4166666666683,0.543732196375373
1230,132,-73.7499999999959,44.4166666666683,0.543969197492896
1231,132,-73.7083333333292,44.4166666666683,0.525886339467877
1232,132,-73.6666666666626,44.4166666666683,0.486108999892252
1233,132,-73.6249999999959,44.4166666666683,0.563921999536765
1234,132,-73.5833333333292,44.4166666666683,0.591401505802674
1235,132,-73.5416666666625,44.4166666666683,0.599407930266884
1236,132,-73.4999999999959,44.4166666666683,0.564110347232405
1237,132,-73.4583333333292,44.4166666666683,0.513335308968679
1238,132,-73.4166666666625,44.4166666666683,0.362976395600103
1239,132,-73.3749999999959,44.4166666666683,0.230460466339739
1240,132,-73.3333333333292,44.4166666666683,0.00106775455460056
1241,132,-73.2916666666625,44.4166666666683,0
1177,133,-75.9583333333294,44.3750000000016,NA
1178,133,-75.9166666666627,44.3750000000016,0.49490205619247
1179,133,-75.8749999999961,44.3750000000016,0.563502817097561
1180,133,-75.8333333333294,44.3750000000016,0.563494704781451
1181,133,-75.7916666666627,44.3750000000016,0.535911584525114
1182,133,-75.749999999996,44.3750000000016,0.565356302805385
1183,133,-75.7083333333294,44.3750000000016,0.602530742359621
1184,133,-75.6666666666627,44.3750000000016,0.610168596884121
1185,133,-75.624999999996,44.3750000000016,0.59950636545424
1186,133,-75.5833333333294,44.3750000000016,0.589126244896602
1187,133,-75.5416666666627,44.3750000000016,0.601917960651967
1188,133,-75.499999999996,44.3750000000016,0.575037980899197
1189,133,-75.4583333333294,44.3750000000016,0.529360393664797
1190,133,-75.4166666666627,44.3750000000016,0.522865715094649
1191,133,-75.374999999996,44.3750000000016,0.589590743316668
1192,133,-75.3333333333293,44.3750000000016,0.610851487111897
1193,133,-75.2916666666627,44.3750000000016,0.627417616657357
1194,133,-75.249999999996,44.3750000000016,0.584990118640043
1195,133,-75.2083333333293,44.3750000000016,0.550481772613078
1196,133,-75.1666666666627,44.3750000000016,0.622405723863624
1197,133,-75.124999999996,44.3750000000016,0.623023414686135
1198,133,-75.0833333333293,44.3750000000016,0.597254793071628
1199,133,-75.0416666666627,44.3750000000016,0.65632575721564
1200,133,-74.999999999996,44.3750000000016,0.668224390143464
1201,133,-74.9583333333293,44.3750000000016,0.658656188651651
1202,133,-74.9166666666626,44.3750000000016,0.615516599165222
1203,133,-74.874999999996,44.3750000000016,0.636919500112854
1204,133,-74.8333333333293,44.3750000000016,0.657145670686441
1205,133,-74.7916666666626,44.3750000000016,0.625288645184534
1206,133,-74.749999999996,44.3750000000016,0.610613736923888
1207,133,-74.7083333333293,44.3750000000016,0.552297118626636
1208,133,-74.6666666666626,44.3750000000016,0.523468934079333
1209,133,-74.624999999996,44.3750000000016,0.459714288006593
1210,133,-74.5833333333293,44.3750000000016,0.511128211277176
1211,133,-74.5416666666626,44.3750000000016,0.549475066637271
1212,133,-74.499999999996,44.3750000000016,0.584476554008766
1213,133,-74.4583333333293,44.3750000000016,0.61422315747282
1214,133,-74.4166666666626,44.3750000000016,0.602286603789529
1215,133,-74.3749999999959,44.3750000000016,0.478409527909012
1216,133,-74.3333333333293,44.3750000000016,0.501984612128869
1217,133,-74.2916666666626,44.3750000000016,0.451586342730088
1218,133,-74.2499999999959,44.3750000000016,0.393895007115188
1219,133,-74.2083333333293,44.3750000000016,0.464525370127464
1220,133,-74.1666666666626,44.3750000000016,0.519086479348748
1221,133,-74.1249999999959,44.3750000000016,0.583380107649741
1222,133,-74.0833333333293,44.3750000000016,0.513561514538768
1223,133,-74.0416666666626,44.3750000000016,0.539771289608499
1224,133,-73.9999999999959,44.3750000000016,0.606117982178558
1225,133,-73.9583333333293,44.3750000000016,0.580744410269058
1226,133,-73.9166666666626,44.3750000000016,0.472477467425107
1227,133,-73.8749999999959,44.3750000000016,0.545251142983901
1228,133,-73.8333333333292,44.3750000000016,0.573056085226561
1229,133,-73.7916666666626,44.3750000000016,0.545889856840249
1230,133,-73.7499999999959,44.3750000000016,0.53053449344291
1231,133,-73.7083333333292,44.3750000000016,0.490814854374565
1232,133,-73.6666666666626,44.3750000000016,0.521549891596745
1233,133,-73.6249999999959,44.3750000000016,0.610117099083175
1234,133,-73.5833333333292,44.3750000000016,0.581972053206042
1235,133,-73.5416666666625,44.3750000000016,0.596579995589844
1236,133,-73.4999999999959,44.3750000000016,0.565768125962018
1237,133,-73.4583333333292,44.3750000000016,0.498121215310193
1238,133,-73.4166666666625,44.3750000000016,0.561714552235152
1239,133,-73.3749999999959,44.3750000000016,0.336076270386569
1240,133,-73.3333333333292,44.3750000000016,0
1241,133,-73.2916666666625,44.3750000000016,NA
1174,134,-76.0833333333294,44.3333333333349,NA
1175,134,-76.0416666666627,44.3333333333349,0.569941051200891
1176,134,-75.9999999999961,44.3333333333349,0.589934246181938
1177,134,-75.9583333333294,44.3333333333349,0.561979665147614
1178,134,-75.9166666666627,44.3333333333349,0.528193358225034
1179,134,-75.8749999999961,44.3333333333349,0.473110738282088
1180,134,-75.8333333333294,44.3333333333349,0.489063865786179
1181,134,-75.7916666666627,44.3333333333349,0.451295576342987
1182,134,-75.749999999996,44.3333333333349,0.563141678009127
1183,134,-75.7083333333294,44.3333333333349,0.5459617128184
1184,134,-75.6666666666627,44.3333333333349,0.603644316566552
1185,134,-75.624999999996,44.3333333333349,0.592348210874399
1186,134,-75.5833333333294,44.3333333333349,0.551860587390924
1187,134,-75.5416666666627,44.3333333333349,0.508639571875348
1188,134,-75.499999999996,44.3333333333349,0.540412975387916
1189,134,-75.4583333333294,44.3333333333349,0.52283360077279
1190,134,-75.4166666666627,44.3333333333349,0.579375133858832
1191,134,-75.374999999996,44.3333333333349,0.606999373543706
1192,134,-75.3333333333293,44.3333333333349,0.508480398500383
1193,134,-75.2916666666627,44.3333333333349,0.563682525898471
1194,134,-75.249999999996,44.3333333333349,0.567994869487239
1195,134,-75.2083333333293,44.3333333333349,0.567242099525218
1196,134,-75.1666666666627,44.3333333333349,0.640900111503281
1197,134,-75.124999999996,44.3333333333349,0.652813676348114
1198,134,-75.0833333333293,44.3333333333349,0.622278981545315
1199,134,-75.0416666666627,44.3333333333349,0.665685078269838
1200,134,-74.999999999996,44.3333333333349,0.664903385336199
1201,134,-74.9583333333293,44.3333333333349,0.660358279831899
1202,134,-74.9166666666626,44.3333333333349,0.673141592684874
1203,134,-74.874999999996,44.3333333333349,0.634702376436056
1204,134,-74.8333333333293,44.3333333333349,0.5896512366735
1205,134,-74.7916666666626,44.3333333333349,0.563931169974646
1206,134,-74.749999999996,44.3333333333349,0.514001731054764
1207,134,-74.7083333333293,44.3333333333349,0.576655582149638
1208,134,-74.6666666666626,44.3333333333349,0.571542231419207
1209,134,-74.624999999996,44.3333333333349,0.58235514427389
1210,134,-74.5833333333293,44.3333333333349,0.544128517721204
1211,134,-74.5416666666626,44.3333333333349,0.54636869434203
1212,134,-74.499999999996,44.3333333333349,0.633201620470971
1213,134,-74.4583333333293,44.3333333333349,0.632708554349147
1214,134,-74.4166666666626,44.3333333333349,0.467274015258873
1215,134,-74.3749999999959,44.3333333333349,0.448974128064704
1216,134,-74.3333333333293,44.3333333333349,0.258945768586611
1217,134,-74.2916666666626,44.3333333333349,0.384656474486747
1218,134,-74.2499999999959,44.3333333333349,0.501693629438363
1219,134,-74.2083333333293,44.3333333333349,0.530628849180031
1220,134,-74.1666666666626,44.3333333333349,0.398224505136222
1221,134,-74.1249999999959,44.3333333333349,0.491036901601178
1222,134,-74.0833333333293,44.3333333333349,0.552386558770645
1223,134,-74.0416666666626,44.3333333333349,0.531652679710787
1224,134,-73.9999999999959,44.3333333333349,0.48705685678645
1225,134,-73.9583333333293,44.3333333333349,0.460772871972873
1226,134,-73.9166666666626,44.3333333333349,0.541851950386625
1227,134,-73.8749999999959,44.3333333333349,0.505005034691899
1228,134,-73.8333333333292,44.3333333333349,0.59731149745113
1229,134,-73.7916666666626,44.3333333333349,0.587089346364405
1230,134,-73.7499999999959,44.3333333333349,0.531170156228504
1231,134,-73.7083333333292,44.3333333333349,0.561657335022347
1232,134,-73.6666666666626,44.3333333333349,0.59066291859835
1233,134,-73.6249999999959,44.3333333333349,0.677485364655999
1234,134,-73.5833333333292,44.3333333333349,0.633396100879559
1235,134,-73.5416666666625,44.3333333333349,0.510331855974412
1236,134,-73.4999999999959,44.3333333333349,0.515763638475618
1237,134,-73.4583333333292,44.3333333333349,0.492974700827185
1238,134,-73.4166666666625,44.3333333333349,0.503407864172788
1239,134,-73.3749999999959,44.3333333333349,0.496776664761512
1240,134,-73.3333333333292,44.3333333333349,0.0649085993311783
1172,135,-76.1666666666627,44.2916666666682,0.535202865348717
1173,135,-76.1249999999961,44.2916666666682,0.564475050440933
1174,135,-76.0833333333294,44.2916666666682,0.58261703475234
1175,135,-76.0416666666627,44.2916666666682,0.593417459956849
1176,135,-75.9999999999961,44.2916666666682,0.560980863579491
1177,135,-75.9583333333294,44.2916666666682,0.523615521031477
1178,135,-75.9166666666627,44.2916666666682,0.483934308143491
1179,135,-75.8749999999961,44.2916666666682,0.425964352901897
1180,135,-75.8333333333294,44.2916666666682,0.422254871920874
1181,135,-75.7916666666627,44.2916666666682,0.393104527298694
1182,135,-75.749999999996,44.2916666666682,0.552519645377059
1183,135,-75.7083333333294,44.2916666666682,0.577647055284335
1184,135,-75.6666666666627,44.2916666666682,0.59165716091815
1185,135,-75.624999999996,44.2916666666682,0.557735254491463
1186,135,-75.5833333333294,44.2916666666682,0.498559065103907
1187,135,-75.5416666666627,44.2916666666682,0.470591569164229
1188,135,-75.499999999996,44.2916666666682,0.508896710772374
1189,135,-75.4583333333294,44.2916666666682,0.577882175401837
1190,135,-75.4166666666627,44.2916666666682,0.566965145476795
1191,135,-75.374999999996,44.2916666666682,0.5950467803602
1192,135,-75.3333333333293,44.2916666666682,0.575635894167832
1193,135,-75.2916666666627,44.2916666666682,0.595626972662748
1194,135,-75.249999999996,44.2916666666682,0.585916498653629
1195,135,-75.2083333333293,44.2916666666682,0.584100422082446
1196,135,-75.1666666666627,44.2916666666682,0.653604640393812
1197,135,-75.124999999996,44.2916666666682,0.658057214069902
1198,135,-75.0833333333293,44.2916666666682,0.674401415522745
1199,135,-75.0416666666627,44.2916666666682,0.645873290270407
1200,135,-74.999999999996,44.2916666666682,0.66294866979387
1201,135,-74.9583333333293,44.2916666666682,0.636712927278491
1202,135,-74.9166666666626,44.2916666666682,0.655124671881347
1203,135,-74.874999999996,44.2916666666682,0.638284969207204
1204,135,-74.8333333333293,44.2916666666682,0.598499778903136
1205,135,-74.7916666666626,44.2916666666682,0.563089756044547
1206,135,-74.749999999996,44.2916666666682,0.588373778069169
1207,135,-74.7083333333293,44.2916666666682,0.583780697804539
1208,135,-74.6666666666626,44.2916666666682,0.57251638014324
1209,135,-74.624999999996,44.2916666666682,0.567402471555356
1210,135,-74.5833333333293,44.2916666666682,0.604987169578414
1211,135,-74.5416666666626,44.2916666666682,0.659945598201288
1212,135,-74.499999999996,44.2916666666682,0.555565579118759
1213,135,-74.4583333333293,44.2916666666682,0.533950232975485
1214,135,-74.4166666666626,44.2916666666682,0.470830612779221
1215,135,-74.3749999999959,44.2916666666682,0.421765340231139
1216,135,-74.3333333333293,44.2916666666682,0.310605419454332
1217,135,-74.2916666666626,44.2916666666682,0.43728675189411
1218,135,-74.2499999999959,44.2916666666682,0.497806471238542
1219,135,-74.2083333333293,44.2916666666682,0.332817915388536
1220,135,-74.1666666666626,44.2916666666682,0.389089053180724
1221,135,-74.1249999999959,44.2916666666682,0.390442785337945
1222,135,-74.0833333333293,44.2916666666682,0.531624481365039
1223,135,-74.0416666666626,44.2916666666682,0.599514588617813
1224,135,-73.9999999999959,44.2916666666682,0.457684406711828
1225,135,-73.9583333333293,44.2916666666682,0.50084238393215
1226,135,-73.9166666666626,44.2916666666682,0.53871407643666
1227,135,-73.8749999999959,44.2916666666682,0.504178273569802
1228,135,-73.8333333333292,44.2916666666682,0.593172301732892
1229,135,-73.7916666666626,44.2916666666682,0.598305816602128
1230,135,-73.7499999999959,44.2916666666682,0.626554667712763
1231,135,-73.7083333333292,44.2916666666682,0.551704333808995
1232,135,-73.6666666666626,44.2916666666682,0.592310363146961
1233,135,-73.6249999999959,44.2916666666682,0.641706877964972
1234,135,-73.5833333333292,44.2916666666682,0.542817983409245
1235,135,-73.5416666666625,44.2916666666682,0.475657731440978
1236,135,-73.4999999999959,44.2916666666682,0.525977845679335
1237,135,-73.4583333333292,44.2916666666682,0.568493907771672
1238,135,-73.4166666666625,44.2916666666682,0.546565159368686
1239,135,-73.3749999999959,44.2916666666682,0.433448843353572
1240,135,-73.3333333333292,44.2916666666682,0.0809751235264952
1241,135,-73.2916666666625,44.2916666666682,0
1172,136,-76.1666666666627,44.2500000000016,0.529496064062467
1173,136,-76.1249999999961,44.2500000000016,0.57420375525203
1174,136,-76.0833333333294,44.2500000000016,0.450719681430733
1175,136,-76.0416666666627,44.2500000000016,0.433531558614172
1176,136,-75.9999999999961,44.2500000000016,0.478753994771218
1177,136,-75.9583333333294,44.2500000000016,0.440847331460907
1178,136,-75.9166666666627,44.2500000000016,0.456328768808724
1179,136,-75.8749999999961,44.2500000000016,0.581339520254114
1180,136,-75.8333333333294,44.2500000000016,0.527485829250168
1181,136,-75.7916666666627,44.2500000000016,0.541609829694174
1182,136,-75.749999999996,44.2500000000016,0.508561775177961
1183,136,-75.7083333333294,44.2500000000016,0.548628667016975
1184,136,-75.6666666666627,44.2500000000016,0.555738157861269
1185,136,-75.624999999996,44.2500000000016,0.56923780730881
1186,136,-75.5833333333294,44.2500000000016,0.518646584136917
1187,136,-75.5416666666627,44.2500000000016,0.58598457401469
1188,136,-75.499999999996,44.2500000000016,0.542413267009454
1189,136,-75.4583333333294,44.2500000000016,0.585723703129456
1190,136,-75.4166666666627,44.2500000000016,0.548281144432371
1191,136,-75.374999999996,44.2500000000016,0.608331906202623
1192,136,-75.3333333333293,44.2500000000016,0.577950795683313
1193,136,-75.2916666666627,44.2500000000016,0.572652594329918
1194,136,-75.249999999996,44.2500000000016,0.628503749765328
1195,136,-75.2083333333293,44.2500000000016,0.574682027684049
1196,136,-75.1666666666627,44.2500000000016,0.615335508798138
1197,136,-75.124999999996,44.2500000000016,0.638045904738393
1198,136,-75.0833333333293,44.2500000000016,0.642941841194285
1199,136,-75.0416666666627,44.2500000000016,0.675930123195392
1200,136,-74.999999999996,44.2500000000016,0.672971675344786
1201,136,-74.9583333333293,44.2500000000016,0.639136616723769
1202,136,-74.9166666666626,44.2500000000016,0.628612675370771
1203,136,-74.874999999996,44.2500000000016,0.627512006539956
1204,136,-74.8333333333293,44.2500000000016,0.634873762834713
1205,136,-74.7916666666626,44.2500000000016,0.63459657058916
1206,136,-74.749999999996,44.2500000000016,0.592740604989363
1207,136,-74.7083333333293,44.2500000000016,0.588051498678739
1208,136,-74.6666666666626,44.2500000000016,0.521640544520187
1209,136,-74.624999999996,44.2500000000016,0.529846069533396
1210,136,-74.5833333333293,44.2500000000016,0.556011706010936
1211,136,-74.5416666666626,44.2500000000016,0.580454112581526
1212,136,-74.499999999996,44.2500000000016,0.531833605263085
1213,136,-74.4583333333293,44.2500000000016,0.484788534019123
1214,136,-74.4166666666626,44.2500000000016,0.552764765866902
1215,136,-74.3749999999959,44.2500000000016,0.5192535028477
1216,136,-74.3333333333293,44.2500000000016,0.341770519027851
1217,136,-74.2916666666626,44.2500000000016,0.413169657608479
1218,136,-74.2499999999959,44.2500000000016,0.398820211244515
1219,136,-74.2083333333293,44.2500000000016,0.498225182754387
1220,136,-74.1666666666626,44.2500000000016,0.555521181622178
1221,136,-74.1249999999959,44.2500000000016,0.598851495942569
1222,136,-74.0833333333293,44.2500000000016,0.638858768001144
1223,136,-74.0416666666626,44.2500000000016,0.577266314673253
1224,136,-73.9999999999959,44.2500000000016,0.553735258647401
1225,136,-73.9583333333293,44.2500000000016,0.507377607124855
1226,136,-73.9166666666626,44.2500000000016,0.6107419818497
1227,136,-73.8749999999959,44.2500000000016,0.590408612668225
1228,136,-73.8333333333292,44.2500000000016,0.648023940746403
1229,136,-73.7916666666626,44.2500000000016,0.568042072114411
1230,136,-73.7499999999959,44.2500000000016,0.562236340092408
1231,136,-73.7083333333292,44.2500000000016,0.542695246942829
1232,136,-73.6666666666626,44.2500000000016,0.62299083984309
1233,136,-73.6249999999959,44.2500000000016,0.595627681714131
1234,136,-73.5833333333292,44.2500000000016,0.491106085237683
1235,136,-73.5416666666625,44.2500000000016,0.508091750145655
1236,136,-73.4999999999959,44.2500000000016,0.503901837080045
1237,136,-73.4583333333292,44.2500000000016,0.475777449557328
1238,136,-73.4166666666625,44.2500000000016,0.506521996118947
1239,136,-73.3749999999959,44.2500000000016,0.460191021481874
1240,136,-73.3333333333292,44.2500000000016,0.307817331775688
1241,136,-73.2916666666625,44.2500000000016,0
1168,137,-76.3333333333294,44.2083333333349,NA
1169,137,-76.2916666666628,44.2083333333349,0.364296380720742
1170,137,-76.2499999999961,44.2083333333349,NA
1171,137,-76.2083333333294,44.2083333333349,0.372610091266365
1172,137,-76.1666666666627,44.2083333333349,0.409225344730692
1173,137,-76.1249999999961,44.2083333333349,0.513169255718086
1174,137,-76.0833333333294,44.2083333333349,0.490149232234547
1175,137,-76.0416666666627,44.2083333333349,0.454774306537794
1176,137,-75.9999999999961,44.2083333333349,0.445990203329765
1177,137,-75.9583333333294,44.2083333333349,0.494898821977846
1178,137,-75.9166666666627,44.2083333333349,0.505710921993689
1179,137,-75.8749999999961,44.2083333333349,0.478481914303975
1180,137,-75.8333333333294,44.2083333333349,0.530971004970993
1181,137,-75.7916666666627,44.2083333333349,0.524385112347824
1182,137,-75.749999999996,44.2083333333349,0.500958995195595
1183,137,-75.7083333333294,44.2083333333349,0.439312694517062
1184,137,-75.6666666666627,44.2083333333349,0.516288713052199
1185,137,-75.624999999996,44.2083333333349,0.493344941177942
1186,137,-75.5833333333294,44.2083333333349,0.583459146514782
1187,137,-75.5416666666627,44.2083333333349,0.633513203369409
1188,137,-75.499999999996,44.2083333333349,0.604209804052501
1189,137,-75.4583333333294,44.2083333333349,0.590243120721476
1190,137,-75.4166666666627,44.2083333333349,0.602749534119576
1191,137,-75.374999999996,44.2083333333349,0.607269529608355
1192,137,-75.3333333333293,44.2083333333349,0.601873739188134
1193,137,-75.2916666666627,44.2083333333349,0.638577308660387
1194,137,-75.249999999996,44.2083333333349,0.611700932234752
1195,137,-75.2083333333293,44.2083333333349,0.585392545506461
1196,137,-75.1666666666627,44.2083333333349,0.640111996479423
1197,137,-75.124999999996,44.2083333333349,0.659730798402355
1198,137,-75.0833333333293,44.2083333333349,0.617901604781112
1199,137,-75.0416666666627,44.2083333333349,0.638840584145052
1200,137,-74.999999999996,44.2083333333349,0.589265668346947
1201,137,-74.9583333333293,44.2083333333349,0.480888324028423
1202,137,-74.9166666666626,44.2083333333349,0.667762125949378
1203,137,-74.874999999996,44.2083333333349,0.65768422404765
1204,137,-74.8333333333293,44.2083333333349,0.47163767860494
1205,137,-74.7916666666626,44.2083333333349,0.590142960552994
1206,137,-74.749999999996,44.2083333333349,0.658097539209049
1207,137,-74.7083333333293,44.2083333333349,0.641642752999384
1208,137,-74.6666666666626,44.2083333333349,0.642527163419182
1209,137,-74.624999999996,44.2083333333349,0.648111593810117
1210,137,-74.5833333333293,44.2083333333349,0.664030684138636
1211,137,-74.5416666666626,44.2083333333349,0.550546781002769
1212,137,-74.499999999996,44.2083333333349,0.377774915397289
1213,137,-74.4583333333293,44.2083333333349,0.359050012302804
1214,137,-74.4166666666626,44.2083333333349,0.565177017773272
1215,137,-74.3749999999959,44.2083333333349,0.497091544482721
1216,137,-74.3333333333293,44.2083333333349,0.551583270360039
1217,137,-74.2916666666626,44.2083333333349,0.525839462909372
1218,137,-74.2499999999959,44.2083333333349,0.555512120448717
1219,137,-74.2083333333293,44.2083333333349,0.472242693519264
1220,137,-74.1666666666626,44.2083333333349,0.511919339462513
1221,137,-74.1249999999959,44.2083333333349,0.53056374642186
1222,137,-74.0833333333293,44.2083333333349,0.58851358801979
1223,137,-74.0416666666626,44.2083333333349,0.537947291376545
1224,137,-73.9999999999959,44.2083333333349,0.590406276528739
1225,137,-73.9583333333293,44.2083333333349,0.55767869651422
1226,137,-73.9166666666626,44.2083333333349,0.590683310484537
1227,137,-73.8749999999959,44.2083333333349,0.520720975692901
1228,137,-73.8333333333292,44.2083333333349,0.592439190402171
1229,137,-73.7916666666626,44.2083333333349,0.547852849570618
1230,137,-73.7499999999959,44.2083333333349,0.519108108888712
1231,137,-73.7083333333292,44.2083333333349,0.530125613697884
1232,137,-73.6666666666626,44.2083333333349,0.589345896900814
1233,137,-73.6249999999959,44.2083333333349,0.544947839706148
1234,137,-73.5833333333292,44.2083333333349,0.523877180834435
1235,137,-73.5416666666625,44.2083333333349,0.569792131761191
1236,137,-73.4999999999959,44.2083333333349,0.515896762565893
1237,137,-73.4583333333292,44.2083333333349,0.493814669182373
1238,137,-73.4166666666625,44.2083333333349,0.424552426424851
1239,137,-73.3749999999959,44.2083333333349,0.373218554554366
1240,137,-73.3333333333292,44.2083333333349,0
1168,138,-76.3333333333294,44.1666666666682,NA
1169,138,-76.2916666666628,44.1666666666682,0.393943670581421
1170,138,-76.2499999999961,44.1666666666682,0.33084083423611
1171,138,-76.2083333333294,44.1666666666682,0.364938422500385
1172,138,-76.1666666666627,44.1666666666682,0.515785774022544
1173,138,-76.1249999999961,44.1666666666682,0.557639516652343
1174,138,-76.0833333333294,44.1666666666682,0.51970099269099
1175,138,-76.0416666666627,44.1666666666682,0.485985639416867
1176,138,-75.9999999999961,44.1666666666682,0.381367922480237
1177,138,-75.9583333333294,44.1666666666682,0.410930206251386
1178,138,-75.9166666666627,44.1666666666682,0.374301296002618
1179,138,-75.8749999999961,44.1666666666682,0.484095127350028
1180,138,-75.8333333333294,44.1666666666682,0.523066450216823
1181,138,-75.7916666666627,44.1666666666682,0.496196604167869
1182,138,-75.749999999996,44.1666666666682,0.433736059871629
1183,138,-75.7083333333294,44.1666666666682,0.46421923881635
1184,138,-75.6666666666627,44.1666666666682,0.462127221315984
1185,138,-75.624999999996,44.1666666666682,0.544456571880351
1186,138,-75.5833333333294,44.1666666666682,0.610348063001887
1187,138,-75.5416666666627,44.1666666666682,0.58237201327
1188,138,-75.499999999996,44.1666666666682,0.60702434851346
1189,138,-75.4583333333294,44.1666666666682,0.60011557204049
1190,138,-75.4166666666627,44.1666666666682,0.54840739697025
1191,138,-75.374999999996,44.1666666666682,0.525029051795527
1192,138,-75.3333333333293,44.1666666666682,0.582557879609525
1193,138,-75.2916666666627,44.1666666666682,0.610497611293074
1194,138,-75.249999999996,44.1666666666682,0.643886393109274
1195,138,-75.2083333333293,44.1666666666682,0.629654580274073
1196,138,-75.1666666666627,44.1666666666682,0.608765796709075
1197,138,-75.124999999996,44.1666666666682,0.641028208944835
1198,138,-75.0833333333293,44.1666666666682,0.667079667758234
1199,138,-75.0416666666627,44.1666666666682,0.59186839287019
1200,138,-74.999999999996,44.1666666666682,0.539013312531477
1201,138,-74.9583333333293,44.1666666666682,0.590492820113171
1202,138,-74.9166666666626,44.1666666666682,0.599609145889975
1203,138,-74.874999999996,44.1666666666682,0.535493215788512
1204,138,-74.8333333333293,44.1666666666682,0.276066971368984
1205,138,-74.7916666666626,44.1666666666682,0.361416245879787
1206,138,-74.749999999996,44.1666666666682,0.655455208532953
1207,138,-74.7083333333293,44.1666666666682,0.64282591169915
1208,138,-74.6666666666626,44.1666666666682,0.65414848946806
1209,138,-74.624999999996,44.1666666666682,0.632332348785306
1210,138,-74.5833333333293,44.1666666666682,0.547548507066283
1211,138,-74.5416666666626,44.1666666666682,0.349575620192196
1212,138,-74.499999999996,44.1666666666682,0.564289916347366
1213,138,-74.4583333333293,44.1666666666682,0.580719101819616
1214,138,-74.4166666666626,44.1666666666682,0.639628212646735
1215,138,-74.3749999999959,44.1666666666682,0.517689045890449
1216,138,-74.3333333333293,44.1666666666682,0.624019702771633
1217,138,-74.2916666666626,44.1666666666682,0.627741339694269
1218,138,-74.2499999999959,44.1666666666682,0.580412167034333
1219,138,-74.2083333333293,44.1666666666682,0.469457159155775
1220,138,-74.1666666666626,44.1666666666682,0.498711209726831
1221,138,-74.1249999999959,44.1666666666682,0.464095818424826
1222,138,-74.0833333333293,44.1666666666682,0.488871526232096
1223,138,-74.0416666666626,44.1666666666682,0.435869764597462
1224,138,-73.9999999999959,44.1666666666682,0.523480724661779
1225,138,-73.9583333333293,44.1666666666682,0.561823506195079
1226,138,-73.9166666666626,44.1666666666682,0.506881051997356
1227,138,-73.8749999999959,44.1666666666682,0.505991963653574
1228,138,-73.8333333333292,44.1666666666682,0.573612599447196
1229,138,-73.7916666666626,44.1666666666682,0.553233327470728
1230,138,-73.7499999999959,44.1666666666682,0.528580194053816
1231,138,-73.7083333333292,44.1666666666682,0.52187704386493
1232,138,-73.6666666666626,44.1666666666682,0.667730772451463
1233,138,-73.6249999999959,44.1666666666682,0.534630150027023
1234,138,-73.5833333333292,44.1666666666682,0.492956181627107
1235,138,-73.5416666666625,44.1666666666682,0.549336317537838
1236,138,-73.4999999999959,44.1666666666682,0.583065224900856
1237,138,-73.4583333333292,44.1666666666682,0.511836976905403
1238,138,-73.4166666666625,44.1666666666682,0.22793318664877
1239,138,-73.3749999999959,44.1666666666682,0
1167,139,-76.3749999999961,44.1250000000016,0.476660351241645
1168,139,-76.3333333333294,44.1250000000016,0.35519481982794
1169,139,-76.2916666666628,44.1250000000016,0.318887242018206
1170,139,-76.2499999999961,44.1250000000016,0.387075307018128
1171,139,-76.2083333333294,44.1250000000016,0.431425490958876
1172,139,-76.1666666666627,44.1250000000016,0.485915170679693
1173,139,-76.1249999999961,44.1250000000016,0.586948520534832
1174,139,-76.0833333333294,44.1250000000016,0.544285062056901
1175,139,-76.0416666666627,44.1250000000016,0.417643996347745
1176,139,-75.9999999999961,44.1250000000016,0.407060856081669
1177,139,-75.9583333333294,44.1250000000016,0.408904497582373
1178,139,-75.9166666666627,44.1250000000016,0.468629405747477
1179,139,-75.8749999999961,44.1250000000016,0.442825329940303
1180,139,-75.8333333333294,44.1250000000016,0.39880249222298
1181,139,-75.7916666666627,44.1250000000016,0.396636597111241
1182,139,-75.749999999996,44.1250000000016,0.425929782580776
1183,139,-75.7083333333294,44.1250000000016,0.43592950329836
1184,139,-75.6666666666627,44.1250000000016,0.548854672355363
1185,139,-75.624999999996,44.1250000000016,0.631976995779574
1186,139,-75.5833333333294,44.1250000000016,0.639752530198652
1187,139,-75.5416666666627,44.1250000000016,0.632890585592804
1188,139,-75.499999999996,44.1250000000016,0.584637477356436
1189,139,-75.4583333333294,44.1250000000016,0.544221877235256
1190,139,-75.4166666666627,44.1250000000016,0.608599248672489
1191,139,-75.374999999996,44.1250000000016,0.548506502130257
1192,139,-75.3333333333293,44.1250000000016,0.556801567395378
1193,139,-75.2916666666627,44.1250000000016,0.618768074523842
1194,139,-75.249999999996,44.1250000000016,0.654341575821357
1195,139,-75.2083333333293,44.1250000000016,0.65682233977372
1196,139,-75.1666666666627,44.1250000000016,0.636143981911756
1197,139,-75.124999999996,44.1250000000016,0.673635998306776
1198,139,-75.0833333333293,44.1250000000016,0.65263698714392
1199,139,-75.0416666666627,44.1250000000016,0.643535884833482
1200,139,-74.999999999996,44.1250000000016,0.665800559228154
1201,139,-74.9583333333293,44.1250000000016,0.647146454903534
1202,139,-74.9166666666626,44.1250000000016,0.62907893765491
1203,139,-74.874999999996,44.1250000000016,0.513489401454788
1204,139,-74.8333333333293,44.1250000000016,0.62109450363878
1205,139,-74.7916666666626,44.1250000000016,0.652192678251721
1206,139,-74.749999999996,44.1250000000016,0.646048455192581
1207,139,-74.7083333333293,44.1250000000016,0.615419868942045
1208,139,-74.6666666666626,44.1250000000016,0.583891019355421
1209,139,-74.624999999996,44.1250000000016,0.537185204922267
1210,139,-74.5833333333293,44.1250000000016,0.643216001656359
1211,139,-74.5416666666626,44.1250000000016,0.518856017066908
1212,139,-74.499999999996,44.1250000000016,0.628623538507133
1213,139,-74.4583333333293,44.1250000000016,0.548279253517718
1214,139,-74.4166666666626,44.1250000000016,0.602483143587977
1215,139,-74.3749999999959,44.1250000000016,0.612733151272691
1216,139,-74.3333333333293,44.1250000000016,0.574621697046293
1217,139,-74.2916666666626,44.1250000000016,0.586504094814301
1218,139,-74.2499999999959,44.1250000000016,0.605589168679399
1219,139,-74.2083333333293,44.1250000000016,0.52833445705773
1220,139,-74.1666666666626,44.1250000000016,0.546389178867167
1221,139,-74.1249999999959,44.1250000000016,0.474579110712951
1222,139,-74.0833333333293,44.1250000000016,0.451074650665117
1223,139,-74.0416666666626,44.1250000000016,0.501498973018135
1224,139,-73.9999999999959,44.1250000000016,0.432154873461478
1225,139,-73.9583333333293,44.1250000000016,0.428411766866735
1226,139,-73.9166666666626,44.1250000000016,0.433461341828203
1227,139,-73.8749999999959,44.1250000000016,0.452405259924304
1228,139,-73.8333333333292,44.1250000000016,0.522532935848989
1229,139,-73.7916666666626,44.1250000000016,0.576776957460129
1230,139,-73.7499999999959,44.1250000000016,0.582703488875486
1231,139,-73.7083333333292,44.1250000000016,0.626576749436378
1232,139,-73.6666666666626,44.1250000000016,0.613668563952428
1233,139,-73.6249999999959,44.1250000000016,0.544946922493367
1234,139,-73.5833333333292,44.1250000000016,0.52064100020789
1235,139,-73.5416666666625,44.1250000000016,0.586250410298627
1236,139,-73.4999999999959,44.1250000000016,0.579482972770434
1237,139,-73.4583333333292,44.1250000000016,0.554409674205597
1238,139,-73.4166666666625,44.1250000000016,0.194927297738873
1167,140,-76.3749999999961,44.0833333333349,0.409102658303815
1168,140,-76.3333333333294,44.0833333333349,0.398265155943364
1169,140,-76.2916666666628,44.0833333333349,0.461074548494783
1170,140,-76.2499999999961,44.0833333333349,0.456770806622378
1171,140,-76.2083333333294,44.0833333333349,0.397127581479085
1172,140,-76.1666666666627,44.0833333333349,0.363689018768399
1173,140,-76.1249999999961,44.0833333333349,0.473026460498461
1174,140,-76.0833333333294,44.0833333333349,0.486081456508926
1175,140,-76.0416666666627,44.0833333333349,0.464953147475135
1176,140,-75.9999999999961,44.0833333333349,0.371564155520345
1177,140,-75.9583333333294,44.0833333333349,0.509846845258269
1178,140,-75.9166666666627,44.0833333333349,0.449139013941992
1179,140,-75.8749999999961,44.0833333333349,0.401467161019613
1180,140,-75.8333333333294,44.0833333333349,0.400048856362115
1181,140,-75.7916666666627,44.0833333333349,0.423435446182857
1182,140,-75.749999999996,44.0833333333349,0.589454590549514
1183,140,-75.7083333333294,44.0833333333349,0.561963763553025
1184,140,-75.6666666666627,44.0833333333349,0.598161798730172
1185,140,-75.624999999996,44.0833333333349,0.609839393576683
1186,140,-75.5833333333294,44.0833333333349,0.61265331499611
1187,140,-75.5416666666627,44.0833333333349,0.600581414607863
1188,140,-75.499999999996,44.0833333333349,0.567415609761353
1189,140,-75.4583333333294,44.0833333333349,0.594019471979305
1190,140,-75.4166666666627,44.0833333333349,0.564684365619102
1191,140,-75.374999999996,44.0833333333349,0.590733274626515
1192,140,-75.3333333333293,44.0833333333349,0.572739346068972
1193,140,-75.2916666666627,44.0833333333349,0.621186666004457
1194,140,-75.249999999996,44.0833333333349,0.643770859769515
1195,140,-75.2083333333293,44.0833333333349,0.668014160305748
1196,140,-75.1666666666627,44.0833333333349,0.650399439787545
1197,140,-75.124999999996,44.0833333333349,0.632483434087883
1198,140,-75.0833333333293,44.0833333333349,0.597759004094807
1199,140,-75.0416666666627,44.0833333333349,0.621711598400231
1200,140,-74.999999999996,44.0833333333349,0.633209785897865
1201,140,-74.9583333333293,44.0833333333349,0.630058230018255
1202,140,-74.9166666666626,44.0833333333349,0.614127918784502
1203,140,-74.874999999996,44.0833333333349,0.633411233606173
1204,140,-74.8333333333293,44.0833333333349,0.605335785912737
1205,140,-74.7916666666626,44.0833333333349,0.431601481517723
1206,140,-74.749999999996,44.0833333333349,0.451577337404048
1207,140,-74.7083333333293,44.0833333333349,0.539354479409773
1208,140,-74.6666666666626,44.0833333333349,0.55821758761824
1209,140,-74.624999999996,44.0833333333349,0.609465418666619
1210,140,-74.5833333333293,44.0833333333349,0.504371282441986
1211,140,-74.5416666666626,44.0833333333349,0.615805791039833
1212,140,-74.499999999996,44.0833333333349,0.553405111006645
1213,140,-74.4583333333293,44.0833333333349,0.568305687467713
1214,140,-74.4166666666626,44.0833333333349,0.602006042453635
1215,140,-74.3749999999959,44.0833333333349,0.622323953819628
1216,140,-74.3333333333293,44.0833333333349,0.436586475836126
1217,140,-74.2916666666626,44.0833333333349,0.521374908889297
1218,140,-74.2499999999959,44.0833333333349,0.553872348179918
1219,140,-74.2083333333293,44.0833333333349,0.594846873869642
1220,140,-74.1666666666626,44.0833333333349,0.519061349033754
1221,140,-74.1249999999959,44.0833333333349,0.444781527650531
1222,140,-74.0833333333293,44.0833333333349,0.536821095484585
1223,140,-74.0416666666626,44.0833333333349,0.517728032677689
1224,140,-73.9999999999959,44.0833333333349,0.580454714708692
1225,140,-73.9583333333293,44.0833333333349,0.460809992637702
1226,140,-73.9166666666626,44.0833333333349,0.472728955055147
1227,140,-73.8749999999959,44.0833333333349,0.524235501159714
1228,140,-73.8333333333292,44.0833333333349,0.481079194601018
1229,140,-73.7916666666626,44.0833333333349,0.460246507373351
1230,140,-73.7499999999959,44.0833333333349,0.630534806737161
1231,140,-73.7083333333292,44.0833333333349,0.652931998493982
1232,140,-73.6666666666626,44.0833333333349,0.521898800392949
1233,140,-73.6249999999959,44.0833333333349,0.524608853383663
1234,140,-73.5833333333292,44.0833333333349,0.58371109777208
1235,140,-73.5416666666625,44.0833333333349,0.568713173190368
1236,140,-73.4999999999959,44.0833333333349,0.540155933127467
1237,140,-73.4583333333292,44.0833333333349,0.465059342919564
1238,140,-73.4166666666625,44.0833333333349,0
1167,141,-76.3749999999961,44.0416666666682,0.508257731831374
1168,141,-76.3333333333294,44.0416666666682,0.457946101455972
1169,141,-76.2916666666628,44.0416666666682,0.416639705751438
1170,141,-76.2499999999961,44.0416666666682,0.420895822218518
1171,141,-76.2083333333294,44.0416666666682,0.431712648328102
1172,141,-76.1666666666627,44.0416666666682,0.424719108575648
1173,141,-76.1249999999961,44.0416666666682,0.405291424587797
1174,141,-76.0833333333294,44.0416666666682,0.467233608944973
1175,141,-76.0416666666627,44.0416666666682,0.486866291120973
1176,141,-75.9999999999961,44.0416666666682,0.489390603112177
1177,141,-75.9583333333294,44.0416666666682,0.515364665767568
1178,141,-75.9166666666627,44.0416666666682,0.477507639586783
1179,141,-75.8749999999961,44.0416666666682,0.431840644702476
1180,141,-75.8333333333294,44.0416666666682,0.4825051122203
1181,141,-75.7916666666627,44.0416666666682,0.495856415155984
1182,141,-75.749999999996,44.0416666666682,0.515672152710916
1183,141,-75.7083333333294,44.0416666666682,0.459700017851815
1184,141,-75.6666666666627,44.0416666666682,0.550562158167105
1185,141,-75.624999999996,44.0416666666682,0.601894821590019
1186,141,-75.5833333333294,44.0416666666682,0.598638654734489
1187,141,-75.5416666666627,44.0416666666682,0.611835334976119
1188,141,-75.499999999996,44.0416666666682,0.618781476249218
1189,141,-75.4583333333294,44.0416666666682,0.564907917196302
1190,141,-75.4166666666627,44.0416666666682,0.553567413262573
1191,141,-75.374999999996,44.0416666666682,0.632749667532259
1192,141,-75.3333333333293,44.0416666666682,0.622535348125019
1193,141,-75.2916666666627,44.0416666666682,0.614157507572892
1194,141,-75.249999999996,44.0416666666682,0.675374855413421
1195,141,-75.2083333333293,44.0416666666682,0.678815969784712
1196,141,-75.1666666666627,44.0416666666682,0.648754455912747
1197,141,-75.124999999996,44.0416666666682,0.630194381829322
1198,141,-75.0833333333293,44.0416666666682,0.655043971892425
1199,141,-75.0416666666627,44.0416666666682,0.632780430076341
1200,141,-74.999999999996,44.0416666666682,0.610477426675895
1201,141,-74.9583333333293,44.0416666666682,0.63428795435162
1202,141,-74.9166666666626,44.0416666666682,0.625656601071698
1203,141,-74.874999999996,44.0416666666682,0.634912478747888
1204,141,-74.8333333333293,44.0416666666682,0.639415794372961
1205,141,-74.7916666666626,44.0416666666682,0.611744910379702
1206,141,-74.749999999996,44.0416666666682,0.567348053958934
1207,141,-74.7083333333293,44.0416666666682,0.609379943244255
1208,141,-74.6666666666626,44.0416666666682,0.613516215074082
1209,141,-74.624999999996,44.0416666666682,0.470477318247657
1210,141,-74.5833333333293,44.0416666666682,0.441917167881523
1211,141,-74.5416666666626,44.0416666666682,0.613109375153958
1212,141,-74.499999999996,44.0416666666682,0.621684834029785
1213,141,-74.4583333333293,44.0416666666682,0.563040262386459
1214,141,-74.4166666666626,44.0416666666682,0.575027263766154
1215,141,-74.3749999999959,44.0416666666682,0.466784316009914
1216,141,-74.3333333333293,44.0416666666682,0.516894368743894
1217,141,-74.2916666666626,44.0416666666682,0.519931414138313
1218,141,-74.2499999999959,44.0416666666682,0.599316781401155
1219,141,-74.2083333333293,44.0416666666682,0.61441139149652
1220,141,-74.1666666666626,44.0416666666682,0.646443146076484
1221,141,-74.1249999999959,44.0416666666682,0.599560879562939
1222,141,-74.0833333333293,44.0416666666682,0.618014664292218
1223,141,-74.0416666666626,44.0416666666682,0.515260279586466
1224,141,-73.9999999999959,44.0416666666682,0.541656430201192
1225,141,-73.9583333333293,44.0416666666682,0.552456586111396
1226,141,-73.9166666666626,44.0416666666682,0.544696833485982
1227,141,-73.8749999999959,44.0416666666682,0.576974870009528
1228,141,-73.8333333333292,44.0416666666682,0.477699177367862
1229,141,-73.7916666666626,44.0416666666682,0.504502961712107
1230,141,-73.7499999999959,44.0416666666682,0.627056202891299
1231,141,-73.7083333333292,44.0416666666682,0.591054021854147
1232,141,-73.6666666666626,44.0416666666682,0.474261740075023
1233,141,-73.6249999999959,44.0416666666682,0.480208404321
1234,141,-73.5833333333292,44.0416666666682,0.531196103699444
1235,141,-73.5416666666625,44.0416666666682,0.529908965493055
1236,141,-73.4999999999959,44.0416666666682,0.531263537908351
1237,141,-73.4583333333292,44.0416666666682,0.326235321982674
1238,141,-73.4166666666625,44.0416666666682,0.267131769344173
1169,142,-76.2916666666628,44.0000000000016,0.36871104919927
1170,142,-76.2499999999961,44.0000000000016,0.503639156005637
1171,142,-76.2083333333294,44.0000000000016,0.504799861585138
1172,142,-76.1666666666627,44.0000000000016,0.469518988463298
1173,142,-76.1249999999961,44.0000000000016,0.530243241569347
1174,142,-76.0833333333294,44.0000000000016,0.544756497399528
1175,142,-76.0416666666627,44.0000000000016,0.48027904739219
1176,142,-75.9999999999961,44.0000000000016,0.509373687147019
1177,142,-75.9583333333294,44.0000000000016,0.482707261973312
1178,142,-75.9166666666627,44.0000000000016,0.485003131561478
1179,142,-75.8749999999961,44.0000000000016,0.422576296036901
1180,142,-75.8333333333294,44.0000000000016,0.427930458658063
1181,142,-75.7916666666627,44.0000000000016,0.465654936868145
1182,142,-75.749999999996,44.0000000000016,0.52441925323902
1183,142,-75.7083333333294,44.0000000000016,0.382451818111013
1184,142,-75.6666666666627,44.0000000000016,0.50645377682743
1185,142,-75.624999999996,44.0000000000016,0.529175527271151
1186,142,-75.5833333333294,44.0000000000016,0.584113907013716
1187,142,-75.5416666666627,44.0000000000016,0.637127623667614
1188,142,-75.499999999996,44.0000000000016,0.595409676248837
1189,142,-75.4583333333294,44.0000000000016,0.578032130256428
1190,142,-75.4166666666627,44.0000000000016,0.654827143703291
1191,142,-75.374999999996,44.0000000000016,0.598256948997304
1192,142,-75.3333333333293,44.0000000000016,0.611547922745014
1193,142,-75.2916666666627,44.0000000000016,0.64887738679673
1194,142,-75.249999999996,44.0000000000016,0.638842929588916
1195,142,-75.2083333333293,44.0000000000016,0.590157887934043
1196,142,-75.1666666666627,44.0000000000016,0.64475368186268
1197,142,-75.124999999996,44.0000000000016,0.572147788638539
1198,142,-75.0833333333293,44.0000000000016,0.605605361999541
1199,142,-75.0416666666627,44.0000000000016,0.58465778515601
1200,142,-74.999999999996,44.0000000000016,0.546165001785198
1201,142,-74.9583333333293,44.0000000000016,0.541431784548343
1202,142,-74.9166666666626,44.0000000000016,0.562391074158593
1203,142,-74.874999999996,44.0000000000016,0.618490693410177
1204,142,-74.8333333333293,44.0000000000016,0.610701546253254
1205,142,-74.7916666666626,44.0000000000016,0.599118878317216
1206,142,-74.749999999996,44.0000000000016,0.386526929453697
1207,142,-74.7083333333293,44.0000000000016,0.515134095547538
1208,142,-74.6666666666626,44.0000000000016,0.545904207608623
1209,142,-74.624999999996,44.0000000000016,0.531882793208772
1210,142,-74.5833333333293,44.0000000000016,0.581446534998164
1211,142,-74.5416666666626,44.0000000000016,0.574426602527132
1212,142,-74.499999999996,44.0000000000016,0.55664980780656
1213,142,-74.4583333333293,44.0000000000016,0.561950379642293
1214,142,-74.4166666666626,44.0000000000016,0.484985424248026
1215,142,-74.3749999999959,44.0000000000016,0.4968432756967
1216,142,-74.3333333333293,44.0000000000016,0.634537156492508
1217,142,-74.2916666666626,44.0000000000016,0.584785482535326
1218,142,-74.2499999999959,44.0000000000016,0.54664688239636
1219,142,-74.2083333333293,44.0000000000016,0.608555497547128
1220,142,-74.1666666666626,44.0000000000016,0.611351333010308
1221,142,-74.1249999999959,44.0000000000016,0.539455037513768
1222,142,-74.0833333333293,44.0000000000016,0.580946496504751
1223,142,-74.0416666666626,44.0000000000016,0.54201969250443
1224,142,-73.9999999999959,44.0000000000016,0.605686479786096
1225,142,-73.9583333333293,44.0000000000016,0.572302124082085
1226,142,-73.9166666666626,44.0000000000016,0.566125646541273
1227,142,-73.8749999999959,44.0000000000016,0.554074830777814
1228,142,-73.8333333333292,44.0000000000016,0.56986879798789
1229,142,-73.7916666666626,44.0000000000016,0.620225156765983
1230,142,-73.7499999999959,44.0000000000016,0.578509075677203
1231,142,-73.7083333333292,44.0000000000016,0.470118087074572
1232,142,-73.6666666666626,44.0000000000016,0.469226332414525
1233,142,-73.6249999999959,44.0000000000016,0.480202697281604
1234,142,-73.5833333333292,44.0000000000016,0.570357893754085
1235,142,-73.5416666666625,44.0000000000016,0.543855289887444
1236,142,-73.4999999999959,44.0000000000016,0.529999309777
1237,142,-73.4583333333292,44.0000000000016,0.454441719382873
1238,142,-73.4166666666625,44.0000000000016,0.283715117914289
1169,143,-76.2916666666628,43.9583333333349,0.491265444182015
1170,143,-76.2499999999961,43.9583333333349,0.487279356289433
1171,143,-76.2083333333294,43.9583333333349,0.565228827205585
1172,143,-76.1666666666627,43.9583333333349,0.386227509342034
1173,143,-76.1249999999961,43.9583333333349,0.459002296059073
1174,143,-76.0833333333294,43.9583333333349,0.485024185115156
1175,143,-76.0416666666627,43.9583333333349,0.37289946873495
1176,143,-75.9999999999961,43.9583333333349,0.39229684501552
1177,143,-75.9583333333294,43.9583333333349,0.489561036210071
1178,143,-75.9166666666627,43.9583333333349,0.510623523675411
1179,143,-75.8749999999961,43.9583333333349,0.515302958996505
1180,143,-75.8333333333294,43.9583333333349,0.414389864214907
1181,143,-75.7916666666627,43.9583333333349,0.380622589760182
1182,143,-75.749999999996,43.9583333333349,0.462535369614157
1183,143,-75.7083333333294,43.9583333333349,0.438024364121222
1184,143,-75.6666666666627,43.9583333333349,0.463000020357587
1185,143,-75.624999999996,43.9583333333349,0.51300133015355
1186,143,-75.5833333333294,43.9583333333349,0.398422119069406
1187,143,-75.5416666666627,43.9583333333349,0.486095750971613
1188,143,-75.499999999996,43.9583333333349,0.590902672920091
1189,143,-75.4583333333294,43.9583333333349,0.556816557974155
1190,143,-75.4166666666627,43.9583333333349,0.577512660885227
1191,143,-75.374999999996,43.9583333333349,0.514140802586503
1192,143,-75.3333333333293,43.9583333333349,0.520071403539128
1193,143,-75.2916666666627,43.9583333333349,0.602613733813223
1194,143,-75.249999999996,43.9583333333349,0.658700045024706
1195,143,-75.2083333333293,43.9583333333349,0.596352253780479
1196,143,-75.1666666666627,43.9583333333349,0.636828427997904
1197,143,-75.124999999996,43.9583333333349,0.592785626563247
1198,143,-75.0833333333293,43.9583333333349,0.625926143415389
1199,143,-75.0416666666627,43.9583333333349,0.553561484798792
1200,143,-74.999999999996,43.9583333333349,0.555522528847507
1201,143,-74.9583333333293,43.9583333333349,0.546152098291878
1202,143,-74.9166666666626,43.9583333333349,0.551560383461343
1203,143,-74.874999999996,43.9583333333349,0.569662555772427
1204,143,-74.8333333333293,43.9583333333349,0.551091928941278
1205,143,-74.7916666666626,43.9583333333349,0.552293957995021
1206,143,-74.749999999996,43.9583333333349,0.601723578745706
1207,143,-74.7083333333293,43.9583333333349,0.613412410178476
1208,143,-74.6666666666626,43.9583333333349,0.552486971023297
1209,143,-74.624999999996,43.9583333333349,0.606084235811117
1210,143,-74.5833333333293,43.9583333333349,0.52298510034946
1211,143,-74.5416666666626,43.9583333333349,0.569071316534014
1212,143,-74.499999999996,43.9583333333349,0.642118678832506
1213,143,-74.4583333333293,43.9583333333349,0.483263549934246
1214,143,-74.4166666666626,43.9583333333349,0.524093591584124
1215,143,-74.3749999999959,43.9583333333349,0.600561667965598
1216,143,-74.3333333333293,43.9583333333349,0.582805060798755
1217,143,-74.2916666666626,43.9583333333349,0.645867346009247
1218,143,-74.2499999999959,43.9583333333349,0.61929433871398
1219,143,-74.2083333333293,43.9583333333349,0.547386426815555
1220,143,-74.1666666666626,43.9583333333349,0.571299068805569
1221,143,-74.1249999999959,43.9583333333349,0.48820881732826
1222,143,-74.0833333333293,43.9583333333349,0.525506627757674
1223,143,-74.0416666666626,43.9583333333349,0.558373691993224
1224,143,-73.9999999999959,43.9583333333349,0.594035742543018
1225,143,-73.9583333333293,43.9583333333349,0.520702173698228
1226,143,-73.9166666666626,43.9583333333349,0.488712167003991
1227,143,-73.8749999999959,43.9583333333349,0.641962881599649
1228,143,-73.8333333333292,43.9583333333349,0.610320007269905
1229,143,-73.7916666666626,43.9583333333349,0.601194364014354
1230,143,-73.7499999999959,43.9583333333349,0.514419668499145
1231,143,-73.7083333333292,43.9583333333349,0.482434602737967
1232,143,-73.6666666666626,43.9583333333349,0.479841805769733
1233,143,-73.6249999999959,43.9583333333349,0.570475990913672
1234,143,-73.5833333333292,43.9583333333349,0.553737868817982
1235,143,-73.5416666666625,43.9583333333349,0.573468331409989
1236,143,-73.4999999999959,43.9583333333349,0.551706789036742
1237,143,-73.4583333333292,43.9583333333349,0.529034058393607
1238,143,-73.4166666666625,43.9583333333349,0.404223582262587
1165,144,-76.4583333333294,43.9166666666682,0.607358305652936
1166,144,-76.4166666666628,43.9166666666682,0.548582107457651
1167,144,-76.3749999999961,43.9166666666682,0.391272202134132
1168,144,-76.3333333333294,43.9166666666682,0.453936231902357
1169,144,-76.2916666666628,43.9166666666682,0.566261620494421
1171,144,-76.2083333333294,43.9166666666682,0.493597889191484
1173,144,-76.1249999999961,43.9166666666682,0.514538397708574
1174,144,-76.0833333333294,43.9166666666682,0.407256347456021
1175,144,-76.0416666666627,43.9166666666682,0.437504835434598
1176,144,-75.9999999999961,43.9166666666682,0.359497589249291
1177,144,-75.9583333333294,43.9166666666682,0.526720207038468
1178,144,-75.9166666666627,43.9166666666682,0.525400011381308
1179,144,-75.8749999999961,43.9166666666682,0.479313997542278
1180,144,-75.8333333333294,43.9166666666682,0.495627909603591
1181,144,-75.7916666666627,43.9166666666682,0.406750195361555
1182,144,-75.749999999996,43.9166666666682,0.460938321623108
1183,144,-75.7083333333294,43.9166666666682,0.430853640380825
1184,144,-75.6666666666627,43.9166666666682,0.353182940639073
1185,144,-75.624999999996,43.9166666666682,0.421639085981863
1186,144,-75.5833333333294,43.9166666666682,0.436098130293481
1187,144,-75.5416666666627,43.9166666666682,0.442754281668958
1188,144,-75.499999999996,43.9166666666682,0.302029056890026
1189,144,-75.4583333333294,43.9166666666682,0.475023578072643
1190,144,-75.4166666666627,43.9166666666682,0.507952237270113
1191,144,-75.374999999996,43.9166666666682,0.44609449941112
1192,144,-75.3333333333293,43.9166666666682,0.457074662811576
1193,144,-75.2916666666627,43.9166666666682,0.543432817529566
1194,144,-75.249999999996,43.9166666666682,0.603446251226347
1195,144,-75.2083333333293,43.9166666666682,0.594679785318214
1196,144,-75.1666666666627,43.9166666666682,0.640919858188149
1197,144,-75.124999999996,43.9166666666682,0.640952955937268
1198,144,-75.0833333333293,43.9166666666682,0.633927023310048
1199,144,-75.0416666666627,43.9166666666682,0.532159582484984
1200,144,-74.999999999996,43.9166666666682,0.46733747873288
1201,144,-74.9583333333293,43.9166666666682,0.475524903666451
1202,144,-74.9166666666626,43.9166666666682,0.389181883323551
1203,144,-74.874999999996,43.9166666666682,0.494577908726467
1204,144,-74.8333333333293,43.9166666666682,0.589224152425815
1205,144,-74.7916666666626,43.9166666666682,0.625150373876701
1206,144,-74.749999999996,43.9166666666682,0.63740611359008
1207,144,-74.7083333333293,43.9166666666682,0.468507685130404
1208,144,-74.6666666666626,43.9166666666682,0.632117724767341
1209,144,-74.624999999996,43.9166666666682,0.620025320828556
1210,144,-74.5833333333293,43.9166666666682,0.434640877201153
1211,144,-74.5416666666626,43.9166666666682,0.48349848889043
1212,144,-74.499999999996,43.9166666666682,0.598446398952691
1213,144,-74.4583333333293,43.9166666666682,0.489883486218287
1214,144,-74.4166666666626,43.9166666666682,0.608388397038914
1215,144,-74.3749999999959,43.9166666666682,0.554978295823137
1216,144,-74.3333333333293,43.9166666666682,0.547082946892918
1217,144,-74.2916666666626,43.9166666666682,0.618130243399307
1218,144,-74.2499999999959,43.9166666666682,0.636075051406184
1219,144,-74.2083333333293,43.9166666666682,0.587236316369226
1220,144,-74.1666666666626,43.9166666666682,0.57153477875616
1221,144,-74.1249999999959,43.9166666666682,0.581088551111931
1222,144,-74.0833333333293,43.9166666666682,0.604666678380246
1223,144,-74.0416666666626,43.9166666666682,0.529000447596246
1224,144,-73.9999999999959,43.9166666666682,0.494784421866071
1225,144,-73.9583333333293,43.9166666666682,0.525634659389199
1226,144,-73.9166666666626,43.9166666666682,0.617228582774073
1227,144,-73.8749999999959,43.9166666666682,0.627816674385778
1228,144,-73.8333333333292,43.9166666666682,0.502650575252639
1229,144,-73.7916666666626,43.9166666666682,0.594107300311455
1230,144,-73.7499999999959,43.9166666666682,0.506446735749831
1231,144,-73.7083333333292,43.9166666666682,0.518545969454244
1232,144,-73.6666666666626,43.9166666666682,0.525780606782673
1233,144,-73.6249999999959,43.9166666666682,0.512053272866066
1234,144,-73.5833333333292,43.9166666666682,0.566300103995974
1235,144,-73.5416666666625,43.9166666666682,0.529274838294761
1236,144,-73.4999999999959,43.9166666666682,0.58802376637409
1237,144,-73.4583333333292,43.9166666666682,0.574490236647869
1238,144,-73.4166666666625,43.9166666666682,0.398336666898608
1239,144,-73.3749999999959,43.9166666666682,0
1166,145,-76.4166666666628,43.8750000000015,0.460293489973379
1167,145,-76.3749999999961,43.8750000000015,0.284583268421037
1168,145,-76.3333333333294,43.8750000000015,0.523888235526531
1169,145,-76.2916666666628,43.8750000000015,0.637848034352024
1170,145,-76.2499999999961,43.8750000000015,0.6082290659614
1171,145,-76.2083333333294,43.8750000000015,0.562069113137233
1172,145,-76.1666666666627,43.8750000000015,0.527139221708701
1173,145,-76.1249999999961,43.8750000000015,0.476607336622198
1174,145,-76.0833333333294,43.8750000000015,0.481506182776532
1175,145,-76.0416666666627,43.8750000000015,0.487345098778791
1176,145,-75.9999999999961,43.8750000000015,0.523527919253925
1177,145,-75.9583333333294,43.8750000000015,0.376927505029413
1178,145,-75.9166666666627,43.8750000000015,0.476938370333339
1179,145,-75.8749999999961,43.8750000000015,0.470719847846748
1180,145,-75.8333333333294,43.8750000000015,0.504749262763285
1181,145,-75.7916666666627,43.8750000000015,0.588109394982349
1182,145,-75.749999999996,43.8750000000015,0.556467166865956
1183,145,-75.7083333333294,43.8750000000015,0.493744062694692
1184,145,-75.6666666666627,43.8750000000015,0.422366243260099
1185,145,-75.624999999996,43.8750000000015,0.444749533041012
1186,145,-75.5833333333294,43.8750000000015,0.386420305648339
1187,145,-75.5416666666627,43.8750000000015,0.321890476592869
1188,145,-75.499999999996,43.8750000000015,0.366026506622782
1189,145,-75.4583333333294,43.8750000000015,0.499497040210044
1190,145,-75.4166666666627,43.8750000000015,0.405751755954738
1191,145,-75.374999999996,43.8750000000015,0.375055902612294
1192,145,-75.3333333333293,43.8750000000015,0.470664552034072
1193,145,-75.2916666666627,43.8750000000015,0.562354907285338
1194,145,-75.249999999996,43.8750000000015,0.614661880271712
1195,145,-75.2083333333293,43.8750000000015,0.653943826076187
1196,145,-75.1666666666627,43.8750000000015,0.519139536374686
1197,145,-75.124999999996,43.8750000000015,0.654829103040072
1198,145,-75.0833333333293,43.8750000000015,0.607528054350604
1199,145,-75.0416666666627,43.8750000000015,0.52337401654793
1200,145,-74.999999999996,43.8750000000015,0.446385583034837
1201,145,-74.9583333333293,43.8750000000015,0.628277418193489
1202,145,-74.9166666666626,43.8750000000015,0.652455710697282
1203,145,-74.874999999996,43.8750000000015,0.617600516421593
1204,145,-74.8333333333293,43.8750000000015,0.578111898275558
1205,145,-74.7916666666626,43.8750000000015,0.564536481888133
1206,145,-74.749999999996,43.8750000000015,0.528319974628455
1207,145,-74.7083333333293,43.8750000000015,0.624251378563793
1208,145,-74.6666666666626,43.8750000000015,0.501684264732481
1209,145,-74.624999999996,43.8750000000015,0.418492650139067
1210,145,-74.5833333333293,43.8750000000015,0.530427014294518
1211,145,-74.5416666666626,43.8750000000015,0.574653892114144
1212,145,-74.499999999996,43.8750000000015,0.621684509377018
1213,145,-74.4583333333293,43.8750000000015,0.42598579308524
1214,145,-74.4166666666626,43.8750000000015,0.584444933801211
1215,145,-74.3749999999959,43.8750000000015,0.591700144778584
1216,145,-74.3333333333293,43.8750000000015,0.633865385645568
1217,145,-74.2916666666626,43.8750000000015,0.641469935610723
1218,145,-74.2499999999959,43.8750000000015,0.548567186964065
1219,145,-74.2083333333293,43.8750000000015,0.644952231299548
1220,145,-74.1666666666626,43.8750000000015,0.568027505932346
1221,145,-74.1249999999959,43.8750000000015,0.624262278112303
1222,145,-74.0833333333293,43.8750000000015,0.622413544672284
1223,145,-74.0416666666626,43.8750000000015,0.543044170274536
1224,145,-73.9999999999959,43.8750000000015,0.533144264973031
1225,145,-73.9583333333293,43.8750000000015,0.603006163616982
1226,145,-73.9166666666626,43.8750000000015,0.640313083894255
1227,145,-73.8749999999959,43.8750000000015,0.587754744022813
1228,145,-73.8333333333292,43.8750000000015,0.594867424315289
1229,145,-73.7916666666626,43.8750000000015,0.596993800852078
1230,145,-73.7499999999959,43.8750000000015,0.494144329736973
1231,145,-73.7083333333292,43.8750000000015,0.427943128423702
1232,145,-73.6666666666626,43.8750000000015,0.424277940816808
1233,145,-73.6249999999959,43.8750000000015,0.486490959626018
1234,145,-73.5833333333292,43.8750000000015,0.44613442304089
1235,145,-73.5416666666625,43.8750000000015,0.562455700415039
1236,145,-73.4999999999959,43.8750000000015,0.63711368397104
1237,145,-73.4583333333292,43.8750000000015,0.561149951447466
1238,145,-73.4166666666625,43.8750000000015,0.421271122297724
1239,145,-73.3749999999959,43.8750000000015,0.196304774079765
1169,146,-76.2916666666628,43.8333333333349,0.601635690905503
1170,146,-76.2499999999961,43.8333333333349,0.558326819686476
1171,146,-76.2083333333294,43.8333333333349,0.49204261301592
1172,146,-76.1666666666627,43.8333333333349,0.334622398973064
1173,146,-76.1249999999961,43.8333333333349,0.363367052345239
1174,146,-76.0833333333294,43.8333333333349,0.484561154614753
1175,146,-76.0416666666627,43.8333333333349,0.583113937589865
1176,146,-75.9999999999961,43.8333333333349,0.380349732365765
1177,146,-75.9583333333294,43.8333333333349,0.446576474114723
1178,146,-75.9166666666627,43.8333333333349,0.546563275811298
1179,146,-75.8749999999961,43.8333333333349,0.547369276950883
1180,146,-75.8333333333294,43.8333333333349,0.601821973663131
1181,146,-75.7916666666627,43.8333333333349,0.608035140637075
1182,146,-75.749999999996,43.8333333333349,0.549730503836975
1183,146,-75.7083333333294,43.8333333333349,0.582839259897358
1184,146,-75.6666666666627,43.8333333333349,0.578101173248123
1185,146,-75.624999999996,43.8333333333349,0.444110682994784
1186,146,-75.5833333333294,43.8333333333349,0.319212287472531
1187,146,-75.5416666666627,43.8333333333349,0.282387377790304
1188,146,-75.499999999996,43.8333333333349,0.429713892465215
1189,146,-75.4583333333294,43.8333333333349,0.452142118297046
1190,146,-75.4166666666627,43.8333333333349,0.411581743154395
1191,146,-75.374999999996,43.8333333333349,0.541582925452414
1192,146,-75.3333333333293,43.8333333333349,0.566981195945405
1193,146,-75.2916666666627,43.8333333333349,0.544375414072423
1194,146,-75.249999999996,43.8333333333349,0.581735224866336
1195,146,-75.2083333333293,43.8333333333349,0.603238752531693
1196,146,-75.1666666666627,43.8333333333349,0.596462548640012
1197,146,-75.124999999996,43.8333333333349,0.6430249022607
1198,146,-75.0833333333293,43.8333333333349,0.631823638247888
1199,146,-75.0416666666627,43.8333333333349,0.645782709635984
1200,146,-74.999999999996,43.8333333333349,0.652988455166631
1201,146,-74.9583333333293,43.8333333333349,0.642724719319756
1202,146,-74.9166666666626,43.8333333333349,0.624551329145975
1203,146,-74.874999999996,43.8333333333349,0.50411912392722
1204,146,-74.8333333333293,43.8333333333349,0.456621127653695
1205,146,-74.7916666666626,43.8333333333349,0.541879296985621
1206,146,-74.749999999996,43.8333333333349,0.532168724519746
1207,146,-74.7083333333293,43.8333333333349,0.546834118178104
1208,146,-74.6666666666626,43.8333333333349,0.365645638190553
1209,146,-74.624999999996,43.8333333333349,0.242259500110025
1210,146,-74.5833333333293,43.8333333333349,0.550115208036213
1211,146,-74.5416666666626,43.8333333333349,0.579393393819878
1212,146,-74.499999999996,43.8333333333349,0.553020430822801
1213,146,-74.4583333333293,43.8333333333349,0.560533485452419
1214,146,-74.4166666666626,43.8333333333349,0.545053864827459
1215,146,-74.3749999999959,43.8333333333349,0.526915160625091
1216,146,-74.3333333333293,43.8333333333349,0.527425732343874
1217,146,-74.2916666666626,43.8333333333349,0.609088424079794
1218,146,-74.2499999999959,43.8333333333349,0.599504966221811
1219,146,-74.2083333333293,43.8333333333349,0.622275722451066
1220,146,-74.1666666666626,43.8333333333349,0.591275432065023
1221,146,-74.1249999999959,43.8333333333349,0.580186854918291
1222,146,-74.0833333333293,43.8333333333349,0.640623462176305
1223,146,-74.0416666666626,43.8333333333349,0.607704485608542
1224,146,-73.9999999999959,43.8333333333349,0.593571130841384
1225,146,-73.9583333333293,43.8333333333349,0.643891495188591
1226,146,-73.9166666666626,43.8333333333349,0.589662705134397
1227,146,-73.8749999999959,43.8333333333349,0.507231345563771
1228,146,-73.8333333333292,43.8333333333349,0.537166878109902
1229,146,-73.7916666666626,43.8333333333349,0.528209616469159
1230,146,-73.7499999999959,43.8333333333349,0.309952372639803
1231,146,-73.7083333333292,43.8333333333349,0.517836192405832
1232,146,-73.6666666666626,43.8333333333349,0.478788571786739
1233,146,-73.6249999999959,43.8333333333349,0.528954040817484
1234,146,-73.5833333333292,43.8333333333349,0.458150930537579
1235,146,-73.5416666666625,43.8333333333349,0.550334966881865
1236,146,-73.4999999999959,43.8333333333349,0.628437601284852
1237,146,-73.4583333333292,43.8333333333349,0.56820885960779
1238,146,-73.4166666666625,43.8333333333349,0.483416399988458
1239,146,-73.3749999999959,43.8333333333349,0.211876527928402
1170,147,-76.2499999999961,43.7916666666682,0.583494673099047
1171,147,-76.2083333333294,43.7916666666682,0.492800177063018
1172,147,-76.1666666666627,43.7916666666682,0.257308342724971
1173,147,-76.1249999999961,43.7916666666682,0.257297756210506
1174,147,-76.0833333333294,43.7916666666682,0.339099785004585
1175,147,-76.0416666666627,43.7916666666682,0.4638234846582
1176,147,-75.9999999999961,43.7916666666682,0.457658714453875
1177,147,-75.9583333333294,43.7916666666682,0.557138587793597
1178,147,-75.9166666666627,43.7916666666682,0.608641687963957
1179,147,-75.8749999999961,43.7916666666682,0.598472121426161
1180,147,-75.8333333333294,43.7916666666682,0.604119871478504
1181,147,-75.7916666666627,43.7916666666682,0.626454084658026
1182,147,-75.749999999996,43.7916666666682,0.56279068778524
1183,147,-75.7083333333294,43.7916666666682,0.575987632531187
1184,147,-75.6666666666627,43.7916666666682,0.566672829227466
1185,147,-75.624999999996,43.7916666666682,0.468475519647577
1186,147,-75.5833333333294,43.7916666666682,0.412125043722607
1187,147,-75.5416666666627,43.7916666666682,0.342190993036371
1188,147,-75.499999999996,43.7916666666682,0.362679318506596
1189,147,-75.4583333333294,43.7916666666682,0.338857722010977
1190,147,-75.4166666666627,43.7916666666682,0.452359317029066
1191,147,-75.374999999996,43.7916666666682,0.552060477253762
1192,147,-75.3333333333293,43.7916666666682,0.550896398821603
1193,147,-75.2916666666627,43.7916666666682,0.525741176737169
1194,147,-75.249999999996,43.7916666666682,0.589903142402558
1195,147,-75.2083333333293,43.7916666666682,0.624606466466102
1196,147,-75.1666666666627,43.7916666666682,0.638917758897585
1197,147,-75.124999999996,43.7916666666682,0.613822985980944
1198,147,-75.0833333333293,43.7916666666682,0.6271666469052
1199,147,-75.0416666666627,43.7916666666682,0.641917756059369
1200,147,-74.999999999996,43.7916666666682,0.63034658774604
1201,147,-74.9583333333293,43.7916666666682,0.635316379141588
1202,147,-74.9166666666626,43.7916666666682,0.583855741585892
1203,147,-74.874999999996,43.7916666666682,0.592266544807648
1204,147,-74.8333333333293,43.7916666666682,0.606624520182243
1205,147,-74.7916666666626,43.7916666666682,0.601653258727452
1206,147,-74.749999999996,43.7916666666682,0.597194897152143
1207,147,-74.7083333333293,43.7916666666682,0.514707174444544
1208,147,-74.6666666666626,43.7916666666682,0.583269413639017
1209,147,-74.624999999996,43.7916666666682,0.525151866715887
1210,147,-74.5833333333293,43.7916666666682,0.621737415759738
1211,147,-74.5416666666626,43.7916666666682,0.59386870446423
1212,147,-74.499999999996,43.7916666666682,0.56021269330003
1213,147,-74.4583333333293,43.7916666666682,0.576508210532907
1214,147,-74.4166666666626,43.7916666666682,0.634873750649992
1215,147,-74.3749999999959,43.7916666666682,0.627624239662197
1216,147,-74.3333333333293,43.7916666666682,0.606550942648391
1217,147,-74.2916666666626,43.7916666666682,0.554040616223148
1218,147,-74.2499999999959,43.7916666666682,0.483435718422454
1219,147,-74.2083333333293,43.7916666666682,0.532035267322304
1220,147,-74.1666666666626,43.7916666666682,0.517805845685495
1221,147,-74.1249999999959,43.7916666666682,0.609023053900055
1222,147,-74.0833333333293,43.7916666666682,0.617155480690244
1223,147,-74.0416666666626,43.7916666666682,0.62301621113873
1224,147,-73.9999999999959,43.7916666666682,0.603348462609345
1225,147,-73.9583333333293,43.7916666666682,0.508895285665961
1226,147,-73.9166666666626,43.7916666666682,0.592294759269687
1227,147,-73.8749999999959,43.7916666666682,0.588174142357232
1228,147,-73.8333333333292,43.7916666666682,0.574943567286946
1229,147,-73.7916666666626,43.7916666666682,0.367265570701692
1230,147,-73.7499999999959,43.7916666666682,0.506649095329024
1231,147,-73.7083333333292,43.7916666666682,0.644386074790056
1232,147,-73.6666666666626,43.7916666666682,0.558819332599129
1233,147,-73.6249999999959,43.7916666666682,0.502093520168152
1234,147,-73.5833333333292,43.7916666666682,0.57267524201202
1235,147,-73.5416666666625,43.7916666666682,0.638907611641315
1236,147,-73.4999999999959,43.7916666666682,0.522878109530262
1237,147,-73.4583333333292,43.7916666666682,0.307030089726945
1238,147,-73.4166666666625,43.7916666666682,0.520867401441097
1239,147,-73.3749999999959,43.7916666666682,0.409274884036782
1240,147,-73.3333333333292,43.7916666666682,NA
1171,148,-76.2083333333294,43.7500000000015,0.400959291389815
1172,148,-76.1666666666627,43.7500000000015,0.265350166345046
1173,148,-76.1249999999961,43.7500000000015,0.293208105614565
1174,148,-76.0833333333294,43.7500000000015,0.425407963281109
1175,148,-76.0416666666627,43.7500000000015,0.56894716405845
1176,148,-75.9999999999961,43.7500000000015,0.59993663900418
1177,148,-75.9583333333294,43.7500000000015,0.546437335547884
1178,148,-75.9166666666627,43.7500000000015,0.614958435633518
1179,148,-75.8749999999961,43.7500000000015,0.606644668325552
1180,148,-75.8333333333294,43.7500000000015,0.654217916405597
1181,148,-75.7916666666627,43.7500000000015,0.645422727819895
1182,148,-75.749999999996,43.7500000000015,0.602594745701465
1183,148,-75.7083333333294,43.7500000000015,0.609287652219848
1184,148,-75.6666666666627,43.7500000000015,0.59153758511176
1185,148,-75.624999999996,43.7500000000015,0.582551938758549
1186,148,-75.5833333333294,43.7500000000015,0.553818276939563
1187,148,-75.5416666666627,43.7500000000015,0.418342277016601
1188,148,-75.499999999996,43.7500000000015,0.341782763993076
1189,148,-75.4583333333294,43.7500000000015,0.374745176435415
1190,148,-75.4166666666627,43.7500000000015,0.30944962806628
1191,148,-75.374999999996,43.7500000000015,0.51425434691373
1192,148,-75.3333333333293,43.7500000000015,0.589490357384581
1193,148,-75.2916666666627,43.7500000000015,0.514897791208587
1194,148,-75.249999999996,43.7500000000015,0.60552060455127
1195,148,-75.2083333333293,43.7500000000015,0.655546671164897
1196,148,-75.1666666666627,43.7500000000015,0.672622609900163
1197,148,-75.124999999996,43.7500000000015,0.652462237433519
1198,148,-75.0833333333293,43.7500000000015,0.653376305179957
1199,148,-75.0416666666627,43.7500000000015,0.634472695808133
1200,148,-74.999999999996,43.7500000000015,0.651612759256205
1201,148,-74.9583333333293,43.7500000000015,0.592073375258929
1202,148,-74.9166666666626,43.7500000000015,0.579713341095742
1203,148,-74.874999999996,43.7500000000015,0.489827262039533
1204,148,-74.8333333333293,43.7500000000015,0.485321823319589
1205,148,-74.7916666666626,43.7500000000015,0.517583752203771
1206,148,-74.749999999996,43.7500000000015,0.527563440748776
1207,148,-74.7083333333293,43.7500000000015,0.592336281376136
1208,148,-74.6666666666626,43.7500000000015,0.601719834751639
1209,148,-74.624999999996,43.7500000000015,0.512306308265054
1210,148,-74.5833333333293,43.7500000000015,0.523597629542506
1211,148,-74.5416666666626,43.7500000000015,0.499364819268462
1212,148,-74.499999999996,43.7500000000015,0.543415008903296
1213,148,-74.4583333333293,43.7500000000015,0.643826379139562
1214,148,-74.4166666666626,43.7500000000015,0.610683941239072
1215,148,-74.3749999999959,43.7500000000015,0.654439975775985
1216,148,-74.3333333333293,43.7500000000015,0.656655975769011
1217,148,-74.2916666666626,43.7500000000015,0.514389087659793
1218,148,-74.2499999999959,43.7500000000015,0.470364620112976
1219,148,-74.2083333333293,43.7500000000015,0.561866202974819
1220,148,-74.1666666666626,43.7500000000015,0.566183740460656
1221,148,-74.1249999999959,43.7500000000015,0.628390571791282
1222,148,-74.0833333333293,43.7500000000015,0.62295248232481
1223,148,-74.0416666666626,43.7500000000015,0.604145513960312
1224,148,-73.9999999999959,43.7500000000015,0.637227221666382
1225,148,-73.9583333333293,43.7500000000015,0.543991104658292
1226,148,-73.9166666666626,43.7500000000015,0.49271790050037
1227,148,-73.8749999999959,43.7500000000015,0.552554065465651
1228,148,-73.8333333333292,43.7500000000015,0.568652349363809
1229,148,-73.7916666666626,43.7500000000015,0.350110079900212
1230,148,-73.7499999999959,43.7500000000015,0.485333083980275
1231,148,-73.7083333333292,43.7500000000015,0.541548336372414
1232,148,-73.6666666666626,43.7500000000015,0.503359119047324
1233,148,-73.6249999999959,43.7500000000015,0.600455081557638
1234,148,-73.5833333333292,43.7500000000015,0.606747693452781
1235,148,-73.5416666666625,43.7500000000015,0.644191938053793
1236,148,-73.4999999999959,43.7500000000015,0.425365963452724
1237,148,-73.4583333333292,43.7500000000015,0.302889221371771
1238,148,-73.4166666666625,43.7500000000015,0.593570603903673
1239,148,-73.3749999999959,43.7500000000015,0.448284587864707
1240,148,-73.3333333333292,43.7500000000015,NA
1171,149,-76.2083333333294,43.7083333333349,0.363674170444815
1172,149,-76.1666666666627,43.7083333333349,0.486731446925814
1173,149,-76.1249999999961,43.7083333333349,0.432548495002317
1174,149,-76.0833333333294,43.7083333333349,0.553825434386606
1175,149,-76.0416666666627,43.7083333333349,0.575954925420488
1176,149,-75.9999999999961,43.7083333333349,0.58855705382448
1177,149,-75.9583333333294,43.7083333333349,0.575563026662017
1178,149,-75.9166666666627,43.7083333333349,0.641923264514965
1179,149,-75.8749999999961,43.7083333333349,0.648988203396845
1180,149,-75.8333333333294,43.7083333333349,0.669100191906289
1181,149,-75.7916666666627,43.7083333333349,0.659039083835481
1182,149,-75.749999999996,43.7083333333349,0.641111743235566
1183,149,-75.7083333333294,43.7083333333349,0.632191687425484
1184,149,-75.6666666666627,43.7083333333349,0.626002185580244
1185,149,-75.624999999996,43.7083333333349,0.627014401709646
1186,149,-75.5833333333294,43.7083333333349,0.613013103248069
1187,149,-75.5416666666627,43.7083333333349,0.604065911230823
1188,149,-75.499999999996,43.7083333333349,0.551079437540387
1189,149,-75.4583333333294,43.7083333333349,0.350322486421045
1190,149,-75.4166666666627,43.7083333333349,0.388763121870251
1191,149,-75.374999999996,43.7083333333349,0.498142248600702
1192,149,-75.3333333333293,43.7083333333349,0.627436402396772
1193,149,-75.2916666666627,43.7083333333349,0.516498744298845
1194,149,-75.249999999996,43.7083333333349,0.620182837344896
1195,149,-75.2083333333293,43.7083333333349,0.666019915217509
1196,149,-75.1666666666627,43.7083333333349,0.627250258297585
1197,149,-75.124999999996,43.7083333333349,0.631824329757671
1198,149,-75.0833333333293,43.7083333333349,0.646951508662471
1199,149,-75.0416666666627,43.7083333333349,0.67062281869335
1200,149,-74.999999999996,43.7083333333349,0.613769663455862
1201,149,-74.9583333333293,43.7083333333349,0.591147404920176
1202,149,-74.9166666666626,43.7083333333349,0.381317627215733
1203,149,-74.874999999996,43.7083333333349,0.60547616217113
1204,149,-74.8333333333293,43.7083333333349,0.605349101388851
1205,149,-74.7916666666626,43.7083333333349,0.580768901954388
1206,149,-74.749999999996,43.7083333333349,0.649594655570004
1207,149,-74.7083333333293,43.7083333333349,0.608459257909092
1208,149,-74.6666666666626,43.7083333333349,0.539303416917707
1209,149,-74.624999999996,43.7083333333349,0.58105051152032
1210,149,-74.5833333333293,43.7083333333349,0.571519155874357
1211,149,-74.5416666666626,43.7083333333349,0.554157518039316
1212,149,-74.499999999996,43.7083333333349,0.569808598599584
1213,149,-74.4583333333293,43.7083333333349,0.560869561721874
1214,149,-74.4166666666626,43.7083333333349,0.547125351550079
1215,149,-74.3749999999959,43.7083333333349,0.623130086767346
1216,149,-74.3333333333293,43.7083333333349,0.515703108168805
1217,149,-74.2916666666626,43.7083333333349,0.45517417923257
1218,149,-74.2499999999959,43.7083333333349,0.639447827760977
1219,149,-74.2083333333293,43.7083333333349,0.620139043669058
1220,149,-74.1666666666626,43.7083333333349,0.611512166243732
1221,149,-74.1249999999959,43.7083333333349,0.583549579909664
1222,149,-74.0833333333293,43.7083333333349,0.623589665260053
1223,149,-74.0416666666626,43.7083333333349,0.644123945181001
1224,149,-73.9999999999959,43.7083333333349,0.573174595730183
1225,149,-73.9583333333293,43.7083333333349,0.510999190830632
1226,149,-73.9166666666626,43.7083333333349,0.528427380081024
1227,149,-73.8749999999959,43.7083333333349,0.53916392297405
1228,149,-73.8333333333292,43.7083333333349,0.481865910296122
1229,149,-73.7916666666626,43.7083333333349,0.473345608185181
1230,149,-73.7499999999959,43.7083333333349,0.503685358506745
1231,149,-73.7083333333292,43.7083333333349,0.42802026185044
1232,149,-73.6666666666626,43.7083333333349,0.539174794974779
1233,149,-73.6249999999959,43.7083333333349,0.622497801399946
1234,149,-73.5833333333292,43.7083333333349,0.628396158303198
1235,149,-73.5416666666625,43.7083333333349,0.598095401605688
1236,149,-73.4999999999959,43.7083333333349,0.318986942373608
1237,149,-73.4583333333292,43.7083333333349,0.483395833724142
1238,149,-73.4166666666625,43.7083333333349,0.568457417058375
1239,149,-73.3749999999959,43.7083333333349,0.553042771188498
1171,150,-76.2083333333294,43.6666666666682,0.408488750559826
1172,150,-76.1666666666627,43.6666666666682,0.554567822315033
1173,150,-76.1249999999961,43.6666666666682,0.504205221872802
1174,150,-76.0833333333294,43.6666666666682,0.554750398363447
1175,150,-76.0416666666627,43.6666666666682,0.574881461086158
1176,150,-75.9999999999961,43.6666666666682,0.631827972434121
1177,150,-75.9583333333294,43.6666666666682,0.646328995557345
1178,150,-75.9166666666627,43.6666666666682,0.648397079863865
1179,150,-75.8749999999961,43.6666666666682,0.661670709480763
1180,150,-75.8333333333294,43.6666666666682,0.674653463735819
1181,150,-75.7916666666627,43.6666666666682,0.689563715160859
1182,150,-75.749999999996,43.6666666666682,0.667278186108358
1183,150,-75.7083333333294,43.6666666666682,0.652088766984283
1184,150,-75.6666666666627,43.6666666666682,0.62374935670308
1185,150,-75.624999999996,43.6666666666682,0.633637208290278
1186,150,-75.5833333333294,43.6666666666682,0.59882452896639
1187,150,-75.5416666666627,43.6666666666682,0.617785100224792
1188,150,-75.499999999996,43.6666666666682,0.586148188501646
1189,150,-75.4583333333294,43.6666666666682,0.566493884308236
1190,150,-75.4166666666627,43.6666666666682,0.403584692642277
1191,150,-75.374999999996,43.6666666666682,0.460361102984919
1192,150,-75.3333333333293,43.6666666666682,0.608848137968732
1193,150,-75.2916666666627,43.6666666666682,0.540932220861958
1194,150,-75.249999999996,43.6666666666682,0.632095043515872
1195,150,-75.2083333333293,43.6666666666682,0.664083504167394
1196,150,-75.1666666666627,43.6666666666682,0.67923964873196
1197,150,-75.124999999996,43.6666666666682,0.648415542621298
1198,150,-75.0833333333293,43.6666666666682,0.65877040539139
1199,150,-75.0416666666627,43.6666666666682,0.639306206136759
1200,150,-74.999999999996,43.6666666666682,0.616201315406847
1201,150,-74.9583333333293,43.6666666666682,0.658522348054013
1202,150,-74.9166666666626,43.6666666666682,0.597467249830518
1203,150,-74.874999999996,43.6666666666682,0.638404037618957
1204,150,-74.8333333333293,43.6666666666682,0.63985290779073
1205,150,-74.7916666666626,43.6666666666682,0.58479503991875
1206,150,-74.749999999996,43.6666666666682,0.591160925121917
1207,150,-74.7083333333293,43.6666666666682,0.600955243508504
1208,150,-74.6666666666626,43.6666666666682,0.61677395087603
1209,150,-74.624999999996,43.6666666666682,0.635045753677493
1210,150,-74.5833333333293,43.6666666666682,0.558762606427748
1211,150,-74.5416666666626,43.6666666666682,0.57945883348373
1212,150,-74.499999999996,43.6666666666682,0.543951052499022
1213,150,-74.4583333333293,43.6666666666682,0.630750777755814
1214,150,-74.4166666666626,43.6666666666682,0.665450986009791
1215,150,-74.3749999999959,43.6666666666682,0.546393407890397
1216,150,-74.3333333333293,43.6666666666682,0.389805967248756
1217,150,-74.2916666666626,43.6666666666682,0.571082118457699
1218,150,-74.2499999999959,43.6666666666682,0.549837207696957
1219,150,-74.2083333333293,43.6666666666682,0.594967926446554
1220,150,-74.1666666666626,43.6666666666682,0.631324940953321
1221,150,-74.1249999999959,43.6666666666682,0.656727822720849
1222,150,-74.0833333333293,43.6666666666682,0.61589340033364
1223,150,-74.0416666666626,43.6666666666682,0.588116717490824
1224,150,-73.9999999999959,43.6666666666682,0.607289233165904
1225,150,-73.9583333333293,43.6666666666682,0.574992748247286
1226,150,-73.9166666666626,43.6666666666682,0.550925424698808
1227,150,-73.8749999999959,43.6666666666682,0.449382005278357
1228,150,-73.8333333333292,43.6666666666682,0.47095832074692
1229,150,-73.7916666666626,43.6666666666682,0.464548384248141
1230,150,-73.7499999999959,43.6666666666682,0.477881726852056
1231,150,-73.7083333333292,43.6666666666682,0.555693423415462
1232,150,-73.6666666666626,43.6666666666682,0.574304467441721
1233,150,-73.6249999999959,43.6666666666682,0.587254582187674
1234,150,-73.5833333333292,43.6666666666682,0.50574000589125
1235,150,-73.5416666666625,43.6666666666682,0.571121352578939
1236,150,-73.4999999999959,43.6666666666682,0.266940354051023
1237,150,-73.4583333333292,43.6666666666682,0.639254218636116
1238,150,-73.4166666666625,43.6666666666682,0.622726300744275
1171,151,-76.2083333333294,43.6250000000015,0.437852254235619
1172,151,-76.1666666666627,43.6250000000015,0.536688239817149
1173,151,-76.1249999999961,43.6250000000015,0.508382163631294
1174,151,-76.0833333333294,43.6250000000015,0.535626017990137
1175,151,-76.0416666666627,43.6250000000015,0.527297824736633
1176,151,-75.9999999999961,43.6250000000015,0.61506573497777
1177,151,-75.9583333333294,43.6250000000015,0.643236167861109
1178,151,-75.9166666666627,43.6250000000015,0.653970896672925
1179,151,-75.8749999999961,43.6250000000015,0.644313498360633
1180,151,-75.8333333333294,43.6250000000015,0.670973068225074
1181,151,-75.7916666666627,43.6250000000015,0.689000096904575
1182,151,-75.749999999996,43.6250000000015,0.677554014782049
1183,151,-75.7083333333294,43.6250000000015,0.654979928488014
1184,151,-75.6666666666627,43.6250000000015,0.6399163952068
1185,151,-75.624999999996,43.6250000000015,0.663026552595454
1186,151,-75.5833333333294,43.6250000000015,0.619801006522137
1187,151,-75.5416666666627,43.6250000000015,0.601490543710522
1188,151,-75.499999999996,43.6250000000015,0.623328098179033
1189,151,-75.4583333333294,43.6250000000015,0.582544158419867
1190,151,-75.4166666666627,43.6250000000015,0.476333112099128
1191,151,-75.374999999996,43.6250000000015,0.488127610570862
1192,151,-75.3333333333293,43.6250000000015,0.606400841226109
1193,151,-75.2916666666627,43.6250000000015,0.534549740429296
1194,151,-75.249999999996,43.6250000000015,0.56189992095544
1195,151,-75.2083333333293,43.6250000000015,0.647659490868786
1196,151,-75.1666666666627,43.6250000000015,0.665384289312605
1197,151,-75.124999999996,43.6250000000015,0.66533363847891
1198,151,-75.0833333333293,43.6250000000015,0.645495290254012
1199,151,-75.0416666666627,43.6250000000015,0.657849243907642
1200,151,-74.999999999996,43.6250000000015,0.642599268647614
1201,151,-74.9583333333293,43.6250000000015,0.602049688747407
1202,151,-74.9166666666626,43.6250000000015,0.613441605091605
1203,151,-74.874999999996,43.6250000000015,0.651247069827877
1204,151,-74.8333333333293,43.6250000000015,0.635297592014767
1205,151,-74.7916666666626,43.6250000000015,0.62019127650068
1206,151,-74.749999999996,43.6250000000015,0.598251844390442
1207,151,-74.7083333333293,43.6250000000015,0.630586648810509
1208,151,-74.6666666666626,43.6250000000015,0.55812349533737
1209,151,-74.624999999996,43.6250000000015,0.553737617149969
1210,151,-74.5833333333293,43.6250000000015,0.568253568130803
1211,151,-74.5416666666626,43.6250000000015,0.523417253551472
1212,151,-74.499999999996,43.6250000000015,0.565158432963267
1213,151,-74.4583333333293,43.6250000000015,0.635769707455026
1214,151,-74.4166666666626,43.6250000000015,0.602940488376608
1215,151,-74.3749999999959,43.6250000000015,0.537983626234923
1216,151,-74.3333333333293,43.6250000000015,0.631672577549783
1217,151,-74.2916666666626,43.6250000000015,0.57379063746463
1218,151,-74.2499999999959,43.6250000000015,0.632199729220758
1219,151,-74.2083333333293,43.6250000000015,0.629597352579682
1220,151,-74.1666666666626,43.6250000000015,0.603866284709057
1221,151,-74.1249999999959,43.6250000000015,0.647921226296344
1222,151,-74.0833333333293,43.6250000000015,0.618683708302684
1223,151,-74.0416666666626,43.6250000000015,0.618332286508068
1224,151,-73.9999999999959,43.6250000000015,0.554083051474546
1225,151,-73.9583333333293,43.6250000000015,0.512419511735243
1226,151,-73.9166666666626,43.6250000000015,0.549690344620611
1227,151,-73.8749999999959,43.6250000000015,0.503528767393996
1228,151,-73.8333333333292,43.6250000000015,0.447104705973432
1229,151,-73.7916666666626,43.6250000000015,0.529251585253866
1230,151,-73.7499999999959,43.6250000000015,0.485779064342466
1231,151,-73.7083333333292,43.6250000000015,0.526222837226313
1232,151,-73.6666666666626,43.6250000000015,0.56984500021776
1233,151,-73.6249999999959,43.6250000000015,0.470783301463147
1234,151,-73.5833333333292,43.6250000000015,0.469862492222394
1235,151,-73.5416666666625,43.6250000000015,0.280225456324337
1236,151,-73.4999999999959,43.6250000000015,0.560238792747991
1237,151,-73.4583333333292,43.6250000000015,0.631661350015843
1238,151,-73.4166666666625,43.6250000000015,0.540182220825574
1239,151,-73.3749999999959,43.6250000000015,0.499770270952021
1240,151,-73.3333333333292,43.6250000000015,0.491465728701947
1241,151,-73.2916666666625,43.6250000000015,0.499789685286857
1171,152,-76.2083333333294,43.5833333333349,0.465978278040171
1172,152,-76.1666666666627,43.5833333333349,0.474583767289918
1173,152,-76.1249999999961,43.5833333333349,0.497207220105549
1174,152,-76.0833333333294,43.5833333333349,0.56379600880712
1175,152,-76.0416666666627,43.5833333333349,0.553322441824712
1176,152,-75.9999999999961,43.5833333333349,0.589327399179572
1177,152,-75.9583333333294,43.5833333333349,0.622112389826275
1178,152,-75.9166666666627,43.5833333333349,0.639229505628075
1179,152,-75.8749999999961,43.5833333333349,0.636581217908314
1180,152,-75.8333333333294,43.5833333333349,0.654934593651708
1181,152,-75.7916666666627,43.5833333333349,0.692078490546333
1182,152,-75.749999999996,43.5833333333349,0.680383318514071
1183,152,-75.7083333333294,43.5833333333349,0.677404060666235
1184,152,-75.6666666666627,43.5833333333349,0.664478207128186
1185,152,-75.624999999996,43.5833333333349,0.660413440293454
1186,152,-75.5833333333294,43.5833333333349,0.661800038414919
1187,152,-75.5416666666627,43.5833333333349,0.606497056022509
1188,152,-75.499999999996,43.5833333333349,0.559981471056507
1189,152,-75.4583333333294,43.5833333333349,0.539559044654547
1190,152,-75.4166666666627,43.5833333333349,0.450419552421486
1191,152,-75.374999999996,43.5833333333349,0.431272201304199
1192,152,-75.3333333333293,43.5833333333349,0.56343218247183
1193,152,-75.2916666666627,43.5833333333349,0.570655920318594
1194,152,-75.249999999996,43.5833333333349,0.573461802306632
1195,152,-75.2083333333293,43.5833333333349,0.605343762260635
1196,152,-75.1666666666627,43.5833333333349,0.672250973976498
1197,152,-75.124999999996,43.5833333333349,0.62733541615275
1198,152,-75.0833333333293,43.5833333333349,0.628128653317087
1199,152,-75.0416666666627,43.5833333333349,0.655488617366546
1200,152,-74.999999999996,43.5833333333349,0.482937902830227
1201,152,-74.9583333333293,43.5833333333349,0.555849120935993
1202,152,-74.9166666666626,43.5833333333349,0.60423307195874
1203,152,-74.874999999996,43.5833333333349,0.63964340634459
1204,152,-74.8333333333293,43.5833333333349,0.585542878431613
1205,152,-74.7916666666626,43.5833333333349,0.613298785383477
1206,152,-74.749999999996,43.5833333333349,0.59167907889305
1207,152,-74.7083333333293,43.5833333333349,0.586380879166346
1208,152,-74.6666666666626,43.5833333333349,0.585979894353642
1209,152,-74.624999999996,43.5833333333349,0.476135263354843
1210,152,-74.5833333333293,43.5833333333349,0.494595940127599
1211,152,-74.5416666666626,43.5833333333349,0.550606666461434
1212,152,-74.499999999996,43.5833333333349,0.616125525825875
1213,152,-74.4583333333293,43.5833333333349,0.654682067635774
1214,152,-74.4166666666626,43.5833333333349,0.613363285290057
1215,152,-74.3749999999959,43.5833333333349,0.633798582539401
1216,152,-74.3333333333293,43.5833333333349,0.662813315246575
1217,152,-74.2916666666626,43.5833333333349,0.657915657275236
1218,152,-74.2499999999959,43.5833333333349,0.646609972887143
1219,152,-74.2083333333293,43.5833333333349,0.65103072529201
1220,152,-74.1666666666626,43.5833333333349,0.636444721317994
1221,152,-74.1249999999959,43.5833333333349,0.608972659078102
1222,152,-74.0833333333293,43.5833333333349,0.65030150028545
1223,152,-74.0416666666626,43.5833333333349,0.647771117416884
1224,152,-73.9999999999959,43.5833333333349,0.591986803852266
1225,152,-73.9583333333293,43.5833333333349,0.526784920629602
1226,152,-73.9166666666626,43.5833333333349,0.57258605362913
1227,152,-73.8749999999959,43.5833333333349,0.577639217392413
1228,152,-73.8333333333292,43.5833333333349,0.504228105954288
1229,152,-73.7916666666626,43.5833333333349,0.516379984284314
1230,152,-73.7499999999959,43.5833333333349,0.547445951664602
1231,152,-73.7083333333292,43.5833333333349,0.569215621084558
1232,152,-73.6666666666626,43.5833333333349,0.508836664715732
1233,152,-73.6249999999959,43.5833333333349,0.203663032002834
1234,152,-73.5833333333292,43.5833333333349,0.2963302408644
1235,152,-73.5416666666625,43.5833333333349,0.521965248501418
1236,152,-73.4999999999959,43.5833333333349,0.600471804114968
1237,152,-73.4583333333292,43.5833333333349,0.582078087161838
1238,152,-73.4166666666625,43.5833333333349,0.371996166245905
1239,152,-73.3749999999959,43.5833333333349,0.500381816080369
1240,152,-73.3333333333292,43.5833333333349,0.515953692341044
1241,152,-73.2916666666625,43.5833333333349,0.511647198069814
1242,152,-73.2499999999959,43.5833333333349,0.421395938315739
1166,153,-76.4166666666628,43.5416666666682,0.352523633867207
1167,153,-76.3749999999961,43.5416666666682,0.630250567390073
1170,153,-76.2499999999961,43.5416666666682,0.539978736283719
1171,153,-76.2083333333294,43.5416666666682,0.531140955686222
1172,153,-76.1666666666627,43.5416666666682,0.486176619347283
1173,153,-76.1249999999961,43.5416666666682,0.533947042729042
1174,153,-76.0833333333294,43.5416666666682,0.598262954214884
1175,153,-76.0416666666627,43.5416666666682,0.522741565545132
1176,153,-75.9999999999961,43.5416666666682,0.522543057961926
1177,153,-75.9583333333294,43.5416666666682,0.583519492640389
1178,153,-75.9166666666627,43.5416666666682,0.548664114948206
1179,153,-75.8749999999961,43.5416666666682,0.443457339879815
1180,153,-75.8333333333294,43.5416666666682,0.495194318344411
1181,153,-75.7916666666627,43.5416666666682,0.632842675474271
1182,153,-75.749999999996,43.5416666666682,0.681148017551168
1183,153,-75.7083333333294,43.5416666666682,0.6746387438794
1184,153,-75.6666666666627,43.5416666666682,0.6762126166133
1185,153,-75.624999999996,43.5416666666682,0.667356103332681
1186,153,-75.5833333333294,43.5416666666682,0.636558684472199
1187,153,-75.5416666666627,43.5416666666682,0.568376182056873
1188,153,-75.499999999996,43.5416666666682,0.559307823096465
1189,153,-75.4583333333294,43.5416666666682,0.524236278211653
1190,153,-75.4166666666627,43.5416666666682,0.53669055297489
1191,153,-75.374999999996,43.5416666666682,0.432606892770043
1192,153,-75.3333333333293,43.5416666666682,0.447418583618094
1193,153,-75.2916666666627,43.5416666666682,0.57004604073247
1194,153,-75.249999999996,43.5416666666682,0.531764870388512
1195,153,-75.2083333333293,43.5416666666682,0.588605981576785
1196,153,-75.1666666666627,43.5416666666682,0.539019162765238
1197,153,-75.124999999996,43.5416666666682,0.635005258805792
1198,153,-75.0833333333293,43.5416666666682,0.65531209359294
1199,153,-75.0416666666627,43.5416666666682,0.608200753795365
1200,153,-74.999999999996,43.5416666666682,0.612074937472276
1201,153,-74.9583333333293,43.5416666666682,0.619889277605012
1202,153,-74.9166666666626,43.5416666666682,0.605622674752775
1203,153,-74.874999999996,43.5416666666682,0.632187008618593
1204,153,-74.8333333333293,43.5416666666682,0.5608010653635
1205,153,-74.7916666666626,43.5416666666682,0.573982531090394
1206,153,-74.749999999996,43.5416666666682,0.612106886425738
1207,153,-74.7083333333293,43.5416666666682,0.602392746152152
1208,153,-74.6666666666626,43.5416666666682,0.58748465813948
1209,153,-74.624999999996,43.5416666666682,0.579370955208879
1210,153,-74.5833333333293,43.5416666666682,0.637184394092999
1211,153,-74.5416666666626,43.5416666666682,0.653357378352591
1212,153,-74.499999999996,43.5416666666682,0.653999742137065
1213,153,-74.4583333333293,43.5416666666682,0.64605141887936
1214,153,-74.4166666666626,43.5416666666682,0.666870024547059
1215,153,-74.3749999999959,43.5416666666682,0.66015542525574
1216,153,-74.3333333333293,43.5416666666682,0.620676432344699
1217,153,-74.2916666666626,43.5416666666682,0.679391351252903
1218,153,-74.2499999999959,43.5416666666682,0.676594925967774
1219,153,-74.2083333333293,43.5416666666682,0.653401332789081
1220,153,-74.1666666666626,43.5416666666682,0.643879541394108
1221,153,-74.1249999999959,43.5416666666682,0.588558000907304
1222,153,-74.0833333333293,43.5416666666682,0.624964411512243
1223,153,-74.0416666666626,43.5416666666682,0.596653128159737
1224,153,-73.9999999999959,43.5416666666682,0.572700944188616
1225,153,-73.9583333333293,43.5416666666682,0.595140971012862
1226,153,-73.9166666666626,43.5416666666682,0.548858245520934
1227,153,-73.8749999999959,43.5416666666682,0.581247194376475
1228,153,-73.8333333333292,43.5416666666682,0.449503864682226
1229,153,-73.7916666666626,43.5416666666682,0.492997379560315
1230,153,-73.7499999999959,43.5416666666682,0.49850053346261
1231,153,-73.7083333333292,43.5416666666682,0.510866241167292
1232,153,-73.6666666666626,43.5416666666682,0.362903784302497
1233,153,-73.6249999999959,43.5416666666682,0.116458551736329
1234,153,-73.5833333333292,43.5416666666682,0.529705356678548
1235,153,-73.5416666666625,43.5416666666682,0.603862670146733
1236,153,-73.4999999999959,43.5416666666682,0.562828147587191
1237,153,-73.4583333333292,43.5416666666682,0.451713003162685
1238,153,-73.4166666666625,43.5416666666682,0.526976912433443
1239,153,-73.3749999999959,43.5416666666682,0.446975307942944
1240,153,-73.3333333333292,43.5416666666682,0.535722168152034
1241,153,-73.2916666666625,43.5416666666682,0.561149914908561
1242,153,-73.2499999999959,43.5416666666682,0.496380345740175
1164,154,-76.4999999999961,43.5000000000015,0.514791419972544
1165,154,-76.4583333333294,43.5000000000015,0.591749406214945
1166,154,-76.4166666666628,43.5000000000015,0.612745768748797
1167,154,-76.3749999999961,43.5000000000015,0.633541461876721
1168,154,-76.3333333333294,43.5000000000015,0.609395246762188
1169,154,-76.2916666666628,43.5000000000015,0.57836151744673
1170,154,-76.2499999999961,43.5000000000015,0.5613682251415
1171,154,-76.2083333333294,43.5000000000015,0.507270656486113
1172,154,-76.1666666666627,43.5000000000015,0.523299388928795
1173,154,-76.1249999999961,43.5000000000015,0.527157375538392
1174,154,-76.0833333333294,43.5000000000015,0.598382780649257
1175,154,-76.0416666666627,43.5000000000015,0.595097272086373
1176,154,-75.9999999999961,43.5000000000015,0.56746887237303
1177,154,-75.9583333333294,43.5000000000015,0.611509530916221
1178,154,-75.9166666666627,43.5000000000015,0.603584081135787
1179,154,-75.8749999999961,43.5000000000015,0.651124733018672
1180,154,-75.8333333333294,43.5000000000015,0.625109060783689
1181,154,-75.7916666666627,43.5000000000015,0.630298728905803
1182,154,-75.749999999996,43.5000000000015,0.642352243271393
1183,154,-75.7083333333294,43.5000000000015,0.653437605420618
1184,154,-75.6666666666627,43.5000000000015,0.670944868178164
1185,154,-75.624999999996,43.5000000000015,0.679967304422141
1186,154,-75.5833333333294,43.5000000000015,0.644823730950477
1187,154,-75.5416666666627,43.5000000000015,0.569603638706727
1188,154,-75.499999999996,43.5000000000015,0.558540055623059
1189,154,-75.4583333333294,43.5000000000015,0.555071183706947
1190,154,-75.4166666666627,43.5000000000015,0.543581349583278
1191,154,-75.374999999996,43.5000000000015,0.440077549914072
1192,154,-75.3333333333293,43.5000000000015,0.490781013628216
1193,154,-75.2916666666627,43.5000000000015,0.534728887218457
1194,154,-75.249999999996,43.5000000000015,0.516107023160362
1195,154,-75.2083333333293,43.5000000000015,0.587093941148907
1196,154,-75.1666666666627,43.5000000000015,0.586753354487647
1197,154,-75.124999999996,43.5000000000015,0.634612106730211
1198,154,-75.0833333333293,43.5000000000015,0.679260899204251
1199,154,-75.0416666666627,43.5000000000015,0.661874893480647
1200,154,-74.999999999996,43.5000000000015,0.640505127958244
1201,154,-74.9583333333293,43.5000000000015,0.642117000294069
1202,154,-74.9166666666626,43.5000000000015,0.617861157473095
1203,154,-74.874999999996,43.5000000000015,0.583389369391564
1204,154,-74.8333333333293,43.5000000000015,0.625254989681238
1205,154,-74.7916666666626,43.5000000000015,0.588771046246434
1206,154,-74.749999999996,43.5000000000015,0.651303540155492
1207,154,-74.7083333333293,43.5000000000015,0.613649714625087
1208,154,-74.6666666666626,43.5000000000015,0.598943175692224
1209,154,-74.624999999996,43.5000000000015,0.59893142135877
1210,154,-74.5833333333293,43.5000000000015,0.623489627122411
1211,154,-74.5416666666626,43.5000000000015,0.669956165833605
1212,154,-74.499999999996,43.5000000000015,0.621765266521498
1213,154,-74.4583333333293,43.5000000000015,0.517728301908886
1214,154,-74.4166666666626,43.5000000000015,0.382589994626526
1215,154,-74.3749999999959,43.5000000000015,0.466545327542816
1216,154,-74.3333333333293,43.5000000000015,0.593354852200655
1217,154,-74.2916666666626,43.5000000000015,0.663047852494169
1218,154,-74.2499999999959,43.5000000000015,0.67689163110582
1219,154,-74.2083333333293,43.5000000000015,0.649807607514457
1220,154,-74.1666666666626,43.5000000000015,0.606979758950326
1221,154,-74.1249999999959,43.5000000000015,0.57318490415404
1222,154,-74.0833333333293,43.5000000000015,0.550984869105497
1223,154,-74.0416666666626,43.5000000000015,0.591575189898106
1224,154,-73.9999999999959,43.5000000000015,0.63683693760053
1225,154,-73.9583333333293,43.5000000000015,0.674584916022359
1226,154,-73.9166666666626,43.5000000000015,0.591293545346557
1227,154,-73.8749999999959,43.5000000000015,0.599199429724344
1228,154,-73.8333333333292,43.5000000000015,0.488432948998359
1229,154,-73.7916666666626,43.5000000000015,0.459091308575915
1230,154,-73.7499999999959,43.5000000000015,0.475249913628365
1231,154,-73.7083333333292,43.5000000000015,0.539429472839416
1232,154,-73.6666666666626,43.5000000000015,0.171398295554297
1233,154,-73.6249999999959,43.5000000000015,0.338444161812625
1234,154,-73.5833333333292,43.5000000000015,0.605525393404533
1235,154,-73.5416666666625,43.5000000000015,0.608489078830735
1236,154,-73.4999999999959,43.5000000000015,0.520023464636437
1237,154,-73.4583333333292,43.5000000000015,0.599775313885782
1238,154,-73.4166666666625,43.5000000000015,0.528317156795002
1239,154,-73.3749999999959,43.5000000000015,0.503119657963112
1240,154,-73.3333333333292,43.5000000000015,0.549990742683438
1241,154,-73.2916666666625,43.5000000000015,0.560146452137882
1242,154,-73.2499999999959,43.5000000000015,0.564297571104176
1162,155,-76.5833333333294,43.4583333333348,0.567703309340693
1163,155,-76.5416666666628,43.4583333333348,0.52943258995684
1164,155,-76.4999999999961,43.4583333333348,0.469620931816791
1165,155,-76.4583333333294,43.4583333333348,0.580956660284965
1166,155,-76.4166666666628,43.4583333333348,0.623209398236414
1167,155,-76.3749999999961,43.4583333333348,0.595632650036317
1168,155,-76.3333333333294,43.4583333333348,0.617305313141716
1169,155,-76.2916666666628,43.4583333333348,0.595375604146864
1170,155,-76.2499999999961,43.4583333333348,0.565525884354876
1171,155,-76.2083333333294,43.4583333333348,0.500013674424065
1172,155,-76.1666666666627,43.4583333333348,0.476515702058917
1173,155,-76.1249999999961,43.4583333333348,0.594805331233016
1174,155,-76.0833333333294,43.4583333333348,0.594547790513151
1175,155,-76.0416666666627,43.4583333333348,0.597827370942893
1176,155,-75.9999999999961,43.4583333333348,0.579654655707181
1177,155,-75.9583333333294,43.4583333333348,0.567602919106614
1178,155,-75.9166666666627,43.4583333333348,0.528631866486831
1179,155,-75.8749999999961,43.4583333333348,0.64795058375874
1180,155,-75.8333333333294,43.4583333333348,0.641187168006074
1181,155,-75.7916666666627,43.4583333333348,0.596478136495677
1182,155,-75.749999999996,43.4583333333348,0.615176975018361
1183,155,-75.7083333333294,43.4583333333348,0.638225555983527
1184,155,-75.6666666666627,43.4583333333348,0.648285415623933
1185,155,-75.624999999996,43.4583333333348,0.654806146102118
1186,155,-75.5833333333294,43.4583333333348,0.610563332427162
1187,155,-75.5416666666627,43.4583333333348,0.597916523999781
1188,155,-75.499999999996,43.4583333333348,0.545804085769135
1189,155,-75.4583333333294,43.4583333333348,0.556693975481194
1190,155,-75.4166666666627,43.4583333333348,0.561012365322555
1191,155,-75.374999999996,43.4583333333348,0.547488426555092
1192,155,-75.3333333333293,43.4583333333348,0.548496054970998
1193,155,-75.2916666666627,43.4583333333348,0.56943825547669
1194,155,-75.249999999996,43.4583333333348,0.556066697297808
1195,155,-75.2083333333293,43.4583333333348,0.521585252982424
1196,155,-75.1666666666627,43.4583333333348,0.52804926759605
1197,155,-75.124999999996,43.4583333333348,0.598887955846567
1198,155,-75.0833333333293,43.4583333333348,0.654432044221802
1199,155,-75.0416666666627,43.4583333333348,0.657594765127822
1200,155,-74.999999999996,43.4583333333348,0.648258264273036
1201,155,-74.9583333333293,43.4583333333348,0.636657360616412
1202,155,-74.9166666666626,43.4583333333348,0.626933729891215
1203,155,-74.874999999996,43.4583333333348,0.659766601914527
1204,155,-74.8333333333293,43.4583333333348,0.656955049297555
1205,155,-74.7916666666626,43.4583333333348,0.66756629533415
1206,155,-74.749999999996,43.4583333333348,0.640485020818333
1207,155,-74.7083333333293,43.4583333333348,0.602545771696278
1208,155,-74.6666666666626,43.4583333333348,0.599082113671263
1209,155,-74.624999999996,43.4583333333348,0.627243426475312
1210,155,-74.5833333333293,43.4583333333348,0.627472156064591
1211,155,-74.5416666666626,43.4583333333348,0.6333737857483
1212,155,-74.499999999996,43.4583333333348,0.545301610374346
1213,155,-74.4583333333293,43.4583333333348,0.553931362484547
1214,155,-74.4166666666626,43.4583333333348,0.537297793081452
1215,155,-74.3749999999959,43.4583333333348,0.553640508170264
1216,155,-74.3333333333293,43.4583333333348,0.628365959355771
1217,155,-74.2916666666626,43.4583333333348,0.636038126693606
1218,155,-74.2499999999959,43.4583333333348,0.604998937907161
1219,155,-74.2083333333293,43.4583333333348,0.565471198128455
1220,155,-74.1666666666626,43.4583333333348,0.63378384559015
1221,155,-74.1249999999959,43.4583333333348,0.615451386398776
1222,155,-74.0833333333293,43.4583333333348,0.614745189520836
1223,155,-74.0416666666626,43.4583333333348,0.651397332299941
1224,155,-73.9999999999959,43.4583333333348,0.624678246205301
1225,155,-73.9583333333293,43.4583333333348,0.643663832110452
1226,155,-73.9166666666626,43.4583333333348,0.562345888476384
1227,155,-73.8749999999959,43.4583333333348,0.55033030562534
1228,155,-73.8333333333292,43.4583333333348,0.507458655535745
1229,155,-73.7916666666626,43.4583333333348,0.568625021417922
1230,155,-73.7499999999959,43.4583333333348,0.579325229097894
1231,155,-73.7083333333292,43.4583333333348,0.482337758302469
1232,155,-73.6666666666626,43.4583333333348,0.156431706041307
1233,155,-73.6249999999959,43.4583333333348,0.473011146209877
1234,155,-73.5833333333292,43.4583333333348,0.598476871687454
1235,155,-73.5416666666625,43.4583333333348,0.605893273289251
1236,155,-73.4999999999959,43.4583333333348,0.45708995994699
1237,155,-73.4583333333292,43.4583333333348,0.547953048801175
1238,155,-73.4166666666625,43.4583333333348,0.554901563367897
1239,155,-73.3749999999959,43.4583333333348,0.527176747197458
1240,155,-73.3333333333292,43.4583333333348,0.517818423933985
1241,155,-73.2916666666625,43.4583333333348,0.502429557830807
1242,155,-73.2499999999959,43.4583333333348,0.547907001421497
1160,156,-76.6666666666628,43.4166666666682,NA
1161,156,-76.6249999999961,43.4166666666682,0.534231616743593
1162,156,-76.5833333333294,43.4166666666682,0.559287172429563
1163,156,-76.5416666666628,43.4166666666682,0.615915036342796
1164,156,-76.4999999999961,43.4166666666682,0.571587801960835
1165,156,-76.4583333333294,43.4166666666682,0.559584711214677
1166,156,-76.4166666666628,43.4166666666682,0.607443520944491
1167,156,-76.3749999999961,43.4166666666682,0.589381046606925
1168,156,-76.3333333333294,43.4166666666682,0.61071643968999
1169,156,-76.2916666666628,43.4166666666682,0.610579542926837
1170,156,-76.2499999999961,43.4166666666682,0.605741562322963
1171,156,-76.2083333333294,43.4166666666682,0.588151726041502
1172,156,-76.1666666666627,43.4166666666682,0.541476590996323
1173,156,-76.1249999999961,43.4166666666682,0.580891717401952
1174,156,-76.0833333333294,43.4166666666682,0.599583360971593
1175,156,-76.0416666666627,43.4166666666682,0.582602015211328
1176,156,-75.9999999999961,43.4166666666682,0.570260584063366
1177,156,-75.9583333333294,43.4166666666682,0.564533139563548
1178,156,-75.9166666666627,43.4166666666682,0.532559120279483
1179,156,-75.8749999999961,43.4166666666682,0.600617782784723
1180,156,-75.8333333333294,43.4166666666682,0.604558677713209
1181,156,-75.7916666666627,43.4166666666682,0.585530362457556
1182,156,-75.749999999996,43.4166666666682,0.612259971316477
1183,156,-75.7083333333294,43.4166666666682,0.625521603988032
1184,156,-75.6666666666627,43.4166666666682,0.634755662275544
1185,156,-75.624999999996,43.4166666666682,0.624333082932498
1186,156,-75.5833333333294,43.4166666666682,0.63321207787381
1187,156,-75.5416666666627,43.4166666666682,0.642227069097237
1188,156,-75.499999999996,43.4166666666682,0.646455846759089
1189,156,-75.4583333333294,43.4166666666682,0.604863261811496
1190,156,-75.4166666666627,43.4166666666682,0.584146064523317
1191,156,-75.374999999996,43.4166666666682,0.596933644701274
1192,156,-75.3333333333293,43.4166666666682,0.644972478726009
1193,156,-75.2916666666627,43.4166666666682,0.563575404726164
1194,156,-75.249999999996,43.4166666666682,0.599814593203848
1195,156,-75.2083333333293,43.4166666666682,0.536154692835961
1196,156,-75.1666666666627,43.4166666666682,0.503157394172629
1197,156,-75.124999999996,43.4166666666682,0.588307353152564
1198,156,-75.0833333333293,43.4166666666682,0.603308647525876
1199,156,-75.0416666666627,43.4166666666682,0.628342379318127
1200,156,-74.999999999996,43.4166666666682,0.635540921061198
1201,156,-74.9583333333293,43.4166666666682,0.643805923816691
1202,156,-74.9166666666626,43.4166666666682,0.664964469776743
1203,156,-74.874999999996,43.4166666666682,0.656048489066579
1204,156,-74.8333333333293,43.4166666666682,0.659124748988785
1205,156,-74.7916666666626,43.4166666666682,0.658103975531891
1206,156,-74.749999999996,43.4166666666682,0.650489138283174
1207,156,-74.7083333333293,43.4166666666682,0.631530451101049
1208,156,-74.6666666666626,43.4166666666682,0.650968927505709
1209,156,-74.624999999996,43.4166666666682,0.64563729190167
1210,156,-74.5833333333293,43.4166666666682,0.621663130524041
1211,156,-74.5416666666626,43.4166666666682,0.314267867496914
1212,156,-74.499999999996,43.4166666666682,0.552277569677299
1213,156,-74.4583333333293,43.4166666666682,0.652588735745241
1214,156,-74.4166666666626,43.4166666666682,0.663423561586824
1215,156,-74.3749999999959,43.4166666666682,0.622729903348636
1216,156,-74.3333333333293,43.4166666666682,0.669957346051732
1217,156,-74.2916666666626,43.4166666666682,0.58364280172329
1218,156,-74.2499999999959,43.4166666666682,0.518873746384157
1219,156,-74.2083333333293,43.4166666666682,0.55659820847634
1220,156,-74.1666666666626,43.4166666666682,0.600652222631713
1221,156,-74.1249999999959,43.4166666666682,0.573302609477373
1222,156,-74.0833333333293,43.4166666666682,0.563159699726951
1223,156,-74.0416666666626,43.4166666666682,0.652982860171668
1224,156,-73.9999999999959,43.4166666666682,0.634243192464259
1225,156,-73.9583333333293,43.4166666666682,0.6299389312604
1226,156,-73.9166666666626,43.4166666666682,0.558107871869536
1227,156,-73.8749999999959,43.4166666666682,0.485506658174057
1228,156,-73.8333333333292,43.4166666666682,0.629276315787287
1229,156,-73.7916666666626,43.4166666666682,0.608519705316675
1230,156,-73.7499999999959,43.4166666666682,0.597207042474952
1231,156,-73.7083333333292,43.4166666666682,0.422452050536406
1232,156,-73.6666666666626,43.4166666666682,0.547173150063626
1233,156,-73.6249999999959,43.4166666666682,0.524798914325646
1234,156,-73.5833333333292,43.4166666666682,0.527054213967785
1235,156,-73.5416666666625,43.4166666666682,0.514438199960887
1236,156,-73.4999999999959,43.4166666666682,0.417901727754606
1237,156,-73.4583333333292,43.4166666666682,0.549007186388725
1238,156,-73.4166666666625,43.4166666666682,0.441008094191826
1239,156,-73.3749999999959,43.4166666666682,0.495672230936371
1240,156,-73.3333333333292,43.4166666666682,0.536794195775132
1241,156,-73.2916666666625,43.4166666666682,0.529371173525554
1242,156,-73.2499999999959,43.4166666666682,0.505433036923907
1112,157,-78.666666666663,43.3750000000015,0.596356974707709
1113,157,-78.6249999999963,43.3750000000015,0.323357702476666
1114,157,-78.5833333333296,43.3750000000015,0.417626291225676
1115,157,-78.5416666666629,43.3750000000015,0.432278091468759
1116,157,-78.4999999999963,43.3750000000015,0.373190698783592
1117,157,-78.4583333333296,43.3750000000015,0.289175397812929
1118,157,-78.4166666666629,43.3750000000015,0.350540502589169
1119,157,-78.3749999999963,43.3750000000015,0.348094261746837
1120,157,-78.3333333333296,43.3750000000015,0.447731441210187
1121,157,-78.2916666666629,43.3750000000015,0.378907929737489
1122,157,-78.2499999999962,43.3750000000015,0.526878355353168
1123,157,-78.2083333333296,43.3750000000015,0.465952691832949
1124,157,-78.1666666666629,43.3750000000015,0.391542979699586
1125,157,-78.1249999999962,43.3750000000015,0.333209192542378
1126,157,-78.0833333333296,43.3750000000015,0.251354620841389
1127,157,-78.0416666666629,43.3750000000015,0.331866825109478
1128,157,-77.9999999999962,43.3750000000015,0.395878939075203
1129,157,-77.9583333333296,43.3750000000015,0.465824729030197
1130,157,-77.9166666666629,43.3750000000015,0.450679764704898
1160,157,-76.6666666666628,43.3750000000015,0.516770861774236
1161,157,-76.6249999999961,43.3750000000015,0.498974855334589
1162,157,-76.5833333333294,43.3750000000015,0.546170956375809
1163,157,-76.5416666666628,43.3750000000015,0.583961879019773
1164,157,-76.4999999999961,43.3750000000015,0.624701598270155
1165,157,-76.4583333333294,43.3750000000015,0.590958399702428
1166,157,-76.4166666666628,43.3750000000015,0.592247426322842
1167,157,-76.3749999999961,43.3750000000015,0.612260288948386
1168,157,-76.3333333333294,43.3750000000015,0.606895814484602
1169,157,-76.2916666666628,43.3750000000015,0.568090864911324
1170,157,-76.2499999999961,43.3750000000015,0.582481623133536
1171,157,-76.2083333333294,43.3750000000015,0.610729821208214
1172,157,-76.1666666666627,43.3750000000015,0.563470528179048
1173,157,-76.1249999999961,43.3750000000015,0.573815365323811
1174,157,-76.0833333333294,43.3750000000015,0.591670293442236
1175,157,-76.0416666666627,43.3750000000015,0.597022252120438
1176,157,-75.9999999999961,43.3750000000015,0.546586208139859
1177,157,-75.9583333333294,43.3750000000015,0.558847599257789
1178,157,-75.9166666666627,43.3750000000015,0.543932147057196
1179,157,-75.8749999999961,43.3750000000015,0.564907135814986
1180,157,-75.8333333333294,43.3750000000015,0.522855512040634
1181,157,-75.7916666666627,43.3750000000015,0.565899437712956
1182,157,-75.749999999996,43.3750000000015,0.597289673221791
1183,157,-75.7083333333294,43.3750000000015,0.591500470570675
1184,157,-75.6666666666627,43.3750000000015,0.59712644344769
1185,157,-75.624999999996,43.3750000000015,0.545845632853595
1186,157,-75.5833333333294,43.3750000000015,0.54077269360822
1187,157,-75.5416666666627,43.3750000000015,0.567374303265248
1188,157,-75.499999999996,43.3750000000015,0.544876438654819
1189,157,-75.4583333333294,43.3750000000015,0.623615840305791
1190,157,-75.4166666666627,43.3750000000015,0.575913555181028
1191,157,-75.374999999996,43.3750000000015,0.606665346689762
1192,157,-75.3333333333293,43.3750000000015,0.627528913561057
1193,157,-75.2916666666627,43.3750000000015,0.637275272223479
1194,157,-75.249999999996,43.3750000000015,0.607962659712253
1195,157,-75.2083333333293,43.3750000000015,0.590422999855769
1196,157,-75.1666666666627,43.3750000000015,0.610643341245858
1197,157,-75.124999999996,43.3750000000015,0.526801983481677
1198,157,-75.0833333333293,43.3750000000015,0.592025718987211
1199,157,-75.0416666666627,43.3750000000015,0.60310033841644
1200,157,-74.999999999996,43.3750000000015,0.626678605477976
1201,157,-74.9583333333293,43.3750000000015,0.627899267029062
1202,157,-74.9166666666626,43.3750000000015,0.608588922293518
1203,157,-74.874999999996,43.3750000000015,0.638955117521958
1204,157,-74.8333333333293,43.3750000000015,0.635596832109174
1205,157,-74.7916666666626,43.3750000000015,0.59793884403313
1206,157,-74.749999999996,43.3750000000015,0.608922142653847
1207,157,-74.7083333333293,43.3750000000015,0.640419603633866
1208,157,-74.6666666666626,43.3750000000015,0.628617934177862
1209,157,-74.624999999996,43.3750000000015,0.623208907918034
1210,157,-74.5833333333293,43.3750000000015,0.56526071531682
1211,157,-74.5416666666626,43.3750000000015,0.55317471825432
1212,157,-74.499999999996,43.3750000000015,0.618435214279476
1213,157,-74.4583333333293,43.3750000000015,0.64115198004171
1214,157,-74.4166666666626,43.3750000000015,0.636922933549873
1215,157,-74.3749999999959,43.3750000000015,0.649235661493407
1216,157,-74.3333333333293,43.3750000000015,0.65119489498663
1217,157,-74.2916666666626,43.3750000000015,0.576911433178199
1218,157,-74.2499999999959,43.3750000000015,0.573849711124075
1219,157,-74.2083333333293,43.3750000000015,0.607737915801346
1220,157,-74.1666666666626,43.3750000000015,0.597729806668318
1221,157,-74.1249999999959,43.3750000000015,0.639801820650559
1222,157,-74.0833333333293,43.3750000000015,0.637536226889695
1223,157,-74.0416666666626,43.3750000000015,0.625212602743289
1224,157,-73.9999999999959,43.3750000000015,0.673597808584345
1225,157,-73.9583333333293,43.3750000000015,0.660010379876104
1226,157,-73.9166666666626,43.3750000000015,0.5527890733167
1227,157,-73.8749999999959,43.3750000000015,0.499729410656404
1228,157,-73.8333333333292,43.3750000000015,0.529298598052609
1229,157,-73.7916666666626,43.3750000000015,0.506182398317377
1230,157,-73.7499999999959,43.3750000000015,0.522177154602391
1231,157,-73.7083333333292,43.3750000000015,0.548857526808962
1232,157,-73.6666666666626,43.3750000000015,0.524903732589012
1233,157,-73.6249999999959,43.3750000000015,0.514124361606456
1234,157,-73.5833333333292,43.3750000000015,0.44324440544948
1235,157,-73.5416666666625,43.3750000000015,0.421551380985485
1236,157,-73.4999999999959,43.3750000000015,0.441521493335634
1237,157,-73.4583333333292,43.3750000000015,0.497979602463238
1238,157,-73.4166666666625,43.3750000000015,0.382818438255983
1239,157,-73.3749999999959,43.3750000000015,0.534807842471073
1240,157,-73.3333333333292,43.3750000000015,0.549599033559643
1241,157,-73.2916666666625,43.3750000000015,0.513747320273099
1242,157,-73.2499999999959,43.3750000000015,0.461542634478293
1108,158,-78.8333333333296,43.3333333333348,0.445358244708742
1109,158,-78.791666666663,43.3333333333348,0.387746332798444
1110,158,-78.7499999999963,43.3333333333348,0.388043376389995
1111,158,-78.7083333333296,43.3333333333348,0.48535190621805
1112,158,-78.666666666663,43.3333333333348,0.486334819103718
1113,158,-78.6249999999963,43.3333333333348,0.350212600824645
1114,158,-78.5833333333296,43.3333333333348,0.394870087562682
1115,158,-78.5416666666629,43.3333333333348,0.414539776242552
1116,158,-78.4999999999963,43.3333333333348,0.392115003693325
1117,158,-78.4583333333296,43.3333333333348,0.358007816137437
1118,158,-78.4166666666629,43.3333333333348,0.397414351736818
1119,158,-78.3749999999963,43.3333333333348,0.380611954299208
1120,158,-78.3333333333296,43.3333333333348,0.373889530999145
1121,158,-78.2916666666629,43.3333333333348,0.354329080420934
1122,158,-78.2499999999962,43.3333333333348,0.373982983451761
1123,158,-78.2083333333296,43.3333333333348,0.390554132461719
1124,158,-78.1666666666629,43.3333333333348,0.325890816866473
1125,158,-78.1249999999962,43.3333333333348,0.364042988102512
1126,158,-78.0833333333296,43.3333333333348,0.363691371877199
1127,158,-78.0416666666629,43.3333333333348,0.311638914011378
1128,158,-77.9999999999962,43.3333333333348,0.333017312823152
1129,158,-77.9583333333296,43.3333333333348,0.305722621653552
1130,158,-77.9166666666629,43.3333333333348,0.279615022708857
1131,158,-77.8749999999962,43.3333333333348,0.300416031356456
1132,158,-77.8333333333295,43.3333333333348,0.297095601140294
1133,158,-77.7916666666629,43.3333333333348,0.423343301948939
1134,158,-77.7499999999962,43.3333333333348,0.455593061013968
1135,158,-77.7083333333295,43.3333333333348,0.431300505556985
1157,158,-76.7916666666628,43.3333333333348,0.635024946551402
1158,158,-76.7499999999961,43.3333333333348,0.590360136111465
1159,158,-76.7083333333295,43.3333333333348,0.521086841957938
1160,158,-76.6666666666628,43.3333333333348,0.521091496168325
1161,158,-76.6249999999961,43.3333333333348,0.522147623473095
1162,158,-76.5833333333294,43.3333333333348,0.547512273120043
1163,158,-76.5416666666628,43.3333333333348,0.56936863771883
1164,158,-76.4999999999961,43.3333333333348,0.622588372096444
1165,158,-76.4583333333294,43.3333333333348,0.586619168665711
1166,158,-76.4166666666628,43.3333333333348,0.485820423837177
1167,158,-76.3749999999961,43.3333333333348,0.534804817994049
1168,158,-76.3333333333294,43.3333333333348,0.560870778961741
1169,158,-76.2916666666628,43.3333333333348,0.576663035684604
1170,158,-76.2499999999961,43.3333333333348,0.478055754424301
1171,158,-76.2083333333294,43.3333333333348,0.579799813310095
1172,158,-76.1666666666627,43.3333333333348,0.594652842887835
1173,158,-76.1249999999961,43.3333333333348,0.556401473847202
1174,158,-76.0833333333294,43.3333333333348,0.551260216896807
1175,158,-76.0416666666627,43.3333333333348,0.570476651195141
1176,158,-75.9999999999961,43.3333333333348,0.588883698792488
1177,158,-75.9583333333294,43.3333333333348,0.575394403051415
1178,158,-75.9166666666627,43.3333333333348,0.539821862220126
1179,158,-75.8749999999961,43.3333333333348,0.578631743349769
1180,158,-75.8333333333294,43.3333333333348,0.53934222320719
1181,158,-75.7916666666627,43.3333333333348,0.55529985235501
1182,158,-75.749999999996,43.3333333333348,0.519562436387237
1183,158,-75.7083333333294,43.3333333333348,0.515975032560249
1184,158,-75.6666666666627,43.3333333333348,0.584727373688177
1185,158,-75.624999999996,43.3333333333348,0.546251691637805
1186,158,-75.5833333333294,43.3333333333348,0.580162248890783
1187,158,-75.5416666666627,43.3333333333348,0.538427366466205
1188,158,-75.499999999996,43.3333333333348,0.58129132544864
1189,158,-75.4583333333294,43.3333333333348,0.595592902032379
1190,158,-75.4166666666627,43.3333333333348,0.533027750841392
1191,158,-75.374999999996,43.3333333333348,0.528712694935921
1192,158,-75.3333333333293,43.3333333333348,0.523617831199195
1193,158,-75.2916666666627,43.3333333333348,0.580220239049326
1194,158,-75.249999999996,43.3333333333348,0.540311769507969
1195,158,-75.2083333333293,43.3333333333348,0.557011811670784
1196,158,-75.1666666666627,43.3333333333348,0.529145987239351
1197,158,-75.124999999996,43.3333333333348,0.593784735493166
1198,158,-75.0833333333293,43.3333333333348,0.35711731471842
1199,158,-75.0416666666627,43.3333333333348,0.488639809327113
1200,158,-74.999999999996,43.3333333333348,0.540852318612652
1201,158,-74.9583333333293,43.3333333333348,0.548559308748211
1202,158,-74.9166666666626,43.3333333333348,0.606623757068331
1203,158,-74.874999999996,43.3333333333348,0.65945987017981
1204,158,-74.8333333333293,43.3333333333348,0.658265380533916
1205,158,-74.7916666666626,43.3333333333348,0.63330391103222
1206,158,-74.749999999996,43.3333333333348,0.650622958580491
1207,158,-74.7083333333293,43.3333333333348,0.610728230645454
1208,158,-74.6666666666626,43.3333333333348,0.646385381085818
1209,158,-74.624999999996,43.3333333333348,0.633262431276564
1210,158,-74.5833333333293,43.3333333333348,0.596145921954146
1211,158,-74.5416666666626,43.3333333333348,0.631581370363972
1212,158,-74.499999999996,43.3333333333348,0.63694409365038
1213,158,-74.4583333333293,43.3333333333348,0.653046215825714
1214,158,-74.4166666666626,43.3333333333348,0.636365968973863
1215,158,-74.3749999999959,43.3333333333348,0.648566977323984
1216,158,-74.3333333333293,43.3333333333348,0.663806208701877
1217,158,-74.2916666666626,43.3333333333348,0.598924159219932
1218,158,-74.2499999999959,43.3333333333348,0.553635044498888
1219,158,-74.2083333333293,43.3333333333348,0.635859035622539
1220,158,-74.1666666666626,43.3333333333348,0.61102358684784
1221,158,-74.1249999999959,43.3333333333348,0.666557105168308
1222,158,-74.0833333333293,43.3333333333348,0.655484405362291
1223,158,-74.0416666666626,43.3333333333348,0.671305159977156
1224,158,-73.9999999999959,43.3333333333348,0.602820825292428
1225,158,-73.9583333333293,43.3333333333348,0.569635537839457
1226,158,-73.9166666666626,43.3333333333348,0.580588076846433
1227,158,-73.8749999999959,43.3333333333348,0.546806968132975
1228,158,-73.8333333333292,43.3333333333348,0.461056528096403
1229,158,-73.7916666666626,43.3333333333348,0.566623680112257
1230,158,-73.7499999999959,43.3333333333348,0.561864772119564
1231,158,-73.7083333333292,43.3333333333348,0.478558497264621
1232,158,-73.6666666666626,43.3333333333348,0.4861047955665
1233,158,-73.6249999999959,43.3333333333348,0.526773655239324
1234,158,-73.5833333333292,43.3333333333348,0.475018731783834
1235,158,-73.5416666666625,43.3333333333348,0.404466898107453
1236,158,-73.4999999999959,43.3333333333348,0.403639606442541
1237,158,-73.4583333333292,43.3333333333348,0.442189006380691
1238,158,-73.4166666666625,43.3333333333348,0.527568192696772
1239,158,-73.3749999999959,43.3333333333348,0.564708439804959
1240,158,-73.3333333333292,43.3333333333348,0.554766954422361
1241,158,-73.2916666666625,43.3333333333348,0.514386994153045
1242,158,-73.2499999999959,43.3333333333348,0.474914432536412
1103,159,-79.041666666663,43.2916666666682,0.542292376838881
1104,159,-78.9999999999963,43.2916666666682,0.542158812176674
1105,159,-78.9583333333296,43.2916666666682,0.422856451599122
1106,159,-78.916666666663,43.2916666666682,0.253246655483427
1107,159,-78.8749999999963,43.2916666666682,0.356973636747528
1108,159,-78.8333333333296,43.2916666666682,0.35200067604102
1109,159,-78.791666666663,43.2916666666682,0.352935404509045
1110,159,-78.7499999999963,43.2916666666682,0.454620002069799
1111,159,-78.7083333333296,43.2916666666682,0.457941675288097
1112,159,-78.666666666663,43.2916666666682,0.461613018757622
1113,159,-78.6249999999963,43.2916666666682,0.415434841479473
1114,159,-78.5833333333296,43.2916666666682,0.541989880716606
1115,159,-78.5416666666629,43.2916666666682,0.506603276527223
1116,159,-78.4999999999963,43.2916666666682,0.460732370963716
1117,159,-78.4583333333296,43.2916666666682,0.447571386171406
1118,159,-78.4166666666629,43.2916666666682,0.419743051626272
1119,159,-78.3749999999963,43.2916666666682,0.371317080231764
1120,159,-78.3333333333296,43.2916666666682,0.529039214591375
1121,159,-78.2916666666629,43.2916666666682,0.444604453256878
1122,159,-78.2499999999962,43.2916666666682,0.429391087670481
1123,159,-78.2083333333296,43.2916666666682,0.413661144947995
1124,159,-78.1666666666629,43.2916666666682,0.384915643747619
1125,159,-78.1249999999962,43.2916666666682,0.44096627666062
1126,159,-78.0833333333296,43.2916666666682,0.519874468303585
1127,159,-78.0416666666629,43.2916666666682,0.587406524532064
1128,159,-77.9999999999962,43.2916666666682,0.520094622503161
1129,159,-77.9583333333296,43.2916666666682,0.439262144564417
1130,159,-77.9166666666629,43.2916666666682,0.474469020613128
1131,159,-77.8749999999962,43.2916666666682,0.373798251357655
1132,159,-77.8333333333295,43.2916666666682,0.363108673088781
1133,159,-77.7916666666629,43.2916666666682,0.401881997944473
1134,159,-77.7499999999962,43.2916666666682,0.424933245288176
1135,159,-77.7083333333295,43.2916666666682,0.410254188670877
1136,159,-77.6666666666629,43.2916666666682,0.373236839253975
1137,159,-77.6249999999962,43.2916666666682,0.40963091677905
1142,159,-77.4166666666628,43.2916666666682,0.563045135786381
1143,159,-77.3749999999962,43.2916666666682,0.539436939388378
1144,159,-77.3333333333295,43.2916666666682,0.361169814613801
1145,159,-77.2916666666628,43.2916666666682,0.45172281007544
1146,159,-77.2499999999962,43.2916666666682,0.447162586286312
1147,159,-77.2083333333295,43.2916666666682,0.526343275211248
1148,159,-77.1666666666628,43.2916666666682,0.507976639281388
1149,159,-77.1249999999962,43.2916666666682,0.521086692179805
1150,159,-77.0833333333295,43.2916666666682,0.520270450344488
1151,159,-77.0416666666628,43.2916666666682,0.470338347152766
1152,159,-76.9999999999961,43.2916666666682,0.545425122201329
1153,159,-76.9583333333295,43.2916666666682,0.492536079082916
1154,159,-76.9166666666628,43.2916666666682,0.534097962590506
1155,159,-76.8749999999961,43.2916666666682,0.489882784799255
1156,159,-76.8333333333295,43.2916666666682,0.497332569627538
1157,159,-76.7916666666628,43.2916666666682,0.542185618003501
1158,159,-76.7499999999961,43.2916666666682,0.514859461526657
1159,159,-76.7083333333295,43.2916666666682,0.503889697034722
1160,159,-76.6666666666628,43.2916666666682,0.565400167038491
1161,159,-76.6249999999961,43.2916666666682,0.606936062455095
1162,159,-76.5833333333294,43.2916666666682,0.577924728983912
1163,159,-76.5416666666628,43.2916666666682,0.510029689457732
1164,159,-76.4999999999961,43.2916666666682,0.537817995542285
1165,159,-76.4583333333294,43.2916666666682,0.426174547915667
1166,159,-76.4166666666628,43.2916666666682,0.401402411414091
1167,159,-76.3749999999961,43.2916666666682,0.511830875375695
1168,159,-76.3333333333294,43.2916666666682,0.550832006635458
1169,159,-76.2916666666628,43.2916666666682,0.466419871617028
1170,159,-76.2499999999961,43.2916666666682,0.471847100864578
1171,159,-76.2083333333294,43.2916666666682,0.422095796602273
1172,159,-76.1666666666627,43.2916666666682,0.572526766834635
1173,159,-76.1249999999961,43.2916666666682,0.521579959329272
1174,159,-76.0833333333294,43.2916666666682,0.510402178168434
1175,159,-76.0416666666627,43.2916666666682,0.600934118637344
1176,159,-75.9999999999961,43.2916666666682,0.591962752183187
1177,159,-75.9583333333294,43.2916666666682,0.57765612130478
1178,159,-75.9166666666627,43.2916666666682,0.565127588519356
1179,159,-75.8749999999961,43.2916666666682,0.557682691902913
1180,159,-75.8333333333294,43.2916666666682,0.557965441431235
1181,159,-75.7916666666627,43.2916666666682,0.581136802694923
1182,159,-75.749999999996,43.2916666666682,0.522807290782918
1183,159,-75.7083333333294,43.2916666666682,0.5442369828573
1184,159,-75.6666666666627,43.2916666666682,0.537338859978707
1185,159,-75.624999999996,43.2916666666682,0.493394841609942
1186,159,-75.5833333333294,43.2916666666682,0.50249903639153
1187,159,-75.5416666666627,43.2916666666682,0.507810732324587
1188,159,-75.499999999996,43.2916666666682,0.456245925979859
1189,159,-75.4583333333294,43.2916666666682,0.363291890989114
1190,159,-75.4166666666627,43.2916666666682,0.360549710864484
1191,159,-75.374999999996,43.2916666666682,0.538654328215946
1192,159,-75.3333333333293,43.2916666666682,0.568476156630545
1193,159,-75.2916666666627,43.2916666666682,0.581516963421555
1194,159,-75.249999999996,43.2916666666682,0.465180046059687
1195,159,-75.2083333333293,43.2916666666682,0.496764887673126
1196,159,-75.1666666666627,43.2916666666682,0.580772992720135
1197,159,-75.124999999996,43.2916666666682,0.565239682134752
1198,159,-75.0833333333293,43.2916666666682,0.570763868328592
1199,159,-75.0416666666627,43.2916666666682,0.614880255466703
1200,159,-74.999999999996,43.2916666666682,0.523982910516585
1201,159,-74.9583333333293,43.2916666666682,0.538482052937443
1202,159,-74.9166666666626,43.2916666666682,0.575807537104446
1203,159,-74.874999999996,43.2916666666682,0.650946173636995
1204,159,-74.8333333333293,43.2916666666682,0.66030630711222
1205,159,-74.7916666666626,43.2916666666682,0.642097669357579
1206,159,-74.749999999996,43.2916666666682,0.585788230802646
1207,159,-74.7083333333293,43.2916666666682,0.629357354221182
1208,159,-74.6666666666626,43.2916666666682,0.63640609205105
1209,159,-74.624999999996,43.2916666666682,0.594032967519781
1210,159,-74.5833333333293,43.2916666666682,0.624437297369092
1211,159,-74.5416666666626,43.2916666666682,0.618438163405522
1212,159,-74.499999999996,43.2916666666682,0.640075529896077
1213,159,-74.4583333333293,43.2916666666682,0.610965726161404
1214,159,-74.4166666666626,43.2916666666682,0.634496052806317
1215,159,-74.3749999999959,43.2916666666682,0.663062645468723
1216,159,-74.3333333333293,43.2916666666682,0.660369417857183
1217,159,-74.2916666666626,43.2916666666682,0.641151362091793
1218,159,-74.2499999999959,43.2916666666682,0.599596348675815
1219,159,-74.2083333333293,43.2916666666682,0.606480142813764
1220,159,-74.1666666666626,43.2916666666682,0.56555855916322
1221,159,-74.1249999999959,43.2916666666682,0.601683256601043
1222,159,-74.0833333333293,43.2916666666682,0.578242479361724
1223,159,-74.0416666666626,43.2916666666682,0.447634197293811
1224,159,-73.9999999999959,43.2916666666682,0.40875380293293
1225,159,-73.9583333333293,43.2916666666682,0.395213848754194
1226,159,-73.9166666666626,43.2916666666682,0.49000625509508
1227,159,-73.8749999999959,43.2916666666682,0.501809965889587
1228,159,-73.8333333333292,43.2916666666682,0.497282842861312
1229,159,-73.7916666666626,43.2916666666682,0.533280951165886
1230,159,-73.7499999999959,43.2916666666682,0.57648317442848
1231,159,-73.7083333333292,43.2916666666682,0.482160047534548
1232,159,-73.6666666666626,43.2916666666682,0.463814954829219
1233,159,-73.6249999999959,43.2916666666682,0.467538734385888
1234,159,-73.5833333333292,43.2916666666682,0.47886669990909
1235,159,-73.5416666666625,43.2916666666682,0.378466048535806
1236,159,-73.4999999999959,43.2916666666682,0.452037412301584
1237,159,-73.4583333333292,43.2916666666682,0.451320529626657
1238,159,-73.4166666666625,43.2916666666682,0.521561025350763
1239,159,-73.3749999999959,43.2916666666682,0.545734587347734
1240,159,-73.3333333333292,43.2916666666682,0.566696447351127
1241,159,-73.2916666666625,43.2916666666682,0.584082499837885
1242,159,-73.2499999999959,43.2916666666682,0.619914491217851
1102,160,-79.0833333333296,43.2500000000015,0.410715661942959
1103,160,-79.041666666663,43.2500000000015,0.536669960828823
1104,160,-78.9999999999963,43.2500000000015,0.504667152967944
1105,160,-78.9583333333296,43.2500000000015,0.42451382402595
1106,160,-78.916666666663,43.2500000000015,0.337050144847093
1107,160,-78.8749999999963,43.2500000000015,0.369234094114948
1108,160,-78.8333333333296,43.2500000000015,0.366291861000544
1109,160,-78.791666666663,43.2500000000015,0.406385729453089
1110,160,-78.7499999999963,43.2500000000015,0.426273568420986
1111,160,-78.7083333333296,43.2500000000015,0.452586142588323
1112,160,-78.666666666663,43.2500000000015,0.422633812699753
1113,160,-78.6249999999963,43.2500000000015,0.406060811558197
1114,160,-78.5833333333296,43.2500000000015,0.426733936090161
1115,160,-78.5416666666629,43.2500000000015,0.4471924540108
1116,160,-78.4999999999963,43.2500000000015,0.447920338484584
1117,160,-78.4583333333296,43.2500000000015,0.403219718225131
1118,160,-78.4166666666629,43.2500000000015,0.349771683766631
1119,160,-78.3749999999963,43.2500000000015,0.408530123870384
1120,160,-78.3333333333296,43.2500000000015,0.287733934862939
1121,160,-78.2916666666629,43.2500000000015,0.337416494825855
1122,160,-78.2499999999962,43.2500000000015,0.321633614548333
1123,160,-78.2083333333296,43.2500000000015,0.374796939313977
1124,160,-78.1666666666629,43.2500000000015,0.379567182496287
1125,160,-78.1249999999962,43.2500000000015,0.392279664500752
1126,160,-78.0833333333296,43.2500000000015,0.428535685991238
1127,160,-78.0416666666629,43.2500000000015,0.400865495447228
1128,160,-77.9999999999962,43.2500000000015,0.478214088503927
1129,160,-77.9583333333296,43.2500000000015,0.530992983031091
1130,160,-77.9166666666629,43.2500000000015,0.551070449014929
1131,160,-77.8749999999962,43.2500000000015,0.49944501251645
1132,160,-77.8333333333295,43.2500000000015,0.500611536908685
1133,160,-77.7916666666629,43.2500000000015,0.439593101364551
1134,160,-77.7499999999962,43.2500000000015,0.476548083976266
1135,160,-77.7083333333295,43.2500000000015,0.49449152314393
1136,160,-77.6666666666629,43.2500000000015,0.491425352152549
1137,160,-77.6249999999962,43.2500000000015,0.482834627876915
1138,160,-77.5833333333295,43.2500000000015,0.527713169326027
1139,160,-77.5416666666629,43.2500000000015,0.321931182707402
1140,160,-77.4999999999962,43.2500000000015,0.566337070461554
1141,160,-77.4583333333295,43.2500000000015,0.583661359297824
1142,160,-77.4166666666628,43.2500000000015,0.48496277150902
1143,160,-77.3749999999962,43.2500000000015,0.559758307014229
1144,160,-77.3333333333295,43.2500000000015,0.560137125801247
1145,160,-77.2916666666628,43.2500000000015,0.520598346974386
1146,160,-77.2499999999962,43.2500000000015,0.530594845195998
1147,160,-77.2083333333295,43.2500000000015,0.500769891528998
1148,160,-77.1666666666628,43.2500000000015,0.530086306079649
1149,160,-77.1249999999962,43.2500000000015,0.536962947630888
1150,160,-77.0833333333295,43.2500000000015,0.541311782163843
1151,160,-77.0416666666628,43.2500000000015,0.559427500347083
1152,160,-76.9999999999961,43.2500000000015,0.559571107962717
1153,160,-76.9583333333295,43.2500000000015,0.554624443759724
1154,160,-76.9166666666628,43.2500000000015,0.56175706221893
1155,160,-76.8749999999961,43.2500000000015,0.528608149683784
1156,160,-76.8333333333295,43.2500000000015,0.513436533414791
1157,160,-76.7916666666628,43.2500000000015,0.584675685999476
1158,160,-76.7499999999961,43.2500000000015,0.54803581127374
1159,160,-76.7083333333295,43.2500000000015,0.512096521813294
1160,160,-76.6666666666628,43.2500000000015,0.592864142819224
1161,160,-76.6249999999961,43.2500000000015,0.519000103450476
1162,160,-76.5833333333294,43.2500000000015,0.52741947794603
1163,160,-76.5416666666628,43.2500000000015,0.497939055712872
1164,160,-76.4999999999961,43.2500000000015,0.466900985767825
1165,160,-76.4583333333294,43.2500000000015,0.516325102299888
1166,160,-76.4166666666628,43.2500000000015,0.45416681441344
1167,160,-76.3749999999961,43.2500000000015,0.554845064062466
1168,160,-76.3333333333294,43.2500000000015,0.482407378399682
1169,160,-76.2916666666628,43.2500000000015,0.489985867468304
1170,160,-76.2499999999961,43.2500000000015,0.535176227113668
1171,160,-76.2083333333294,43.2500000000015,0.508447289461721
1172,160,-76.1666666666627,43.2500000000015,0.553564963710835
1173,160,-76.1249999999961,43.2500000000015,0.399014105874894
1174,160,-76.0833333333294,43.2500000000015,0.384648385796712
1175,160,-76.0416666666627,43.2500000000015,0.387688330051304
1176,160,-75.9999999999961,43.2500000000015,0.348130760165026
1177,160,-75.9583333333294,43.2500000000015,0.354581646426455
1178,160,-75.9166666666627,43.2500000000015,0.423675032674112
1179,160,-75.8749999999961,43.2500000000015,0.546838128226986
1180,160,-75.8333333333294,43.2500000000015,0.577578594946752
1181,160,-75.7916666666627,43.2500000000015,0.600230013596212
1182,160,-75.749999999996,43.2500000000015,0.583485533996399
1183,160,-75.7083333333294,43.2500000000015,0.539894940522081
1184,160,-75.6666666666627,43.2500000000015,0.530636627315475
1185,160,-75.624999999996,43.2500000000015,0.464945778617102
1186,160,-75.5833333333294,43.2500000000015,0.505611845972181
1187,160,-75.5416666666627,43.2500000000015,0.50947093568342
1188,160,-75.499999999996,43.2500000000015,0.519810825216423
1189,160,-75.4583333333294,43.2500000000015,0.507686822994314
1190,160,-75.4166666666627,43.2500000000015,0.484304667121959
1191,160,-75.374999999996,43.2500000000015,0.565705692991905
1192,160,-75.3333333333293,43.2500000000015,0.608248131280656
1193,160,-75.2916666666627,43.2500000000015,0.527932592823805
1194,160,-75.249999999996,43.2500000000015,0.561223833356213
1195,160,-75.2083333333293,43.2500000000015,0.518821429095412
1196,160,-75.1666666666627,43.2500000000015,0.500150964985159
1197,160,-75.124999999996,43.2500000000015,0.515745491769866
1198,160,-75.0833333333293,43.2500000000015,0.544647112481897
1199,160,-75.0416666666627,43.2500000000015,0.541198110480949
1200,160,-74.999999999996,43.2500000000015,0.60418289515824
1201,160,-74.9583333333293,43.2500000000015,0.57743159151417
1202,160,-74.9166666666626,43.2500000000015,0.565679907046218
1203,160,-74.874999999996,43.2500000000015,0.637800041110787
1204,160,-74.8333333333293,43.2500000000015,0.649652454702137
1205,160,-74.7916666666626,43.2500000000015,0.620623195426487
1206,160,-74.749999999996,43.2500000000015,0.658609481343988
1207,160,-74.7083333333293,43.2500000000015,0.639578927607757
1208,160,-74.6666666666626,43.2500000000015,0.62612435089811
1209,160,-74.624999999996,43.2500000000015,0.622675529923623
1210,160,-74.5833333333293,43.2500000000015,0.587692949849409
1211,160,-74.5416666666626,43.2500000000015,0.600409311375325
1212,160,-74.499999999996,43.2500000000015,0.614576663343325
1213,160,-74.4583333333293,43.2500000000015,0.626930057062211
1214,160,-74.4166666666626,43.2500000000015,0.643914463192319
1215,160,-74.3749999999959,43.2500000000015,0.63968580005375
1216,160,-74.3333333333293,43.2500000000015,0.547583876963225
1217,160,-74.2916666666626,43.2500000000015,0.630760845046048
1218,160,-74.2499999999959,43.2500000000015,0.612176512718708
1219,160,-74.2083333333293,43.2500000000015,0.525695401782387
1220,160,-74.1666666666626,43.2500000000015,0.564291627436837
1221,160,-74.1249999999959,43.2500000000015,0.505672063242323
1222,160,-74.0833333333293,43.2500000000015,0.367974500560948
1223,160,-74.0416666666626,43.2500000000015,0.557913595351347
1224,160,-73.9999999999959,43.2500000000015,0.611108370404032
1225,160,-73.9583333333293,43.2500000000015,0.583735475959216
1226,160,-73.9166666666626,43.2500000000015,0.551621310424013
1227,160,-73.8749999999959,43.2500000000015,0.611581148413285
1228,160,-73.8333333333292,43.2500000000015,0.461060861173107
1229,160,-73.7916666666626,43.2500000000015,0.472567260055571
1230,160,-73.7499999999959,43.2500000000015,0.499697280539824
1231,160,-73.7083333333292,43.2500000000015,0.53750287340916
1232,160,-73.6666666666626,43.2500000000015,0.523796988551636
1233,160,-73.6249999999959,43.2500000000015,0.511989681244582
1234,160,-73.5833333333292,43.2500000000015,0.386990095418305
1235,160,-73.5416666666625,43.2500000000015,0.368982067198534
1236,160,-73.4999999999959,43.2500000000015,0.49154093509257
1237,160,-73.4583333333292,43.2500000000015,0.465831190756931
1238,160,-73.4166666666625,43.2500000000015,0.544214013418053
1239,160,-73.3749999999959,43.2500000000015,0.550670031223543
1240,160,-73.3333333333292,43.2500000000015,0.61240376392869
1241,160,-73.2916666666625,43.2500000000015,0.553612596903171
1242,160,-73.2499999999959,43.2500000000015,0.584981726102887
1103,161,-79.041666666663,43.2083333333348,0.557352684769807
1104,161,-78.9999999999963,43.2083333333348,0.551740153752883
1105,161,-78.9583333333296,43.2083333333348,0.404066149063855
1106,161,-78.916666666663,43.2083333333348,0.365519240135037
1107,161,-78.8749999999963,43.2083333333348,0.379817792789509
1108,161,-78.8333333333296,43.2083333333348,0.395320310255236
1109,161,-78.791666666663,43.2083333333348,0.405208687636886
1110,161,-78.7499999999963,43.2083333333348,0.405013184274898
1111,161,-78.7083333333296,43.2083333333348,0.490616716215606
1112,161,-78.666666666663,43.2083333333348,0.452897364471548
1113,161,-78.6249999999963,43.2083333333348,0.316417541934137
1114,161,-78.5833333333296,43.2083333333348,0.354661765323116
1115,161,-78.5416666666629,43.2083333333348,0.380048449105173
1116,161,-78.4999999999963,43.2083333333348,0.333870659066817
1117,161,-78.4583333333296,43.2083333333348,0.373286216042694
1118,161,-78.4166666666629,43.2083333333348,0.387555254313209
1119,161,-78.3749999999963,43.2083333333348,0.42049910467783
1120,161,-78.3333333333296,43.2083333333348,0.31781648367965
1121,161,-78.2916666666629,43.2083333333348,0.289325766629879
1122,161,-78.2499999999962,43.2083333333348,0.312695030268037
1123,161,-78.2083333333296,43.2083333333348,0.364828019959512
1124,161,-78.1666666666629,43.2083333333348,0.404972064080657
1125,161,-78.1249999999962,43.2083333333348,0.41895158052619
1126,161,-78.0833333333296,43.2083333333348,0.401566551744329
1127,161,-78.0416666666629,43.2083333333348,0.476619387490711
1128,161,-77.9999999999962,43.2083333333348,0.451929290318675
1129,161,-77.9583333333296,43.2083333333348,0.476823060849889
1130,161,-77.9166666666629,43.2083333333348,0.46595284907581
1131,161,-77.8749999999962,43.2083333333348,0.43778257433207
1132,161,-77.8333333333295,43.2083333333348,0.522432678971798
1133,161,-77.7916666666629,43.2083333333348,0.528413494923107
1134,161,-77.7499999999962,43.2083333333348,0.543094518295554
1135,161,-77.7083333333295,43.2083333333348,0.491021384829733
1136,161,-77.6666666666629,43.2083333333348,0.467608256043304
1137,161,-77.6249999999962,43.2083333333348,0.463601262467559
1138,161,-77.5833333333295,43.2083333333348,0.507160225825594
1139,161,-77.5416666666629,43.2083333333348,0.388249012373523
1140,161,-77.4999999999962,43.2083333333348,0.50781925151292
1141,161,-77.4583333333295,43.2083333333348,0.491000405355872
1142,161,-77.4166666666628,43.2083333333348,0.453560875094937
1143,161,-77.3749999999962,43.2083333333348,0.456718499501736
1144,161,-77.3333333333295,43.2083333333348,0.503598916984171
1145,161,-77.2916666666628,43.2083333333348,0.456197207480958
1146,161,-77.2499999999962,43.2083333333348,0.443325397397547
1147,161,-77.2083333333295,43.2083333333348,0.473751100362713
1148,161,-77.1666666666628,43.2083333333348,0.479646874008175
1149,161,-77.1249999999962,43.2083333333348,0.518119329820445
1150,161,-77.0833333333295,43.2083333333348,0.493866307415259
1151,161,-77.0416666666628,43.2083333333348,0.509040636401768
1152,161,-76.9999999999961,43.2083333333348,0.52085368692033
1153,161,-76.9583333333295,43.2083333333348,0.551611015750411
1154,161,-76.9166666666628,43.2083333333348,0.571044228364257
1155,161,-76.8749999999961,43.2083333333348,0.523762908092765
1156,161,-76.8333333333295,43.2083333333348,0.513144772833679
1157,161,-76.7916666666628,43.2083333333348,0.534068647124058
1158,161,-76.7499999999961,43.2083333333348,0.474210698360552
1159,161,-76.7083333333295,43.2083333333348,0.503463704927937
1160,161,-76.6666666666628,43.2083333333348,0.457587323112115
1161,161,-76.6249999999961,43.2083333333348,0.500590564657517
1162,161,-76.5833333333294,43.2083333333348,0.460067099898395
1163,161,-76.5416666666628,43.2083333333348,0.39302888550429
1164,161,-76.4999999999961,43.2083333333348,0.478924931145737
1165,161,-76.4583333333294,43.2083333333348,0.484986050193038
1166,161,-76.4166666666628,43.2083333333348,0.478303584625682
1167,161,-76.3749999999961,43.2083333333348,0.54072511115962
1168,161,-76.3333333333294,43.2083333333348,0.567651004484715
1169,161,-76.2916666666628,43.2083333333348,0.527923564653255
1170,161,-76.2499999999961,43.2083333333348,0.459188372758335
1171,161,-76.2083333333294,43.2083333333348,0.501958581744646
1172,161,-76.1666666666627,43.2083333333348,0.529457376823159
1173,161,-76.1249999999961,43.2083333333348,0.535292642326978
1174,161,-76.0833333333294,43.2083333333348,0.320787181874132
1175,161,-76.0416666666627,43.2083333333348,0.134913076684384
1176,161,-75.9999999999961,43.2083333333348,0.00108815586920077
1177,161,-75.9583333333294,43.2083333333348,0
1178,161,-75.9166666666627,43.2083333333348,0
1179,161,-75.8749999999961,43.2083333333348,0.0131070108072072
1180,161,-75.8333333333294,43.2083333333348,0.0856726991550148
1181,161,-75.7916666666627,43.2083333333348,0.112684986589217
1182,161,-75.749999999996,43.2083333333348,0.104483224515712
1183,161,-75.7083333333294,43.2083333333348,0.514696648845274
1184,161,-75.6666666666627,43.2083333333348,0.521464982835695
1185,161,-75.624999999996,43.2083333333348,0.507749354490008
1186,161,-75.5833333333294,43.2083333333348,0.511020816277352
1187,161,-75.5416666666627,43.2083333333348,0.546204094799943
1188,161,-75.499999999996,43.2083333333348,0.601357123595555
1189,161,-75.4583333333294,43.2083333333348,0.506921875212441
1190,161,-75.4166666666627,43.2083333333348,0.521394736830016
1191,161,-75.374999999996,43.2083333333348,0.5228488508561
1192,161,-75.3333333333293,43.2083333333348,0.474562983316501
1193,161,-75.2916666666627,43.2083333333348,0.466141148998676
1194,161,-75.249999999996,43.2083333333348,0.52866964437686
1195,161,-75.2083333333293,43.2083333333348,0.49209584569675
1196,161,-75.1666666666627,43.2083333333348,0.532412410733839
1197,161,-75.124999999996,43.2083333333348,0.405088886837648
1198,161,-75.0833333333293,43.2083333333348,0.373349164927881
1199,161,-75.0416666666627,43.2083333333348,0.525905652894892
1200,161,-74.999999999996,43.2083333333348,0.592333086015094
1201,161,-74.9583333333293,43.2083333333348,0.562638954432778
1202,161,-74.9166666666626,43.2083333333348,0.615901566170871
1203,161,-74.874999999996,43.2083333333348,0.590105734844245
1204,161,-74.8333333333293,43.2083333333348,0.626119117122905
1205,161,-74.7916666666626,43.2083333333348,0.64507211056151
1206,161,-74.749999999996,43.2083333333348,0.653355716416663
1207,161,-74.7083333333293,43.2083333333348,0.598068293083081
1208,161,-74.6666666666626,43.2083333333348,0.595578578780796
1209,161,-74.624999999996,43.2083333333348,0.603410577067785
1210,161,-74.5833333333293,43.2083333333348,0.588425162459392
1211,161,-74.5416666666626,43.2083333333348,0.603651736876168
1212,161,-74.499999999996,43.2083333333348,0.585151233719332
1213,161,-74.4583333333293,43.2083333333348,0.645491113779739
1214,161,-74.4166666666626,43.2083333333348,0.662816705296671
1215,161,-74.3749999999959,43.2083333333348,0.581352260293623
1216,161,-74.3333333333293,43.2083333333348,0.602277822095215
1217,161,-74.2916666666626,43.2083333333348,0.59704444794572
1218,161,-74.2499999999959,43.2083333333348,0.634985481569549
1219,161,-74.2083333333293,43.2083333333348,0.580340406371714
1220,161,-74.1666666666626,43.2083333333348,0.28466363095233
1221,161,-74.1249999999959,43.2083333333348,0.452418951017476
1222,161,-74.0833333333293,43.2083333333348,0.361784933599345
1223,161,-74.0416666666626,43.2083333333348,0.623221074375138
1224,161,-73.9999999999959,43.2083333333348,0.617296858313937
1225,161,-73.9583333333293,43.2083333333348,0.629025238645244
1226,161,-73.9166666666626,43.2083333333348,0.643410153363992
1227,161,-73.8749999999959,43.2083333333348,0.570251540075065
1228,161,-73.8333333333292,43.2083333333348,0.46379094683729
1229,161,-73.7916666666626,43.2083333333348,0.499543177464452
1230,161,-73.7499999999959,43.2083333333348,0.535401852355918
1231,161,-73.7083333333292,43.2083333333348,0.504790820635694
1232,161,-73.6666666666626,43.2083333333348,0.484558237089113
1233,161,-73.6249999999959,43.2083333333348,0.470964414409802
1234,161,-73.5833333333292,43.2083333333348,0.425444723970001
1235,161,-73.5416666666625,43.2083333333348,0.509233349709531
1236,161,-73.4999999999959,43.2083333333348,0.497028808381468
1237,161,-73.4583333333292,43.2083333333348,0.536924064855853
1238,161,-73.4166666666625,43.2083333333348,0.448260263039727
1239,161,-73.3749999999959,43.2083333333348,0.541501067147166
1240,161,-73.3333333333292,43.2083333333348,0.57304055380763
1241,161,-73.2916666666625,43.2083333333348,0.534015578236896
1242,161,-73.2499999999959,43.2083333333348,0.561985793499637
1103,162,-79.041666666663,43.1666666666682,0.500634248066778
1104,162,-78.9999999999963,43.1666666666682,0.370185338859817
1105,162,-78.9583333333296,43.1666666666682,0.522206298074227
1106,162,-78.916666666663,43.1666666666682,0.486779379260072
1107,162,-78.8749999999963,43.1666666666682,0.396521545186876
1108,162,-78.8333333333296,43.1666666666682,0.343651802264306
1109,162,-78.791666666663,43.1666666666682,0.306391507681319
1110,162,-78.7499999999963,43.1666666666682,0.387340409249847
1111,162,-78.7083333333296,43.1666666666682,0.476845333801994
1112,162,-78.666666666663,43.1666666666682,0.486111559154197
1113,162,-78.6249999999963,43.1666666666682,0.360648774433208
1114,162,-78.5833333333296,43.1666666666682,0.359081050563279
1115,162,-78.5416666666629,43.1666666666682,0.389776366682116
1116,162,-78.4999999999963,43.1666666666682,0.349371657919416
1117,162,-78.4583333333296,43.1666666666682,0.361017093789203
1118,162,-78.4166666666629,43.1666666666682,0.463059537253822
1119,162,-78.3749999999963,43.1666666666682,0.332315545639839
1120,162,-78.3333333333296,43.1666666666682,0.323994404306002
1121,162,-78.2916666666629,43.1666666666682,0.308811487663891
1122,162,-78.2499999999962,43.1666666666682,0.385783108667653
1123,162,-78.2083333333296,43.1666666666682,0.389780984296694
1124,162,-78.1666666666629,43.1666666666682,0.31090191649972
1125,162,-78.1249999999962,43.1666666666682,0.354959788376044
1126,162,-78.0833333333296,43.1666666666682,0.436456668971498
1127,162,-78.0416666666629,43.1666666666682,0.350880122456476
1128,162,-77.9999999999962,43.1666666666682,0.456365824308294
1129,162,-77.9583333333296,43.1666666666682,0.439845074364516
1130,162,-77.9166666666629,43.1666666666682,0.45833035125605
1131,162,-77.8749999999962,43.1666666666682,0.440563994407168
1132,162,-77.8333333333295,43.1666666666682,0.403696986409793
1133,162,-77.7916666666629,43.1666666666682,0.421643877285439
1134,162,-77.7499999999962,43.1666666666682,0.475350261264636
1135,162,-77.7083333333295,43.1666666666682,0.487358197785323
1136,162,-77.6666666666629,43.1666666666682,0.430890410387833
1137,162,-77.6249999999962,43.1666666666682,0.41670039150798
1138,162,-77.5833333333295,43.1666666666682,0.433764692523116
1139,162,-77.5416666666629,43.1666666666682,0.480712989388689
1140,162,-77.4999999999962,43.1666666666682,0.499156960532005
1141,162,-77.4583333333295,43.1666666666682,0.508596301788538
1142,162,-77.4166666666628,43.1666666666682,0.431212722998668
1143,162,-77.3749999999962,43.1666666666682,0.449660042760656
1144,162,-77.3333333333295,43.1666666666682,0.447417905613302
1145,162,-77.2916666666628,43.1666666666682,0.484537379738284
1146,162,-77.2499999999962,43.1666666666682,0.51159131729453
1147,162,-77.2083333333295,43.1666666666682,0.49709837494171
1148,162,-77.1666666666628,43.1666666666682,0.451858501745795
1149,162,-77.1249999999962,43.1666666666682,0.425294062550127
1150,162,-77.0833333333295,43.1666666666682,0.487654019649905
1151,162,-77.0416666666628,43.1666666666682,0.538832325529153
1152,162,-76.9999999999961,43.1666666666682,0.548111808855733
1153,162,-76.9583333333295,43.1666666666682,0.575556230817296
1154,162,-76.9166666666628,43.1666666666682,0.474669287242431
1155,162,-76.8749999999961,43.1666666666682,0.463532045687937
1156,162,-76.8333333333295,43.1666666666682,0.457322131631187
1157,162,-76.7916666666628,43.1666666666682,0.436272687664054
1158,162,-76.7499999999961,43.1666666666682,0.433494743551586
1159,162,-76.7083333333295,43.1666666666682,0.442432449203374
1160,162,-76.6666666666628,43.1666666666682,0.419328904521111
1161,162,-76.6249999999961,43.1666666666682,0.470141497092793
1162,162,-76.5833333333294,43.1666666666682,0.402826071118997
1163,162,-76.5416666666628,43.1666666666682,0.349574164214496
1164,162,-76.4999999999961,43.1666666666682,0.366749022112606
1165,162,-76.4583333333294,43.1666666666682,0.420582439873968
1166,162,-76.4166666666628,43.1666666666682,0.416606877838762
1167,162,-76.3749999999961,43.1666666666682,0.452696107944402
1168,162,-76.3333333333294,43.1666666666682,0.50856059946989
1169,162,-76.2916666666628,43.1666666666682,0.506856934126344
1170,162,-76.2499999999961,43.1666666666682,0.504717154638174
1171,162,-76.2083333333294,43.1666666666682,0.516768057421478
1172,162,-76.1666666666627,43.1666666666682,0.521501682363523
1173,162,-76.1249999999961,43.1666666666682,0.498626165381841
1174,162,-76.0833333333294,43.1666666666682,0.518788539459802
1175,162,-76.0416666666627,43.1666666666682,0.567244164419508
1176,162,-75.9999999999961,43.1666666666682,0.469214283639639
1177,162,-75.9583333333294,43.1666666666682,0.409628417748558
1178,162,-75.9166666666627,43.1666666666682,0.225940333304566
1179,162,-75.8749999999961,43.1666666666682,0.0774751365795228
1180,162,-75.8333333333294,43.1666666666682,0.191916510975798
1181,162,-75.7916666666627,43.1666666666682,0.264030945381774
1182,162,-75.749999999996,43.1666666666682,0.254042651862142
1183,162,-75.7083333333294,43.1666666666682,0.530986412794479
1184,162,-75.6666666666627,43.1666666666682,0.447349778297101
1185,162,-75.624999999996,43.1666666666682,0.489120485763986
1186,162,-75.5833333333294,43.1666666666682,0.462444410911524
1187,162,-75.5416666666627,43.1666666666682,0.453565234589292
1188,162,-75.499999999996,43.1666666666682,0.454108131445092
1189,162,-75.4583333333294,43.1666666666682,0.55824373338251
1190,162,-75.4166666666627,43.1666666666682,0.573152678406951
1191,162,-75.374999999996,43.1666666666682,0.580920363479055
1192,162,-75.3333333333293,43.1666666666682,0.521278222262562
1193,162,-75.2916666666627,43.1666666666682,0.558154523417961
1194,162,-75.249999999996,43.1666666666682,0.592863185367023
1195,162,-75.2083333333293,43.1666666666682,0.600911105979912
1196,162,-75.1666666666627,43.1666666666682,0.578256088051554
1197,162,-75.124999999996,43.1666666666682,0.583204528711787
1198,162,-75.0833333333293,43.1666666666682,0.483711291143463
1199,162,-75.0416666666627,43.1666666666682,0.502107480747903
1200,162,-74.999999999996,43.1666666666682,0.467153509874321
1201,162,-74.9583333333293,43.1666666666682,0.419641229040536
1202,162,-74.9166666666626,43.1666666666682,0.505124754536425
1203,162,-74.874999999996,43.1666666666682,0.620565261481653
1204,162,-74.8333333333293,43.1666666666682,0.557380733610957
1205,162,-74.7916666666626,43.1666666666682,0.621890317932974
1206,162,-74.749999999996,43.1666666666682,0.56546959458564
1207,162,-74.7083333333293,43.1666666666682,0.520471871510605
1208,162,-74.6666666666626,43.1666666666682,0.555694811617338
1209,162,-74.624999999996,43.1666666666682,0.594549635797867
1210,162,-74.5833333333293,43.1666666666682,0.571334556969503
1211,162,-74.5416666666626,43.1666666666682,0.51507490914717
1212,162,-74.499999999996,43.1666666666682,0.561641093259705
1213,162,-74.4583333333293,43.1666666666682,0.622013273332492
1214,162,-74.4166666666626,43.1666666666682,0.61789639140254
1215,162,-74.3749999999959,43.1666666666682,0.555698194631941
1216,162,-74.3333333333293,43.1666666666682,0.60858141025034
1217,162,-74.2916666666626,43.1666666666682,0.641830021694924
1218,162,-74.2499999999959,43.1666666666682,0.61746461641928
1219,162,-74.2083333333293,43.1666666666682,0.403657347853746
1220,162,-74.1666666666626,43.1666666666682,0.112249268396097
1221,162,-74.1249999999959,43.1666666666682,0.218450630862169
1222,162,-74.0833333333293,43.1666666666682,0.554792957896414
1223,162,-74.0416666666626,43.1666666666682,0.587114713509383
1224,162,-73.9999999999959,43.1666666666682,0.568545473107649
1225,162,-73.9583333333293,43.1666666666682,0.647807641043244
1226,162,-73.9166666666626,43.1666666666682,0.626362303385179
1227,162,-73.8749999999959,43.1666666666682,0.493543927562095
1228,162,-73.8333333333292,43.1666666666682,0.502327972950484
1229,162,-73.7916666666626,43.1666666666682,0.521989168394948
1230,162,-73.7499999999959,43.1666666666682,0.568745044295968
1231,162,-73.7083333333292,43.1666666666682,0.539301586569029
1232,162,-73.6666666666626,43.1666666666682,0.560512246557405
1233,162,-73.6249999999959,43.1666666666682,0.401510347711133
1234,162,-73.5833333333292,43.1666666666682,0.395042804741643
1235,162,-73.5416666666625,43.1666666666682,0.455061142962534
1236,162,-73.4999999999959,43.1666666666682,0.495543970654026
1237,162,-73.4583333333292,43.1666666666682,0.548946718255471
1238,162,-73.4166666666625,43.1666666666682,0.507239355606652
1239,162,-73.3749999999959,43.1666666666682,0.501106759671501
1240,162,-73.3333333333292,43.1666666666682,0.476328310459714
1241,162,-73.2916666666625,43.1666666666682,0.613086427249503
1242,162,-73.2499999999959,43.1666666666682,0.657150054354395
1102,163,-79.0833333333296,43.1250000000015,0.415062833538989
1103,163,-79.041666666663,43.1250000000015,0.447222527362374
1104,163,-78.9999999999963,43.1250000000015,0.399310256125805
1105,163,-78.9583333333296,43.1250000000015,0.390770348162698
1106,163,-78.916666666663,43.1250000000015,0.294279618727653
1107,163,-78.8749999999963,43.1250000000015,0.315677428255453
1108,163,-78.8333333333296,43.1250000000015,0.341173797985136
1109,163,-78.791666666663,43.1250000000015,0.348953619441265
1110,163,-78.7499999999963,43.1250000000015,0.3951788992228
1111,163,-78.7083333333296,43.1250000000015,0.425222595703895
1112,163,-78.666666666663,43.1250000000015,0.424596223992793
1113,163,-78.6249999999963,43.1250000000015,0.431027988142243
1114,163,-78.5833333333296,43.1250000000015,0.390528779206196
1115,163,-78.5416666666629,43.1250000000015,0.403676420340844
1116,163,-78.4999999999963,43.1250000000015,0.426207633571335
1117,163,-78.4583333333296,43.1250000000015,0.403806120810876
1118,163,-78.4166666666629,43.1250000000015,0.453766374868278
1119,163,-78.3749999999963,43.1250000000015,0.497585083990033
1120,163,-78.3333333333296,43.1250000000015,0.542723835622142
1121,163,-78.2916666666629,43.1250000000015,0.508741507615142
1122,163,-78.2499999999962,43.1250000000015,0.470491535655709
1123,163,-78.2083333333296,43.1250000000015,0.451281210395653
1124,163,-78.1666666666629,43.1250000000015,0.374188217258406
1125,163,-78.1249999999962,43.1250000000015,0.306309863186588
1126,163,-78.0833333333296,43.1250000000015,0.324586221279747
1127,163,-78.0416666666629,43.1250000000015,0.376115486729775
1128,163,-77.9999999999962,43.1250000000015,0.406266512483851
1129,163,-77.9583333333296,43.1250000000015,0.398955454401648
1130,163,-77.9166666666629,43.1250000000015,0.41803084879466
1131,163,-77.8749999999962,43.1250000000015,0.372876687598022
1132,163,-77.8333333333295,43.1250000000015,0.435022951759945
1133,163,-77.7916666666629,43.1250000000015,0.494729995455832
1134,163,-77.7499999999962,43.1250000000015,0.5071925763342
1135,163,-77.7083333333295,43.1250000000015,0.488093599972717
1136,163,-77.6666666666629,43.1250000000015,0.463289425704241
1137,163,-77.6249999999962,43.1250000000015,0.45861081738418
1138,163,-77.5833333333295,43.1250000000015,0.46864288834108
1139,163,-77.5416666666629,43.1250000000015,0.476678648600612
1140,163,-77.4999999999962,43.1250000000015,0.509647788597608
1141,163,-77.4583333333295,43.1250000000015,0.478647137742311
1142,163,-77.4166666666628,43.1250000000015,0.475691199398363
1143,163,-77.3749999999962,43.1250000000015,0.457311846351325
1144,163,-77.3333333333295,43.1250000000015,0.40450231850906
1145,163,-77.2916666666628,43.1250000000015,0.405723594975247
1146,163,-77.2499999999962,43.1250000000015,0.492061952752452
1147,163,-77.2083333333295,43.1250000000015,0.478792155563004
1148,163,-77.1666666666628,43.1250000000015,0.461602416309496
1149,163,-77.1249999999962,43.1250000000015,0.455444043021756
1150,163,-77.0833333333295,43.1250000000015,0.475520547997172
1151,163,-77.0416666666628,43.1250000000015,0.472388673179843
1152,163,-76.9999999999961,43.1250000000015,0.469466996237194
1153,163,-76.9583333333295,43.1250000000015,0.397353277873214
1154,163,-76.9166666666628,43.1250000000015,0.378154374616335
1155,163,-76.8749999999961,43.1250000000015,0.321360572128463
1156,163,-76.8333333333295,43.1250000000015,0.478934755231593
1157,163,-76.7916666666628,43.1250000000015,0.379630056486551
1158,163,-76.7499999999961,43.1250000000015,0.420415352866102
1159,163,-76.7083333333295,43.1250000000015,0.434566821788277
1160,163,-76.6666666666628,43.1250000000015,0.407206051645048
1161,163,-76.6249999999961,43.1250000000015,0.464464982977317
1162,163,-76.5833333333294,43.1250000000015,0.466261453417783
1163,163,-76.5416666666628,43.1250000000015,0.371481953054632
1164,163,-76.4999999999961,43.1250000000015,0.39956278454128
1165,163,-76.4583333333294,43.1250000000015,0.306623622995494
1166,163,-76.4166666666628,43.1250000000015,0.416703856044683
1167,163,-76.3749999999961,43.1250000000015,0.441499108850761
1168,163,-76.3333333333294,43.1250000000015,0.407717670947997
1169,163,-76.2916666666628,43.1250000000015,0.461112849645898
1170,163,-76.2499999999961,43.1250000000015,0.456888135603147
1171,163,-76.2083333333294,43.1250000000015,0.477831198194683
1172,163,-76.1666666666627,43.1250000000015,0.500304774364986
1173,163,-76.1249999999961,43.1250000000015,0.471908213717905
1174,163,-76.0833333333294,43.1250000000015,0.542583641076648
1175,163,-76.0416666666627,43.1250000000015,0.564144891048943
1176,163,-75.9999999999961,43.1250000000015,0.563401438294987
1177,163,-75.9583333333294,43.1250000000015,0.547188859081534
1178,163,-75.9166666666627,43.1250000000015,0.60788677673738
1179,163,-75.8749999999961,43.1250000000015,0.504618203434728
1180,163,-75.8333333333294,43.1250000000015,0.505907457274673
1181,163,-75.7916666666627,43.1250000000015,0.548077266812632
1182,163,-75.749999999996,43.1250000000015,0.553141373371141
1183,163,-75.7083333333294,43.1250000000015,0.554212245287182
1184,163,-75.6666666666627,43.1250000000015,0.568276283764679
1185,163,-75.624999999996,43.1250000000015,0.539416572428349
1186,163,-75.5833333333294,43.1250000000015,0.481420397401335
1187,163,-75.5416666666627,43.1250000000015,0.406279646327218
1188,163,-75.499999999996,43.1250000000015,0.507291923735906
1189,163,-75.4583333333294,43.1250000000015,0.499883604772526
1190,163,-75.4166666666627,43.1250000000015,0.505776361681257
1191,163,-75.374999999996,43.1250000000015,0.525455378340301
1192,163,-75.3333333333293,43.1250000000015,0.581290224793718
1193,163,-75.2916666666627,43.1250000000015,0.533000782790948
1194,163,-75.249999999996,43.1250000000015,0.525671426258321
1195,163,-75.2083333333293,43.1250000000015,0.531198220780209
1196,163,-75.1666666666627,43.1250000000015,0.557083824139672
1197,163,-75.124999999996,43.1250000000015,0.503731242053792
1198,163,-75.0833333333293,43.1250000000015,0.5920017247904
1199,163,-75.0416666666627,43.1250000000015,0.553676611453006
1200,163,-74.999999999996,43.1250000000015,0.576540582852626
1201,163,-74.9583333333293,43.1250000000015,0.463116998057675
1202,163,-74.9166666666626,43.1250000000015,0.414972591390064
1203,163,-74.874999999996,43.1250000000015,0.41940379208474
1204,163,-74.8333333333293,43.1250000000015,0.431519107333461
1205,163,-74.7916666666626,43.1250000000015,0.525226805904493
1206,163,-74.749999999996,43.1250000000015,0.474306886483104
1207,163,-74.7083333333293,43.1250000000015,0.518910453771942
1208,163,-74.6666666666626,43.1250000000015,0.536207366256452
1209,163,-74.624999999996,43.1250000000015,0.542787340765003
1210,163,-74.5833333333293,43.1250000000015,0.578751074657733
1211,163,-74.5416666666626,43.1250000000015,0.595567142678683
1212,163,-74.499999999996,43.1250000000015,0.5086011234892
1213,163,-74.4583333333293,43.1250000000015,0.569833146011663
1214,163,-74.4166666666626,43.1250000000015,0.426391391960011
1215,163,-74.3749999999959,43.1250000000015,0.52359658648952
1216,163,-74.3333333333293,43.1250000000015,0.633116098637017
1217,163,-74.2916666666626,43.1250000000015,0.575797410519698
1218,163,-74.2499999999959,43.1250000000015,0.473746233215607
1219,163,-74.2083333333293,43.1250000000015,0.00583111149512948
1220,163,-74.1666666666626,43.1250000000015,0.0731994542216352
1221,163,-74.1249999999959,43.1250000000015,0.441977979261599
1222,163,-74.0833333333293,43.1250000000015,0.535257676087575
1223,163,-74.0416666666626,43.1250000000015,0.534573410303734
1224,163,-73.9999999999959,43.1250000000015,0.55792473670642
1225,163,-73.9583333333293,43.1250000000015,0.623822504912869
1226,163,-73.9166666666626,43.1250000000015,0.532594757421408
1227,163,-73.8749999999959,43.1250000000015,0.506241680349401
1228,163,-73.8333333333292,43.1250000000015,0.531888220170427
1229,163,-73.7916666666626,43.1250000000015,0.575213594070174
1230,163,-73.7499999999959,43.1250000000015,0.50889532988112
1231,163,-73.7083333333292,43.1250000000015,0.558195771267722
1232,163,-73.6666666666626,43.1250000000015,0.571661818369647
1233,163,-73.6249999999959,43.1250000000015,0.388036543435904
1234,163,-73.5833333333292,43.1250000000015,0.422405645142762
1235,163,-73.5416666666625,43.1250000000015,0.4487880655652
1236,163,-73.4999999999959,43.1250000000015,0.518001005474751
1237,163,-73.4583333333292,43.1250000000015,0.520991660082015
1238,163,-73.4166666666625,43.1250000000015,0.452004506498702
1239,163,-73.3749999999959,43.1250000000015,0.447055225199365
1240,163,-73.3333333333292,43.1250000000015,0.532791305483122
1241,163,-73.2916666666625,43.1250000000015,0.589687963038765
1242,163,-73.2499999999959,43.1250000000015,0.637782708986439
1102,164,-79.0833333333296,43.0833333333348,0.420419960381194
1103,164,-79.041666666663,43.0833333333348,0.433178579058363
1104,164,-78.9999999999963,43.0833333333348,0.428775633560487
1105,164,-78.9583333333296,43.0833333333348,0.479444258463326
1106,164,-78.916666666663,43.0833333333348,0.432617300093384
1107,164,-78.8749999999963,43.0833333333348,0.459636020324102
1108,164,-78.8333333333296,43.0833333333348,0.393765138198015
1109,164,-78.791666666663,43.0833333333348,0.484534972401808
1110,164,-78.7499999999963,43.0833333333348,0.462293555821623
1111,164,-78.7083333333296,43.0833333333348,0.543155316171869
1112,164,-78.666666666663,43.0833333333348,0.524833507052335
1113,164,-78.6249999999963,43.0833333333348,0.50784700306444
1114,164,-78.5833333333296,43.0833333333348,0.42872788174589
1115,164,-78.5416666666629,43.0833333333348,0.488476754434504
1116,164,-78.4999999999963,43.0833333333348,0.509960442044545
1117,164,-78.4583333333296,43.0833333333348,0.577495361384656
1118,164,-78.4166666666629,43.0833333333348,0.390744977538674
1119,164,-78.3749999999963,43.0833333333348,0.320837647177035
1120,164,-78.3333333333296,43.0833333333348,0.270753334578068
1121,164,-78.2916666666629,43.0833333333348,0.315013472063835
1122,164,-78.2499999999962,43.0833333333348,0.287663638853025
1123,164,-78.2083333333296,43.0833333333348,0.308908448170719
1124,164,-78.1666666666629,43.0833333333348,0.321294144372307
1125,164,-78.1249999999962,43.0833333333348,0.306796044117227
1126,164,-78.0833333333296,43.0833333333348,0.322802474232613
1127,164,-78.0416666666629,43.0833333333348,0.350284205161691
1128,164,-77.9999999999962,43.0833333333348,0.37790686725887
1129,164,-77.9583333333296,43.0833333333348,0.408113769742052
1130,164,-77.9166666666629,43.0833333333348,0.388792906177249
1131,164,-77.8749999999962,43.0833333333348,0.385951258537524
1132,164,-77.8333333333295,43.0833333333348,0.460028857699901
1133,164,-77.7916666666629,43.0833333333348,0.503066483483083
1134,164,-77.7499999999962,43.0833333333348,0.450396570490732
1135,164,-77.7083333333295,43.0833333333348,0.48308319498563
1136,164,-77.6666666666629,43.0833333333348,0.476356074546105
1137,164,-77.6249999999962,43.0833333333348,0.452699433344825
1138,164,-77.5833333333295,43.0833333333348,0.487448041466382
1139,164,-77.5416666666629,43.0833333333348,0.47844663969596
1140,164,-77.4999999999962,43.0833333333348,0.466803984878569
1141,164,-77.4583333333295,43.0833333333348,0.495044700829974
1142,164,-77.4166666666628,43.0833333333348,0.500154639395416
1143,164,-77.3749999999962,43.0833333333348,0.432654359316181
1144,164,-77.3333333333295,43.0833333333348,0.399731518839467
1145,164,-77.2916666666628,43.0833333333348,0.417522495673641
1146,164,-77.2499999999962,43.0833333333348,0.434186169165552
1147,164,-77.2083333333295,43.0833333333348,0.500778447312255
1148,164,-77.1666666666628,43.0833333333348,0.478288566197514
1149,164,-77.1249999999962,43.0833333333348,0.445055804834599
1150,164,-77.0833333333295,43.0833333333348,0.417924230171608
1151,164,-77.0416666666628,43.0833333333348,0.427507854547635
1152,164,-76.9999999999961,43.0833333333348,0.429227832255664
1153,164,-76.9583333333295,43.0833333333348,0.46324086959095
1154,164,-76.9166666666628,43.0833333333348,0.445593243990868
1155,164,-76.8749999999961,43.0833333333348,0.446475879818116
1156,164,-76.8333333333295,43.0833333333348,0.459902308783945
1157,164,-76.7916666666628,43.0833333333348,0.482760499697499
1158,164,-76.7499999999961,43.0833333333348,0.386918114938674
1159,164,-76.7083333333295,43.0833333333348,0.475571975012062
1160,164,-76.6666666666628,43.0833333333348,0.519419134700708
1161,164,-76.6249999999961,43.0833333333348,0.440948773598365
1162,164,-76.5833333333294,43.0833333333348,0.433339584903824
1163,164,-76.5416666666628,43.0833333333348,0.408155278686466
1164,164,-76.4999999999961,43.0833333333348,0.438767247450736
1165,164,-76.4583333333294,43.0833333333348,0.439021410559056
1166,164,-76.4166666666628,43.0833333333348,0.472119500438088
1167,164,-76.3749999999961,43.0833333333348,0.45833270924489
1168,164,-76.3333333333294,43.0833333333348,0.498714532519992
1169,164,-76.2916666666628,43.0833333333348,0.509356331739863
1170,164,-76.2499999999961,43.0833333333348,0.478524951747107
1171,164,-76.2083333333294,43.0833333333348,0.222821681600246
1172,164,-76.1666666666627,43.0833333333348,0.413818041066865
1173,164,-76.1249999999961,43.0833333333348,0.465208369646159
1174,164,-76.0833333333294,43.0833333333348,0.457082161949554
1175,164,-76.0416666666627,43.0833333333348,0.535601119812625
1176,164,-75.9999999999961,43.0833333333348,0.55902513061309
1177,164,-75.9583333333294,43.0833333333348,0.518571612802342
1178,164,-75.9166666666627,43.0833333333348,0.551673270656933
1179,164,-75.8749999999961,43.0833333333348,0.571570535364499
1180,164,-75.8333333333294,43.0833333333348,0.471341496337643
1181,164,-75.7916666666627,43.0833333333348,0.448891534365581
1182,164,-75.749999999996,43.0833333333348,0.499838402593732
1183,164,-75.7083333333294,43.0833333333348,0.450955376975066
1184,164,-75.6666666666627,43.0833333333348,0.506009534745213
1185,164,-75.624999999996,43.0833333333348,0.535918933629791
1186,164,-75.5833333333294,43.0833333333348,0.433364475433499
1187,164,-75.5416666666627,43.0833333333348,0.451747534732985
1188,164,-75.499999999996,43.0833333333348,0.478030265690092
1189,164,-75.4583333333294,43.0833333333348,0.47237781316433
1190,164,-75.4166666666627,43.0833333333348,0.460617590377797
1191,164,-75.374999999996,43.0833333333348,0.501712354603504
1192,164,-75.3333333333293,43.0833333333348,0.564587034863576
1193,164,-75.2916666666627,43.0833333333348,0.509780278524064
1194,164,-75.249999999996,43.0833333333348,0.512772631727892
1195,164,-75.2083333333293,43.0833333333348,0.519295689244767
1196,164,-75.1666666666627,43.0833333333348,0.500679078609349
1197,164,-75.124999999996,43.0833333333348,0.445177257902082
1198,164,-75.0833333333293,43.0833333333348,0.447084513820398
1199,164,-75.0416666666627,43.0833333333348,0.52993850834622
1200,164,-74.999999999996,43.0833333333348,0.52687801683374
1201,164,-74.9583333333293,43.0833333333348,0.416113544433947
1202,164,-74.9166666666626,43.0833333333348,0.394007288071086
1203,164,-74.874999999996,43.0833333333348,0.350801085172789
1204,164,-74.8333333333293,43.0833333333348,0.422847366014283
1205,164,-74.7916666666626,43.0833333333348,0.408944906802094
1206,164,-74.749999999996,43.0833333333348,0.476513941080488
1207,164,-74.7083333333293,43.0833333333348,0.538755405034582
1208,164,-74.6666666666626,43.0833333333348,0.567309900422282
1209,164,-74.624999999996,43.0833333333348,0.587064071104974
1210,164,-74.5833333333293,43.0833333333348,0.57556425068049
1211,164,-74.5416666666626,43.0833333333348,0.625405044264421
1212,164,-74.499999999996,43.0833333333348,0.577738734647528
1213,164,-74.4583333333293,43.0833333333348,0.555661253527753
1214,164,-74.4166666666626,43.0833333333348,0.576435587528448
1215,164,-74.3749999999959,43.0833333333348,0.581710469320738
1216,164,-74.3333333333293,43.0833333333348,0.543496018056371
1217,164,-74.2916666666626,43.0833333333348,0.475892350838398
1218,164,-74.2499999999959,43.0833333333348,0.430594642610109
1219,164,-74.2083333333293,43.0833333333348,0.244033748482191
1220,164,-74.1666666666626,43.0833333333348,0.481530811853057
1221,164,-74.1249999999959,43.0833333333348,0.474732090826806
1222,164,-74.0833333333293,43.0833333333348,0.491006367855564
1223,164,-74.0416666666626,43.0833333333348,0.521410903346739
1224,164,-73.9999999999959,43.0833333333348,0.555931084205157
1225,164,-73.9583333333293,43.0833333333348,0.534764677003512
1226,164,-73.9166666666626,43.0833333333348,0.518704426062312
1227,164,-73.8749999999959,43.0833333333348,0.560175623676419
1228,164,-73.8333333333292,43.0833333333348,0.542202199682398
1229,164,-73.7916666666626,43.0833333333348,0.477469713786173
1230,164,-73.7499999999959,43.0833333333348,0.511546403103029
1231,164,-73.7083333333292,43.0833333333348,0.550071939247077
1232,164,-73.6666666666626,43.0833333333348,0.478095879123229
1233,164,-73.6249999999959,43.0833333333348,0.511641847533961
1234,164,-73.5833333333292,43.0833333333348,0.42796690527566
1235,164,-73.5416666666625,43.0833333333348,0.420694438607954
1236,164,-73.4999999999959,43.0833333333348,0.503806465366451
1237,164,-73.4583333333292,43.0833333333348,0.454530125475973
1238,164,-73.4166666666625,43.0833333333348,0.545227538153755
1239,164,-73.3749999999959,43.0833333333348,0.536935470943648
1240,164,-73.3333333333292,43.0833333333348,0.4816421346076
1241,164,-73.2916666666625,43.0833333333348,0.624337354471295
1242,164,-73.2499999999959,43.0833333333348,0.640430678004697
1104,165,-78.9999999999963,43.0416666666681,0.524113850060973
1105,165,-78.9583333333296,43.0416666666681,0.550266341661233
1106,165,-78.916666666663,43.0416666666681,0.547706258934913
1107,165,-78.8749999999963,43.0416666666681,0.470216161475587
1108,165,-78.8333333333296,43.0416666666681,0.499941155556755
1109,165,-78.791666666663,43.0416666666681,0.536527532307519
1110,165,-78.7499999999963,43.0416666666681,0.488056239650086
1111,165,-78.7083333333296,43.0416666666681,0.531267895748482
1112,165,-78.666666666663,43.0416666666681,0.467162715122944
1113,165,-78.6249999999963,43.0416666666681,0.48001042575982
1114,165,-78.5833333333296,43.0416666666681,0.448129903065347
1115,165,-78.5416666666629,43.0416666666681,0.381718070891763
1116,165,-78.4999999999963,43.0416666666681,0.406048746039986
1117,165,-78.4583333333296,43.0416666666681,0.396083242603353
1118,165,-78.4166666666629,43.0416666666681,0.463203791075677
1119,165,-78.3749999999963,43.0416666666681,0.259442426370979
1120,165,-78.3333333333296,43.0416666666681,0.280251491140455
1121,165,-78.2916666666629,43.0416666666681,0.332185984715196
1122,165,-78.2499999999962,43.0416666666681,0.344222814306263
1123,165,-78.2083333333296,43.0416666666681,0.254912006587882
1124,165,-78.1666666666629,43.0416666666681,0.283852107858307
1125,165,-78.1249999999962,43.0416666666681,0.331407370600233
1126,165,-78.0833333333296,43.0416666666681,0.309399950077995
1127,165,-78.0416666666629,43.0416666666681,0.283626684529233
1128,165,-77.9999999999962,43.0416666666681,0.41022068655835
1129,165,-77.9583333333296,43.0416666666681,0.382835001936928
1130,165,-77.9166666666629,43.0416666666681,0.346572613321196
1131,165,-77.8749999999962,43.0416666666681,0.344682016713903
1132,165,-77.8333333333295,43.0416666666681,0.365266567348342
1133,165,-77.7916666666629,43.0416666666681,0.31842420478448
1134,165,-77.7499999999962,43.0416666666681,0.38803538003488
1135,165,-77.7083333333295,43.0416666666681,0.378282512168241
1136,165,-77.6666666666629,43.0416666666681,0.42977913199903
1137,165,-77.6249999999962,43.0416666666681,0.466046549216836
1138,165,-77.5833333333295,43.0416666666681,0.454226630172755
1139,165,-77.5416666666629,43.0416666666681,0.43219265741956
1140,165,-77.4999999999962,43.0416666666681,0.474157644130176
1141,165,-77.4583333333295,43.0416666666681,0.53518921891772
1142,165,-77.4166666666628,43.0416666666681,0.550770994064202
1143,165,-77.3749999999962,43.0416666666681,0.447573258614477
1144,165,-77.3333333333295,43.0416666666681,0.417572117987783
1145,165,-77.2916666666628,43.0416666666681,0.441822510178722
1146,165,-77.2499999999962,43.0416666666681,0.464963248915831
1147,165,-77.2083333333295,43.0416666666681,0.389694489954202
1148,165,-77.1666666666628,43.0416666666681,0.418404700261512
1149,165,-77.1249999999962,43.0416666666681,0.397259832743386
1150,165,-77.0833333333295,43.0416666666681,0.478874771995187
1151,165,-77.0416666666628,43.0416666666681,0.42735120017801
1152,165,-76.9999999999961,43.0416666666681,0.295883108127747
1153,165,-76.9583333333295,43.0416666666681,0.396487228657694
1154,165,-76.9166666666628,43.0416666666681,0.439885552039152
1155,165,-76.8749999999961,43.0416666666681,0.421930814930977
1156,165,-76.8333333333295,43.0416666666681,0.414765325783625
1157,165,-76.7916666666628,43.0416666666681,0.422626977603826
1158,165,-76.7499999999961,43.0416666666681,0.394948837748235
1159,165,-76.7083333333295,43.0416666666681,0.398641476311432
1160,165,-76.6666666666628,43.0416666666681,0.37649567367394
1161,165,-76.6249999999961,43.0416666666681,0.501558378647743
1162,165,-76.5833333333294,43.0416666666681,0.414162628789105
1163,165,-76.5416666666628,43.0416666666681,0.43021712698478
1164,165,-76.4999999999961,43.0416666666681,0.450413408530371
1165,165,-76.4583333333294,43.0416666666681,0.418530342597322
1166,165,-76.4166666666628,43.0416666666681,0.446491802270204
1167,165,-76.3749999999961,43.0416666666681,0.370325826489049
1168,165,-76.3333333333294,43.0416666666681,0.53595873948932
1169,165,-76.2916666666628,43.0416666666681,0.524039855090042
1170,165,-76.2499999999961,43.0416666666681,0.529600374982926
1171,165,-76.2083333333294,43.0416666666681,0.509507669083551
1172,165,-76.1666666666627,43.0416666666681,0.423629375958779
1173,165,-76.1249999999961,43.0416666666681,0.45164139247112
1174,165,-76.0833333333294,43.0416666666681,0.487134678944452
1175,165,-76.0416666666627,43.0416666666681,0.513067699678677
1176,165,-75.9999999999961,43.0416666666681,0.526852779579373
1177,165,-75.9583333333294,43.0416666666681,0.494949842482787
1178,165,-75.9166666666627,43.0416666666681,0.453215622428758
1179,165,-75.8749999999961,43.0416666666681,0.50005757507232
1180,165,-75.8333333333294,43.0416666666681,0.48073744888896
1181,165,-75.7916666666627,43.0416666666681,0.371603008468265
1182,165,-75.749999999996,43.0416666666681,0.428215987589981
1183,165,-75.7083333333294,43.0416666666681,0.445013694055957
1184,165,-75.6666666666627,43.0416666666681,0.511327329948609
1185,165,-75.624999999996,43.0416666666681,0.447223535322772
1186,165,-75.5833333333294,43.0416666666681,0.407063257475275
1187,165,-75.5416666666627,43.0416666666681,0.446164323652602
1188,165,-75.499999999996,43.0416666666681,0.409258693146885
1189,165,-75.4583333333294,43.0416666666681,0.367558744334013
1190,165,-75.4166666666627,43.0416666666681,0.515067434015825
1191,165,-75.374999999996,43.0416666666681,0.475606328996681
1192,165,-75.3333333333293,43.0416666666681,0.475861593666222
1193,165,-75.2916666666627,43.0416666666681,0.472368633474852
1194,165,-75.249999999996,43.0416666666681,0.49619054457165
1195,165,-75.2083333333293,43.0416666666681,0.506038670437694
1196,165,-75.1666666666627,43.0416666666681,0.587046468811556
1197,165,-75.124999999996,43.0416666666681,0.564882507751473
1198,165,-75.0833333333293,43.0416666666681,0.478710854221436
1199,165,-75.0416666666627,43.0416666666681,0.566073223197447
1200,165,-74.999999999996,43.0416666666681,0.519422255416769
1201,165,-74.9583333333293,43.0416666666681,0.470168977376829
1202,165,-74.9166666666626,43.0416666666681,0.441646677515701
1203,165,-74.874999999996,43.0416666666681,0.455341557720861
1204,165,-74.8333333333293,43.0416666666681,0.434497343665531
1205,165,-74.7916666666626,43.0416666666681,0.352340461818736
1206,165,-74.749999999996,43.0416666666681,0.374214859580667
1207,165,-74.7083333333293,43.0416666666681,0.37719619518169
1208,165,-74.6666666666626,43.0416666666681,0.47862495519176
1209,165,-74.624999999996,43.0416666666681,0.529517776500372
1210,165,-74.5833333333293,43.0416666666681,0.592728328913392
1211,165,-74.5416666666626,43.0416666666681,0.589387352332752
1212,165,-74.499999999996,43.0416666666681,0.541716910768991
1213,165,-74.4583333333293,43.0416666666681,0.514553152828692
1214,165,-74.4166666666626,43.0416666666681,0.528704266297993
1215,165,-74.3749999999959,43.0416666666681,0.4829087281663
1216,165,-74.3333333333293,43.0416666666681,0.467168595032134
1217,165,-74.2916666666626,43.0416666666681,0.466185001877311
1218,165,-74.2499999999959,43.0416666666681,0.445898331562225
1219,165,-74.2083333333293,43.0416666666681,0.495015541472409
1220,165,-74.1666666666626,43.0416666666681,0.473813105572978
1221,165,-74.1249999999959,43.0416666666681,0.487486065199373
1222,165,-74.0833333333293,43.0416666666681,0.440670584786827
1223,165,-74.0416666666626,43.0416666666681,0.514757378599858
1224,165,-73.9999999999959,43.0416666666681,0.502330287911259
1225,165,-73.9583333333293,43.0416666666681,0.526073508072121
1226,165,-73.9166666666626,43.0416666666681,0.570366129469422
1227,165,-73.8749999999959,43.0416666666681,0.536230624224756
1228,165,-73.8333333333292,43.0416666666681,0.546133401467065
1229,165,-73.7916666666626,43.0416666666681,0.556919741428664
1230,165,-73.7499999999959,43.0416666666681,0.398452164886832
1231,165,-73.7083333333292,43.0416666666681,0.392368052465203
1232,165,-73.6666666666626,43.0416666666681,0.483543139554628
1233,165,-73.6249999999959,43.0416666666681,0.446784325709002
1234,165,-73.5833333333292,43.0416666666681,0.404120735287352
1235,165,-73.5416666666625,43.0416666666681,0.45055186721708
1236,165,-73.4999999999959,43.0416666666681,0.488468182891389
1237,165,-73.4583333333292,43.0416666666681,0.466382297890566
1238,165,-73.4166666666625,43.0416666666681,0.489745227133384
1239,165,-73.3749999999959,43.0416666666681,0.503077152485414
1240,165,-73.3333333333292,43.0416666666681,0.575521332425236
1241,165,-73.2916666666625,43.0416666666681,0.632132971862467
1242,165,-73.2499999999959,43.0416666666681,0.696527719497681
1105,166,-78.9583333333296,43.0000000000015,0.547553438381594
1106,166,-78.916666666663,43.0000000000015,0.492199718437225
1107,166,-78.8749999999963,43.0000000000015,0.465865641663682
1108,166,-78.8333333333296,43.0000000000015,0.478202076308717
1109,166,-78.791666666663,43.0000000000015,0.46608134831567
1110,166,-78.7499999999963,43.0000000000015,0.50330611159532
1111,166,-78.7083333333296,43.0000000000015,0.48960478198181
1112,166,-78.666666666663,43.0000000000015,0.492379236427182
1113,166,-78.6249999999963,43.0000000000015,0.479512291730705
1114,166,-78.5833333333296,43.0000000000015,0.413433628556643
1115,166,-78.5416666666629,43.0000000000015,0.43727267736219
1116,166,-78.4999999999963,43.0000000000015,0.445441276611948
1117,166,-78.4583333333296,43.0000000000015,0.508267467308469
1118,166,-78.4166666666629,43.0000000000015,0.469248227257411
1119,166,-78.3749999999963,43.0000000000015,0.468444473661261
1120,166,-78.3333333333296,43.0000000000015,0.451582957745444
1121,166,-78.2916666666629,43.0000000000015,0.441992407347039
1122,166,-78.2499999999962,43.0000000000015,0.439412666484927
1123,166,-78.2083333333296,43.0000000000015,0.431420190363964
1124,166,-78.1666666666629,43.0000000000015,0.432604761436603
1125,166,-78.1249999999962,43.0000000000015,0.359989180975867
1126,166,-78.0833333333296,43.0000000000015,0.284877514831329
1127,166,-78.0416666666629,43.0000000000015,0.290603315757392
1128,166,-77.9999999999962,43.0000000000015,0.402352010256681
1129,166,-77.9583333333296,43.0000000000015,0.44925772156157
1130,166,-77.9166666666629,43.0000000000015,0.449079860318372
1131,166,-77.8749999999962,43.0000000000015,0.398785084530351
1132,166,-77.8333333333295,43.0000000000015,0.341037184056304
1133,166,-77.7916666666629,43.0000000000015,0.354751125576602
1134,166,-77.7499999999962,43.0000000000015,0.305344108382324
1135,166,-77.7083333333295,43.0000000000015,0.405232452214661
1136,166,-77.6666666666629,43.0000000000015,0.396770790042765
1137,166,-77.6249999999962,43.0000000000015,0.431120455473119
1138,166,-77.5833333333295,43.0000000000015,0.470296206173535
1139,166,-77.5416666666629,43.0000000000015,0.491965378610167
1140,166,-77.4999999999962,43.0000000000015,0.42832296387451
1141,166,-77.4583333333295,43.0000000000015,0.490869784384669
1142,166,-77.4166666666628,43.0000000000015,0.496441524677894
1143,166,-77.3749999999962,43.0000000000015,0.432204836889105
1144,166,-77.3333333333295,43.0000000000015,0.410202739035272
1145,166,-77.2916666666628,43.0000000000015,0.387694689072178
1146,166,-77.2499999999962,43.0000000000015,0.435764005647454
1147,166,-77.2083333333295,43.0000000000015,0.41202471347359
1148,166,-77.1666666666628,43.0000000000015,0.398773924339283
1149,166,-77.1249999999962,43.0000000000015,0.300617626127576
1150,166,-77.0833333333295,43.0000000000015,0.346416246606881
1151,166,-77.0416666666628,43.0000000000015,0.370806613869644
1152,166,-76.9999999999961,43.0000000000015,0.294838443202363
1153,166,-76.9583333333295,43.0000000000015,0.382714658610598
1154,166,-76.9166666666628,43.0000000000015,0.308926271896847
1155,166,-76.8749999999961,43.0000000000015,0.346908223823257
1156,166,-76.8333333333295,43.0000000000015,0.352104247114348
1157,166,-76.7916666666628,43.0000000000015,0.374770825268496
1158,166,-76.7499999999961,43.0000000000015,0.344842923240941
1159,166,-76.7083333333295,43.0000000000015,0.43084043232581
1160,166,-76.6666666666628,43.0000000000015,0.40461846120392
1161,166,-76.6249999999961,43.0000000000015,0.448474273990323
1162,166,-76.5833333333294,43.0000000000015,0.460976321794689
1163,166,-76.5416666666628,43.0000000000015,0.500769002740987
1164,166,-76.4999999999961,43.0000000000015,0.392690766692482
1165,166,-76.4583333333294,43.0000000000015,0.407646824609494
1166,166,-76.4166666666628,43.0000000000015,0.432512024074836
1167,166,-76.3749999999961,43.0000000000015,0.470790540824763
1168,166,-76.3333333333294,43.0000000000015,0.550635324880289
1169,166,-76.2916666666628,43.0000000000015,0.474998151418381
1170,166,-76.2499999999961,43.0000000000015,0.494664768507575
1171,166,-76.2083333333294,43.0000000000015,0.521503014322732
1172,166,-76.1666666666627,43.0000000000015,0.546658476638552
1173,166,-76.1249999999961,43.0000000000015,0.516570200187037
1174,166,-76.0833333333294,43.0000000000015,0.529929756332786
1175,166,-76.0416666666627,43.0000000000015,0.511653720901077
1176,166,-75.9999999999961,43.0000000000015,0.566596356178063
1177,166,-75.9583333333294,43.0000000000015,0.521068547005666
1178,166,-75.9166666666627,43.0000000000015,0.439486537297107
1179,166,-75.8749999999961,43.0000000000015,0.502296333479832
1180,166,-75.8333333333294,43.0000000000015,0.512506593515021
1181,166,-75.7916666666627,43.0000000000015,0.413708180706759
1182,166,-75.749999999996,43.0000000000015,0.402278053691959
1183,166,-75.7083333333294,43.0000000000015,0.522346763853863
1184,166,-75.6666666666627,43.0000000000015,0.515748363936931
1185,166,-75.624999999996,43.0000000000015,0.412549142407757
1186,166,-75.5833333333294,43.0000000000015,0.422349979816929
1187,166,-75.5416666666627,43.0000000000015,0.382545079639581
1188,166,-75.499999999996,43.0000000000015,0.382089678635992
1189,166,-75.4583333333294,43.0000000000015,0.351605567737517
1190,166,-75.4166666666627,43.0000000000015,0.427120488373449
1191,166,-75.374999999996,43.0000000000015,0.391964108284792
1192,166,-75.3333333333293,43.0000000000015,0.366755755675246
1193,166,-75.2916666666627,43.0000000000015,0.434780820740363
1194,166,-75.249999999996,43.0000000000015,0.494057301279402
1195,166,-75.2083333333293,43.0000000000015,0.424900402191741
1196,166,-75.1666666666627,43.0000000000015,0.450295916434678
1197,166,-75.124999999996,43.0000000000015,0.47084679262545
1198,166,-75.0833333333293,43.0000000000015,0.552025484786979
1199,166,-75.0416666666627,43.0000000000015,0.538170952113913
1200,166,-74.999999999996,43.0000000000015,0.53426083906611
1201,166,-74.9583333333293,43.0000000000015,0.543707597316093
1202,166,-74.9166666666626,43.0000000000015,0.523189779358661
1203,166,-74.874999999996,43.0000000000015,0.476460065418042
1204,166,-74.8333333333293,43.0000000000015,0.450058703938438
1205,166,-74.7916666666626,43.0000000000015,0.404975194235614
1206,166,-74.749999999996,43.0000000000015,0.366999835548394
1207,166,-74.7083333333293,43.0000000000015,0.425752039517145
1208,166,-74.6666666666626,43.0000000000015,0.433851178175049
1209,166,-74.624999999996,43.0000000000015,0.398453435853859
1210,166,-74.5833333333293,43.0000000000015,0.460401062242292
1211,166,-74.5416666666626,43.0000000000015,0.440172435616661
1212,166,-74.499999999996,43.0000000000015,0.495153045297863
1213,166,-74.4583333333293,43.0000000000015,0.468564666854972
1214,166,-74.4166666666626,43.0000000000015,0.393434119801285
1215,166,-74.3749999999959,43.0000000000015,0.449423857071198
1216,166,-74.3333333333293,43.0000000000015,0.406865881392458
1217,166,-74.2916666666626,43.0000000000015,0.43084316415107
1218,166,-74.2499999999959,43.0000000000015,0.462080342737968
1219,166,-74.2083333333293,43.0000000000015,0.455825864980474
1220,166,-74.1666666666626,43.0000000000015,0.486789444260521
1221,166,-74.1249999999959,43.0000000000015,0.442427704578988
1222,166,-74.0833333333293,43.0000000000015,0.478858002191914
1223,166,-74.0416666666626,43.0000000000015,0.507424521352264
1224,166,-73.9999999999959,43.0000000000015,0.488996720085105
1225,166,-73.9583333333293,43.0000000000015,0.538389244705821
1226,166,-73.9166666666626,43.0000000000015,0.532429826344032
1227,166,-73.8749999999959,43.0000000000015,0.535865802492877
1228,166,-73.8333333333292,43.0000000000015,0.565012371296322
1229,166,-73.7916666666626,43.0000000000015,0.558074330099698
1230,166,-73.7499999999959,43.0000000000015,0.244814729895909
1231,166,-73.7083333333292,43.0000000000015,0.515097168601151
1232,166,-73.6666666666626,43.0000000000015,0.476833725478687
1233,166,-73.6249999999959,43.0000000000015,0.479470684158218
1234,166,-73.5833333333292,43.0000000000015,0.422476990926419
1235,166,-73.5416666666625,43.0000000000015,0.420216903748847
1236,166,-73.4999999999959,43.0000000000015,0.44312486845451
1237,166,-73.4583333333292,43.0000000000015,0.465336968631605
1238,166,-73.4166666666625,43.0000000000015,0.501692903454553
1239,166,-73.3749999999959,43.0000000000015,0.525760443312149
1240,166,-73.3333333333292,43.0000000000015,0.641625198674302
1241,166,-73.2916666666625,43.0000000000015,0.587388340523505
1242,166,-73.2499999999959,43.0000000000015,NA
1105,167,-78.9583333333296,42.9583333333348,0.528399259250314
1106,167,-78.916666666663,42.9583333333348,0.420068126548341
1107,167,-78.8749999999963,42.9583333333348,0.424536894183858
1108,167,-78.8333333333296,42.9583333333348,0.467919723146262
1109,167,-78.791666666663,42.9583333333348,0.479872260306188
1110,167,-78.7499999999963,42.9583333333348,0.467562485039677
1111,167,-78.7083333333296,42.9583333333348,0.476931410182135
1112,167,-78.666666666663,42.9583333333348,0.493041385166093
1113,167,-78.6249999999963,42.9583333333348,0.499537229026687
1114,167,-78.5833333333296,42.9583333333348,0.500962500037689
1115,167,-78.5416666666629,42.9583333333348,0.468400195534123
1116,167,-78.4999999999963,42.9583333333348,0.454191297291005
1117,167,-78.4583333333296,42.9583333333348,0.471090062723257
1118,167,-78.4166666666629,42.9583333333348,0.424208754470995
1119,167,-78.3749999999963,42.9583333333348,0.455010163657735
1120,167,-78.3333333333296,42.9583333333348,0.404004641588814
1121,167,-78.2916666666629,42.9583333333348,0.435522866937683
1122,167,-78.2499999999962,42.9583333333348,0.453673952380605
1123,167,-78.2083333333296,42.9583333333348,0.481867100999781
1124,167,-78.1666666666629,42.9583333333348,0.395356833513857
1125,167,-78.1249999999962,42.9583333333348,0.354241767155679
1126,167,-78.0833333333296,42.9583333333348,0.366094107486289
1127,167,-78.0416666666629,42.9583333333348,0.324402695333477
1128,167,-77.9999999999962,42.9583333333348,0.388758063418601
1129,167,-77.9583333333296,42.9583333333348,0.281054515999864
1130,167,-77.9166666666629,42.9583333333348,0.288402996728067
1131,167,-77.8749999999962,42.9583333333348,0.361831261177376
1132,167,-77.8333333333295,42.9583333333348,0.311820759235841
1133,167,-77.7916666666629,42.9583333333348,0.337929321065617
1134,167,-77.7499999999962,42.9583333333348,0.31151574536293
1135,167,-77.7083333333295,42.9583333333348,0.334187853544765
1136,167,-77.6666666666629,42.9583333333348,0.478394126833286
1137,167,-77.6249999999962,42.9583333333348,0.433920382928518
1138,167,-77.5833333333295,42.9583333333348,0.432663267179322
1139,167,-77.5416666666629,42.9583333333348,0.424644586566948
1140,167,-77.4999999999962,42.9583333333348,0.508304347357647
1141,167,-77.4583333333295,42.9583333333348,0.478400848980997
1142,167,-77.4166666666628,42.9583333333348,0.448026088068317
1143,167,-77.3749999999962,42.9583333333348,0.411292688970209
1144,167,-77.3333333333295,42.9583333333348,0.374254491974166
1145,167,-77.2916666666628,42.9583333333348,0.370828458281453
1146,167,-77.2499999999962,42.9583333333348,0.402628680183168
1147,167,-77.2083333333295,42.9583333333348,0.426893746481836
1148,167,-77.1666666666628,42.9583333333348,0.366052820504707
1149,167,-77.1249999999962,42.9583333333348,0.407824615721822
1150,167,-77.0833333333295,42.9583333333348,0.35819488151365
1151,167,-77.0416666666628,42.9583333333348,0.355115807071767
1152,167,-76.9999999999961,42.9583333333348,0.403489263816766
1153,167,-76.9583333333295,42.9583333333348,0.400178911436582
1154,167,-76.9166666666628,42.9583333333348,0.324482785762413
1155,167,-76.8749999999961,42.9583333333348,0.388903568189486
1156,167,-76.8333333333295,42.9583333333348,0.423571382033883
1157,167,-76.7916666666628,42.9583333333348,0.348989760206952
1158,167,-76.7499999999961,42.9583333333348,0.457299095202362
1159,167,-76.7083333333295,42.9583333333348,0.456983825329695
1160,167,-76.6666666666628,42.9583333333348,0.400517928820002
1161,167,-76.6249999999961,42.9583333333348,0.410813858842299
1162,167,-76.5833333333294,42.9583333333348,0.487173762443027
1163,167,-76.5416666666628,42.9583333333348,0.412774827689645
1164,167,-76.4999999999961,42.9583333333348,0.448326691717577
1165,167,-76.4583333333294,42.9583333333348,0.438617310607071
1166,167,-76.4166666666628,42.9583333333348,0.43209101388991
1167,167,-76.3749999999961,42.9583333333348,0.394855132861589
1168,167,-76.3333333333294,42.9583333333348,0.494760249158167
1169,167,-76.2916666666628,42.9583333333348,0.417363492417391
1170,167,-76.2499999999961,42.9583333333348,0.497749567671845
1171,167,-76.2083333333294,42.9583333333348,0.476884946984529
1172,167,-76.1666666666627,42.9583333333348,0.57505917692989
1173,167,-76.1249999999961,42.9583333333348,0.579907607257554
1174,167,-76.0833333333294,42.9583333333348,0.50916015695008
1175,167,-76.0416666666627,42.9583333333348,0.556944685252167
1176,167,-75.9999999999961,42.9583333333348,0.471311825463223
1177,167,-75.9583333333294,42.9583333333348,0.510346619788752
1178,167,-75.9166666666627,42.9583333333348,0.559645739856313
1179,167,-75.8749999999961,42.9583333333348,0.459361728742236
1180,167,-75.8333333333294,42.9583333333348,0.49005622417033
1181,167,-75.7916666666627,42.9583333333348,0.403274833208362
1182,167,-75.749999999996,42.9583333333348,0.499919069227094
1183,167,-75.7083333333294,42.9583333333348,0.489082962671688
1184,167,-75.6666666666627,42.9583333333348,0.39191098812992
1185,167,-75.624999999996,42.9583333333348,0.442631821344418
1186,167,-75.5833333333294,42.9583333333348,0.485773503749685
1187,167,-75.5416666666627,42.9583333333348,0.376135093585026
1188,167,-75.499999999996,42.9583333333348,0.41173232099301
1189,167,-75.4583333333294,42.9583333333348,0.427616197613944
1190,167,-75.4166666666627,42.9583333333348,0.430974051411704
1191,167,-75.374999999996,42.9583333333348,0.339931843415827
1192,167,-75.3333333333293,42.9583333333348,0.373848816042481
1193,167,-75.2916666666627,42.9583333333348,0.357681722812459
1194,167,-75.249999999996,42.9583333333348,0.45159354521774
1195,167,-75.2083333333293,42.9583333333348,0.436227001328594
1196,167,-75.1666666666627,42.9583333333348,0.439596005337233
1197,167,-75.124999999996,42.9583333333348,0.407191898992523
1198,167,-75.0833333333293,42.9583333333348,0.482024941638353
1199,167,-75.0416666666627,42.9583333333348,0.495747996244273
1200,167,-74.999999999996,42.9583333333348,0.502422733770666
1201,167,-74.9583333333293,42.9583333333348,0.5561259022291
1202,167,-74.9166666666626,42.9583333333348,0.460900554522304
1203,167,-74.874999999996,42.9583333333348,0.539368505857917
1204,167,-74.8333333333293,42.9583333333348,0.5317177256137
1205,167,-74.7916666666626,42.9583333333348,0.441563238868394
1206,167,-74.749999999996,42.9583333333348,0.340671571396729
1207,167,-74.7083333333293,42.9583333333348,0.31420669267083
1208,167,-74.6666666666626,42.9583333333348,0.312277771883632
1209,167,-74.624999999996,42.9583333333348,0.380165281168748
1210,167,-74.5833333333293,42.9583333333348,0.331387478750432
1211,167,-74.5416666666626,42.9583333333348,0.31318825788539
1212,167,-74.499999999996,42.9583333333348,0.347615750096067
1213,167,-74.4583333333293,42.9583333333348,0.407034745567897
1214,167,-74.4166666666626,42.9583333333348,0.387449248905763
1215,167,-74.3749999999959,42.9583333333348,0.406334152217759
1216,167,-74.3333333333293,42.9583333333348,0.372578915175769
1217,167,-74.2916666666626,42.9583333333348,0.388177290538363
1218,167,-74.2499999999959,42.9583333333348,0.477815912937075
1219,167,-74.2083333333293,42.9583333333348,0.429331419905
1220,167,-74.1666666666626,42.9583333333348,0.474989773150196
1221,167,-74.1249999999959,42.9583333333348,0.446756964058355
1222,167,-74.0833333333293,42.9583333333348,0.502275304850493
1223,167,-74.0416666666626,42.9583333333348,0.459141322507382
1224,167,-73.9999999999959,42.9583333333348,0.493258141458416
1225,167,-73.9583333333293,42.9583333333348,0.538360264257325
1226,167,-73.9166666666626,42.9583333333348,0.485999094527911
1227,167,-73.8749999999959,42.9583333333348,0.510292250958091
1228,167,-73.8333333333292,42.9583333333348,0.52792636506037
1229,167,-73.7916666666626,42.9583333333348,0.526757326473665
1230,167,-73.7499999999959,42.9583333333348,0.542836301332956
1231,167,-73.7083333333292,42.9583333333348,0.579196871357219
1232,167,-73.6666666666626,42.9583333333348,0.459273085711403
1233,167,-73.6249999999959,42.9583333333348,0.45389409195211
1234,167,-73.5833333333292,42.9583333333348,0.42502856255089
1235,167,-73.5416666666625,42.9583333333348,0.378371752649443
1236,167,-73.4999999999959,42.9583333333348,0.346078130985486
1237,167,-73.4583333333292,42.9583333333348,0.420906523904377
1238,167,-73.4166666666625,42.9583333333348,0.517397805632555
1239,167,-73.3749999999959,42.9583333333348,0.446424313088156
1240,167,-73.3333333333292,42.9583333333348,0.416079720989217
1241,167,-73.2916666666625,42.9583333333348,0.495183861851802
1106,168,-78.916666666663,42.9166666666681,0.407918512456484
1107,168,-78.8749999999963,42.9166666666681,0.423965886158603
1108,168,-78.8333333333296,42.9166666666681,0.417996254315178
1109,168,-78.791666666663,42.9166666666681,0.443999433634812
1110,168,-78.7499999999963,42.9166666666681,0.440226350020726
1111,168,-78.7083333333296,42.9166666666681,0.481789835380723
1112,168,-78.666666666663,42.9166666666681,0.504060307285137
1113,168,-78.6249999999963,42.9166666666681,0.498275224670224
1114,168,-78.5833333333296,42.9166666666681,0.45228897323949
1115,168,-78.5416666666629,42.9166666666681,0.514422052596153
1116,168,-78.4999999999963,42.9166666666681,0.53484483644144
1117,168,-78.4583333333296,42.9166666666681,0.454161296978774
1118,168,-78.4166666666629,42.9166666666681,0.528233691672725
1119,168,-78.3749999999963,42.9166666666681,0.434101270004062
1120,168,-78.3333333333296,42.9166666666681,0.399339065365351
1121,168,-78.2916666666629,42.9166666666681,0.432042465323291
1122,168,-78.2499999999962,42.9166666666681,0.3627529053497
1123,168,-78.2083333333296,42.9166666666681,0.383092889453032
1124,168,-78.1666666666629,42.9166666666681,0.446514700670449
1125,168,-78.1249999999962,42.9166666666681,0.384253932096056
1126,168,-78.0833333333296,42.9166666666681,0.423367752171082
1127,168,-78.0416666666629,42.9166666666681,0.356220941723183
1128,168,-77.9999999999962,42.9166666666681,0.43668805319937
1129,168,-77.9583333333296,42.9166666666681,0.350814117246015
1130,168,-77.9166666666629,42.9166666666681,0.30514278209623
1131,168,-77.8749999999962,42.9166666666681,0.301975137018138
1132,168,-77.8333333333295,42.9166666666681,0.30371820227549
1133,168,-77.7916666666629,42.9166666666681,0.267412686238781
1134,168,-77.7499999999962,42.9166666666681,0.356098526489028
1135,168,-77.7083333333295,42.9166666666681,0.258711151386921
1136,168,-77.6666666666629,42.9166666666681,0.32052665962323
1137,168,-77.6249999999962,42.9166666666681,0.333253644926326
1138,168,-77.5833333333295,42.9166666666681,0.315101309605892
1139,168,-77.5416666666629,42.9166666666681,0.384193878222128
1140,168,-77.4999999999962,42.9166666666681,0.443409185967946
1141,168,-77.4583333333295,42.9166666666681,0.359037797906996
1142,168,-77.4166666666628,42.9166666666681,0.369251222889081
1143,168,-77.3749999999962,42.9166666666681,0.325254303058735
1144,168,-77.3333333333295,42.9166666666681,0.3133303181216
1145,168,-77.2916666666628,42.9166666666681,0.392989135032822
1146,168,-77.2499999999962,42.9166666666681,0.350372604486931
1147,168,-77.2083333333295,42.9166666666681,0.347256423277585
1148,168,-77.1666666666628,42.9166666666681,0.313171419547818
1149,168,-77.1249999999962,42.9166666666681,0.323362400719949
1150,168,-77.0833333333295,42.9166666666681,0.338527351552248
1151,168,-77.0416666666628,42.9166666666681,0.315496217364269
1152,168,-76.9999999999961,42.9166666666681,0.389010774859609
1153,168,-76.9583333333295,42.9166666666681,0.533974356493727
1154,168,-76.9166666666628,42.9166666666681,0.481759097191891
1155,168,-76.8749999999961,42.9166666666681,0.479203535107827
1156,168,-76.8333333333295,42.9166666666681,0.404767521074028
1157,168,-76.7916666666628,42.9166666666681,0.444369738672525
1158,168,-76.7499999999961,42.9166666666681,0.244288692785998
1159,168,-76.7083333333295,42.9166666666681,0.359266323888931
1160,168,-76.6666666666628,42.9166666666681,0.311577596126771
1161,168,-76.6249999999961,42.9166666666681,0.289296690057395
1162,168,-76.5833333333294,42.9166666666681,0.41511453336417
1163,168,-76.5416666666628,42.9166666666681,0.45488080824068
1164,168,-76.4999999999961,42.9166666666681,0.409069887342623
1165,168,-76.4583333333294,42.9166666666681,0.320850977435506
1166,168,-76.4166666666628,42.9166666666681,0.201614475036324
1167,168,-76.3749999999961,42.9166666666681,0.362774246691097
1168,168,-76.3333333333294,42.9166666666681,0.449162550672106
1169,168,-76.2916666666628,42.9166666666681,0.403953086890758
1170,168,-76.2499999999961,42.9166666666681,0.414929931163481
1171,168,-76.2083333333294,42.9166666666681,0.512700892364979
1172,168,-76.1666666666627,42.9166666666681,0.600952125223472
1173,168,-76.1249999999961,42.9166666666681,0.553743288480512
1174,168,-76.0833333333294,42.9166666666681,0.589315352466277
1175,168,-76.0416666666627,42.9166666666681,0.513321417173613
1176,168,-75.9999999999961,42.9166666666681,0.499679286169816
1177,168,-75.9583333333294,42.9166666666681,0.436239450048952
1178,168,-75.9166666666627,42.9166666666681,0.547311426943085
1179,168,-75.8749999999961,42.9166666666681,0.482462221216455
1180,168,-75.8333333333294,42.9166666666681,0.4732009486574
1181,168,-75.7916666666627,42.9166666666681,0.510900260352542
1182,168,-75.749999999996,42.9166666666681,0.554229304742876
1183,168,-75.7083333333294,42.9166666666681,0.527517064255345
1184,168,-75.6666666666627,42.9166666666681,0.514897369798329
1185,168,-75.624999999996,42.9166666666681,0.447955288804142
1186,168,-75.5833333333294,42.9166666666681,0.461994001415465
1187,168,-75.5416666666627,42.9166666666681,0.405417198306746
1188,168,-75.499999999996,42.9166666666681,0.437896657099396
1189,168,-75.4583333333294,42.9166666666681,0.462958530558969
1190,168,-75.4166666666627,42.9166666666681,0.411516346154069
1191,168,-75.374999999996,42.9166666666681,0.425187649641587
1192,168,-75.3333333333293,42.9166666666681,0.552633992920061
1193,168,-75.2916666666627,42.9166666666681,0.594323109449424
1194,168,-75.249999999996,42.9166666666681,0.372458058442183
1195,168,-75.2083333333293,42.9166666666681,0.380653564544085
1196,168,-75.1666666666627,42.9166666666681,0.382345131427286
1197,168,-75.124999999996,42.9166666666681,0.446366243294746
1198,168,-75.0833333333293,42.9166666666681,0.460840704206426
1199,168,-75.0416666666627,42.9166666666681,0.427657618623035
1200,168,-74.999999999996,42.9166666666681,0.398720859761667
1201,168,-74.9583333333293,42.9166666666681,0.400266718599255
1202,168,-74.9166666666626,42.9166666666681,0.410212080898455
1203,168,-74.874999999996,42.9166666666681,0.425883609564761
1204,168,-74.8333333333293,42.9166666666681,0.477092031288768
1205,168,-74.7916666666626,42.9166666666681,0.531386727547016
1206,168,-74.749999999996,42.9166666666681,0.432066321650621
1207,168,-74.7083333333293,42.9166666666681,0.302410212020363
1208,168,-74.6666666666626,42.9166666666681,0.358330719099709
1209,168,-74.624999999996,42.9166666666681,0.375853638714699
1210,168,-74.5833333333293,42.9166666666681,0.393759954360086
1211,168,-74.5416666666626,42.9166666666681,0.316214596059189
1212,168,-74.499999999996,42.9166666666681,0.43433177296309
1213,168,-74.4583333333293,42.9166666666681,0.50914713359582
1214,168,-74.4166666666626,42.9166666666681,0.410447792815311
1215,168,-74.3749999999959,42.9166666666681,0.300923007709296
1216,168,-74.3333333333293,42.9166666666681,0.396620705584953
1217,168,-74.2916666666626,42.9166666666681,0.36333851403496
1218,168,-74.2499999999959,42.9166666666681,0.311600027671677
1219,168,-74.2083333333293,42.9166666666681,0.384067089059523
1220,168,-74.1666666666626,42.9166666666681,0.420491085739015
1221,168,-74.1249999999959,42.9166666666681,0.453769795396061
1222,168,-74.0833333333293,42.9166666666681,0.525788956293993
1223,168,-74.0416666666626,42.9166666666681,0.577534299331263
1224,168,-73.9999999999959,42.9166666666681,0.594548123032298
1225,168,-73.9583333333293,42.9166666666681,0.555351725912854
1226,168,-73.9166666666626,42.9166666666681,0.52100604137548
1227,168,-73.8749999999959,42.9166666666681,0.544744229387223
1228,168,-73.8333333333292,42.9166666666681,0.536773742557573
1229,168,-73.7916666666626,42.9166666666681,0.511574686897179
1230,168,-73.7499999999959,42.9166666666681,0.509640471167515
1231,168,-73.7083333333292,42.9166666666681,0.5273486405376
1232,168,-73.6666666666626,42.9166666666681,0.461595066661582
1233,168,-73.6249999999959,42.9166666666681,0.453640769206626
1234,168,-73.5833333333292,42.9166666666681,0.453938963302212
1235,168,-73.5416666666625,42.9166666666681,0.38708694028712
1236,168,-73.4999999999959,42.9166666666681,0.49467613334461
1237,168,-73.4583333333292,42.9166666666681,0.471214680794246
1238,168,-73.4166666666625,42.9166666666681,0.471832921431499
1239,168,-73.3749999999959,42.9166666666681,0.498765130260062
1240,168,-73.3333333333292,42.9166666666681,0.495896580694205
1241,168,-73.2916666666625,42.9166666666681,0.479098069415657
1106,169,-78.916666666663,42.8750000000015,0.470469912547551
1107,169,-78.8749999999963,42.8750000000015,0.378767510981274
1108,169,-78.8333333333296,42.8750000000015,0.402648904037589
1109,169,-78.791666666663,42.8750000000015,0.464207863144194
1110,169,-78.7499999999963,42.8750000000015,0.500517320922975
1111,169,-78.7083333333296,42.8750000000015,0.522469168220637
1112,169,-78.666666666663,42.8750000000015,0.525544980876082
1113,169,-78.6249999999963,42.8750000000015,0.49408666664171
1114,169,-78.5833333333296,42.8750000000015,0.502417483764979
1115,169,-78.5416666666629,42.8750000000015,0.494519041961381
1116,169,-78.4999999999963,42.8750000000015,0.521747236847367
1117,169,-78.4583333333296,42.8750000000015,0.560596172927707
1118,169,-78.4166666666629,42.8750000000015,0.565423528897389
1119,169,-78.3749999999963,42.8750000000015,0.560259449170253
1120,169,-78.3333333333296,42.8750000000015,0.531082746986217
1121,169,-78.2916666666629,42.8750000000015,0.552205012772745
1122,169,-78.2499999999962,42.8750000000015,0.354124765519733
1123,169,-78.2083333333296,42.8750000000015,0.433689935319966
1124,169,-78.1666666666629,42.8750000000015,0.450032439713354
1125,169,-78.1249999999962,42.8750000000015,0.408184134482759
1126,169,-78.0833333333296,42.8750000000015,0.339830218603648
1127,169,-78.0416666666629,42.8750000000015,0.305420080752643
1128,169,-77.9999999999962,42.8750000000015,0.295228833760044
1129,169,-77.9583333333296,42.8750000000015,0.292296663587094
1130,169,-77.9166666666629,42.8750000000015,0.297315305148359
1131,169,-77.8749999999962,42.8750000000015,0.291507028475182
1132,169,-77.8333333333295,42.8750000000015,0.326399318708352
1133,169,-77.7916666666629,42.8750000000015,0.283802663264684
1134,169,-77.7499999999962,42.8750000000015,0.358783967009679
1135,169,-77.7083333333295,42.8750000000015,0.314313587153841
1136,169,-77.6666666666629,42.8750000000015,0.327959338328384
1137,169,-77.6249999999962,42.8750000000015,0.342424925735022
1138,169,-77.5833333333295,42.8750000000015,0.373383743299934
1139,169,-77.5416666666629,42.8750000000015,0.435848023142655
1140,169,-77.4999999999962,42.8750000000015,0.364262104617298
1141,169,-77.4583333333295,42.8750000000015,0.429562200590209
1142,169,-77.4166666666628,42.8750000000015,0.333709693761695
1143,169,-77.3749999999962,42.8750000000015,0.359839643688627
1144,169,-77.3333333333295,42.8750000000015,0.304897808549255
1145,169,-77.2916666666628,42.8750000000015,0.4051896770192
1146,169,-77.2499999999962,42.8750000000015,0.386389127425906
1147,169,-77.2083333333295,42.8750000000015,0.340656325194662
1148,169,-77.1666666666628,42.8750000000015,0.312611527562679
1149,169,-77.1249999999962,42.8750000000015,0.33536511273923
1150,169,-77.0833333333295,42.8750000000015,0.310567078893863
1151,169,-77.0416666666628,42.8750000000015,0.34449943081655
1152,169,-76.9999999999961,42.8750000000015,0.438429437280689
1153,169,-76.9583333333295,42.8750000000015,0.262130852078773
1154,169,-76.9166666666628,42.8750000000015,0.287970829495283
1155,169,-76.8749999999961,42.8750000000015,0.237433966987307
1156,169,-76.8333333333295,42.8750000000015,0.264894808095518
1157,169,-76.7916666666628,42.8750000000015,0.283980317538501
1158,169,-76.7499999999961,42.8750000000015,0.269348404014846
1159,169,-76.7083333333295,42.8750000000015,0.192395302953531
1160,169,-76.6666666666628,42.8750000000015,0.276034327771446
1161,169,-76.6249999999961,42.8750000000015,0.290574772353753
1162,169,-76.5833333333294,42.8750000000015,0.280035393088213
1163,169,-76.5416666666628,42.8750000000015,0.212024558436606
1164,169,-76.4999999999961,42.8750000000015,0.317001690160801
1165,169,-76.4583333333294,42.8750000000015,0.318149631940098
1166,169,-76.4166666666628,42.8750000000015,0.259998302566541
1167,169,-76.3749999999961,42.8750000000015,0.203183270889567
1168,169,-76.3333333333294,42.8750000000015,0.367174479719368
1169,169,-76.2916666666628,42.8750000000015,0.305774873331377
1170,169,-76.2499999999961,42.8750000000015,0.432872039992562
1171,169,-76.2083333333294,42.8750000000015,0.435676032349529
1172,169,-76.1666666666627,42.8750000000015,0.575631573578377
1173,169,-76.1249999999961,42.8750000000015,0.507496833798716
1174,169,-76.0833333333294,42.8750000000015,0.54206491931375
1175,169,-76.0416666666627,42.8750000000015,0.462761811506485
1176,169,-75.9999999999961,42.8750000000015,0.433140509620283
1177,169,-75.9583333333294,42.8750000000015,0.4388642904921
1178,169,-75.9166666666627,42.8750000000015,0.473700713130115
1179,169,-75.8749999999961,42.8750000000015,0.429668351669977
1180,169,-75.8333333333294,42.8750000000015,0.454256372257582
1181,169,-75.7916666666627,42.8750000000015,0.556813031121842
1182,169,-75.749999999996,42.8750000000015,0.533270013151412
1183,169,-75.7083333333294,42.8750000000015,0.531540676297759
1184,169,-75.6666666666627,42.8750000000015,0.526710780512973
1185,169,-75.624999999996,42.8750000000015,0.44943760630967
1186,169,-75.5833333333294,42.8750000000015,0.423799029203909
1187,169,-75.5416666666627,42.8750000000015,0.455072102107921
1188,169,-75.499999999996,42.8750000000015,0.465528284121021
1189,169,-75.4583333333294,42.8750000000015,0.51244471168804
1190,169,-75.4166666666627,42.8750000000015,0.468143587762969
1191,169,-75.374999999996,42.8750000000015,0.55508586827236
1192,169,-75.3333333333293,42.8750000000015,0.646696467132328
1193,169,-75.2916666666627,42.8750000000015,0.611677878050141
1194,169,-75.249999999996,42.8750000000015,0.414648148213347
1195,169,-75.2083333333293,42.8750000000015,0.440805450089487
1196,169,-75.1666666666627,42.8750000000015,0.433111845912558
1197,169,-75.124999999996,42.8750000000015,0.452929518883702
1198,169,-75.0833333333293,42.8750000000015,0.441920970167433
1199,169,-75.0416666666627,42.8750000000015,0.388015742929541
1200,169,-74.999999999996,42.8750000000015,0.400673089537563
1201,169,-74.9583333333293,42.8750000000015,0.436575550472582
1202,169,-74.9166666666626,42.8750000000015,0.401281014092475
1203,169,-74.874999999996,42.8750000000015,0.355303853259113
1204,169,-74.8333333333293,42.8750000000015,0.43367197575333
1205,169,-74.7916666666626,42.8750000000015,0.443373160888261
1206,169,-74.749999999996,42.8750000000015,0.424812208043719
1207,169,-74.7083333333293,42.8750000000015,0.387878129575239
1208,169,-74.6666666666626,42.8750000000015,0.34287312610244
1209,169,-74.624999999996,42.8750000000015,0.386332408084787
1210,169,-74.5833333333293,42.8750000000015,0.424105514863943
1211,169,-74.5416666666626,42.8750000000015,0.358537030036575
1212,169,-74.499999999996,42.8750000000015,0.392482365037514
1213,169,-74.4583333333293,42.8750000000015,0.476657678024371
1214,169,-74.4166666666626,42.8750000000015,0.490096409770716
1215,169,-74.3749999999959,42.8750000000015,0.430553365965799
1216,169,-74.3333333333293,42.8750000000015,0.455763024928991
1217,169,-74.2916666666626,42.8750000000015,0.441028974455821
1218,169,-74.2499999999959,42.8750000000015,0.362778697353067
1219,169,-74.2083333333293,42.8750000000015,0.368749134624681
1220,169,-74.1666666666626,42.8750000000015,0.391359065891191
1221,169,-74.1249999999959,42.8750000000015,0.431632515865686
1222,169,-74.0833333333293,42.8750000000015,0.523141793648393
1223,169,-74.0416666666626,42.8750000000015,0.55124304432621
1224,169,-73.9999999999959,42.8750000000015,0.602904869780352
1225,169,-73.9583333333293,42.8750000000015,0.585541867255858
1226,169,-73.9166666666626,42.8750000000015,0.539331980661485
1227,169,-73.8749999999959,42.8750000000015,0.565901562748546
1228,169,-73.8333333333292,42.8750000000015,0.543570282812924
1229,169,-73.7916666666626,42.8750000000015,0.518752038333312
1230,169,-73.7499999999959,42.8750000000015,0.541276171220567
1231,169,-73.7083333333292,42.8750000000015,0.503403686609083
1232,169,-73.6666666666626,42.8750000000015,0.500103834732874
1233,169,-73.6249999999959,42.8750000000015,0.501757641331794
1234,169,-73.5833333333292,42.8750000000015,0.456703321267172
1235,169,-73.5416666666625,42.8750000000015,0.481302967882885
1236,169,-73.4999999999959,42.8750000000015,0.43628738566313
1237,169,-73.4583333333292,42.8750000000015,0.486385929941076
1238,169,-73.4166666666625,42.8750000000015,0.47084562071772
1239,169,-73.3749999999959,42.8750000000015,0.508777770210751
1240,169,-73.3333333333292,42.8750000000015,0.508384912369559
1241,169,-73.2916666666625,42.8750000000015,0.498693811472458
1107,170,-78.8749999999963,42.8333333333348,0.340952545614173
1108,170,-78.8333333333296,42.8333333333348,0.44514956246751
1109,170,-78.791666666663,42.8333333333348,0.493721973097601
1110,170,-78.7499999999963,42.8333333333348,0.498435996777731
1111,170,-78.7083333333296,42.8333333333348,0.53837794446573
1112,170,-78.666666666663,42.8333333333348,0.550352524886686
1113,170,-78.6249999999963,42.8333333333348,0.533361963943904
1114,170,-78.5833333333296,42.8333333333348,0.469568541798945
1115,170,-78.5416666666629,42.8333333333348,0.448484352275761
1116,170,-78.4999999999963,42.8333333333348,0.510119265791658
1117,170,-78.4583333333296,42.8333333333348,0.525434784212355
1118,170,-78.4166666666629,42.8333333333348,0.469591425451557
1119,170,-78.3749999999963,42.8333333333348,0.538489663808778
1120,170,-78.3333333333296,42.8333333333348,0.469645755210403
1121,170,-78.2916666666629,42.8333333333348,0.456352731944423
1122,170,-78.2499999999962,42.8333333333348,0.442192731722938
1123,170,-78.2083333333296,42.8333333333348,0.507459813610832
1124,170,-78.1666666666629,42.8333333333348,0.564623989624511
1125,170,-78.1249999999962,42.8333333333348,0.457040734276515
1126,170,-78.0833333333296,42.8333333333348,0.420219794902355
1127,170,-78.0416666666629,42.8333333333348,0.338377913101513
1128,170,-77.9999999999962,42.8333333333348,0.339058697199002
1129,170,-77.9583333333296,42.8333333333348,0.265082780479521
1130,170,-77.9166666666629,42.8333333333348,0.307008369898222
1131,170,-77.8749999999962,42.8333333333348,0.383705419272218
1132,170,-77.8333333333295,42.8333333333348,0.332674488122434
1133,170,-77.7916666666629,42.8333333333348,0.42040975667913
1134,170,-77.7499999999962,42.8333333333348,0.363259303283167
1135,170,-77.7083333333295,42.8333333333348,0.310079111674432
1136,170,-77.6666666666629,42.8333333333348,0.396754215433488
1137,170,-77.6249999999962,42.8333333333348,0.334734523018947
1138,170,-77.5833333333295,42.8333333333348,0.350263807936634
1139,170,-77.5416666666629,42.8333333333348,0.422318685644191
1140,170,-77.4999999999962,42.8333333333348,0.414984152374128
1141,170,-77.4583333333295,42.8333333333348,0.560309742839335
1142,170,-77.4166666666628,42.8333333333348,0.484600574360694
1143,170,-77.3749999999962,42.8333333333348,0.543140833147857
1144,170,-77.3333333333295,42.8333333333348,0.452809318713886
1145,170,-77.2916666666628,42.8333333333348,0.345033065281809
1146,170,-77.2499999999962,42.8333333333348,0.285846762864238
1147,170,-77.2083333333295,42.8333333333348,0.347464571557149
1148,170,-77.1666666666628,42.8333333333348,0.305317004445167
1149,170,-77.1249999999962,42.8333333333348,0.300611331842011
1150,170,-77.0833333333295,42.8333333333348,0.30359454106168
1151,170,-77.0416666666628,42.8333333333348,0.287644206073436
1152,170,-76.9999999999961,42.8333333333348,0.399091044483174
1153,170,-76.9583333333295,42.8333333333348,0.0673022234616759
1154,170,-76.9166666666628,42.8333333333348,0.264683885772002
1155,170,-76.8749999999961,42.8333333333348,0.26604360464324
1156,170,-76.8333333333295,42.8333333333348,0.238462014822994
1157,170,-76.7916666666628,42.8333333333348,0.23547234433625
1158,170,-76.7499999999961,42.8333333333348,0.289778471408853
1159,170,-76.7083333333295,42.8333333333348,0.150988291454398
1160,170,-76.6666666666628,42.8333333333348,0.267698526033792
1161,170,-76.6249999999961,42.8333333333348,0.290389805580579
1162,170,-76.5833333333294,42.8333333333348,0.262693958926688
1163,170,-76.5416666666628,42.8333333333348,0.281840096346306
1164,170,-76.4999999999961,42.8333333333348,0.235984548882136
1165,170,-76.4583333333294,42.8333333333348,0.327001917372249
1166,170,-76.4166666666628,42.8333333333348,0.376834591113809
1167,170,-76.3749999999961,42.8333333333348,0.356302716730528
1168,170,-76.3333333333294,42.8333333333348,0.292773111939396
1169,170,-76.2916666666628,42.8333333333348,0.435074879931511
1170,170,-76.2499999999961,42.8333333333348,0.46947991794242
1171,170,-76.2083333333294,42.8333333333348,0.460612881612288
1172,170,-76.1666666666627,42.8333333333348,0.552224990628909
1173,170,-76.1249999999961,42.8333333333348,0.530967170781448
1174,170,-76.0833333333294,42.8333333333348,0.533337714086861
1175,170,-76.0416666666627,42.8333333333348,0.455140264442588
1176,170,-75.9999999999961,42.8333333333348,0.443373864336305
1177,170,-75.9583333333294,42.8333333333348,0.466919857194321
1178,170,-75.9166666666627,42.8333333333348,0.517872481302696
1179,170,-75.8749999999961,42.8333333333348,0.493718376040976
1180,170,-75.8333333333294,42.8333333333348,0.499843409521062
1181,170,-75.7916666666627,42.8333333333348,0.640955446053126
1182,170,-75.749999999996,42.8333333333348,0.580896485398321
1183,170,-75.7083333333294,42.8333333333348,0.55182511878383
1184,170,-75.6666666666627,42.8333333333348,0.492590206541699
1185,170,-75.624999999996,42.8333333333348,0.536658962802689
1186,170,-75.5833333333294,42.8333333333348,0.432914999967098
1187,170,-75.5416666666627,42.8333333333348,0.49357435460093
1188,170,-75.499999999996,42.8333333333348,0.573355788971147
1189,170,-75.4583333333294,42.8333333333348,0.494763542164849
1190,170,-75.4166666666627,42.8333333333348,0.567895865256985
1191,170,-75.374999999996,42.8333333333348,0.560479156167802
1192,170,-75.3333333333293,42.8333333333348,0.619632077519735
1193,170,-75.2916666666627,42.8333333333348,0.555016453946518
1194,170,-75.249999999996,42.8333333333348,0.447348169637854
1195,170,-75.2083333333293,42.8333333333348,0.589091966796661
1196,170,-75.1666666666627,42.8333333333348,0.552917564308615
1197,170,-75.124999999996,42.8333333333348,0.519193144640921
1198,170,-75.0833333333293,42.8333333333348,0.546652570871191
1199,170,-75.0416666666627,42.8333333333348,0.435493059865048
1200,170,-74.999999999996,42.8333333333348,0.352520510760967
1201,170,-74.9583333333293,42.8333333333348,0.492894929070791
1202,170,-74.9166666666626,42.8333333333348,0.432789919609341
1203,170,-74.874999999996,42.8333333333348,0.37501370710574
1204,170,-74.8333333333293,42.8333333333348,0.353891679238035
1205,170,-74.7916666666626,42.8333333333348,0.404263348457211
1206,170,-74.749999999996,42.8333333333348,0.475474693934785
1207,170,-74.7083333333293,42.8333333333348,0.472076140931395
1208,170,-74.6666666666626,42.8333333333348,0.375732834880047
1209,170,-74.624999999996,42.8333333333348,0.389807096678236
1210,170,-74.5833333333293,42.8333333333348,0.357806813820816
1211,170,-74.5416666666626,42.8333333333348,0.433752561102264
1212,170,-74.499999999996,42.8333333333348,0.42919006911723
1213,170,-74.4583333333293,42.8333333333348,0.39117903414978
1214,170,-74.4166666666626,42.8333333333348,0.51139282762545
1215,170,-74.3749999999959,42.8333333333348,0.506076290815683
1216,170,-74.3333333333293,42.8333333333348,0.53905828888473
1217,170,-74.2916666666626,42.8333333333348,0.576655069716812
1218,170,-74.2499999999959,42.8333333333348,0.428797400599983
1219,170,-74.2083333333293,42.8333333333348,0.526202750398903
1220,170,-74.1666666666626,42.8333333333348,0.524767212307812
1221,170,-74.1249999999959,42.8333333333348,0.566249875826537
1222,170,-74.0833333333293,42.8333333333348,0.553525023091342
1223,170,-74.0416666666626,42.8333333333348,0.559891583055988
1224,170,-73.9999999999959,42.8333333333348,0.503200905435174
1225,170,-73.9583333333293,42.8333333333348,0.468534664241397
1226,170,-73.9166666666626,42.8333333333348,0.467995773889465
1227,170,-73.8749999999959,42.8333333333348,0.472899205693099
1228,170,-73.8333333333292,42.8333333333348,0.518241751765754
1229,170,-73.7916666666626,42.8333333333348,0.550234076437182
1230,170,-73.7499999999959,42.8333333333348,0.52238122637594
1231,170,-73.7083333333292,42.8333333333348,0.48663767475096
1232,170,-73.6666666666626,42.8333333333348,0.498984118547019
1233,170,-73.6249999999959,42.8333333333348,0.56089786813875
1234,170,-73.5833333333292,42.8333333333348,0.501616465046866
1235,170,-73.5416666666625,42.8333333333348,0.388736314554128
1236,170,-73.4999999999959,42.8333333333348,0.463392216683958
1237,170,-73.4583333333292,42.8333333333348,0.531746242895853
1238,170,-73.4166666666625,42.8333333333348,0.598164842139061
1239,170,-73.3749999999959,42.8333333333348,0.578887683639794
1240,170,-73.3333333333292,42.8333333333348,0.54409866749383
1241,170,-73.2916666666625,42.8333333333348,0.557272446152946
1107,171,-78.8749999999963,42.7916666666681,0.387404705129819
1108,171,-78.8333333333296,42.7916666666681,0.476055809640539
1109,171,-78.791666666663,42.7916666666681,0.507649537176956
1110,171,-78.7499999999963,42.7916666666681,0.541849600476408
1111,171,-78.7083333333296,42.7916666666681,0.491375944117631
1112,171,-78.666666666663,42.7916666666681,0.553884575530348
1113,171,-78.6249999999963,42.7916666666681,0.526795719062836
1114,171,-78.5833333333296,42.7916666666681,0.498824201982323
1115,171,-78.5416666666629,42.7916666666681,0.47041331393857
1116,171,-78.4999999999963,42.7916666666681,0.515188319030324
1117,171,-78.4583333333296,42.7916666666681,0.455759159029006
1118,171,-78.4166666666629,42.7916666666681,0.466844087095003
1119,171,-78.3749999999963,42.7916666666681,0.491240946577699
1120,171,-78.3333333333296,42.7916666666681,0.511393003243916
1121,171,-78.2916666666629,42.7916666666681,0.500144559823736
1122,171,-78.2499999999962,42.7916666666681,0.417308750123007
1123,171,-78.2083333333296,42.7916666666681,0.544216111926161
1124,171,-78.1666666666629,42.7916666666681,0.456105438496441
1125,171,-78.1249999999962,42.7916666666681,0.456195258546706
1126,171,-78.0833333333296,42.7916666666681,0.428319771900117
1127,171,-78.0416666666629,42.7916666666681,0.301223329541014
1128,171,-77.9999999999962,42.7916666666681,0.254388991831088
1129,171,-77.9583333333296,42.7916666666681,0.269434827617984
1130,171,-77.9166666666629,42.7916666666681,0.345995377252598
1131,171,-77.8749999999962,42.7916666666681,0.367591903292742
1132,171,-77.8333333333295,42.7916666666681,0.363155909446393
1133,171,-77.7916666666629,42.7916666666681,0.353424063953204
1134,171,-77.7499999999962,42.7916666666681,0.359575024313635
1135,171,-77.7083333333295,42.7916666666681,0.317420787697081
1136,171,-77.6666666666629,42.7916666666681,0.417034780805939
1137,171,-77.6249999999962,42.7916666666681,0.45530233349081
1138,171,-77.5833333333295,42.7916666666681,0.501034267214002
1139,171,-77.5416666666629,42.7916666666681,0.483909714563291
1140,171,-77.4999999999962,42.7916666666681,0.475204997635673
1141,171,-77.4583333333295,42.7916666666681,0.57904893356169
1142,171,-77.4166666666628,42.7916666666681,0.603749005740676
1143,171,-77.3749999999962,42.7916666666681,0.602879587257463
1144,171,-77.3333333333295,42.7916666666681,0.507441974947315
1145,171,-77.2916666666628,42.7916666666681,0.185677341560058
1146,171,-77.2499999999962,42.7916666666681,0.32134468470711
1147,171,-77.2083333333295,42.7916666666681,0.316544327417101
1148,171,-77.1666666666628,42.7916666666681,0.306843382843206
1149,171,-77.1249999999962,42.7916666666681,0.344109058942788
1150,171,-77.0833333333295,42.7916666666681,0.286130221734294
1151,171,-77.0416666666628,42.7916666666681,0.273303357120766
1152,171,-76.9999999999961,42.7916666666681,0.284246744182938
1153,171,-76.9583333333295,42.7916666666681,0.0358194728380179
1154,171,-76.9166666666628,42.7916666666681,0.280941765314296
1155,171,-76.8749999999961,42.7916666666681,0.407981003517433
1156,171,-76.8333333333295,42.7916666666681,0.316118996973231
1157,171,-76.7916666666628,42.7916666666681,0.296163236246783
1158,171,-76.7499999999961,42.7916666666681,0.0545627798979243
1159,171,-76.7083333333295,42.7916666666681,0.215249351451361
1160,171,-76.6666666666628,42.7916666666681,0.310439231163831
1161,171,-76.6249999999961,42.7916666666681,0.284202543294754
1162,171,-76.5833333333294,42.7916666666681,0.286469081723732
1163,171,-76.5416666666628,42.7916666666681,0.254604513674854
1164,171,-76.4999999999961,42.7916666666681,0.280653269336983
1165,171,-76.4583333333294,42.7916666666681,0.353561222998673
1166,171,-76.4166666666628,42.7916666666681,0.494365712303516
1167,171,-76.3749999999961,42.7916666666681,0.476475636223843
1168,171,-76.3333333333294,42.7916666666681,0.449981105100162
1169,171,-76.2916666666628,42.7916666666681,0.418745450467276
1170,171,-76.2499999999961,42.7916666666681,0.519095166706957
1171,171,-76.2083333333294,42.7916666666681,0.601196898119841
1172,171,-76.1666666666627,42.7916666666681,0.52421360778657
1173,171,-76.1249999999961,42.7916666666681,0.409522625579916
1174,171,-76.0833333333294,42.7916666666681,0.554122900975917
1175,171,-76.0416666666627,42.7916666666681,0.599076886428932
1176,171,-75.9999999999961,42.7916666666681,0.629099373730862
1177,171,-75.9583333333294,42.7916666666681,0.54129845290436
1178,171,-75.9166666666627,42.7916666666681,0.5968044242809
1179,171,-75.8749999999961,42.7916666666681,0.425228407796444
1180,171,-75.8333333333294,42.7916666666681,0.513260439804836
1181,171,-75.7916666666627,42.7916666666681,0.586073048208377
1182,171,-75.749999999996,42.7916666666681,0.595344898864855
1183,171,-75.7083333333294,42.7916666666681,0.506009660624673
1184,171,-75.6666666666627,42.7916666666681,0.494716312370798
1185,171,-75.624999999996,42.7916666666681,0.49387285509832
1186,171,-75.5833333333294,42.7916666666681,0.448027065682909
1187,171,-75.5416666666627,42.7916666666681,0.483706321284953
1188,171,-75.499999999996,42.7916666666681,0.461587784486877
1189,171,-75.4583333333294,42.7916666666681,0.483630401347731
1190,171,-75.4166666666627,42.7916666666681,0.519157433850803
1191,171,-75.374999999996,42.7916666666681,0.593830351364407
1192,171,-75.3333333333293,42.7916666666681,0.531091935399784
1193,171,-75.2916666666627,42.7916666666681,0.515313277341053
1194,171,-75.249999999996,42.7916666666681,0.48749490736623
1195,171,-75.2083333333293,42.7916666666681,0.571050246793059
1196,171,-75.1666666666627,42.7916666666681,0.523556162169815
1197,171,-75.124999999996,42.7916666666681,0.519055047723918
1198,171,-75.0833333333293,42.7916666666681,0.563398974364107
1199,171,-75.0416666666627,42.7916666666681,0.508974077650337
1200,171,-74.999999999996,42.7916666666681,0.415600123461311
1201,171,-74.9583333333293,42.7916666666681,0.52971109356064
1202,171,-74.9166666666626,42.7916666666681,0.514216985700985
1203,171,-74.874999999996,42.7916666666681,0.316682017261182
1204,171,-74.8333333333293,42.7916666666681,0.460325170991452
1205,171,-74.7916666666626,42.7916666666681,0.589469843289605
1206,171,-74.749999999996,42.7916666666681,0.477336839490017
1207,171,-74.7083333333293,42.7916666666681,0.59516278533256
1208,171,-74.6666666666626,42.7916666666681,0.493859076743178
1209,171,-74.624999999996,42.7916666666681,0.490912208507733
1210,171,-74.5833333333293,42.7916666666681,0.407593617764677
1211,171,-74.5416666666626,42.7916666666681,0.459656625396274
1212,171,-74.499999999996,42.7916666666681,0.467824360937519
1213,171,-74.4583333333293,42.7916666666681,0.439509540031508
1214,171,-74.4166666666626,42.7916666666681,0.502603601305548
1215,171,-74.3749999999959,42.7916666666681,0.520458047443901
1216,171,-74.3333333333293,42.7916666666681,0.530914123709578
1217,171,-74.2916666666626,42.7916666666681,0.574548703096414
1218,171,-74.2499999999959,42.7916666666681,0.526759190603249
1219,171,-74.2083333333293,42.7916666666681,0.552870978034579
1220,171,-74.1666666666626,42.7916666666681,0.573953099470622
1221,171,-74.1249999999959,42.7916666666681,0.592302541794184
1222,171,-74.0833333333293,42.7916666666681,0.546662946878378
1223,171,-74.0416666666626,42.7916666666681,0.517918388495695
1224,171,-73.9999999999959,42.7916666666681,0.498270972082598
1225,171,-73.9583333333293,42.7916666666681,0.469272416951781
1226,171,-73.9166666666626,42.7916666666681,0.46698443175025
1227,171,-73.8749999999959,42.7916666666681,0.510340214751422
1228,171,-73.8333333333292,42.7916666666681,0.4785289700751
1229,171,-73.7916666666626,42.7916666666681,0.518917093351611
1230,171,-73.7499999999959,42.7916666666681,0.505593776635736
1231,171,-73.7083333333292,42.7916666666681,0.443586430355528
1232,171,-73.6666666666626,42.7916666666681,0.476440215195603
1233,171,-73.6249999999959,42.7916666666681,0.577376509733096
1234,171,-73.5833333333292,42.7916666666681,0.514857035940422
1235,171,-73.5416666666625,42.7916666666681,0.500388418584577
1236,171,-73.4999999999959,42.7916666666681,0.571928724072041
1237,171,-73.4583333333292,42.7916666666681,0.601099156993097
1238,171,-73.4166666666625,42.7916666666681,0.634379678264004
1239,171,-73.3749999999959,42.7916666666681,0.654015137720338
1240,171,-73.3333333333292,42.7916666666681,0.613120789271978
1241,171,-73.2916666666625,42.7916666666681,0.677581498264156
1105,172,-78.9583333333296,42.7500000000015,0.491915889839244
1106,172,-78.916666666663,42.7500000000015,0.511708784134993
1107,172,-78.8749999999963,42.7500000000015,0.520349464265501
1108,172,-78.8333333333296,42.7500000000015,0.516515807671208
1109,172,-78.791666666663,42.7500000000015,0.543281907229304
1110,172,-78.7499999999963,42.7500000000015,0.534591721808955
1111,172,-78.7083333333296,42.7500000000015,0.587715965678267
1112,172,-78.666666666663,42.7500000000015,0.55677965587227
1113,172,-78.6249999999963,42.7500000000015,0.559296151687681
1114,172,-78.5833333333296,42.7500000000015,0.562795118937958
1115,172,-78.5416666666629,42.7500000000015,0.562292606249124
1116,172,-78.4999999999963,42.7500000000015,0.531833881282108
1117,172,-78.4583333333296,42.7500000000015,0.468362078183612
1118,172,-78.4166666666629,42.7500000000015,0.37553900424477
1119,172,-78.3749999999963,42.7500000000015,0.378847255382023
1120,172,-78.3333333333296,42.7500000000015,0.524171944166347
1121,172,-78.2916666666629,42.7500000000015,0.508652408953982
1122,172,-78.2499999999962,42.7500000000015,0.503349071118863
1123,172,-78.2083333333296,42.7500000000015,0.449546711628703
1124,172,-78.1666666666629,42.7500000000015,0.398969682373753
1125,172,-78.1249999999962,42.7500000000015,0.495906863603664
1126,172,-78.0833333333296,42.7500000000015,0.403659730027734
1127,172,-78.0416666666629,42.7500000000015,0.367407543519194
1128,172,-77.9999999999962,42.7500000000015,0.280744636211165
1129,172,-77.9583333333296,42.7500000000015,0.261327407190142
1130,172,-77.9166666666629,42.7500000000015,0.387241930966195
1131,172,-77.8749999999962,42.7500000000015,0.33547559456549
1132,172,-77.8333333333295,42.7500000000015,0.296830168564673
1133,172,-77.7916666666629,42.7500000000015,0.314902154675151
1134,172,-77.7499999999962,42.7500000000015,0.332951424709647
1135,172,-77.7083333333295,42.7500000000015,0.380694935023547
1136,172,-77.6666666666629,42.7500000000015,0.547507857498398
1137,172,-77.6249999999962,42.7500000000015,0.450613284877359
1138,172,-77.5833333333295,42.7500000000015,0.594157633868102
1139,172,-77.5416666666629,42.7500000000015,0.549036202759578
1140,172,-77.4999999999962,42.7500000000015,0.418040554113107
1141,172,-77.4583333333295,42.7500000000015,0.652932929592095
1142,172,-77.4166666666628,42.7500000000015,0.642646714491979
1143,172,-77.3749999999962,42.7500000000015,0.613665639891335
1144,172,-77.3333333333295,42.7500000000015,0.323572640235607
1145,172,-77.2916666666628,42.7500000000015,0.438705006989996
1146,172,-77.2499999999962,42.7500000000015,0.397412523549078
1147,172,-77.2083333333295,42.7500000000015,0.351518619169674
1148,172,-77.1666666666628,42.7500000000015,0.304063103795289
1149,172,-77.1249999999962,42.7500000000015,0.287540949921006
1150,172,-77.0833333333295,42.7500000000015,0.306636249787015
1151,172,-77.0416666666628,42.7500000000015,0.248072567735185
1152,172,-76.9999999999961,42.7500000000015,0.326905245404453
1153,172,-76.9583333333295,42.7500000000015,0.0834199982923334
1154,172,-76.9166666666628,42.7500000000015,0.240511615065198
1155,172,-76.8749999999961,42.7500000000015,0.613042035998171
1156,172,-76.8333333333295,42.7500000000015,0.434028784317059
1157,172,-76.7916666666628,42.7500000000015,0.297320768577688
1158,172,-76.7499999999961,42.7500000000015,0.0356844516222258
1159,172,-76.7083333333295,42.7500000000015,0.207373866240127
1160,172,-76.6666666666628,42.7500000000015,0.31934657523906
1161,172,-76.6249999999961,42.7500000000015,0.280847430062713
1162,172,-76.5833333333294,42.7500000000015,0.27712603690333
1163,172,-76.5416666666628,42.7500000000015,0.268268416305435
1164,172,-76.4999999999961,42.7500000000015,0.392275807241591
1165,172,-76.4583333333294,42.7500000000015,0.488163828417469
1166,172,-76.4166666666628,42.7500000000015,0.45761152962796
1167,172,-76.3749999999961,42.7500000000015,0.447524391466751
1168,172,-76.3333333333294,42.7500000000015,0.515065431130223
1169,172,-76.2916666666628,42.7500000000015,0.595037284050251
1170,172,-76.2499999999961,42.7500000000015,0.544093665206394
1171,172,-76.2083333333294,42.7500000000015,0.588859740340818
1172,172,-76.1666666666627,42.7500000000015,0.47086165785178
1173,172,-76.1249999999961,42.7500000000015,0.4459999603504
1174,172,-76.0833333333294,42.7500000000015,0.594778369505985
1175,172,-76.0416666666627,42.7500000000015,0.612036266341276
1176,172,-75.9999999999961,42.7500000000015,0.642361137574131
1177,172,-75.9583333333294,42.7500000000015,0.48635297562371
1178,172,-75.9166666666627,42.7500000000015,0.49220546146998
1179,172,-75.8749999999961,42.7500000000015,0.52361993317446
1180,172,-75.8333333333294,42.7500000000015,0.557959914182829
1181,172,-75.7916666666627,42.7500000000015,0.601148511590745
1182,172,-75.749999999996,42.7500000000015,0.561798011505279
1183,172,-75.7083333333294,42.7500000000015,0.565756659869001
1184,172,-75.6666666666627,42.7500000000015,0.545933416161878
1185,172,-75.624999999996,42.7500000000015,0.560405902185308
1186,172,-75.5833333333294,42.7500000000015,0.473884728663542
1187,172,-75.5416666666627,42.7500000000015,0.427755672811021
1188,172,-75.499999999996,42.7500000000015,0.489144522455714
1189,172,-75.4583333333294,42.7500000000015,0.573276095664765
1190,172,-75.4166666666627,42.7500000000015,0.597984752495893
1191,172,-75.374999999996,42.7500000000015,0.574561694954301
1192,172,-75.3333333333293,42.7500000000015,0.538890541815256
1193,172,-75.2916666666627,42.7500000000015,0.47037542594798
1194,172,-75.249999999996,42.7500000000015,0.497605046457636
1195,172,-75.2083333333293,42.7500000000015,0.544567567508241
1196,172,-75.1666666666627,42.7500000000015,0.502136224971787
1197,172,-75.124999999996,42.7500000000015,0.572296627052288
1198,172,-75.0833333333293,42.7500000000015,0.586035808130152
1199,172,-75.0416666666627,42.7500000000015,0.560757979951931
1200,172,-74.999999999996,42.7500000000015,0.560767702263532
1201,172,-74.9583333333293,42.7500000000015,0.541975129427999
1202,172,-74.9166666666626,42.7500000000015,0.408207876455626
1203,172,-74.874999999996,42.7500000000015,0.474351306427956
1204,172,-74.8333333333293,42.7500000000015,0.578457243501889
1205,172,-74.7916666666626,42.7500000000015,0.565929672701501
1206,172,-74.749999999996,42.7500000000015,0.584507709427553
1207,172,-74.7083333333293,42.7500000000015,0.61688373701105
1208,172,-74.6666666666626,42.7500000000015,0.583979753443587
1209,172,-74.624999999996,42.7500000000015,0.402233278366208
1210,172,-74.5833333333293,42.7500000000015,0.392914856117723
1211,172,-74.5416666666626,42.7500000000015,0.418401164161971
1212,172,-74.499999999996,42.7500000000015,0.440099883002076
1213,172,-74.4583333333293,42.7500000000015,0.41352807730776
1214,172,-74.4166666666626,42.7500000000015,0.4535210580653
1215,172,-74.3749999999959,42.7500000000015,0.535834749799299
1216,172,-74.3333333333293,42.7500000000015,0.46033423560779
1217,172,-74.2916666666626,42.7500000000015,0.471785387175797
1218,172,-74.2499999999959,42.7500000000015,0.493121966397739
1219,172,-74.2083333333293,42.7500000000015,0.558785891574172
1220,172,-74.1666666666626,42.7500000000015,0.554531363434994
1221,172,-74.1249999999959,42.7500000000015,0.534009846295852
1222,172,-74.0833333333293,42.7500000000015,0.539787895914637
1223,172,-74.0416666666626,42.7500000000015,0.518698701008884
1224,172,-73.9999999999959,42.7500000000015,0.477700956514877
1225,172,-73.9583333333293,42.7500000000015,0.5376809846475
1226,172,-73.9166666666626,42.7500000000015,0.547841096034637
1227,172,-73.8749999999959,42.7500000000015,0.542628765563954
1228,172,-73.8333333333292,42.7500000000015,0.527334363765869
1229,172,-73.7916666666626,42.7500000000015,0.495742770256851
1230,172,-73.7499999999959,42.7500000000015,0.490874329773504
1231,172,-73.7083333333292,42.7500000000015,0.447652526202366
1232,172,-73.6666666666626,42.7500000000015,0.453913052813088
1233,172,-73.6249999999959,42.7500000000015,0.510003081850769
1234,172,-73.5833333333292,42.7500000000015,0.418418813731251
1235,172,-73.5416666666625,42.7500000000015,0.538008062584293
1236,172,-73.4999999999959,42.7500000000015,0.606280082562404
1237,172,-73.4583333333292,42.7500000000015,0.575917521996436
1238,172,-73.4166666666625,42.7500000000015,0.615858973883436
1239,172,-73.3749999999959,42.7500000000015,0.635848983559151
1240,172,-73.3333333333292,42.7500000000015,0.598017228746149
1241,172,-73.2916666666625,42.7500000000015,0.649722155386983
1242,172,-73.2499999999959,42.7500000000015,0.696527719497681
1103,173,-79.041666666663,42.7083333333348,0.539347814331395
1104,173,-78.9999999999963,42.7083333333348,0.575408673164329
1105,173,-78.9583333333296,42.7083333333348,0.597281689925753
1106,173,-78.916666666663,42.7083333333348,0.558915363489545
1107,173,-78.8749999999963,42.7083333333348,0.494735915500319
1108,173,-78.8333333333296,42.7083333333348,0.515405783461887
1109,173,-78.791666666663,42.7083333333348,0.471491025173767
1110,173,-78.7499999999963,42.7083333333348,0.594652133807434
1111,173,-78.7083333333296,42.7083333333348,0.57878106815358
1112,173,-78.666666666663,42.7083333333348,0.602244123102667
1113,173,-78.6249999999963,42.7083333333348,0.581045371631855
1114,173,-78.5833333333296,42.7083333333348,0.611791579008985
1115,173,-78.5416666666629,42.7083333333348,0.59477644421773
1116,173,-78.4999999999963,42.7083333333348,0.531725408995433
1117,173,-78.4583333333296,42.7083333333348,0.421842922254429
1118,173,-78.4166666666629,42.7083333333348,0.363124262525402
1119,173,-78.3749999999963,42.7083333333348,0.383830661389379
1120,173,-78.3333333333296,42.7083333333348,0.425847638345145
1121,173,-78.2916666666629,42.7083333333348,0.487686125174848
1122,173,-78.2499999999962,42.7083333333348,0.560599946436703
1123,173,-78.2083333333296,42.7083333333348,0.496659915671491
1124,173,-78.1666666666629,42.7083333333348,0.45889974342462
1125,173,-78.1249999999962,42.7083333333348,0.504633158146605
1126,173,-78.0833333333296,42.7083333333348,0.374510470840128
1127,173,-78.0416666666629,42.7083333333348,0.251446217776316
1128,173,-77.9999999999962,42.7083333333348,0.319384790377192
1129,173,-77.9583333333296,42.7083333333348,0.382618652680865
1130,173,-77.9166666666629,42.7083333333348,0.443926501937684
1131,173,-77.8749999999962,42.7083333333348,0.398123955958849
1132,173,-77.8333333333295,42.7083333333348,0.327372760426893
1133,173,-77.7916666666629,42.7083333333348,0.385066489970459
1134,173,-77.7499999999962,42.7083333333348,0.311530957464023
1135,173,-77.7083333333295,42.7083333333348,0.51746239889146
1136,173,-77.6666666666629,42.7083333333348,0.566257139193851
1137,173,-77.6249999999962,42.7083333333348,0.532975338098942
1138,173,-77.5833333333295,42.7083333333348,0.500398293479628
1139,173,-77.5416666666629,42.7083333333348,0.630551960836187
1140,173,-77.4999999999962,42.7083333333348,0.618149135612784
1141,173,-77.4583333333295,42.7083333333348,0.664845183048644
1142,173,-77.4166666666628,42.7083333333348,0.662809311708783
1143,173,-77.3749999999962,42.7083333333348,0.538186112595357
1144,173,-77.3333333333295,42.7083333333348,0.399396408000315
1145,173,-77.2916666666628,42.7083333333348,0.541067336228421
1146,173,-77.2499999999962,42.7083333333348,0.508209167235702
1147,173,-77.2083333333295,42.7083333333348,0.432907362761445
1148,173,-77.1666666666628,42.7083333333348,0.322054580159001
1149,173,-77.1249999999962,42.7083333333348,0.395763653677152
1150,173,-77.0833333333295,42.7083333333348,0.337286357748938
1151,173,-77.0416666666628,42.7083333333348,0.244757566931444
1152,173,-76.9999999999961,42.7083333333348,0.266759487536254
1153,173,-76.9583333333295,42.7083333333348,0.162536882398408
1154,173,-76.9166666666628,42.7083333333348,0.100536296274415
1155,173,-76.8749999999961,42.7083333333348,0.526251538156933
1156,173,-76.8333333333295,42.7083333333348,0.451225046974341
1157,173,-76.7916666666628,42.7083333333348,0.29800190630223
1158,173,-76.7499999999961,42.7083333333348,0.252694873428941
1159,173,-76.7083333333295,42.7083333333348,0.139901922982395
1160,173,-76.6666666666628,42.7083333333348,0.348470927776943
1161,173,-76.6249999999961,42.7083333333348,0.285052559410395
1162,173,-76.5833333333294,42.7083333333348,0.302766545093559
1163,173,-76.5416666666628,42.7083333333348,0.318341196976269
1164,173,-76.4999999999961,42.7083333333348,0.293614980002918
1165,173,-76.4583333333294,42.7083333333348,0.496029014395228
1166,173,-76.4166666666628,42.7083333333348,0.505519913497075
1167,173,-76.3749999999961,42.7083333333348,0.561514592251698
1168,173,-76.3333333333294,42.7083333333348,0.530933360365112
1169,173,-76.2916666666628,42.7083333333348,0.472677841089927
1170,173,-76.2499999999961,42.7083333333348,0.479200210841574
1171,173,-76.2083333333294,42.7083333333348,0.566561958108382
1172,173,-76.1666666666627,42.7083333333348,0.486286278774399
1173,173,-76.1249999999961,42.7083333333348,0.524676937962154
1174,173,-76.0833333333294,42.7083333333348,0.57329868089249
1175,173,-76.0416666666627,42.7083333333348,0.541964536594296
1176,173,-75.9999999999961,42.7083333333348,0.562459541261909
1177,173,-75.9583333333294,42.7083333333348,0.577990619675877
1178,173,-75.9166666666627,42.7083333333348,0.561354593397389
1179,173,-75.8749999999961,42.7083333333348,0.562285053906387
1180,173,-75.8333333333294,42.7083333333348,0.513765060583689
1181,173,-75.7916666666627,42.7083333333348,0.560560243163174
1182,173,-75.749999999996,42.7083333333348,0.548259125510143
1183,173,-75.7083333333294,42.7083333333348,0.567680085577098
1184,173,-75.6666666666627,42.7083333333348,0.586063319645828
1185,173,-75.624999999996,42.7083333333348,0.525967960624537
1186,173,-75.5833333333294,42.7083333333348,0.504413051274691
1187,173,-75.5416666666627,42.7083333333348,0.3864760032396
1188,173,-75.499999999996,42.7083333333348,0.456201245904302
1189,173,-75.4583333333294,42.7083333333348,0.52778347073193
1190,173,-75.4166666666627,42.7083333333348,0.551357850753234
1191,173,-75.374999999996,42.7083333333348,0.567060874441819
1192,173,-75.3333333333293,42.7083333333348,0.521471346522186
1193,173,-75.2916666666627,42.7083333333348,0.518128421061251
1194,173,-75.249999999996,42.7083333333348,0.49494130449431
1195,173,-75.2083333333293,42.7083333333348,0.463461245427861
1196,173,-75.1666666666627,42.7083333333348,0.535313288987087
1197,173,-75.124999999996,42.7083333333348,0.550033853054726
1198,173,-75.0833333333293,42.7083333333348,0.567566964802699
1199,173,-75.0416666666627,42.7083333333348,0.550594131523338
1200,173,-74.999999999996,42.7083333333348,0.534460427357942
1201,173,-74.9583333333293,42.7083333333348,0.498004299943928
1202,173,-74.9166666666626,42.7083333333348,0.405063681551478
1203,173,-74.874999999996,42.7083333333348,0.579177514461244
1204,173,-74.8333333333293,42.7083333333348,0.535070490320361
1205,173,-74.7916666666626,42.7083333333348,0.554596652977998
1206,173,-74.749999999996,42.7083333333348,0.603160146869147
1207,173,-74.7083333333293,42.7083333333348,0.576590332054289
1208,173,-74.6666666666626,42.7083333333348,0.614693999270945
1209,173,-74.624999999996,42.7083333333348,0.504755302258653
1210,173,-74.5833333333293,42.7083333333348,0.415875215442011
1211,173,-74.5416666666626,42.7083333333348,0.43081671946201
1212,173,-74.499999999996,42.7083333333348,0.425523917767031
1213,173,-74.4583333333293,42.7083333333348,0.398642959889287
1214,173,-74.4166666666626,42.7083333333348,0.42891183530657
1215,173,-74.3749999999959,42.7083333333348,0.454045550563048
1216,173,-74.3333333333293,42.7083333333348,0.471177073257962
1217,173,-74.2916666666626,42.7083333333348,0.463261977067282
1218,173,-74.2499999999959,42.7083333333348,0.435093427273663
1219,173,-74.2083333333293,42.7083333333348,0.48721028828644
1220,173,-74.1666666666626,42.7083333333348,0.497318174285989
1221,173,-74.1249999999959,42.7083333333348,0.517365582886549
1222,173,-74.0833333333293,42.7083333333348,0.602756193324359
1223,173,-74.0416666666626,42.7083333333348,0.583138094977637
1224,173,-73.9999999999959,42.7083333333348,0.508440039728958
1225,173,-73.9583333333293,42.7083333333348,0.481577936928668
1226,173,-73.9166666666626,42.7083333333348,0.544242628816355
1227,173,-73.8749999999959,42.7083333333348,0.543835656652488
1228,173,-73.8333333333292,42.7083333333348,0.472574242982079
1229,173,-73.7916666666626,42.7083333333348,0.483005213734941
1230,173,-73.7499999999959,42.7083333333348,0.515210716391233
1231,173,-73.7083333333292,42.7083333333348,0.440334696466751
1232,173,-73.6666666666626,42.7083333333348,0.498625136764598
1233,173,-73.6249999999959,42.7083333333348,0.522950585500735
1234,173,-73.5833333333292,42.7083333333348,0.427270185905149
1235,173,-73.5416666666625,42.7083333333348,0.576829431883653
1236,173,-73.4999999999959,42.7083333333348,0.587820306012936
1237,173,-73.4583333333292,42.7083333333348,0.618009229229479
1238,173,-73.4166666666625,42.7083333333348,0.597148374983538
1239,173,-73.3749999999959,42.7083333333348,0.61682564251351
1240,173,-73.3333333333292,42.7083333333348,0.625164071528987
1241,173,-73.2916666666625,42.7083333333348,0.680425552360331
1102,174,-79.0833333333296,42.6666666666681,0.275514883744089
1103,174,-79.041666666663,42.6666666666681,0.576153803373104
1104,174,-78.9999999999963,42.6666666666681,0.580917146972466
1105,174,-78.9583333333296,42.6666666666681,0.557983144830155
1106,174,-78.916666666663,42.6666666666681,0.482327559831655
1107,174,-78.8749999999963,42.6666666666681,0.437368152704447
1108,174,-78.8333333333296,42.6666666666681,0.443086256551862
1109,174,-78.791666666663,42.6666666666681,0.482192749029865
1110,174,-78.7499999999963,42.6666666666681,0.587387090635389
1111,174,-78.7083333333296,42.6666666666681,0.580090624203251
1112,174,-78.666666666663,42.6666666666681,0.619699856147095
1113,174,-78.6249999999963,42.6666666666681,0.606684264052816
1114,174,-78.5833333333296,42.6666666666681,0.608372173735587
1115,174,-78.5416666666629,42.6666666666681,0.544241395625598
1116,174,-78.4999999999963,42.6666666666681,0.492673085289199
1117,174,-78.4583333333296,42.6666666666681,0.49014911629078
1118,174,-78.4166666666629,42.6666666666681,0.476987451808606
1119,174,-78.3749999999963,42.6666666666681,0.483081308043028
1120,174,-78.3333333333296,42.6666666666681,0.414090899575513
1121,174,-78.2916666666629,42.6666666666681,0.483334917720163
1122,174,-78.2499999999962,42.6666666666681,0.51197371408725
1123,174,-78.2083333333296,42.6666666666681,0.414178792733159
1124,174,-78.1666666666629,42.6666666666681,0.393420174331951
1125,174,-78.1249999999962,42.6666666666681,0.401787027161035
1126,174,-78.0833333333296,42.6666666666681,0.421156196660643
1127,174,-78.0416666666629,42.6666666666681,0.33640536813079
1128,174,-77.9999999999962,42.6666666666681,0.255329318401001
1129,174,-77.9583333333296,42.6666666666681,0.520894831764528
1130,174,-77.9166666666629,42.6666666666681,0.380723354608379
1131,174,-77.8749999999962,42.6666666666681,0.261642730736209
1132,174,-77.8333333333295,42.6666666666681,0.511276548748175
1133,174,-77.7916666666629,42.6666666666681,0.35888534129141
1134,174,-77.7499999999962,42.6666666666681,0.445416712048519
1135,174,-77.7083333333295,42.6666666666681,0.519697481901662
1136,174,-77.6666666666629,42.6666666666681,0.558798792767065
1137,174,-77.6249999999962,42.6666666666681,0.615451911606521
1138,174,-77.5833333333295,42.6666666666681,0.532718066366771
1139,174,-77.5416666666629,42.6666666666681,0.601869882356838
1140,174,-77.4999999999962,42.6666666666681,0.627294242335396
1141,174,-77.4583333333295,42.6666666666681,0.660941966050214
1142,174,-77.4166666666628,42.6666666666681,0.614093504225144
1143,174,-77.3749999999962,42.6666666666681,0.486644040967022
1144,174,-77.3333333333295,42.6666666666681,0.57398279442427
1145,174,-77.2916666666628,42.6666666666681,0.597780668672257
1146,174,-77.2499999999962,42.6666666666681,0.617779334071823
1147,174,-77.2083333333295,42.6666666666681,0.551613112552496
1148,174,-77.1666666666628,42.6666666666681,0.487424708056815
1149,174,-77.1249999999962,42.6666666666681,0.45859037498546
1150,174,-77.0833333333295,42.6666666666681,0.391846847764394
1151,174,-77.0416666666628,42.6666666666681,0.35790196141539
1152,174,-76.9999999999961,42.6666666666681,0.32013069340972
1153,174,-76.9583333333295,42.6666666666681,0.349867187427251
1154,174,-76.9166666666628,42.6666666666681,0.10779484044208
1155,174,-76.8749999999961,42.6666666666681,0.257773557891542
1156,174,-76.8333333333295,42.6666666666681,0.352538110701052
1157,174,-76.7916666666628,42.6666666666681,0.283346804583386
1158,174,-76.7499999999961,42.6666666666681,0.331164666172843
1159,174,-76.7083333333295,42.6666666666681,0.203348732345484
1160,174,-76.6666666666628,42.6666666666681,0.201254799536199
1161,174,-76.6249999999961,42.6666666666681,0.254459123455525
1162,174,-76.5833333333294,42.6666666666681,0.303404894917974
1163,174,-76.5416666666628,42.6666666666681,0.353665975106537
1164,174,-76.4999999999961,42.6666666666681,0.323861322972606
1165,174,-76.4583333333294,42.6666666666681,0.441039411984689
1166,174,-76.4166666666628,42.6666666666681,0.516379774180027
1167,174,-76.3749999999961,42.6666666666681,0.530709109564644
1168,174,-76.3333333333294,42.6666666666681,0.544251619355472
1169,174,-76.2916666666628,42.6666666666681,0.487440680650744
1170,174,-76.2499999999961,42.6666666666681,0.485628778211074
1171,174,-76.2083333333294,42.6666666666681,0.445415929960835
1172,174,-76.1666666666627,42.6666666666681,0.426168904962873
1173,174,-76.1249999999961,42.6666666666681,0.480953570693855
1174,174,-76.0833333333294,42.6666666666681,0.474594462550536
1175,174,-76.0416666666627,42.6666666666681,0.539952079625848
1176,174,-75.9999999999961,42.6666666666681,0.578503720125144
1177,174,-75.9583333333294,42.6666666666681,0.61401657270902
1178,174,-75.9166666666627,42.6666666666681,0.632393154204316
1179,174,-75.8749999999961,42.6666666666681,0.55321392396172
1180,174,-75.8333333333294,42.6666666666681,0.585341834170163
1181,174,-75.7916666666627,42.6666666666681,0.549658729745625
1182,174,-75.749999999996,42.6666666666681,0.59794875053816
1183,174,-75.7083333333294,42.6666666666681,0.55800394251303
1184,174,-75.6666666666627,42.6666666666681,0.585670423267494
1185,174,-75.624999999996,42.6666666666681,0.558918893293992
1186,174,-75.5833333333294,42.6666666666681,0.483607630833421
1187,174,-75.5416666666627,42.6666666666681,0.383232760914635
1188,174,-75.499999999996,42.6666666666681,0.436420087024635
1189,174,-75.4583333333294,42.6666666666681,0.56343054554781
1190,174,-75.4166666666627,42.6666666666681,0.54353904759493
1191,174,-75.374999999996,42.6666666666681,0.480710828213359
1192,174,-75.3333333333293,42.6666666666681,0.488351767907622
1193,174,-75.2916666666627,42.6666666666681,0.538201652833228
1194,174,-75.249999999996,42.6666666666681,0.433198113265008
1195,174,-75.2083333333293,42.6666666666681,0.515096726365401
1196,174,-75.1666666666627,42.6666666666681,0.493559808043578
1197,174,-75.124999999996,42.6666666666681,0.543890223277729
1198,174,-75.0833333333293,42.6666666666681,0.550895901442782
1199,174,-75.0416666666627,42.6666666666681,0.515948810179519
1200,174,-74.999999999996,42.6666666666681,0.541189296890342
1201,174,-74.9583333333293,42.6666666666681,0.491678817562321
1202,174,-74.9166666666626,42.6666666666681,0.550403391078336
1203,174,-74.874999999996,42.6666666666681,0.554632311544066
1204,174,-74.8333333333293,42.6666666666681,0.597466537751173
1205,174,-74.7916666666626,42.6666666666681,0.512491344826325
1206,174,-74.749999999996,42.6666666666681,0.577721662365894
1207,174,-74.7083333333293,42.6666666666681,0.522585191179528
1208,174,-74.6666666666626,42.6666666666681,0.614416087902368
1209,174,-74.624999999996,42.6666666666681,0.621716334517495
1210,174,-74.5833333333293,42.6666666666681,0.555715657787598
1211,174,-74.5416666666626,42.6666666666681,0.526251635381396
1212,174,-74.499999999996,42.6666666666681,0.460243420756935
1213,174,-74.4583333333293,42.6666666666681,0.489165977429129
1214,174,-74.4166666666626,42.6666666666681,0.530794377558837
1215,174,-74.3749999999959,42.6666666666681,0.516194596553274
1216,174,-74.3333333333293,42.6666666666681,0.449181398819582
1217,174,-74.2916666666626,42.6666666666681,0.446303191275431
1218,174,-74.2499999999959,42.6666666666681,0.484704799351752
1219,174,-74.2083333333293,42.6666666666681,0.439763572895548
1220,174,-74.1666666666626,42.6666666666681,0.410659995958046
1221,174,-74.1249999999959,42.6666666666681,0.474513215413198
1222,174,-74.0833333333293,42.6666666666681,0.518468934257522
1223,174,-74.0416666666626,42.6666666666681,0.580183114322116
1224,174,-73.9999999999959,42.6666666666681,0.54827987055555
1225,174,-73.9583333333293,42.6666666666681,0.516477106046721
1226,174,-73.9166666666626,42.6666666666681,0.557187057174878
1227,174,-73.8749999999959,42.6666666666681,0.553017203172356
1228,174,-73.8333333333292,42.6666666666681,0.508986637226144
1229,174,-73.7916666666626,42.6666666666681,0.438723517821013
1230,174,-73.7499999999959,42.6666666666681,0.421728128317635
1231,174,-73.7083333333292,42.6666666666681,0.492872774701082
1232,174,-73.6666666666626,42.6666666666681,0.522886199026077
1233,174,-73.6249999999959,42.6666666666681,0.506450488288905
1234,174,-73.5833333333292,42.6666666666681,0.53579678780079
1235,174,-73.5416666666625,42.6666666666681,0.60655376198398
1236,174,-73.4999999999959,42.6666666666681,0.608834327106111
1237,174,-73.4583333333292,42.6666666666681,0.633828720124844
1238,174,-73.4166666666625,42.6666666666681,0.607088609458441
1239,174,-73.3749999999959,42.6666666666681,0.616640594836556
1240,174,-73.3333333333292,42.6666666666681,0.646119978745385
1241,174,-73.2916666666625,42.6666666666681,0.682126768164712
1101,175,-79.1249999999963,42.6250000000014,0.513910541757783
1102,175,-79.0833333333296,42.6250000000014,0.565404957384499
1103,175,-79.041666666663,42.6250000000014,0.591010567996537
1104,175,-78.9999999999963,42.6250000000014,0.579996469587391
1105,175,-78.9583333333296,42.6250000000014,0.507283690823528
1106,175,-78.916666666663,42.6250000000014,0.54220682681607
1107,175,-78.8749999999963,42.6250000000014,0.561988508482514
1108,175,-78.8333333333296,42.6250000000014,0.500635625875809
1109,175,-78.791666666663,42.6250000000014,0.530250843293782
1110,175,-78.7499999999963,42.6250000000014,0.561161703662073
1111,175,-78.7083333333296,42.6250000000014,0.574300038223178
1112,175,-78.666666666663,42.6250000000014,0.606647448356231
1113,175,-78.6249999999963,42.6250000000014,0.553146011780683
1114,175,-78.5833333333296,42.6250000000014,0.572449811485271
1115,175,-78.5416666666629,42.6250000000014,0.6035473604107
1116,175,-78.4999999999963,42.6250000000014,0.583016706446845
1117,175,-78.4583333333296,42.6250000000014,0.516063847550082
1118,175,-78.4166666666629,42.6250000000014,0.466400965034372
1119,175,-78.3749999999963,42.6250000000014,0.452354217284483
1120,175,-78.3333333333296,42.6250000000014,0.449694019096635
1121,175,-78.2916666666629,42.6250000000014,0.466929204122416
1122,175,-78.2499999999962,42.6250000000014,0.439387716630111
1123,175,-78.2083333333296,42.6250000000014,0.438191250294669
1124,175,-78.1666666666629,42.6250000000014,0.425688696217518
1125,175,-78.1249999999962,42.6250000000014,0.403024799966255
1126,175,-78.0833333333296,42.6250000000014,0.417386906177319
1127,175,-78.0416666666629,42.6250000000014,0.424205376705438
1128,175,-77.9999999999962,42.6250000000014,0.481744892208956
1129,175,-77.9583333333296,42.6250000000014,0.421809233485605
1130,175,-77.9166666666629,42.6250000000014,0.415986652162305
1131,175,-77.8749999999962,42.6250000000014,0.45923875666542
1132,175,-77.8333333333295,42.6250000000014,0.428134245018304
1133,175,-77.7916666666629,42.6250000000014,0.385170708105652
1134,175,-77.7499999999962,42.6250000000014,0.309411474305612
1135,175,-77.7083333333295,42.6250000000014,0.43675215966841
1136,175,-77.6666666666629,42.6250000000014,0.483628120380152
1137,175,-77.6249999999962,42.6250000000014,0.552463207797587
1138,175,-77.5833333333295,42.6250000000014,0.50604824951727
1139,175,-77.5416666666629,42.6250000000014,0.542520953620672
1140,175,-77.4999999999962,42.6250000000014,0.544586306805292
1141,175,-77.4583333333295,42.6250000000014,0.622660903103338
1142,175,-77.4166666666628,42.6250000000014,0.58802859771508
1143,175,-77.3749999999962,42.6250000000014,0.58215013725372
1144,175,-77.3333333333295,42.6250000000014,0.645478850923861
1145,175,-77.2916666666628,42.6250000000014,0.630457805448865
1146,175,-77.2499999999962,42.6250000000014,0.639437120344449
1147,175,-77.2083333333295,42.6250000000014,0.595205495544
1148,175,-77.1666666666628,42.6250000000014,0.539300731817429
1149,175,-77.1249999999962,42.6250000000014,0.483477443856658
1150,175,-77.0833333333295,42.6250000000014,0.3122609938762
1151,175,-77.0416666666628,42.6250000000014,0.293164806185946
1152,175,-76.9999999999961,42.6250000000014,0.285873938932602
1153,175,-76.9583333333295,42.6250000000014,0.276761618804149
1154,175,-76.9166666666628,42.6250000000014,0.198348105471691
1155,175,-76.8749999999961,42.6250000000014,0.242378384825923
1156,175,-76.8333333333295,42.6250000000014,0.35304279144334
1157,175,-76.7916666666628,42.6250000000014,0.33216230912287
1158,175,-76.7499999999961,42.6250000000014,0.294256200213618
1159,175,-76.7083333333295,42.6250000000014,0.373893057923463
1160,175,-76.6666666666628,42.6250000000014,0.0886380796987178
1161,175,-76.6249999999961,42.6250000000014,0.353493181222922
1162,175,-76.5833333333294,42.6250000000014,0.281941970754872
1163,175,-76.5416666666628,42.6250000000014,0.434487235323853
1164,175,-76.4999999999961,42.6250000000014,0.364625996968584
1165,175,-76.4583333333294,42.6250000000014,0.458447284042089
1166,175,-76.4166666666628,42.6250000000014,0.540484082929753
1167,175,-76.3749999999961,42.6250000000014,0.511273824482885
1168,175,-76.3333333333294,42.6250000000014,0.448747700445006
1169,175,-76.2916666666628,42.6250000000014,0.425395201853526
1170,175,-76.2499999999961,42.6250000000014,0.457999985506763
1171,175,-76.2083333333294,42.6250000000014,0.410135731221391
1172,175,-76.1666666666627,42.6250000000014,0.456168680431941
1173,175,-76.1249999999961,42.6250000000014,0.495439912983989
1174,175,-76.0833333333294,42.6250000000014,0.5312758280546
1175,175,-76.0416666666627,42.6250000000014,0.588222506917818
1176,175,-75.9999999999961,42.6250000000014,0.616843187943947
1177,175,-75.9583333333294,42.6250000000014,0.618475436153484
1178,175,-75.9166666666627,42.6250000000014,0.55629430096695
1179,175,-75.8749999999961,42.6250000000014,0.539437914602416
1180,175,-75.8333333333294,42.6250000000014,0.55158015626534
1181,175,-75.7916666666627,42.6250000000014,0.560021648933185
1182,175,-75.749999999996,42.6250000000014,0.60308698128565
1183,175,-75.7083333333294,42.6250000000014,0.578493053208941
1184,175,-75.6666666666627,42.6250000000014,0.577151422578083
1185,175,-75.624999999996,42.6250000000014,0.544425159817379
1186,175,-75.5833333333294,42.6250000000014,0.575460160513482
1187,175,-75.5416666666627,42.6250000000014,0.501201548194701
1188,175,-75.499999999996,42.6250000000014,0.520765651850309
1189,175,-75.4583333333294,42.6250000000014,0.543194007607013
1190,175,-75.4166666666627,42.6250000000014,0.538258882358664
1191,175,-75.374999999996,42.6250000000014,0.518604251530615
1192,175,-75.3333333333293,42.6250000000014,0.421648796520425
1193,175,-75.2916666666627,42.6250000000014,0.50111993260232
1194,175,-75.249999999996,42.6250000000014,0.530734274128477
1195,175,-75.2083333333293,42.6250000000014,0.506229492052355
1196,175,-75.1666666666627,42.6250000000014,0.5497546394748
1197,175,-75.124999999996,42.6250000000014,0.574046186630617
1198,175,-75.0833333333293,42.6250000000014,0.536234061567696
1199,175,-75.0416666666627,42.6250000000014,0.511482992774391
1200,175,-74.999999999996,42.6250000000014,0.584637052940864
1201,175,-74.9583333333293,42.6250000000014,0.526160476119411
1202,175,-74.9166666666626,42.6250000000014,0.572539963619548
1203,175,-74.874999999996,42.6250000000014,0.518850727362284
1204,175,-74.8333333333293,42.6250000000014,0.565507921890119
1205,175,-74.7916666666626,42.6250000000014,0.54211635676251
1206,175,-74.749999999996,42.6250000000014,0.471447245133261
1207,175,-74.7083333333293,42.6250000000014,0.545311340711869
1208,175,-74.6666666666626,42.6250000000014,0.576288478709509
1209,175,-74.624999999996,42.6250000000014,0.582086262762689
1210,175,-74.5833333333293,42.6250000000014,0.527682058650063
1211,175,-74.5416666666626,42.6250000000014,0.530810835787475
1212,175,-74.499999999996,42.6250000000014,0.590382041887246
1213,175,-74.4583333333293,42.6250000000014,0.571477442070802
1214,175,-74.4166666666626,42.6250000000014,0.612909788911568
1215,175,-74.3749999999959,42.6250000000014,0.589701269100822
1216,175,-74.3333333333293,42.6250000000014,0.370426876706509
1217,175,-74.2916666666626,42.6250000000014,0.544296597634882
1218,175,-74.2499999999959,42.6250000000014,0.553631388409673
1219,175,-74.2083333333293,42.6250000000014,0.511399900400656
1220,175,-74.1666666666626,42.6250000000014,0.457428854818169
1221,175,-74.1249999999959,42.6250000000014,0.533536950178104
1222,175,-74.0833333333293,42.6250000000014,0.514390646747622
1223,175,-74.0416666666626,42.6250000000014,0.524585364937592
1224,175,-73.9999999999959,42.6250000000014,0.60465827826276
1225,175,-73.9583333333293,42.6250000000014,0.515452278604387
1226,175,-73.9166666666626,42.6250000000014,0.52599250439664
1227,175,-73.8749999999959,42.6250000000014,0.533282060944334
1228,175,-73.8333333333292,42.6250000000014,0.529800914341974
1229,175,-73.7916666666626,42.6250000000014,0.528067105378846
1230,175,-73.7499999999959,42.6250000000014,0.420414643001588
1231,175,-73.7083333333292,42.6250000000014,0.529643467737444
1232,175,-73.6666666666626,42.6250000000014,0.574769320254325
1233,175,-73.6249999999959,42.6250000000014,0.536577938735811
1234,175,-73.5833333333292,42.6250000000014,0.539907855250068
1235,175,-73.5416666666625,42.6250000000014,0.532208962500234
1236,175,-73.4999999999959,42.6250000000014,0.62918166372455
1237,175,-73.4583333333292,42.6250000000014,0.640048967564708
1238,175,-73.4166666666625,42.6250000000014,0.612548117503145
1239,175,-73.3749999999959,42.6250000000014,0.615656670819506
1240,175,-73.3333333333292,42.6250000000014,0.66691855812891
1241,175,-73.2916666666625,42.6250000000014,0.684220064390671
1101,176,-79.1249999999963,42.5833333333348,0.542380798835034
1102,176,-79.0833333333296,42.5833333333348,0.603932855661478
1103,176,-79.041666666663,42.5833333333348,0.518043682500957
1104,176,-78.9999999999963,42.5833333333348,0.409666214394755
1105,176,-78.9583333333296,42.5833333333348,0.421948213773988
1106,176,-78.916666666663,42.5833333333348,0.515192898159254
1107,176,-78.8749999999963,42.5833333333348,0.422904100167217
1108,176,-78.8333333333296,42.5833333333348,0.438822968243251
1109,176,-78.791666666663,42.5833333333348,0.505058941474653
1110,176,-78.7499999999963,42.5833333333348,0.547560875830517
1111,176,-78.7083333333296,42.5833333333348,0.615860663213788
1112,176,-78.666666666663,42.5833333333348,0.609722004693678
1113,176,-78.6249999999963,42.5833333333348,0.510928550648395
1114,176,-78.5833333333296,42.5833333333348,0.553163330549439
1115,176,-78.5416666666629,42.5833333333348,0.57878373446971
1116,176,-78.4999999999963,42.5833333333348,0.46484872926397
1117,176,-78.4583333333296,42.5833333333348,0.427827231162459
1118,176,-78.4166666666629,42.5833333333348,0.481844980092679
1119,176,-78.3749999999963,42.5833333333348,0.452836759947558
1120,176,-78.3333333333296,42.5833333333348,0.550106274720754
1121,176,-78.2916666666629,42.5833333333348,0.458487882023409
1122,176,-78.2499999999962,42.5833333333348,0.515408963646919
1123,176,-78.2083333333296,42.5833333333348,0.550750588311805
1124,176,-78.1666666666629,42.5833333333348,0.446222469075083
1125,176,-78.1249999999962,42.5833333333348,0.406651502528415
1126,176,-78.0833333333296,42.5833333333348,0.370405189998756
1127,176,-78.0416666666629,42.5833333333348,0.492899266457308
1128,176,-77.9999999999962,42.5833333333348,0.523847804791695
1129,176,-77.9583333333296,42.5833333333348,0.428936247383586
1130,176,-77.9166666666629,42.5833333333348,0.433774893755823
1131,176,-77.8749999999962,42.5833333333348,0.590516051028855
1132,176,-77.8333333333295,42.5833333333348,0.555585077638082
1133,176,-77.7916666666629,42.5833333333348,0.495537211416309
1134,176,-77.7499999999962,42.5833333333348,0.48463403138054
1135,176,-77.7083333333295,42.5833333333348,0.446416574825673
1136,176,-77.6666666666629,42.5833333333348,0.427486613377579
1137,176,-77.6249999999962,42.5833333333348,0.456896273704624
1138,176,-77.5833333333295,42.5833333333348,0.417665331080224
1139,176,-77.5416666666629,42.5833333333348,0.481381245241238
1140,176,-77.4999999999962,42.5833333333348,0.481960418499407
1141,176,-77.4583333333295,42.5833333333348,0.467086155305439
1142,176,-77.4166666666628,42.5833333333348,0.583468327421892
1143,176,-77.3749999999962,42.5833333333348,0.597174871316697
1144,176,-77.3333333333295,42.5833333333348,0.581099479530248
1145,176,-77.2916666666628,42.5833333333348,0.587391098051245
1146,176,-77.2499999999962,42.5833333333348,0.518149694465186
1147,176,-77.2083333333295,42.5833333333348,0.463930408202531
1148,176,-77.1666666666628,42.5833333333348,0.415827805919996
1149,176,-77.1249999999962,42.5833333333348,0.438799394155642
1150,176,-77.0833333333295,42.5833333333348,0.353538044548723
1151,176,-77.0416666666628,42.5833333333348,0.426557046916376
1152,176,-76.9999999999961,42.5833333333348,0.449818418370301
1153,176,-76.9583333333295,42.5833333333348,0.434125560206641
1154,176,-76.9166666666628,42.5833333333348,0.241670489355267
1155,176,-76.8749999999961,42.5833333333348,0.236205545388853
1156,176,-76.8333333333295,42.5833333333348,0.447565442636501
1157,176,-76.7916666666628,42.5833333333348,0.423516058849303
1158,176,-76.7499999999961,42.5833333333348,0.407516933510434
1159,176,-76.7083333333295,42.5833333333348,0.297501170079501
1160,176,-76.6666666666628,42.5833333333348,0.341546433621602
1161,176,-76.6249999999961,42.5833333333348,0.21130855469342
1162,176,-76.5833333333294,42.5833333333348,0.386848629750093
1163,176,-76.5416666666628,42.5833333333348,0.422371512870501
1164,176,-76.4999999999961,42.5833333333348,0.377230919201593
1165,176,-76.4583333333294,42.5833333333348,0.397697290269567
1166,176,-76.4166666666628,42.5833333333348,0.53039513666338
1167,176,-76.3749999999961,42.5833333333348,0.499780392701006
1168,176,-76.3333333333294,42.5833333333348,0.427601747511665
1169,176,-76.2916666666628,42.5833333333348,0.372764967169323
1170,176,-76.2499999999961,42.5833333333348,0.447789961363408
1171,176,-76.2083333333294,42.5833333333348,0.459202158348249
1172,176,-76.1666666666627,42.5833333333348,0.466975371479778
1173,176,-76.1249999999961,42.5833333333348,0.514698200303089
1174,176,-76.0833333333294,42.5833333333348,0.52667278879454
1175,176,-76.0416666666627,42.5833333333348,0.533591110335744
1176,176,-75.9999999999961,42.5833333333348,0.599579359701982
1177,176,-75.9583333333294,42.5833333333348,0.563980859512797
1178,176,-75.9166666666627,42.5833333333348,0.541019670176125
1179,176,-75.8749999999961,42.5833333333348,0.521865125830879
1180,176,-75.8333333333294,42.5833333333348,0.547360117609796
1181,176,-75.7916666666627,42.5833333333348,0.540853749781088
1182,176,-75.749999999996,42.5833333333348,0.583287930976905
1183,176,-75.7083333333294,42.5833333333348,0.593473739470971
1184,176,-75.6666666666627,42.5833333333348,0.590382403762458
1185,176,-75.624999999996,42.5833333333348,0.584235392231367
1186,176,-75.5833333333294,42.5833333333348,0.541309507764081
1187,176,-75.5416666666627,42.5833333333348,0.477602450028841
1188,176,-75.499999999996,42.5833333333348,0.590245020070186
1189,176,-75.4583333333294,42.5833333333348,0.54769181886779
1190,176,-75.4166666666627,42.5833333333348,0.545581736252941
1191,176,-75.374999999996,42.5833333333348,0.513821376279123
1192,176,-75.3333333333293,42.5833333333348,0.467398248692084
1193,176,-75.2916666666627,42.5833333333348,0.532641913440051
1194,176,-75.249999999996,42.5833333333348,0.528621347786873
1195,176,-75.2083333333293,42.5833333333348,0.548329545559701
1196,176,-75.1666666666627,42.5833333333348,0.560586735832379
1197,176,-75.124999999996,42.5833333333348,0.574437313389529
1198,176,-75.0833333333293,42.5833333333348,0.547050853856353
1199,176,-75.0416666666627,42.5833333333348,0.510640457512256
1200,176,-74.999999999996,42.5833333333348,0.536977773850408
1201,176,-74.9583333333293,42.5833333333348,0.468062049549469
1202,176,-74.9166666666626,42.5833333333348,0.509865754499667
1203,176,-74.874999999996,42.5833333333348,0.582561688246091
1204,176,-74.8333333333293,42.5833333333348,0.513088607461091
1205,176,-74.7916666666626,42.5833333333348,0.596493602784121
1206,176,-74.749999999996,42.5833333333348,0.539930138838608
1207,176,-74.7083333333293,42.5833333333348,0.562707865096911
1208,176,-74.6666666666626,42.5833333333348,0.560519047275031
1209,176,-74.624999999996,42.5833333333348,0.569695024650518
1210,176,-74.5833333333293,42.5833333333348,0.579965940811733
1211,176,-74.5416666666626,42.5833333333348,0.610667963841884
1212,176,-74.499999999996,42.5833333333348,0.600757785180858
1213,176,-74.4583333333293,42.5833333333348,0.601123527928225
1214,176,-74.4166666666626,42.5833333333348,0.617261068341242
1215,176,-74.3749999999959,42.5833333333348,0.436390805139401
1216,176,-74.3333333333293,42.5833333333348,0.453722469855531
1217,176,-74.2916666666626,42.5833333333348,0.558303402430242
1218,176,-74.2499999999959,42.5833333333348,0.567847934457611
1219,176,-74.2083333333293,42.5833333333348,0.584623290592292
1220,176,-74.1666666666626,42.5833333333348,0.593598669059721
1221,176,-74.1249999999959,42.5833333333348,0.547598408796738
1222,176,-74.0833333333293,42.5833333333348,0.591569697441273
1223,176,-74.0416666666626,42.5833333333348,0.574713858076072
1224,176,-73.9999999999959,42.5833333333348,0.593489367859442
1225,176,-73.9583333333293,42.5833333333348,0.549517131986104
1226,176,-73.9166666666626,42.5833333333348,0.502267869829888
1227,176,-73.8749999999959,42.5833333333348,0.512909158003676
1228,176,-73.8333333333292,42.5833333333348,0.536565345831406
1229,176,-73.7916666666626,42.5833333333348,0.525901926847709
1230,176,-73.7499999999959,42.5833333333348,0.493218422863652
1231,176,-73.7083333333292,42.5833333333348,0.533279335184201
1232,176,-73.6666666666626,42.5833333333348,0.582163299690214
1233,176,-73.6249999999959,42.5833333333348,0.551966598701595
1234,176,-73.5833333333292,42.5833333333348,0.572086304521084
1235,176,-73.5416666666625,42.5833333333348,0.549494830205241
1236,176,-73.4999999999959,42.5833333333348,0.591588463587869
1237,176,-73.4583333333292,42.5833333333348,0.649745787620002
1238,176,-73.4166666666625,42.5833333333348,0.64098476478597
1239,176,-73.3749999999959,42.5833333333348,0.558454961575001
1240,176,-73.3333333333292,42.5833333333348,0.660041958748148
1098,177,-79.2499999999963,42.5416666666681,0.447326140525567
1099,177,-79.2083333333297,42.5416666666681,0.536578213570081
1100,177,-79.166666666663,42.5416666666681,0.50584234629528
1101,177,-79.1249999999963,42.5416666666681,0.426054336841749
1102,177,-79.0833333333296,42.5416666666681,0.539179492655051
1103,177,-79.041666666663,42.5416666666681,0.609097221462395
1104,177,-78.9999999999963,42.5416666666681,0.559586562750794
1105,177,-78.9583333333296,42.5416666666681,0.614354520111651
1106,177,-78.916666666663,42.5416666666681,0.449408514018892
1107,177,-78.8749999999963,42.5416666666681,0.411194383072196
1108,177,-78.8333333333296,42.5416666666681,0.417043528266199
1109,177,-78.791666666663,42.5416666666681,0.369637332771153
1110,177,-78.7499999999963,42.5416666666681,0.466936960318634
1111,177,-78.7083333333296,42.5416666666681,0.55304216367925
1112,177,-78.666666666663,42.5416666666681,0.447963903069713
1113,177,-78.6249999999963,42.5416666666681,0.440150994823356
1114,177,-78.5833333333296,42.5416666666681,0.51859661018971
1115,177,-78.5416666666629,42.5416666666681,0.519014187384879
1116,177,-78.4999999999963,42.5416666666681,0.391195885485755
1117,177,-78.4583333333296,42.5416666666681,0.408455427131531
1118,177,-78.4166666666629,42.5416666666681,0.495418097136122
1119,177,-78.3749999999963,42.5416666666681,0.470801961375242
1120,177,-78.3333333333296,42.5416666666681,0.462632138812431
1121,177,-78.2916666666629,42.5416666666681,0.487556612698338
1122,177,-78.2499999999962,42.5416666666681,0.501789294834646
1123,177,-78.2083333333296,42.5416666666681,0.516701554880922
1124,177,-78.1666666666629,42.5416666666681,0.433736541325657
1125,177,-78.1249999999962,42.5416666666681,0.432208494365097
1126,177,-78.0833333333296,42.5416666666681,0.475165941191118
1127,177,-78.0416666666629,42.5416666666681,0.465544556029147
1128,177,-77.9999999999962,42.5416666666681,0.41696955107687
1129,177,-77.9583333333296,42.5416666666681,0.442145392215731
1130,177,-77.9166666666629,42.5416666666681,0.521233187491413
1131,177,-77.8749999999962,42.5416666666681,0.58288310339527
1132,177,-77.8333333333295,42.5416666666681,0.562057132280135
1133,177,-77.7916666666629,42.5416666666681,0.456409501992333
1134,177,-77.7499999999962,42.5416666666681,0.401159136532545
1135,177,-77.7083333333295,42.5416666666681,0.515425005811941
1136,177,-77.6666666666629,42.5416666666681,0.543485095004805
1137,177,-77.6249999999962,42.5416666666681,0.397596113276686
1138,177,-77.5833333333295,42.5416666666681,0.428803082747078
1139,177,-77.5416666666629,42.5416666666681,0.469378597621707
1140,177,-77.4999999999962,42.5416666666681,0.46213059100324
1141,177,-77.4583333333295,42.5416666666681,0.441217713391502
1142,177,-77.4166666666628,42.5416666666681,0.464121955409333
1143,177,-77.3749999999962,42.5416666666681,0.612941995846446
1144,177,-77.3333333333295,42.5416666666681,0.582440696012105
1145,177,-77.2916666666628,42.5416666666681,0.548729867516712
1146,177,-77.2499999999962,42.5416666666681,0.506332506533003
1147,177,-77.2083333333295,42.5416666666681,0.520951194378977
1148,177,-77.1666666666628,42.5416666666681,0.401263832236555
1149,177,-77.1249999999962,42.5416666666681,0.44379533031837
1150,177,-77.0833333333295,42.5416666666681,0.474240265613516
1151,177,-77.0416666666628,42.5416666666681,0.489090092723555
1152,177,-76.9999999999961,42.5416666666681,0.47317510453583
1153,177,-76.9583333333295,42.5416666666681,0.384073281928522
1154,177,-76.9166666666628,42.5416666666681,0.300415597967791
1155,177,-76.8749999999961,42.5416666666681,0.33927253433272
1156,177,-76.8333333333295,42.5416666666681,0.52771070854158
1157,177,-76.7916666666628,42.5416666666681,0.525505391576797
1158,177,-76.7499999999961,42.5416666666681,0.461780438988121
1159,177,-76.7083333333295,42.5416666666681,0.363315784477139
1160,177,-76.6666666666628,42.5416666666681,0.425636027569988
1161,177,-76.6249999999961,42.5416666666681,0.40765324885158
1162,177,-76.5833333333294,42.5416666666681,0.262365675008424
1163,177,-76.5416666666628,42.5416666666681,0.326430941635855
1164,177,-76.4999999999961,42.5416666666681,0.414894175810184
1165,177,-76.4583333333294,42.5416666666681,0.448026010850223
1166,177,-76.4166666666628,42.5416666666681,0.543978103407538
1167,177,-76.3749999999961,42.5416666666681,0.529232266406806
1168,177,-76.3333333333294,42.5416666666681,0.432801953570613
1169,177,-76.2916666666628,42.5416666666681,0.41807344610301
1170,177,-76.2499999999961,42.5416666666681,0.468046099372474
1171,177,-76.2083333333294,42.5416666666681,0.464127095376828
1172,177,-76.1666666666627,42.5416666666681,0.529075501148371
1173,177,-76.1249999999961,42.5416666666681,0.59913370081135
1174,177,-76.0833333333294,42.5416666666681,0.614298535900694
1175,177,-76.0416666666627,42.5416666666681,0.474512992645377
1176,177,-75.9999999999961,42.5416666666681,0.550681517642987
1177,177,-75.9583333333294,42.5416666666681,0.553652847167532
1178,177,-75.9166666666627,42.5416666666681,0.479916636405343
1179,177,-75.8749999999961,42.5416666666681,0.533659516940495
1180,177,-75.8333333333294,42.5416666666681,0.559296474766561
1181,177,-75.7916666666627,42.5416666666681,0.58225531047182
1182,177,-75.749999999996,42.5416666666681,0.58975122671862
1183,177,-75.7083333333294,42.5416666666681,0.582892559878035
1184,177,-75.6666666666627,42.5416666666681,0.597993152176923
1185,177,-75.624999999996,42.5416666666681,0.605452508459078
1186,177,-75.5833333333294,42.5416666666681,0.593149718083198
1187,177,-75.5416666666627,42.5416666666681,0.538549046127734
1188,177,-75.499999999996,42.5416666666681,0.537907022152619
1189,177,-75.4583333333294,42.5416666666681,0.553508303430511
1190,177,-75.4166666666627,42.5416666666681,0.529612204036783
1191,177,-75.374999999996,42.5416666666681,0.468748564691339
1192,177,-75.3333333333293,42.5416666666681,0.536402873869721
1193,177,-75.2916666666627,42.5416666666681,0.558514982540664
1194,177,-75.249999999996,42.5416666666681,0.489761518286854
1195,177,-75.2083333333293,42.5416666666681,0.524538211180822
1196,177,-75.1666666666627,42.5416666666681,0.492523270231049
1197,177,-75.124999999996,42.5416666666681,0.54416440099515
1198,177,-75.0833333333293,42.5416666666681,0.507393735607576
1199,177,-75.0416666666627,42.5416666666681,0.552090238487297
1200,177,-74.999999999996,42.5416666666681,0.477296651213885
1201,177,-74.9583333333293,42.5416666666681,0.516202148803932
1202,177,-74.9166666666626,42.5416666666681,0.588455200105577
1203,177,-74.874999999996,42.5416666666681,0.573568855459495
1204,177,-74.8333333333293,42.5416666666681,0.548011902483519
1205,177,-74.7916666666626,42.5416666666681,0.614168586163284
1206,177,-74.749999999996,42.5416666666681,0.551932133561941
1207,177,-74.7083333333293,42.5416666666681,0.575041520704945
1208,177,-74.6666666666626,42.5416666666681,0.551593056884857
1209,177,-74.624999999996,42.5416666666681,0.594920774578032
1210,177,-74.5833333333293,42.5416666666681,0.575879368974867
1211,177,-74.5416666666626,42.5416666666681,0.58121519756817
1212,177,-74.499999999996,42.5416666666681,0.593409703028425
1213,177,-74.4583333333293,42.5416666666681,0.577310619442042
1214,177,-74.4166666666626,42.5416666666681,0.554485987339822
1215,177,-74.3749999999959,42.5416666666681,0.53912192025116
1216,177,-74.3333333333293,42.5416666666681,0.577458025125492
1217,177,-74.2916666666626,42.5416666666681,0.537965952080082
1218,177,-74.2499999999959,42.5416666666681,0.604596458554058
1219,177,-74.2083333333293,42.5416666666681,0.612102950040396
1220,177,-74.1666666666626,42.5416666666681,0.624492343275383
1221,177,-74.1249999999959,42.5416666666681,0.583530763100138
1222,177,-74.0833333333293,42.5416666666681,0.582243312727415
1223,177,-74.0416666666626,42.5416666666681,0.553013414188527
1224,177,-73.9999999999959,42.5416666666681,0.625922569352996
1225,177,-73.9583333333293,42.5416666666681,0.550227587093834
1226,177,-73.9166666666626,42.5416666666681,0.522470155459913
1227,177,-73.8749999999959,42.5416666666681,0.511925689436765
1228,177,-73.8333333333292,42.5416666666681,0.494363931290752
1229,177,-73.7916666666626,42.5416666666681,0.53565104606646
1230,177,-73.7499999999959,42.5416666666681,0.481109034865604
1231,177,-73.7083333333292,42.5416666666681,0.49061245929567
1232,177,-73.6666666666626,42.5416666666681,0.576243928992678
1233,177,-73.6249999999959,42.5416666666681,0.547069759304615
1234,177,-73.5833333333292,42.5416666666681,0.552846193853704
1235,177,-73.5416666666625,42.5416666666681,0.616087999634649
1236,177,-73.4999999999959,42.5416666666681,0.5751067369367
1237,177,-73.4583333333292,42.5416666666681,0.627438432878746
1238,177,-73.4166666666625,42.5416666666681,0.577844942227714
1239,177,-73.3749999999959,42.5416666666681,0.53912075987255
1240,177,-73.3333333333292,42.5416666666681,0.559133295875825
1095,178,-79.3749999999963,42.5000000000014,0.530509947246622
1096,178,-79.3333333333297,42.5000000000014,0.465598367455098
1097,178,-79.291666666663,42.5000000000014,0.522105294961864
1098,178,-79.2499999999963,42.5000000000014,0.462983903590184
1099,178,-79.2083333333297,42.5000000000014,0.46400038976592
1100,178,-79.166666666663,42.5000000000014,0.463827981305603
1101,178,-79.1249999999963,42.5000000000014,0.543908828414374
1102,178,-79.0833333333296,42.5000000000014,0.56158875727267
1103,178,-79.041666666663,42.5000000000014,0.500281773022846
1104,178,-78.9999999999963,42.5000000000014,0.548811920429253
1105,178,-78.9583333333296,42.5000000000014,0.539316024264295
1106,178,-78.916666666663,42.5000000000014,0.458949556655348
1107,178,-78.8749999999963,42.5000000000014,0.395124194439539
1108,178,-78.8333333333296,42.5000000000014,0.42902994468831
1109,178,-78.791666666663,42.5000000000014,0.507634278175311
1110,178,-78.7499999999963,42.5000000000014,0.463276939398282
1111,178,-78.7083333333296,42.5000000000014,0.505889363281908
1112,178,-78.666666666663,42.5000000000014,0.472925537710429
1113,178,-78.6249999999963,42.5000000000014,0.490144185328091
1114,178,-78.5833333333296,42.5000000000014,0.593024620949718
1115,178,-78.5416666666629,42.5000000000014,0.60817189788444
1116,178,-78.4999999999963,42.5000000000014,0.500161455911087
1117,178,-78.4583333333296,42.5000000000014,0.501799548793708
1118,178,-78.4166666666629,42.5000000000014,0.487976444292456
1119,178,-78.3749999999963,42.5000000000014,0.495832696849706
1120,178,-78.3333333333296,42.5000000000014,0.455081939799636
1121,178,-78.2916666666629,42.5000000000014,0.562988562576885
1122,178,-78.2499999999962,42.5000000000014,0.545991098439816
1123,178,-78.2083333333296,42.5000000000014,0.534325742559984
1124,178,-78.1666666666629,42.5000000000014,0.433961950714182
1125,178,-78.1249999999962,42.5000000000014,0.43625588211716
1126,178,-78.0833333333296,42.5000000000014,0.464749497229024
1127,178,-78.0416666666629,42.5000000000014,0.496092038261574
1128,178,-77.9999999999962,42.5000000000014,0.591265608856576
1129,178,-77.9583333333296,42.5000000000014,0.575630096444359
1130,178,-77.9166666666629,42.5000000000014,0.55724617395564
1131,178,-77.8749999999962,42.5000000000014,0.631245197128685
1132,178,-77.8333333333295,42.5000000000014,0.614269640898793
1133,178,-77.7916666666629,42.5000000000014,0.550649954929785
1134,178,-77.7499999999962,42.5000000000014,0.503808990599796
1135,178,-77.7083333333295,42.5000000000014,0.509686680874498
1136,178,-77.6666666666629,42.5000000000014,0.466123800964383
1137,178,-77.6249999999962,42.5000000000014,0.573882048737656
1138,178,-77.5833333333295,42.5000000000014,0.468289003364917
1139,178,-77.5416666666629,42.5000000000014,0.461018439669526
1140,178,-77.4999999999962,42.5000000000014,0.491508277343476
1141,178,-77.4583333333295,42.5000000000014,0.467711108442041
1142,178,-77.4166666666628,42.5000000000014,0.497959770426832
1143,178,-77.3749999999962,42.5000000000014,0.562577509814929
1144,178,-77.3333333333295,42.5000000000014,0.542154506380797
1145,178,-77.2916666666628,42.5000000000014,0.542925259462303
1146,178,-77.2499999999962,42.5000000000014,0.53166261035093
1147,178,-77.2083333333295,42.5000000000014,0.50639715878069
1148,178,-77.1666666666628,42.5000000000014,0.299132374806031
1149,178,-77.1249999999962,42.5000000000014,0.343648591645733
1150,178,-77.0833333333295,42.5000000000014,0.554285401822686
1151,178,-77.0416666666628,42.5000000000014,0.552694101400635
1152,178,-76.9999999999961,42.5000000000014,0.472637663433241
1153,178,-76.9583333333295,42.5000000000014,0.396047572948008
1154,178,-76.9166666666628,42.5000000000014,0.28055299892036
1155,178,-76.8749999999961,42.5000000000014,0.348050953422018
1156,178,-76.8333333333295,42.5000000000014,0.537120778507031
1157,178,-76.7916666666628,42.5000000000014,0.609228489147902
1158,178,-76.7499999999961,42.5000000000014,0.50828688947477
1159,178,-76.7083333333295,42.5000000000014,0.376132228280426
1160,178,-76.6666666666628,42.5000000000014,0.368048771938376
1161,178,-76.6249999999961,42.5000000000014,0.417031188300817
1162,178,-76.5833333333294,42.5000000000014,0.388674977315662
1163,178,-76.5416666666628,42.5000000000014,0.261878262437559
1164,178,-76.4999999999961,42.5000000000014,0.41433820488553
1165,178,-76.4583333333294,42.5000000000014,0.542508697252476
1166,178,-76.4166666666628,42.5000000000014,0.575067765135541
1167,178,-76.3749999999961,42.5000000000014,0.523140689072563
1168,178,-76.3333333333294,42.5000000000014,0.427704164428938
1169,178,-76.2916666666628,42.5000000000014,0.426008623316283
1170,178,-76.2499999999961,42.5000000000014,0.443717995142678
1171,178,-76.2083333333294,42.5000000000014,0.471418141140982
1172,178,-76.1666666666627,42.5000000000014,0.561467520691253
1173,178,-76.1249999999961,42.5000000000014,0.628774141693233
1174,178,-76.0833333333294,42.5000000000014,0.560724324495522
1175,178,-76.0416666666627,42.5000000000014,0.514584869807944
1176,178,-75.9999999999961,42.5000000000014,0.508575095724659
1177,178,-75.9583333333294,42.5000000000014,0.546772901069428
1178,178,-75.9166666666627,42.5000000000014,0.520293434515122
1179,178,-75.8749999999961,42.5000000000014,0.54019086956521
1180,178,-75.8333333333294,42.5000000000014,0.591024178713763
1181,178,-75.7916666666627,42.5000000000014,0.582524897991948
1182,178,-75.749999999996,42.5000000000014,0.600442789396011
1183,178,-75.7083333333294,42.5000000000014,0.582858499465674
1184,178,-75.6666666666627,42.5000000000014,0.601028309512574
1185,178,-75.624999999996,42.5000000000014,0.581630310779615
1186,178,-75.5833333333294,42.5000000000014,0.580567603690902
1187,178,-75.5416666666627,42.5000000000014,0.580493747535728
1188,178,-75.499999999996,42.5000000000014,0.566086655635561
1189,178,-75.4583333333294,42.5000000000014,0.534286786608572
1190,178,-75.4166666666627,42.5000000000014,0.44976102518544
1191,178,-75.374999999996,42.5000000000014,0.571196214640345
1192,178,-75.3333333333293,42.5000000000014,0.544873556146825
1193,178,-75.2916666666627,42.5000000000014,0.516214076562848
1194,178,-75.249999999996,42.5000000000014,0.550234977473893
1195,178,-75.2083333333293,42.5000000000014,0.601666444902299
1196,178,-75.1666666666627,42.5000000000014,0.559088422758277
1197,178,-75.124999999996,42.5000000000014,0.508601040087122
1198,178,-75.0833333333293,42.5000000000014,0.552711316670285
1199,178,-75.0416666666627,42.5000000000014,0.566529734348437
1200,178,-74.999999999996,42.5000000000014,0.572812659642675
1201,178,-74.9583333333293,42.5000000000014,0.572432205372867
1202,178,-74.9166666666626,42.5000000000014,0.620977578833369
1203,178,-74.874999999996,42.5000000000014,0.637048302517496
1204,178,-74.8333333333293,42.5000000000014,0.619569853279796
1205,178,-74.7916666666626,42.5000000000014,0.582847067552813
1206,178,-74.749999999996,42.5000000000014,0.566132876129616
1207,178,-74.7083333333293,42.5000000000014,0.529238496237565
1208,178,-74.6666666666626,42.5000000000014,0.589434603613708
1209,178,-74.624999999996,42.5000000000014,0.571644980669563
1210,178,-74.5833333333293,42.5000000000014,0.572096961966956
1211,178,-74.5416666666626,42.5000000000014,0.612869521609862
1212,178,-74.499999999996,42.5000000000014,0.588008839982394
1213,178,-74.4583333333293,42.5000000000014,0.619344130521475
1214,178,-74.4166666666626,42.5000000000014,0.510110591364507
1215,178,-74.3749999999959,42.5000000000014,0.559950136850885
1216,178,-74.3333333333293,42.5000000000014,0.576451461409838
1217,178,-74.2916666666626,42.5000000000014,0.608269403938147
1218,178,-74.2499999999959,42.5000000000014,0.589313105947621
1219,178,-74.2083333333293,42.5000000000014,0.573850998401378
1220,178,-74.1666666666626,42.5000000000014,0.546726138566285
1221,178,-74.1249999999959,42.5000000000014,0.593030402146713
1222,178,-74.0833333333293,42.5000000000014,0.569777575728942
1223,178,-74.0416666666626,42.5000000000014,0.517461881452815
1224,178,-73.9999999999959,42.5000000000014,0.576982600025273
1225,178,-73.9583333333293,42.5000000000014,0.494705825874886
1226,178,-73.9166666666626,42.5000000000014,0.541127095449522
1227,178,-73.8749999999959,42.5000000000014,0.594607826439281
1228,178,-73.8333333333292,42.5000000000014,0.50881849579593
1229,178,-73.7916666666626,42.5000000000014,0.518400056278869
1230,178,-73.7499999999959,42.5000000000014,0.486567349679051
1231,178,-73.7083333333292,42.5000000000014,0.472850051373193
1232,178,-73.6666666666626,42.5000000000014,0.56375589313759
1233,178,-73.6249999999959,42.5000000000014,0.552913803202422
1234,178,-73.5833333333292,42.5000000000014,0.549155529358552
1235,178,-73.5416666666625,42.5000000000014,0.603426368204359
1236,178,-73.4999999999959,42.5000000000014,0.571992130520626
1237,178,-73.4583333333292,42.5000000000014,0.580119873669179
1238,178,-73.4166666666625,42.5000000000014,0.606677554928078
1239,178,-73.3749999999959,42.5000000000014,0.569421827381996
1240,178,-73.3333333333292,42.5000000000014,0.569239836151355
1094,179,-79.416666666663,42.4583333333348,0.545570994679422
1095,179,-79.3749999999963,42.4583333333348,0.487861021344256
1096,179,-79.3333333333297,42.4583333333348,0.496662233011308
1097,179,-79.291666666663,42.4583333333348,0.444356194090846
1098,179,-79.2499999999963,42.4583333333348,0.540024769183944
1099,179,-79.2083333333297,42.4583333333348,0.617327904522186
1100,179,-79.166666666663,42.4583333333348,0.54098927887619
1101,179,-79.1249999999963,42.4583333333348,0.531275421154415
1102,179,-79.0833333333296,42.4583333333348,0.49485255615433
1103,179,-79.041666666663,42.4583333333348,0.577869084650902
1104,179,-78.9999999999963,42.4583333333348,0.592740295352442
1105,179,-78.9583333333296,42.4583333333348,0.54804375567008
1106,179,-78.916666666663,42.4583333333348,0.472991171038166
1107,179,-78.8749999999963,42.4583333333348,0.500398651326961
1108,179,-78.8333333333296,42.4583333333348,0.560895889086926
1109,179,-78.791666666663,42.4583333333348,0.548503103697073
1110,179,-78.7499999999963,42.4583333333348,0.540908647947186
1111,179,-78.7083333333296,42.4583333333348,0.482301503096912
1112,179,-78.666666666663,42.4583333333348,0.564210500597954
1113,179,-78.6249999999963,42.4583333333348,0.577880001461252
1114,179,-78.5833333333296,42.4583333333348,0.615755714752964
1115,179,-78.5416666666629,42.4583333333348,0.614735726122315
1116,179,-78.4999999999963,42.4583333333348,0.512998487289435
1117,179,-78.4583333333296,42.4583333333348,0.471927032649006
1118,179,-78.4166666666629,42.4583333333348,0.396661388020989
1119,179,-78.3749999999963,42.4583333333348,0.426703755082483
1120,179,-78.3333333333296,42.4583333333348,0.517691249762296
1121,179,-78.2916666666629,42.4583333333348,0.530579881299472
1122,179,-78.2499999999962,42.4583333333348,0.525341425917673
1123,179,-78.2083333333296,42.4583333333348,0.505917248702082
1124,179,-78.1666666666629,42.4583333333348,0.469216738356766
1125,179,-78.1249999999962,42.4583333333348,0.45308270673443
1126,179,-78.0833333333296,42.4583333333348,0.471693625629056
1127,179,-78.0416666666629,42.4583333333348,0.528710301642493
1128,179,-77.9999999999962,42.4583333333348,0.567822320877237
1129,179,-77.9583333333296,42.4583333333348,0.533186266296299
1130,179,-77.9166666666629,42.4583333333348,0.569767197701625
1131,179,-77.8749999999962,42.4583333333348,0.606522810224946
1132,179,-77.8333333333295,42.4583333333348,0.553936636489334
1133,179,-77.7916666666629,42.4583333333348,0.501841556898915
1134,179,-77.7499999999962,42.4583333333348,0.466889139411061
1135,179,-77.7083333333295,42.4583333333348,0.401256466954312
1136,179,-77.6666666666629,42.4583333333348,0.500877215532441
1137,179,-77.6249999999962,42.4583333333348,0.50647871451076
1138,179,-77.5833333333295,42.4583333333348,0.57011917905351
1139,179,-77.5416666666629,42.4583333333348,0.447910551323344
1140,179,-77.4999999999962,42.4583333333348,0.496351852243805
1141,179,-77.4583333333295,42.4583333333348,0.490235329815941
1142,179,-77.4166666666628,42.4583333333348,0.513974820741496
1143,179,-77.3749999999962,42.4583333333348,0.484539321997033
1144,179,-77.3333333333295,42.4583333333348,0.487223572967333
1145,179,-77.2916666666628,42.4583333333348,0.58915210211947
1146,179,-77.2499999999962,42.4583333333348,0.637938758396424
1147,179,-77.2083333333295,42.4583333333348,0.521647502356879
1148,179,-77.1666666666628,42.4583333333348,0.326231049863916
1149,179,-77.1249999999962,42.4583333333348,0.474283439130648
1150,179,-77.0833333333295,42.4583333333348,0.412321817559366
1151,179,-77.0416666666628,42.4583333333348,0.550575476514067
1152,179,-76.9999999999961,42.4583333333348,0.52451423672884
1153,179,-76.9583333333295,42.4583333333348,0.471014900296582
1154,179,-76.9166666666628,42.4583333333348,0.433290409925136
1155,179,-76.8749999999961,42.4583333333348,0.298263195902955
1156,179,-76.8333333333295,42.4583333333348,0.57456753723358
1157,179,-76.7916666666628,42.4583333333348,0.623834452497679
1158,179,-76.7499999999961,42.4583333333348,0.424149400078156
1159,179,-76.7083333333295,42.4583333333348,0.431034592062023
1160,179,-76.6666666666628,42.4583333333348,0.401594677613298
1161,179,-76.6249999999961,42.4583333333348,0.467707739209452
1162,179,-76.5833333333294,42.4583333333348,0.474818361684905
1163,179,-76.5416666666628,42.4583333333348,0.469469027955481
1164,179,-76.4999999999961,42.4583333333348,0.385935092643588
1165,179,-76.4583333333294,42.4583333333348,0.472890342717732
1166,179,-76.4166666666628,42.4583333333348,0.567664907819153
1167,179,-76.3749999999961,42.4583333333348,0.58298597633602
1168,179,-76.3333333333294,42.4583333333348,0.599895265612196
1169,179,-76.2916666666628,42.4583333333348,0.537499847778725
1170,179,-76.2499999999961,42.4583333333348,0.489497386158781
1171,179,-76.2083333333294,42.4583333333348,0.59952295942594
1172,179,-76.1666666666627,42.4583333333348,0.590249652263425
1173,179,-76.1249999999961,42.4583333333348,0.557422674692663
1174,179,-76.0833333333294,42.4583333333348,0.486244192204886
1175,179,-76.0416666666627,42.4583333333348,0.459216978652455
1176,179,-75.9999999999961,42.4583333333348,0.451792185351631
1177,179,-75.9583333333294,42.4583333333348,0.524058586563363
1178,179,-75.9166666666627,42.4583333333348,0.551124105689928
1179,179,-75.8749999999961,42.4583333333348,0.52412417670091
1180,179,-75.8333333333294,42.4583333333348,0.580506054733662
1181,179,-75.7916666666627,42.4583333333348,0.631946505419751
1182,179,-75.749999999996,42.4583333333348,0.612914675789522
1183,179,-75.7083333333294,42.4583333333348,0.586611850828989
1184,179,-75.6666666666627,42.4583333333348,0.602362511694113
1185,179,-75.624999999996,42.4583333333348,0.585211972169548
1186,179,-75.5833333333294,42.4583333333348,0.556522688819162
1187,179,-75.5416666666627,42.4583333333348,0.574295985413089
1188,179,-75.499999999996,42.4583333333348,0.567419314493011
1189,179,-75.4583333333294,42.4583333333348,0.613134017726208
1190,179,-75.4166666666627,42.4583333333348,0.550336587794284
1191,179,-75.374999999996,42.4583333333348,0.585902617894925
1192,179,-75.3333333333293,42.4583333333348,0.51388221543816
1193,179,-75.2916666666627,42.4583333333348,0.590212995513111
1194,179,-75.249999999996,42.4583333333348,0.553128993454889
1195,179,-75.2083333333293,42.4583333333348,0.5444002273198
1196,179,-75.1666666666627,42.4583333333348,0.593861571265362
1197,179,-75.124999999996,42.4583333333348,0.544221999756975
1198,179,-75.0833333333293,42.4583333333348,0.545382647909971
1199,179,-75.0416666666627,42.4583333333348,0.555671859631302
1200,179,-74.999999999996,42.4583333333348,0.547342071018476
1201,179,-74.9583333333293,42.4583333333348,0.620805337585481
1202,179,-74.9166666666626,42.4583333333348,0.590320289955964
1203,179,-74.874999999996,42.4583333333348,0.548130969005567
1204,179,-74.8333333333293,42.4583333333348,0.55834800884656
1205,179,-74.7916666666626,42.4583333333348,0.567468718945557
1206,179,-74.749999999996,42.4583333333348,0.574719749746996
1207,179,-74.7083333333293,42.4583333333348,0.54136874217792
1208,179,-74.6666666666626,42.4583333333348,0.533159912532948
1209,179,-74.624999999996,42.4583333333348,0.58428780303381
1210,179,-74.5833333333293,42.4583333333348,0.616872760131143
1211,179,-74.5416666666626,42.4583333333348,0.594064949894866
1212,179,-74.499999999996,42.4583333333348,0.596519154392071
1213,179,-74.4583333333293,42.4583333333348,0.493807134734107
1214,179,-74.4166666666626,42.4583333333348,0.516645640932741
1215,179,-74.3749999999959,42.4583333333348,0.603181745426639
1216,179,-74.3333333333293,42.4583333333348,0.619982992989797
1217,179,-74.2916666666626,42.4583333333348,0.622386685003626
1218,179,-74.2499999999959,42.4583333333348,0.631944393971803
1219,179,-74.2083333333293,42.4583333333348,0.585299084807964
1220,179,-74.1666666666626,42.4583333333348,0.518139807788193
1221,179,-74.1249999999959,42.4583333333348,0.52056021781847
1222,179,-74.0833333333293,42.4583333333348,0.538425626863121
1223,179,-74.0416666666626,42.4583333333348,0.546275973767997
1224,179,-73.9999999999959,42.4583333333348,0.508367114836926
1225,179,-73.9583333333293,42.4583333333348,0.543977012560968
1226,179,-73.9166666666626,42.4583333333348,0.514800391932751
1227,179,-73.8749999999959,42.4583333333348,0.5313586727024
1228,179,-73.8333333333292,42.4583333333348,0.552161332168906
1229,179,-73.7916666666626,42.4583333333348,0.483982565271683
1230,179,-73.7499999999959,42.4583333333348,0.45436288734126
1231,179,-73.7083333333292,42.4583333333348,0.427262786805207
1232,179,-73.6666666666626,42.4583333333348,0.461382510447333
1233,179,-73.6249999999959,42.4583333333348,0.47915916116608
1234,179,-73.5833333333292,42.4583333333348,0.542328017457157
1235,179,-73.5416666666625,42.4583333333348,0.6012360119566
1236,179,-73.4999999999959,42.4583333333348,0.600348595197972
1237,179,-73.4583333333292,42.4583333333348,0.618621152087707
1238,179,-73.4166666666625,42.4583333333348,0.579419931156415
1239,179,-73.3749999999959,42.4583333333348,0.56217673152954
1092,180,-79.4999999999963,42.4166666666681,0.489814850699949
1093,180,-79.4583333333297,42.4166666666681,0.518955803622878
1094,180,-79.416666666663,42.4166666666681,0.516677428678396
1095,180,-79.3749999999963,42.4166666666681,0.480738423647274
1096,180,-79.3333333333297,42.4166666666681,0.538967405195909
1097,180,-79.291666666663,42.4166666666681,0.506497428486963
1098,180,-79.2499999999963,42.4166666666681,0.605366927576453
1099,180,-79.2083333333297,42.4166666666681,0.59967006628057
1100,180,-79.166666666663,42.4166666666681,0.583472290406471
1101,180,-79.1249999999963,42.4166666666681,0.482309775260763
1102,180,-79.0833333333296,42.4166666666681,0.52804246111872
1103,180,-79.041666666663,42.4166666666681,0.48109574022224
1104,180,-78.9999999999963,42.4166666666681,0.549036097985944
1105,180,-78.9583333333296,42.4166666666681,0.576660323989866
1106,180,-78.916666666663,42.4166666666681,0.564619603127407
1107,180,-78.8749999999963,42.4166666666681,0.595611173680691
1108,180,-78.8333333333296,42.4166666666681,0.551117541862875
1109,180,-78.791666666663,42.4166666666681,0.563073298588709
1110,180,-78.7499999999963,42.4166666666681,0.533329483420088
1111,180,-78.7083333333296,42.4166666666681,0.588762268383475
1112,180,-78.666666666663,42.4166666666681,0.557428628937033
1113,180,-78.6249999999963,42.4166666666681,0.56441371015787
1114,180,-78.5833333333296,42.4166666666681,0.576501647724264
1115,180,-78.5416666666629,42.4166666666681,0.552387301872709
1116,180,-78.4999999999963,42.4166666666681,0.426412074077703
1117,180,-78.4583333333296,42.4166666666681,0.524359059663342
1118,180,-78.4166666666629,42.4166666666681,0.508626487167114
1119,180,-78.3749999999963,42.4166666666681,0.495640030210066
1120,180,-78.3333333333296,42.4166666666681,0.559708326777012
1121,180,-78.2916666666629,42.4166666666681,0.573868766103451
1122,180,-78.2499999999962,42.4166666666681,0.444468926120664
1123,180,-78.2083333333296,42.4166666666681,0.456458114864449
1124,180,-78.1666666666629,42.4166666666681,0.468078381339526
1125,180,-78.1249999999962,42.4166666666681,0.518222327530722
1126,180,-78.0833333333296,42.4166666666681,0.499454591468899
1127,180,-78.0416666666629,42.4166666666681,0.54621489801756
1128,180,-77.9999999999962,42.4166666666681,0.559421452381792
1129,180,-77.9583333333296,42.4166666666681,0.544255440883834
1130,180,-77.9166666666629,42.4166666666681,0.613746962173134
1131,180,-77.8749999999962,42.4166666666681,0.599998307159818
1132,180,-77.8333333333295,42.4166666666681,0.579805560683749
1133,180,-77.7916666666629,42.4166666666681,0.561403131385278
1134,180,-77.7499999999962,42.4166666666681,0.464924861216056
1135,180,-77.7083333333295,42.4166666666681,0.348425160508071
1136,180,-77.6666666666629,42.4166666666681,0.434279918023439
1137,180,-77.6249999999962,42.4166666666681,0.454699550088688
1138,180,-77.5833333333295,42.4166666666681,0.452072654637648
1139,180,-77.5416666666629,42.4166666666681,0.535139480110861
1140,180,-77.4999999999962,42.4166666666681,0.473522994444877
1141,180,-77.4583333333295,42.4166666666681,0.500729903692824
1142,180,-77.4166666666628,42.4166666666681,0.535312046611841
1143,180,-77.3749999999962,42.4166666666681,0.562080472771115
1144,180,-77.3333333333295,42.4166666666681,0.501875589510153
1145,180,-77.2916666666628,42.4166666666681,0.614172872794586
1146,180,-77.2499999999962,42.4166666666681,0.597531171591391
1147,180,-77.2083333333295,42.4166666666681,0.418599642387857
1148,180,-77.1666666666628,42.4166666666681,0.523502526575525
1149,180,-77.1249999999962,42.4166666666681,0.538420366038605
1150,180,-77.0833333333295,42.4166666666681,0.409477325791715
1151,180,-77.0416666666628,42.4166666666681,0.52253607571392
1152,180,-76.9999999999961,42.4166666666681,0.582733679857915
1153,180,-76.9583333333295,42.4166666666681,0.549202030457658
1154,180,-76.9166666666628,42.4166666666681,0.52928448578408
1155,180,-76.8749999999961,42.4166666666681,0.254547878652853
1156,180,-76.8333333333295,42.4166666666681,0.434634518791295
1157,180,-76.7916666666628,42.4166666666681,0.575713015909428
1158,180,-76.7499999999961,42.4166666666681,0.509473423913717
1159,180,-76.7083333333295,42.4166666666681,0.432509499319882
1160,180,-76.6666666666628,42.4166666666681,0.481083307823113
1161,180,-76.6249999999961,42.4166666666681,0.54220221459967
1162,180,-76.5833333333294,42.4166666666681,0.504744580406148
1163,180,-76.5416666666628,42.4166666666681,0.552618059743733
1164,180,-76.4999999999961,42.4166666666681,0.555901994922697
1165,180,-76.4583333333294,42.4166666666681,0.571000082173955
1166,180,-76.4166666666628,42.4166666666681,0.60237463675923
1167,180,-76.3749999999961,42.4166666666681,0.582115599898995
1168,180,-76.3333333333294,42.4166666666681,0.547165089243933
1169,180,-76.2916666666628,42.4166666666681,0.619090953130084
1170,180,-76.2499999999961,42.4166666666681,0.529002438908606
1171,180,-76.2083333333294,42.4166666666681,0.557305970802196
1172,180,-76.1666666666627,42.4166666666681,0.62722900412842
1173,180,-76.1249999999961,42.4166666666681,0.557695650092679
1174,180,-76.0833333333294,42.4166666666681,0.465935097220932
1175,180,-76.0416666666627,42.4166666666681,0.484343414946657
1176,180,-75.9999999999961,42.4166666666681,0.542408443343148
1177,180,-75.9583333333294,42.4166666666681,0.529935560065916
1178,180,-75.9166666666627,42.4166666666681,0.518640848407977
1179,180,-75.8749999999961,42.4166666666681,0.503674261770856
1180,180,-75.8333333333294,42.4166666666681,0.563916570758529
1181,180,-75.7916666666627,42.4166666666681,0.554853059435083
1182,180,-75.749999999996,42.4166666666681,0.594772363859604
1183,180,-75.7083333333294,42.4166666666681,0.566109122451068
1184,180,-75.6666666666627,42.4166666666681,0.581331342023587
1185,180,-75.624999999996,42.4166666666681,0.528787580629331
1186,180,-75.5833333333294,42.4166666666681,0.514449633253657
1187,180,-75.5416666666627,42.4166666666681,0.577436070102017
1188,180,-75.499999999996,42.4166666666681,0.521977945188132
1189,180,-75.4583333333294,42.4166666666681,0.501233437100886
1190,180,-75.4166666666627,42.4166666666681,0.568925177665898
1191,180,-75.374999999996,42.4166666666681,0.496247802347107
1192,180,-75.3333333333293,42.4166666666681,0.541864239833094
1193,180,-75.2916666666627,42.4166666666681,0.540634313307531
1194,180,-75.249999999996,42.4166666666681,0.582861369312073
1195,180,-75.2083333333293,42.4166666666681,0.574788122009036
1196,180,-75.1666666666627,42.4166666666681,0.536792909511771
1197,180,-75.124999999996,42.4166666666681,0.532714905429672
1198,180,-75.0833333333293,42.4166666666681,0.618297364532758
1199,180,-75.0416666666627,42.4166666666681,0.617658056829548
1200,180,-74.999999999996,42.4166666666681,0.629447605173379
1201,180,-74.9583333333293,42.4166666666681,0.609409046679517
1202,180,-74.9166666666626,42.4166666666681,0.605325301954078
1203,180,-74.874999999996,42.4166666666681,0.538584688066585
1204,180,-74.8333333333293,42.4166666666681,0.540978273142355
1205,180,-74.7916666666626,42.4166666666681,0.569309744105708
1206,180,-74.749999999996,42.4166666666681,0.563183863204567
1207,180,-74.7083333333293,42.4166666666681,0.578753213046603
1208,180,-74.6666666666626,42.4166666666681,0.538247867954749
1209,180,-74.624999999996,42.4166666666681,0.516471704418606
1210,180,-74.5833333333293,42.4166666666681,0.564707086008954
1211,180,-74.5416666666626,42.4166666666681,0.510519577710105
1212,180,-74.499999999996,42.4166666666681,0.539829567188835
1213,180,-74.4583333333293,42.4166666666681,0.495437518706921
1214,180,-74.4166666666626,42.4166666666681,0.515471538314846
1215,180,-74.3749999999959,42.4166666666681,0.55292140787083
1216,180,-74.3333333333293,42.4166666666681,0.593128600823903
1217,180,-74.2916666666626,42.4166666666681,0.609357322183111
1218,180,-74.2499999999959,42.4166666666681,0.618680621114518
1219,180,-74.2083333333293,42.4166666666681,0.590976954609164
1220,180,-74.1666666666626,42.4166666666681,0.517576804606898
1221,180,-74.1249999999959,42.4166666666681,0.52672332123766
1222,180,-74.0833333333293,42.4166666666681,0.499978648689069
1223,180,-74.0416666666626,42.4166666666681,0.561437488640592
1224,180,-73.9999999999959,42.4166666666681,0.544811405553708
1225,180,-73.9583333333293,42.4166666666681,0.540223392744003
1226,180,-73.9166666666626,42.4166666666681,0.571347888181652
1227,180,-73.8749999999959,42.4166666666681,0.522398184652711
1228,180,-73.8333333333292,42.4166666666681,0.569449421851462
1229,180,-73.7916666666626,42.4166666666681,0.466662990326269
1230,180,-73.7499999999959,42.4166666666681,0.477157981808811
1231,180,-73.7083333333292,42.4166666666681,0.436412449225943
1232,180,-73.6666666666626,42.4166666666681,0.509798894252947
1233,180,-73.6249999999959,42.4166666666681,0.496944752735954
1234,180,-73.5833333333292,42.4166666666681,0.538839191461107
1235,180,-73.5416666666625,42.4166666666681,0.554993824961606
1236,180,-73.4999999999959,42.4166666666681,0.568474719136201
1237,180,-73.4583333333292,42.4166666666681,0.612798810156439
1238,180,-73.4166666666625,42.4166666666681,0.577645173254724
1239,180,-73.3749999999959,42.4166666666681,0.636711623171622
1090,181,-79.5833333333297,42.3750000000014,0.513213732838631
1091,181,-79.541666666663,42.3750000000014,0.537031414309908
1092,181,-79.4999999999963,42.3750000000014,0.470648185277666
1093,181,-79.4583333333297,42.3750000000014,0.509493391939963
1094,181,-79.416666666663,42.3750000000014,0.596539214975348
1095,181,-79.3749999999963,42.3750000000014,0.618229524077042
1096,181,-79.3333333333297,42.3750000000014,0.592060904401073
1097,181,-79.291666666663,42.3750000000014,0.62190743277526
1098,181,-79.2499999999963,42.3750000000014,0.583115613535861
1099,181,-79.2083333333297,42.3750000000014,0.618311395609442
1100,181,-79.166666666663,42.3750000000014,0.463287630976091
1101,181,-79.1249999999963,42.3750000000014,0.420458603137991
1102,181,-79.0833333333296,42.3750000000014,0.402352389530985
1103,181,-79.041666666663,42.3750000000014,0.455241397008001
1104,181,-78.9999999999963,42.3750000000014,0.432734375597499
1105,181,-78.9583333333296,42.3750000000014,0.480721040946258
1106,181,-78.916666666663,42.3750000000014,0.52958867658712
1107,181,-78.8749999999963,42.3750000000014,0.594499282028901
1108,181,-78.8333333333296,42.3750000000014,0.472900869064652
1109,181,-78.791666666663,42.3750000000014,0.474529107933261
1110,181,-78.7499999999963,42.3750000000014,0.510194196246839
1111,181,-78.7083333333296,42.3750000000014,0.594843570192171
1112,181,-78.666666666663,42.3750000000014,0.594705984177083
1113,181,-78.6249999999963,42.3750000000014,0.577006089580971
1114,181,-78.5833333333296,42.3750000000014,0.564821507589009
1115,181,-78.5416666666629,42.3750000000014,0.580801312028956
1116,181,-78.4999999999963,42.3750000000014,0.560140048671874
1117,181,-78.4583333333296,42.3750000000014,0.530062360776314
1118,181,-78.4166666666629,42.3750000000014,0.61606459334708
1119,181,-78.3749999999963,42.3750000000014,0.592967260445956
1120,181,-78.3333333333296,42.3750000000014,0.609089625546045
1121,181,-78.2916666666629,42.3750000000014,0.493216892804523
1122,181,-78.2499999999962,42.3750000000014,0.505776414801291
1123,181,-78.2083333333296,42.3750000000014,0.515909835626143
1124,181,-78.1666666666629,42.3750000000014,0.559829127057206
1125,181,-78.1249999999962,42.3750000000014,0.518586755413544
1126,181,-78.0833333333296,42.3750000000014,0.60065470313836
1127,181,-78.0416666666629,42.3750000000014,0.620871236297055
1128,181,-77.9999999999962,42.3750000000014,0.607500157997054
1129,181,-77.9583333333296,42.3750000000014,0.602316526562565
1130,181,-77.9166666666629,42.3750000000014,0.644192851512462
1131,181,-77.8749999999962,42.3750000000014,0.619720485217613
1132,181,-77.8333333333295,42.3750000000014,0.6364916581898
1133,181,-77.7916666666629,42.3750000000014,0.586313687852134
1134,181,-77.7499999999962,42.3750000000014,0.557060140518755
1135,181,-77.7083333333295,42.3750000000014,0.519941037080827
1136,181,-77.6666666666629,42.3750000000014,0.491619586679423
1137,181,-77.6249999999962,42.3750000000014,0.478672687713806
1138,181,-77.5833333333295,42.3750000000014,0.442588725481413
1139,181,-77.5416666666629,42.3750000000014,0.449251786269502
1140,181,-77.4999999999962,42.3750000000014,0.404206825214121
1141,181,-77.4583333333295,42.3750000000014,0.486473137963717
1142,181,-77.4166666666628,42.3750000000014,0.49906267326322
1143,181,-77.3749999999962,42.3750000000014,0.47635987852628
1144,181,-77.3333333333295,42.3750000000014,0.567589704804131
1145,181,-77.2916666666628,42.3750000000014,0.483032249091244
1146,181,-77.2499999999962,42.3750000000014,0.548350872552473
1147,181,-77.2083333333295,42.3750000000014,0.594609181744985
1148,181,-77.1666666666628,42.3750000000014,0.602345574340633
1149,181,-77.1249999999962,42.3750000000014,0.530398523460853
1150,181,-77.0833333333295,42.3750000000014,0.499703555788317
1151,181,-77.0416666666628,42.3750000000014,0.539186169373997
1152,181,-76.9999999999961,42.3750000000014,0.619845794800179
1153,181,-76.9583333333295,42.3750000000014,0.595783172315158
1154,181,-76.9166666666628,42.3750000000014,0.465583696437963
1155,181,-76.8749999999961,42.3750000000014,0.441354965813586
1156,181,-76.8333333333295,42.3750000000014,0.490564263674775
1157,181,-76.7916666666628,42.3750000000014,0.59130216629495
1158,181,-76.7499999999961,42.3750000000014,0.527925421732343
1159,181,-76.7083333333295,42.3750000000014,0.582892992977874
1160,181,-76.6666666666628,42.3750000000014,0.618103255613462
1161,181,-76.6249999999961,42.3750000000014,0.553730905820898
1162,181,-76.5833333333294,42.3750000000014,0.54715148324408
1163,181,-76.5416666666628,42.3750000000014,0.569481118484186
1164,181,-76.4999999999961,42.3750000000014,0.526531628127725
1165,181,-76.4583333333294,42.3750000000014,0.568150594306288
1166,181,-76.4166666666628,42.3750000000014,0.581756369641323
1167,181,-76.3749999999961,42.3750000000014,0.554431771457064
1168,181,-76.3333333333294,42.3750000000014,0.555784724163042
1169,181,-76.2916666666628,42.3750000000014,0.574786188268353
1170,181,-76.2499999999961,42.3750000000014,0.610908854666429
1171,181,-76.2083333333294,42.3750000000014,0.643930113394783
1172,181,-76.1666666666627,42.3750000000014,0.59684330180501
1173,181,-76.1249999999961,42.3750000000014,0.538100125506329
1174,181,-76.0833333333294,42.3750000000014,0.462746276808081
1175,181,-76.0416666666627,42.3750000000014,0.450667662386685
1176,181,-75.9999999999961,42.3750000000014,0.48561241078751
1177,181,-75.9583333333294,42.3750000000014,0.412709928490053
1178,181,-75.9166666666627,42.3750000000014,0.520682659475085
1179,181,-75.8749999999961,42.3750000000014,0.557488431484208
1180,181,-75.8333333333294,42.3750000000014,0.573215178915263
1181,181,-75.7916666666627,42.3750000000014,0.473415402799591
1182,181,-75.749999999996,42.3750000000014,0.567483835208988
1183,181,-75.7083333333294,42.3750000000014,0.583675263230862
1184,181,-75.6666666666627,42.3750000000014,0.535729185073507
1185,181,-75.624999999996,42.3750000000014,0.49878996971562
1186,181,-75.5833333333294,42.3750000000014,0.541669367447116
1187,181,-75.5416666666627,42.3750000000014,0.551554278008741
1188,181,-75.499999999996,42.3750000000014,0.566450472005853
1189,181,-75.4583333333294,42.3750000000014,0.547009042612425
1190,181,-75.4166666666627,42.3750000000014,0.505039981872483
1191,181,-75.374999999996,42.3750000000014,0.578309475171531
1192,181,-75.3333333333293,42.3750000000014,0.570633331370301
1193,181,-75.2916666666627,42.3750000000014,0.553706855237015
1194,181,-75.249999999996,42.3750000000014,0.547226228938098
1195,181,-75.2083333333293,42.3750000000014,0.518708180141391
1196,181,-75.1666666666627,42.3750000000014,0.498571693935248
1197,181,-75.124999999996,42.3750000000014,0.508929838394326
1198,181,-75.0833333333293,42.3750000000014,0.539712306348272
1199,181,-75.0416666666627,42.3750000000014,0.53560348830492
1200,181,-74.999999999996,42.3750000000014,0.560663537427965
1201,181,-74.9583333333293,42.3750000000014,0.532045804972776
1202,181,-74.9166666666626,42.3750000000014,0.543804565601717
1203,181,-74.874999999996,42.3750000000014,0.56100380101905
1204,181,-74.8333333333293,42.3750000000014,0.55241020133667
1205,181,-74.7916666666626,42.3750000000014,0.547467780436964
1206,181,-74.749999999996,42.3750000000014,0.571118117905961
1207,181,-74.7083333333293,42.3750000000014,0.544349018387459
1208,181,-74.6666666666626,42.3750000000014,0.451503439549651
1209,181,-74.624999999996,42.3750000000014,0.501405578313907
1210,181,-74.5833333333293,42.3750000000014,0.577663039972863
1211,181,-74.5416666666626,42.3750000000014,0.576443264592124
1212,181,-74.499999999996,42.3750000000014,0.52247259036425
1213,181,-74.4583333333293,42.3750000000014,0.455909379280036
1214,181,-74.4166666666626,42.3750000000014,0.495466854884221
1215,181,-74.3749999999959,42.3750000000014,0.579906079056061
1216,181,-74.3333333333293,42.3750000000014,0.622108054552514
1217,181,-74.2916666666626,42.3750000000014,0.616097981379021
1218,181,-74.2499999999959,42.3750000000014,0.655035131095428
1219,181,-74.2083333333293,42.3750000000014,0.604600505560555
1220,181,-74.1666666666626,42.3750000000014,0.575706651133712
1221,181,-74.1249999999959,42.3750000000014,0.586370306921209
1222,181,-74.0833333333293,42.3750000000014,0.569262478726444
1223,181,-74.0416666666626,42.3750000000014,0.579162171354346
1224,181,-73.9999999999959,42.3750000000014,0.56990667601736
1225,181,-73.9583333333293,42.3750000000014,0.552055412618548
1226,181,-73.9166666666626,42.3750000000014,0.567575064778213
1227,181,-73.8749999999959,42.3750000000014,0.524725103728345
1228,181,-73.8333333333292,42.3750000000014,0.497113023309821
1229,181,-73.7916666666626,42.3750000000014,0.403264282540615
1230,181,-73.7499999999959,42.3750000000014,0.464648084370426
1231,181,-73.7083333333292,42.3750000000014,0.446711079744536
1232,181,-73.6666666666626,42.3750000000014,0.565329621254385
1233,181,-73.6249999999959,42.3750000000014,0.514912834958606
1234,181,-73.5833333333292,42.3750000000014,0.560902064992247
1235,181,-73.5416666666625,42.3750000000014,0.53224675995203
1236,181,-73.4999999999959,42.3750000000014,0.587578836126298
1237,181,-73.4583333333292,42.3750000000014,0.625397654556765
1238,181,-73.4166666666625,42.3750000000014,0.605511645261926
1239,181,-73.3749999999959,42.3750000000014,NA
1088,182,-79.666666666663,42.3333333333348,0.538259576844133
1089,182,-79.6249999999964,42.3333333333348,0.453324439353592
1090,182,-79.5833333333297,42.3333333333348,0.467772297503836
1091,182,-79.541666666663,42.3333333333348,0.42566878650806
1092,182,-79.4999999999963,42.3333333333348,0.59355766313448
1093,182,-79.4583333333297,42.3333333333348,0.56145116267884
1094,182,-79.416666666663,42.3333333333348,0.625802117706938
1095,182,-79.3749999999963,42.3333333333348,0.503137794090923
1096,182,-79.3333333333297,42.3333333333348,0.544547901162509
1097,182,-79.291666666663,42.3333333333348,0.492943858215504
1098,182,-79.2499999999963,42.3333333333348,0.530950582894068
1099,182,-79.2083333333297,42.3333333333348,0.583694713431216
1100,182,-79.166666666663,42.3333333333348,0.604429667165993
1101,182,-79.1249999999963,42.3333333333348,0.544968347225513
1102,182,-79.0833333333296,42.3333333333348,0.410090762558863
1103,182,-79.041666666663,42.3333333333348,0.468797010543629
1104,182,-78.9999999999963,42.3333333333348,0.483532970103341
1105,182,-78.9583333333296,42.3333333333348,0.546320229010237
1106,182,-78.916666666663,42.3333333333348,0.586905371381282
1107,182,-78.8749999999963,42.3333333333348,0.611175938850282
1108,182,-78.8333333333296,42.3333333333348,0.576882192142803
1109,182,-78.791666666663,42.3333333333348,0.551240490670686
1110,182,-78.7499999999963,42.3333333333348,0.555027229091938
1111,182,-78.7083333333296,42.3333333333348,0.580896918647441
1112,182,-78.666666666663,42.3333333333348,0.632102428646753
1113,182,-78.6249999999963,42.3333333333348,0.644882530534222
1114,182,-78.5833333333296,42.3333333333348,0.649537772070188
1115,182,-78.5416666666629,42.3333333333348,0.618652482045127
1116,182,-78.4999999999963,42.3333333333348,0.603413664520057
1117,182,-78.4583333333296,42.3333333333348,0.548287858980835
1118,182,-78.4166666666629,42.3333333333348,0.590652026441119
1119,182,-78.3749999999963,42.3333333333348,0.61949016065548
1120,182,-78.3333333333296,42.3333333333348,0.627620595523829
1121,182,-78.2916666666629,42.3333333333348,0.542999207399677
1122,182,-78.2499999999962,42.3333333333348,0.633981055740943
1123,182,-78.2083333333296,42.3333333333348,0.651232093480655
1124,182,-78.1666666666629,42.3333333333348,0.60467782400451
1125,182,-78.1249999999962,42.3333333333348,0.523120520069703
1126,182,-78.0833333333296,42.3333333333348,0.529119167291261
1127,182,-78.0416666666629,42.3333333333348,0.608097106222557
1128,182,-77.9999999999962,42.3333333333348,0.625968138472214
1129,182,-77.9583333333296,42.3333333333348,0.612748046928968
1130,182,-77.9166666666629,42.3333333333348,0.578495581844087
1131,182,-77.8749999999962,42.3333333333348,0.564065392279615
1132,182,-77.8333333333295,42.3333333333348,0.581132444891889
1133,182,-77.7916666666629,42.3333333333348,0.596159768085146
1134,182,-77.7499999999962,42.3333333333348,0.57403036644004
1135,182,-77.7083333333295,42.3333333333348,0.596227288259658
1136,182,-77.6666666666629,42.3333333333348,0.520658264352786
1137,182,-77.6249999999962,42.3333333333348,0.539165321806288
1138,182,-77.5833333333295,42.3333333333348,0.427277445139148
1139,182,-77.5416666666629,42.3333333333348,0.417170314372575
1140,182,-77.4999999999962,42.3333333333348,0.464158832279339
1141,182,-77.4583333333295,42.3333333333348,0.428047133895094
1142,182,-77.4166666666628,42.3333333333348,0.495420005108578
1143,182,-77.3749999999962,42.3333333333348,0.426796852807395
1144,182,-77.3333333333295,42.3333333333348,0.476890428528982
1145,182,-77.2916666666628,42.3333333333348,0.494374220111349
1146,182,-77.2499999999962,42.3333333333348,0.544787078448111
1147,182,-77.2083333333295,42.3333333333348,0.604153227590687
1148,182,-77.1666666666628,42.3333333333348,0.579666015914965
1149,182,-77.1249999999962,42.3333333333348,0.51648306964306
1150,182,-77.0833333333295,42.3333333333348,0.619248903063981
1151,182,-77.0416666666628,42.3333333333348,0.599872971851835
1152,182,-76.9999999999961,42.3333333333348,0.641596690157802
1153,182,-76.9583333333295,42.3333333333348,0.578542799294137
1154,182,-76.9166666666628,42.3333333333348,0.503646231487793
1155,182,-76.8749999999961,42.3333333333348,0.517364778652215
1156,182,-76.8333333333295,42.3333333333348,0.568675046881591
1157,182,-76.7916666666628,42.3333333333348,0.459679937542396
1158,182,-76.7499999999961,42.3333333333348,0.437462207725441
1159,182,-76.7083333333295,42.3333333333348,0.611277154106583
1160,182,-76.6666666666628,42.3333333333348,0.576562308853372
1161,182,-76.6249999999961,42.3333333333348,0.57293810062756
1162,182,-76.5833333333294,42.3333333333348,0.479586746982598
1163,182,-76.5416666666628,42.3333333333348,0.615283168162961
1164,182,-76.4999999999961,42.3333333333348,0.610048284179964
1165,182,-76.4583333333294,42.3333333333348,0.56467964535712
1166,182,-76.4166666666628,42.3333333333348,0.620015645107653
1167,182,-76.3749999999961,42.3333333333348,0.599791829463775
1168,182,-76.3333333333294,42.3333333333348,0.609945112439811
1169,182,-76.2916666666628,42.3333333333348,0.583943925704301
1170,182,-76.2499999999961,42.3333333333348,0.596260631788701
1171,182,-76.2083333333294,42.3333333333348,0.540742605107827
1172,182,-76.1666666666627,42.3333333333348,0.551685258931789
1173,182,-76.1249999999961,42.3333333333348,0.522546809648468
1174,182,-76.0833333333294,42.3333333333348,0.463639631356864
1175,182,-76.0416666666627,42.3333333333348,0.482546187123855
1176,182,-75.9999999999961,42.3333333333348,0.505066661975519
1177,182,-75.9583333333294,42.3333333333348,0.461391426165694
1178,182,-75.9166666666627,42.3333333333348,0.55325614649756
1179,182,-75.8749999999961,42.3333333333348,0.53967675953906
1180,182,-75.8333333333294,42.3333333333348,0.509394541495012
1181,182,-75.7916666666627,42.3333333333348,0.530730077380961
1182,182,-75.749999999996,42.3333333333348,0.488357362496252
1183,182,-75.7083333333294,42.3333333333348,0.508680096989708
1184,182,-75.6666666666627,42.3333333333348,0.544797029122626
1185,182,-75.624999999996,42.3333333333348,0.504080623362976
1186,182,-75.5833333333294,42.3333333333348,0.509999187107716
1187,182,-75.5416666666627,42.3333333333348,0.510271416808522
1188,182,-75.499999999996,42.3333333333348,0.524452300578153
1189,182,-75.4583333333294,42.3333333333348,0.594414624393077
1190,182,-75.4166666666627,42.3333333333348,0.559595127642215
1191,182,-75.374999999996,42.3333333333348,0.526809141120847
1192,182,-75.3333333333293,42.3333333333348,0.538409526977509
1193,182,-75.2916666666627,42.3333333333348,0.509966982668115
1194,182,-75.249999999996,42.3333333333348,0.555966204361314
1195,182,-75.2083333333293,42.3333333333348,0.543391023108314
1196,182,-75.1666666666627,42.3333333333348,0.514361843680199
1197,182,-75.124999999996,42.3333333333348,0.56676940025671
1198,182,-75.0833333333293,42.3333333333348,0.567652978376862
1199,182,-75.0416666666627,42.3333333333348,0.5471032555079
1200,182,-74.999999999996,42.3333333333348,0.586253080978602
1201,182,-74.9583333333293,42.3333333333348,0.526970658155996
1202,182,-74.9166666666626,42.3333333333348,0.561782955750422
1203,182,-74.874999999996,42.3333333333348,0.554973838179485
1204,182,-74.8333333333293,42.3333333333348,0.582032334195326
1205,182,-74.7916666666626,42.3333333333348,0.545226047310103
1206,182,-74.749999999996,42.3333333333348,0.542467581928941
1207,182,-74.7083333333293,42.3333333333348,0.563752439746042
1208,182,-74.6666666666626,42.3333333333348,0.613125089623481
1209,182,-74.624999999996,42.3333333333348,0.653879210768858
1210,182,-74.5833333333293,42.3333333333348,0.631288876603651
1211,182,-74.5416666666626,42.3333333333348,0.655511645842878
1212,182,-74.499999999996,42.3333333333348,0.627561212490531
1213,182,-74.4583333333293,42.3333333333348,0.527290850595111
1214,182,-74.4166666666626,42.3333333333348,0.530394948087685
1215,182,-74.3749999999959,42.3333333333348,0.594128167777747
1216,182,-74.3333333333293,42.3333333333348,0.581046014179561
1217,182,-74.2916666666626,42.3333333333348,0.567333774404568
1218,182,-74.2499999999959,42.3333333333348,0.604331461871578
1219,182,-74.2083333333293,42.3333333333348,0.646030853124513
1220,182,-74.1666666666626,42.3333333333348,0.649710080251182
1221,182,-74.1249999999959,42.3333333333348,0.64755361939016
1222,182,-74.0833333333293,42.3333333333348,0.608822163723468
1223,182,-74.0416666666626,42.3333333333348,0.568524010876871
1224,182,-73.9999999999959,42.3333333333348,0.608422006496272
1225,182,-73.9583333333293,42.3333333333348,0.607551630322508
1226,182,-73.9166666666626,42.3333333333348,0.583613311771588
1227,182,-73.8749999999959,42.3333333333348,0.55234130613294
1228,182,-73.8333333333292,42.3333333333348,0.418128924802251
1229,182,-73.7916666666626,42.3333333333348,0.399325376472479
1230,182,-73.7499999999959,42.3333333333348,0.505925158734999
1231,182,-73.7083333333292,42.3333333333348,0.495702884080935
1232,182,-73.6666666666626,42.3333333333348,0.554904652370156
1233,182,-73.6249999999959,42.3333333333348,0.542531839494533
1234,182,-73.5833333333292,42.3333333333348,0.563354061283353
1235,182,-73.5416666666625,42.3333333333348,0.579020036875965
1236,182,-73.4999999999959,42.3333333333348,0.626880343481742
1237,182,-73.4583333333292,42.3333333333348,0.664412601986565
1238,182,-73.4166666666625,42.3333333333348,0.660412861981987
1086,183,-79.7499999999964,42.2916666666681,0.427758038744355
1087,183,-79.7083333333297,42.2916666666681,0.46901595557959
1088,183,-79.666666666663,42.2916666666681,0.463358135098046
1089,183,-79.6249999999964,42.2916666666681,0.498532058238551
1090,183,-79.5833333333297,42.2916666666681,0.554779168023771
1091,183,-79.541666666663,42.2916666666681,0.609138834345114
1092,183,-79.4999999999963,42.2916666666681,0.597840736694233
1093,183,-79.4583333333297,42.2916666666681,0.552895681828011
1094,183,-79.416666666663,42.2916666666681,0.639891054135783
1095,183,-79.3749999999963,42.2916666666681,0.607356051550541
1096,183,-79.3333333333297,42.2916666666681,0.57858305255084
1097,183,-79.291666666663,42.2916666666681,0.545040026690765
1098,183,-79.2499999999963,42.2916666666681,0.462499854744459
1099,183,-79.2083333333297,42.2916666666681,0.602867305999802
1100,183,-79.166666666663,42.2916666666681,0.641208815930985
1101,183,-79.1249999999963,42.2916666666681,0.559552371361075
1102,183,-79.0833333333296,42.2916666666681,0.539262759446551
1103,183,-79.041666666663,42.2916666666681,0.499090956394259
1104,183,-78.9999999999963,42.2916666666681,0.52660261334955
1105,183,-78.9583333333296,42.2916666666681,0.596616599736415
1106,183,-78.916666666663,42.2916666666681,0.57715641901301
1107,183,-78.8749999999963,42.2916666666681,0.544228887495087
1108,183,-78.8333333333296,42.2916666666681,0.60763716315255
1109,183,-78.791666666663,42.2916666666681,0.62602652518287
1110,183,-78.7499999999963,42.2916666666681,0.644784604310079
1111,183,-78.7083333333296,42.2916666666681,0.638324760771603
1112,183,-78.666666666663,42.2916666666681,0.590224198426169
1113,183,-78.6249999999963,42.2916666666681,0.613952843084231
1114,183,-78.5833333333296,42.2916666666681,0.659893327524118
1115,183,-78.5416666666629,42.2916666666681,0.645644647712343
1116,183,-78.4999999999963,42.2916666666681,0.643719627910137
1117,183,-78.4583333333296,42.2916666666681,0.594696317692466
1118,183,-78.4166666666629,42.2916666666681,0.604283754324452
1119,183,-78.3749999999963,42.2916666666681,0.570108111857336
1120,183,-78.3333333333296,42.2916666666681,0.585045725833195
1121,183,-78.2916666666629,42.2916666666681,0.575220254784886
1122,183,-78.2499999999962,42.2916666666681,0.60067301058154
1123,183,-78.2083333333296,42.2916666666681,0.546671266520405
1124,183,-78.1666666666629,42.2916666666681,0.558841877706859
1125,183,-78.1249999999962,42.2916666666681,0.603292888742433
1126,183,-78.0833333333296,42.2916666666681,0.560462119647742
1127,183,-78.0416666666629,42.2916666666681,0.492784947799467
1128,183,-77.9999999999962,42.2916666666681,0.541716075140032
1129,183,-77.9583333333296,42.2916666666681,0.551574629901383
1130,183,-77.9166666666629,42.2916666666681,0.598257659921445
1131,183,-77.8749999999962,42.2916666666681,0.593861455548038
1132,183,-77.8333333333295,42.2916666666681,0.624230505614523
1133,183,-77.7916666666629,42.2916666666681,0.613801150532615
1134,183,-77.7499999999962,42.2916666666681,0.563725162255535
1135,183,-77.7083333333295,42.2916666666681,0.5981482186241
1136,183,-77.6666666666629,42.2916666666681,0.561259946183904
1137,183,-77.6249999999962,42.2916666666681,0.51555693254046
1138,183,-77.5833333333295,42.2916666666681,0.581036049544629
1139,183,-77.5416666666629,42.2916666666681,0.557185148472036
1140,183,-77.4999999999962,42.2916666666681,0.512226965806716
1141,183,-77.4583333333295,42.2916666666681,0.460475103047588
1142,183,-77.4166666666628,42.2916666666681,0.523853196360638
1143,183,-77.3749999999962,42.2916666666681,0.468526081284629
1144,183,-77.3333333333295,42.2916666666681,0.455839673036753
1145,183,-77.2916666666628,42.2916666666681,0.544402499428131
1146,183,-77.2499999999962,42.2916666666681,0.488603190398099
1147,183,-77.2083333333295,42.2916666666681,0.529301307667009
1148,183,-77.1666666666628,42.2916666666681,0.579314586729118
1149,183,-77.1249999999962,42.2916666666681,0.604549726765584
1150,183,-77.0833333333295,42.2916666666681,0.615374810236386
1151,183,-77.0416666666628,42.2916666666681,0.5719703519544
1152,183,-76.9999999999961,42.2916666666681,0.588354772221237
1153,183,-76.9583333333295,42.2916666666681,0.534396174338701
1154,183,-76.9166666666628,42.2916666666681,0.496543367777954
1155,183,-76.8749999999961,42.2916666666681,0.577567821278663
1156,183,-76.8333333333295,42.2916666666681,0.590743470257733
1157,183,-76.7916666666628,42.2916666666681,0.497121063282546
1158,183,-76.7499999999961,42.2916666666681,0.588932548562337
1159,183,-76.7083333333295,42.2916666666681,0.556159367818379
1160,183,-76.6666666666628,42.2916666666681,0.632083751979185
1161,183,-76.6249999999961,42.2916666666681,0.625319000926811
1162,183,-76.5833333333294,42.2916666666681,0.598775632652477
1163,183,-76.5416666666628,42.2916666666681,0.624072966742173
1164,183,-76.4999999999961,42.2916666666681,0.592916702635184
1165,183,-76.4583333333294,42.2916666666681,0.602042354640393
1166,183,-76.4166666666628,42.2916666666681,0.58695777606616
1167,183,-76.3749999999961,42.2916666666681,0.568671771249704
1168,183,-76.3333333333294,42.2916666666681,0.562312208625802
1169,183,-76.2916666666628,42.2916666666681,0.590146152440421
1170,183,-76.2499999999961,42.2916666666681,0.555279708798838
1171,183,-76.2083333333294,42.2916666666681,0.550669366885325
1172,183,-76.1666666666627,42.2916666666681,0.498980856342105
1173,183,-76.1249999999961,42.2916666666681,0.522374250522211
1174,183,-76.0833333333294,42.2916666666681,0.558070282208543
1175,183,-76.0416666666627,42.2916666666681,0.521792082511389
1176,183,-75.9999999999961,42.2916666666681,0.510748104442461
1177,183,-75.9583333333294,42.2916666666681,0.518117042457146
1178,183,-75.9166666666627,42.2916666666681,0.508198313895393
1179,183,-75.8749999999961,42.2916666666681,0.579892360716181
1180,183,-75.8333333333294,42.2916666666681,0.551480276241738
1181,183,-75.7916666666627,42.2916666666681,0.509916632263842
1182,183,-75.749999999996,42.2916666666681,0.550879720117171
1183,183,-75.7083333333294,42.2916666666681,0.555944198126616
1184,183,-75.6666666666627,42.2916666666681,0.566326914879331
1185,183,-75.624999999996,42.2916666666681,0.538485217033886
1186,183,-75.5833333333294,42.2916666666681,0.54911430443843
1187,183,-75.5416666666627,42.2916666666681,0.54680557058394
1188,183,-75.499999999996,42.2916666666681,0.55358121445889
1189,183,-75.4583333333294,42.2916666666681,0.484579080178456
1190,183,-75.4166666666627,42.2916666666681,0.526958542328155
1191,183,-75.374999999996,42.2916666666681,0.581585123118837
1192,183,-75.3333333333293,42.2916666666681,0.588194983965242
1193,183,-75.2916666666627,42.2916666666681,0.522657593002782
1194,183,-75.249999999996,42.2916666666681,0.507007947205721
1195,183,-75.2083333333293,42.2916666666681,0.60405885995719
1196,183,-75.1666666666627,42.2916666666681,0.61242552594186
1197,183,-75.124999999996,42.2916666666681,0.598348272797174
1198,183,-75.0833333333293,42.2916666666681,0.597364693193671
1199,183,-75.0416666666627,42.2916666666681,0.540244491073531
1200,183,-74.999999999996,42.2916666666681,0.557318305075051
1201,183,-74.9583333333293,42.2916666666681,0.604516635081258
1202,183,-74.9166666666626,42.2916666666681,0.573387017337822
1203,183,-74.874999999996,42.2916666666681,0.585916440083472
1204,183,-74.8333333333293,42.2916666666681,0.641859435030728
1205,183,-74.7916666666626,42.2916666666681,0.611321156304001
1206,183,-74.749999999996,42.2916666666681,0.599804414153504
1207,183,-74.7083333333293,42.2916666666681,0.601752288958278
1208,183,-74.6666666666626,42.2916666666681,0.656955638757249
1209,183,-74.624999999996,42.2916666666681,0.622395771425327
1210,183,-74.5833333333293,42.2916666666681,0.631918788952965
1211,183,-74.5416666666626,42.2916666666681,0.652983440665529
1212,183,-74.499999999996,42.2916666666681,0.6816775212262
1213,183,-74.4583333333293,42.2916666666681,0.635467289769604
1214,183,-74.4166666666626,42.2916666666681,0.56989664412384
1215,183,-74.3749999999959,42.2916666666681,0.612494384995374
1216,183,-74.3333333333293,42.2916666666681,0.619047004703579
1217,183,-74.2916666666626,42.2916666666681,0.596532770333455
1218,183,-74.2499999999959,42.2916666666681,0.628708297642799
1219,183,-74.2083333333293,42.2916666666681,0.602946415855508
1220,183,-74.1666666666626,42.2916666666681,0.614355394894981
1221,183,-74.1249999999959,42.2916666666681,0.668315685764786
1222,183,-74.0833333333293,42.2916666666681,0.639913787320193
1223,183,-74.0416666666626,42.2916666666681,0.580401428873839
1224,183,-73.9999999999959,42.2916666666681,0.586932170546073
1225,183,-73.9583333333293,42.2916666666681,0.560931349751069
1226,183,-73.9166666666626,42.2916666666681,0.615441490895625
1227,183,-73.8749999999959,42.2916666666681,0.576237900345995
1228,183,-73.8333333333292,42.2916666666681,0.50464372105404
1229,183,-73.7916666666626,42.2916666666681,0.364121762817754
1230,183,-73.7499999999959,42.2916666666681,0.484558809648548
1231,183,-73.7083333333292,42.2916666666681,0.494808863893981
1232,183,-73.6666666666626,42.2916666666681,0.441413379908384
1233,183,-73.6249999999959,42.2916666666681,0.515211054909061
1234,183,-73.5833333333292,42.2916666666681,0.576369192813437
1235,183,-73.5416666666625,42.2916666666681,0.599211434081449
1236,183,-73.4999999999959,42.2916666666681,0.669639019348593
1237,183,-73.4583333333292,42.2916666666681,0.657030387012207
1238,183,-73.4166666666625,42.2916666666681,0.689683340996215
1086,184,-79.7499999999964,42.2500000000014,0.389062797443734
1087,184,-79.7083333333297,42.2500000000014,0.531900028441918
1088,184,-79.666666666663,42.2500000000014,0.608756230785785
1089,184,-79.6249999999964,42.2500000000014,0.585726484932703
1090,184,-79.5833333333297,42.2500000000014,0.586837716624764
1091,184,-79.541666666663,42.2500000000014,0.579554074493969
1092,184,-79.4999999999963,42.2500000000014,0.42856332743058
1093,184,-79.4583333333297,42.2500000000014,0.383551430959733
1094,184,-79.416666666663,42.2500000000014,0.53786407154333
1095,184,-79.3749999999963,42.2500000000014,0.636380321207639
1096,184,-79.3333333333297,42.2500000000014,0.578937133731079
1097,184,-79.291666666663,42.2500000000014,0.528712915217437
1098,184,-79.2499999999963,42.2500000000014,0.554014184956555
1099,184,-79.2083333333297,42.2500000000014,0.559728323820927
1100,184,-79.166666666663,42.2500000000014,0.623107394849776
1101,184,-79.1249999999963,42.2500000000014,0.616448485155777
1102,184,-79.0833333333296,42.2500000000014,0.50393045132599
1103,184,-79.041666666663,42.2500000000014,0.431210141670061
1104,184,-78.9999999999963,42.2500000000014,0.445463389871199
1105,184,-78.9583333333296,42.2500000000014,0.469293543896097
1106,184,-78.916666666663,42.2500000000014,0.497143721463419
1107,184,-78.8749999999963,42.2500000000014,0.550955124479272
1108,184,-78.8333333333296,42.2500000000014,0.602650473627825
1109,184,-78.791666666663,42.2500000000014,0.633770656672153
1110,184,-78.7499999999963,42.2500000000014,0.610053130277464
1111,184,-78.7083333333296,42.2500000000014,0.66445290910847
1112,184,-78.666666666663,42.2500000000014,0.611383810030191
1113,184,-78.6249999999963,42.2500000000014,0.575592962365184
1114,184,-78.5833333333296,42.2500000000014,0.606605407210572
1115,184,-78.5416666666629,42.2500000000014,0.65422770246903
1116,184,-78.4999999999963,42.2500000000014,0.656404784491838
1117,184,-78.4583333333296,42.2500000000014,0.634820695254796
1118,184,-78.4166666666629,42.2500000000014,0.635642456552522
1119,184,-78.3749999999963,42.2500000000014,0.631339170452879
1120,184,-78.3333333333296,42.2500000000014,0.549943994181672
1121,184,-78.2916666666629,42.2500000000014,0.512448175159795
1122,184,-78.2499999999962,42.2500000000014,0.503346223259228
1123,184,-78.2083333333296,42.2500000000014,0.58271776683918
1124,184,-78.1666666666629,42.2500000000014,0.592009895939352
1125,184,-78.1249999999962,42.2500000000014,0.614871664469546
1126,184,-78.0833333333296,42.2500000000014,0.550951013804257
1127,184,-78.0416666666629,42.2500000000014,0.4640890824635
1128,184,-77.9999999999962,42.2500000000014,0.534627624326706
1129,184,-77.9583333333296,42.2500000000014,0.571219112928428
1130,184,-77.9166666666629,42.2500000000014,0.534578981365859
1131,184,-77.8749999999962,42.2500000000014,0.57583516977047
1132,184,-77.8333333333295,42.2500000000014,0.585621962573865
1133,184,-77.7916666666629,42.2500000000014,0.564059264185499
1134,184,-77.7499999999962,42.2500000000014,0.584897453576711
1135,184,-77.7083333333295,42.2500000000014,0.61781407912761
1136,184,-77.6666666666629,42.2500000000014,0.602570597133991
1137,184,-77.6249999999962,42.2500000000014,0.577915545800507
1138,184,-77.5833333333295,42.2500000000014,0.593996012887689
1139,184,-77.5416666666629,42.2500000000014,0.598833211865112
1140,184,-77.4999999999962,42.2500000000014,0.59973440528971
1141,184,-77.4583333333295,42.2500000000014,0.576511060402639
1142,184,-77.4166666666628,42.2500000000014,0.523398786087162
1143,184,-77.3749999999962,42.2500000000014,0.517284586171114
1144,184,-77.3333333333295,42.2500000000014,0.482967874473831
1145,184,-77.2916666666628,42.2500000000014,0.493153880644973
1146,184,-77.2499999999962,42.2500000000014,0.551220902118612
1147,184,-77.2083333333295,42.2500000000014,0.531094690274827
1148,184,-77.1666666666628,42.2500000000014,0.637336772476081
1149,184,-77.1249999999962,42.2500000000014,0.622447209313291
1150,184,-77.0833333333295,42.2500000000014,0.605851459118954
1151,184,-77.0416666666628,42.2500000000014,0.587542477876319
1152,184,-76.9999999999961,42.2500000000014,0.540238576627943
1153,184,-76.9583333333295,42.2500000000014,0.611978514482907
1154,184,-76.9166666666628,42.2500000000014,0.613777351478848
1155,184,-76.8749999999961,42.2500000000014,0.631945854315532
1156,184,-76.8333333333295,42.2500000000014,0.52917383659825
1157,184,-76.7916666666628,42.2500000000014,0.462990455556955
1158,184,-76.7499999999961,42.2500000000014,0.510205550375021
1159,184,-76.7083333333295,42.2500000000014,0.59239242586343
1160,184,-76.6666666666628,42.2500000000014,0.651709645913244
1161,184,-76.6249999999961,42.2500000000014,0.633233477138242
1162,184,-76.5833333333294,42.2500000000014,0.634246927126126
1163,184,-76.5416666666628,42.2500000000014,0.610131203929392
1164,184,-76.4999999999961,42.2500000000014,0.49171667317874
1165,184,-76.4583333333294,42.2500000000014,0.582015965587109
1166,184,-76.4166666666628,42.2500000000014,0.589287062856273
1167,184,-76.3749999999961,42.2500000000014,0.536187415075899
1168,184,-76.3333333333294,42.2500000000014,0.53950937025648
1169,184,-76.2916666666628,42.2500000000014,0.520526813078068
1170,184,-76.2499999999961,42.2500000000014,0.531126596521853
1171,184,-76.2083333333294,42.2500000000014,0.537924845739234
1172,184,-76.1666666666627,42.2500000000014,0.518070251937973
1173,184,-76.1249999999961,42.2500000000014,0.553163350220821
1174,184,-76.0833333333294,42.2500000000014,0.537644235281048
1175,184,-76.0416666666627,42.2500000000014,0.566451826027855
1176,184,-75.9999999999961,42.2500000000014,0.556757233576844
1177,184,-75.9583333333294,42.2500000000014,0.55057311103465
1178,184,-75.9166666666627,42.2500000000014,0.554441142114583
1179,184,-75.8749999999961,42.2500000000014,0.573230447472305
1180,184,-75.8333333333294,42.2500000000014,0.542026190797897
1181,184,-75.7916666666627,42.2500000000014,0.508183278965911
1182,184,-75.749999999996,42.2500000000014,0.553310855532146
1183,184,-75.7083333333294,42.2500000000014,0.571813133197001
1184,184,-75.6666666666627,42.2500000000014,0.572821258317155
1185,184,-75.624999999996,42.2500000000014,0.541709803164477
1186,184,-75.5833333333294,42.2500000000014,0.571130139545396
1187,184,-75.5416666666627,42.2500000000014,0.526087596864208
1188,184,-75.499999999996,42.2500000000014,0.525528999190959
1189,184,-75.4583333333294,42.2500000000014,0.524539837056994
1190,184,-75.4166666666627,42.2500000000014,0.541572032992989
1191,184,-75.374999999996,42.2500000000014,0.549512659039733
1192,184,-75.3333333333293,42.2500000000014,0.551971998649301
1193,184,-75.2916666666627,42.2500000000014,0.569426230133234
1194,184,-75.249999999996,42.2500000000014,0.628001280245707
1195,184,-75.2083333333293,42.2500000000014,0.585288081685826
1196,184,-75.1666666666627,42.2500000000014,0.593686247283032
1197,184,-75.124999999996,42.2500000000014,0.564125430281094
1198,184,-75.0833333333293,42.2500000000014,0.5288702216932
1199,184,-75.0416666666627,42.2500000000014,0.581820680359656
1200,184,-74.999999999996,42.2500000000014,0.556769919813225
1201,184,-74.9583333333293,42.2500000000014,0.57115812618534
1202,184,-74.9166666666626,42.2500000000014,0.598376738555937
1203,184,-74.874999999996,42.2500000000014,0.623308639262559
1204,184,-74.8333333333293,42.2500000000014,0.610252160487324
1205,184,-74.7916666666626,42.2500000000014,0.595390227149143
1206,184,-74.749999999996,42.2500000000014,0.611600305402851
1207,184,-74.7083333333293,42.2500000000014,0.622893177620395
1208,184,-74.6666666666626,42.2500000000014,0.644856916951126
1209,184,-74.624999999996,42.2500000000014,0.641229891435434
1210,184,-74.5833333333293,42.2500000000014,0.625346066814286
1211,184,-74.5416666666626,42.2500000000014,0.618994997108525
1212,184,-74.499999999996,42.2500000000014,0.674862624761395
1213,184,-74.4583333333293,42.2500000000014,0.673577400089018
1214,184,-74.4166666666626,42.2500000000014,0.632271895526006
1215,184,-74.3749999999959,42.2500000000014,0.566394327248322
1216,184,-74.3333333333293,42.2500000000014,0.559411694578898
1217,184,-74.2916666666626,42.2500000000014,0.594062452260195
1218,184,-74.2499999999959,42.2500000000014,0.600856457961696
1219,184,-74.2083333333293,42.2500000000014,0.644754284906003
1220,184,-74.1666666666626,42.2500000000014,0.634127678855042
1221,184,-74.1249999999959,42.2500000000014,0.628574298544513
1222,184,-74.0833333333293,42.2500000000014,0.660217009421577
1223,184,-74.0416666666626,42.2500000000014,0.621535700986784
1224,184,-73.9999999999959,42.2500000000014,0.64074518814297
1225,184,-73.9583333333293,42.2500000000014,0.623138419099404
1226,184,-73.9166666666626,42.2500000000014,0.59400922974544
1227,184,-73.8749999999959,42.2500000000014,0.568862226604573
1228,184,-73.8333333333292,42.2500000000014,0.432660429724187
1229,184,-73.7916666666626,42.2500000000014,0.45126034409573
1230,184,-73.7499999999959,42.2500000000014,0.466578881140209
1231,184,-73.7083333333292,42.2500000000014,0.461058605611055
1232,184,-73.6666666666626,42.2500000000014,0.542081974401685
1233,184,-73.6249999999959,42.2500000000014,0.566139357600696
1234,184,-73.5833333333292,42.2500000000014,0.583973027296851
1235,184,-73.5416666666625,42.2500000000014,0.645729466048202
1236,184,-73.4999999999959,42.2500000000014,0.58564641377561
1237,184,-73.4583333333292,42.2500000000014,0.645219155587715
1086,185,-79.7499999999964,42.2083333333347,0.581640413676562
1087,185,-79.7083333333297,42.2083333333347,0.603661126739173
1088,185,-79.666666666663,42.2083333333347,0.61590590412063
1089,185,-79.6249999999964,42.2083333333347,0.609881738721162
1090,185,-79.5833333333297,42.2083333333347,0.57752036475568
1091,185,-79.541666666663,42.2083333333347,0.63016109865287
1092,185,-79.4999999999963,42.2083333333347,0.58168262786073
1093,185,-79.4583333333297,42.2083333333347,0.194503881325254
1094,185,-79.416666666663,42.2083333333347,0.484848124089231
1095,185,-79.3749999999963,42.2083333333347,0.628083446874851
1096,185,-79.3333333333297,42.2083333333347,0.620302687626538
1097,185,-79.291666666663,42.2083333333347,0.596055927867099
1098,185,-79.2499999999963,42.2083333333347,0.559209602330155
1099,185,-79.2083333333297,42.2083333333347,0.608577114108694
1100,185,-79.166666666663,42.2083333333347,0.619548971486305
1101,185,-79.1249999999963,42.2083333333347,0.502995406402072
1102,185,-79.0833333333296,42.2083333333347,0.49022816065322
1103,185,-79.041666666663,42.2083333333347,0.453581462367236
1104,185,-78.9999999999963,42.2083333333347,0.497090623754669
1105,185,-78.9583333333296,42.2083333333347,0.458785178714231
1106,185,-78.916666666663,42.2083333333347,0.517888421978439
1107,185,-78.8749999999963,42.2083333333347,0.59906979436098
1108,185,-78.8333333333296,42.2083333333347,0.671813939155142
1109,185,-78.791666666663,42.2083333333347,0.686688154877724
1110,185,-78.7499999999963,42.2083333333347,0.580231100127973
1111,185,-78.7083333333296,42.2083333333347,0.678734116039369
1112,185,-78.666666666663,42.2083333333347,0.5816598787748
1113,185,-78.6249999999963,42.2083333333347,0.559550593545924
1114,185,-78.5833333333296,42.2083333333347,0.644259536448928
1115,185,-78.5416666666629,42.2083333333347,0.642537419029784
1116,185,-78.4999999999963,42.2083333333347,0.665605067014425
1117,185,-78.4583333333296,42.2083333333347,0.644206651141277
1118,185,-78.4166666666629,42.2083333333347,0.584405343150304
1119,185,-78.3749999999963,42.2083333333347,0.636199296083376
1120,185,-78.3333333333296,42.2083333333347,0.647993814568607
1121,185,-78.2916666666629,42.2083333333347,0.566432030517929
1122,185,-78.2499999999962,42.2083333333347,0.60248161792233
1123,185,-78.2083333333296,42.2083333333347,0.569656337679389
1124,185,-78.1666666666629,42.2083333333347,0.572114283931932
1125,185,-78.1249999999962,42.2083333333347,0.554136171394577
1126,185,-78.0833333333296,42.2083333333347,0.552841521060612
1127,185,-78.0416666666629,42.2083333333347,0.520665028917496
1128,185,-77.9999999999962,42.2083333333347,0.487091008575034
1129,185,-77.9583333333296,42.2083333333347,0.61222713307358
1130,185,-77.9166666666629,42.2083333333347,0.594253555299805
1131,185,-77.8749999999962,42.2083333333347,0.611885193180799
1132,185,-77.8333333333295,42.2083333333347,0.537367813165368
1133,185,-77.7916666666629,42.2083333333347,0.604454479873268
1134,185,-77.7499999999962,42.2083333333347,0.565845018726812
1135,185,-77.7083333333295,42.2083333333347,0.585056512689689
1136,185,-77.6666666666629,42.2083333333347,0.625446374939277
1137,185,-77.6249999999962,42.2083333333347,0.560398977268177
1138,185,-77.5833333333295,42.2083333333347,0.619995128088406
1139,185,-77.5416666666629,42.2083333333347,0.61914704661044
1140,185,-77.4999999999962,42.2083333333347,0.5412756653181
1141,185,-77.4583333333295,42.2083333333347,0.575645519569356
1142,185,-77.4166666666628,42.2083333333347,0.564728522538196
1143,185,-77.3749999999962,42.2083333333347,0.541223610439487
1144,185,-77.3333333333295,42.2083333333347,0.509540204485761
1145,185,-77.2916666666628,42.2083333333347,0.539477904709547
1146,185,-77.2499999999962,42.2083333333347,0.560538040530259
1147,185,-77.2083333333295,42.2083333333347,0.582252312574325
1148,185,-77.1666666666628,42.2083333333347,0.539355111311553
1149,185,-77.1249999999962,42.2083333333347,0.572573568851141
1150,185,-77.0833333333295,42.2083333333347,0.609631634168531
1151,185,-77.0416666666628,42.2083333333347,0.622589195816597
1152,185,-76.9999999999961,42.2083333333347,0.580435374548937
1153,185,-76.9583333333295,42.2083333333347,0.635261854683833
1154,185,-76.9166666666628,42.2083333333347,0.626652106929041
1155,185,-76.8749999999961,42.2083333333347,0.575347842460845
1156,185,-76.8333333333295,42.2083333333347,0.497282088031099
1157,185,-76.7916666666628,42.2083333333347,0.538654693074468
1158,185,-76.7499999999961,42.2083333333347,0.56242646086992
1159,185,-76.7083333333295,42.2083333333347,0.58466708121221
1160,185,-76.6666666666628,42.2083333333347,0.57877330031923
1161,185,-76.6249999999961,42.2083333333347,0.6245373985618
1162,185,-76.5833333333294,42.2083333333347,0.571365438212645
1163,185,-76.5416666666628,42.2083333333347,0.560405595531973
1164,185,-76.4999999999961,42.2083333333347,0.507766833860142
1165,185,-76.4583333333294,42.2083333333347,0.551946780252152
1166,185,-76.4166666666628,42.2083333333347,0.561819161090849
1167,185,-76.3749999999961,42.2083333333347,0.522036907485956
1168,185,-76.3333333333294,42.2083333333347,0.525212251850359
1169,185,-76.2916666666628,42.2083333333347,0.578621713737629
1170,185,-76.2499999999961,42.2083333333347,0.506555494480298
1171,185,-76.2083333333294,42.2083333333347,0.560392825815416
1172,185,-76.1666666666627,42.2083333333347,0.533307769645475
1173,185,-76.1249999999961,42.2083333333347,0.497853036548026
1174,185,-76.0833333333294,42.2083333333347,0.54019916598536
1175,185,-76.0416666666627,42.2083333333347,0.549922884747581
1176,185,-75.9999999999961,42.2083333333347,0.570338809270064
1177,185,-75.9583333333294,42.2083333333347,0.552996683034669
1178,185,-75.9166666666627,42.2083333333347,0.577181374533001
1179,185,-75.8749999999961,42.2083333333347,0.571455776115367
1180,185,-75.8333333333294,42.2083333333347,0.526174296426483
1181,185,-75.7916666666627,42.2083333333347,0.54318546167064
1182,185,-75.749999999996,42.2083333333347,0.580708343862227
1183,185,-75.7083333333294,42.2083333333347,0.554976633031108
1184,185,-75.6666666666627,42.2083333333347,0.525074836447181
1185,185,-75.624999999996,42.2083333333347,0.521494014941515
1186,185,-75.5833333333294,42.2083333333347,0.46948925674221
1187,185,-75.5416666666627,42.2083333333347,0.473244424636073
1188,185,-75.499999999996,42.2083333333347,0.57862670633976
1189,185,-75.4583333333294,42.2083333333347,0.594955588569409
1190,185,-75.4166666666627,42.2083333333347,0.61661918397143
1191,185,-75.374999999996,42.2083333333347,0.594202071669129
1192,185,-75.3333333333293,42.2083333333347,0.607062231536651
1193,185,-75.2916666666627,42.2083333333347,0.57933662376311
1194,185,-75.249999999996,42.2083333333347,0.584211261922556
1195,185,-75.2083333333293,42.2083333333347,0.586495340848144
1196,185,-75.1666666666627,42.2083333333347,0.555716822043425
1197,185,-75.124999999996,42.2083333333347,0.60123709746372
1198,185,-75.0833333333293,42.2083333333347,0.57578454829093
1199,185,-75.0416666666627,42.2083333333347,0.578417185531864
1200,185,-74.999999999996,42.2083333333347,0.559873244779431
1201,185,-74.9583333333293,42.2083333333347,0.566985392854608
1202,185,-74.9166666666626,42.2083333333347,0.629309073701961
1203,185,-74.874999999996,42.2083333333347,0.643757798399622
1204,185,-74.8333333333293,42.2083333333347,0.626559868234288
1205,185,-74.7916666666626,42.2083333333347,0.591795000397035
1206,185,-74.749999999996,42.2083333333347,0.624330195518002
1207,185,-74.7083333333293,42.2083333333347,0.657053674924396
1208,185,-74.6666666666626,42.2083333333347,0.634159053274993
1209,185,-74.624999999996,42.2083333333347,0.59222957540967
1210,185,-74.5833333333293,42.2083333333347,0.615386876572522
1211,185,-74.5416666666626,42.2083333333347,0.663086219220631
1212,185,-74.499999999996,42.2083333333347,0.657875586066995
1213,185,-74.4583333333293,42.2083333333347,0.650895016780371
1214,185,-74.4166666666626,42.2083333333347,0.684506660232294
1215,185,-74.3749999999959,42.2083333333347,0.649473117928263
1216,185,-74.3333333333293,42.2083333333347,0.663178530724335
1217,185,-74.2916666666626,42.2083333333347,0.670654400088384
1218,185,-74.2499999999959,42.2083333333347,0.645075707941341
1219,185,-74.2083333333293,42.2083333333347,0.63113492229255
1220,185,-74.1666666666626,42.2083333333347,0.62112781756862
1221,185,-74.1249999999959,42.2083333333347,0.597550568188058
1222,185,-74.0833333333293,42.2083333333347,0.636547929037927
1223,185,-74.0416666666626,42.2083333333347,0.609999104312132
1224,185,-73.9999999999959,42.2083333333347,0.595604602152734
1225,185,-73.9583333333293,42.2083333333347,0.593948360641582
1226,185,-73.9166666666626,42.2083333333347,0.589729888292036
1227,185,-73.8749999999959,42.2083333333347,0.500434453282258
1228,185,-73.8333333333292,42.2083333333347,0.478803520506015
1229,185,-73.7916666666626,42.2083333333347,0.502168134291104
1230,185,-73.7499999999959,42.2083333333347,0.456388045532887
1231,185,-73.7083333333292,42.2083333333347,0.483586414572181
1232,185,-73.6666666666626,42.2083333333347,0.585004208434924
1233,185,-73.6249999999959,42.2083333333347,0.589199779562043
1234,185,-73.5833333333292,42.2083333333347,0.614959577399893
1235,185,-73.5416666666625,42.2083333333347,0.59343482086024
1236,185,-73.4999999999959,42.2083333333347,0.493010781477997
1237,185,-73.4583333333292,42.2083333333347,0.666130365027322
1086,186,-79.7499999999964,42.1666666666681,0.602596209273987
1087,186,-79.7083333333297,42.1666666666681,0.521108454805045
1088,186,-79.666666666663,42.1666666666681,0.488854841234232
1089,186,-79.6249999999964,42.1666666666681,0.471255339574781
1090,186,-79.5833333333297,42.1666666666681,0.459604622794494
1091,186,-79.541666666663,42.1666666666681,0.508978404297843
1092,186,-79.4999999999963,42.1666666666681,0.551408563164569
1093,186,-79.4583333333297,42.1666666666681,0.52905163167813
1094,186,-79.416666666663,42.1666666666681,0.321466341243499
1095,186,-79.3749999999963,42.1666666666681,0.498106683809872
1096,186,-79.3333333333297,42.1666666666681,0.577017975040359
1097,186,-79.291666666663,42.1666666666681,0.614535261493612
1098,186,-79.2499999999963,42.1666666666681,0.590617299254094
1099,186,-79.2083333333297,42.1666666666681,0.530196699440328
1100,186,-79.166666666663,42.1666666666681,0.525319528179284
1101,186,-79.1249999999963,42.1666666666681,0.529350199685633
1102,186,-79.0833333333296,42.1666666666681,0.491984473632791
1103,186,-79.041666666663,42.1666666666681,0.455820682343538
1104,186,-78.9999999999963,42.1666666666681,0.472294738719759
1105,186,-78.9583333333296,42.1666666666681,0.518431816762192
1106,186,-78.916666666663,42.1666666666681,0.572050367394051
1107,186,-78.8749999999963,42.1666666666681,0.660207527937322
1108,186,-78.8333333333296,42.1666666666681,0.688921605309941
1109,186,-78.791666666663,42.1666666666681,0.641062717334318
1110,186,-78.7499999999963,42.1666666666681,0.610675155966683
1111,186,-78.7083333333296,42.1666666666681,0.617509061970321
1112,186,-78.666666666663,42.1666666666681,0.633102918744841
1113,186,-78.6249999999963,42.1666666666681,0.678304498268092
1114,186,-78.5833333333296,42.1666666666681,0.671303616998998
1115,186,-78.5416666666629,42.1666666666681,0.69229740417044
1116,186,-78.4999999999963,42.1666666666681,0.577988639755847
1117,186,-78.4583333333296,42.1666666666681,0.662330657062787
1118,186,-78.4166666666629,42.1666666666681,0.589858145723365
1119,186,-78.3749999999963,42.1666666666681,0.627158208722209
1120,186,-78.3333333333296,42.1666666666681,0.621747077128232
1121,186,-78.2916666666629,42.1666666666681,0.627155738999971
1122,186,-78.2499999999962,42.1666666666681,0.617704012356522
1123,186,-78.2083333333296,42.1666666666681,0.625270181200885
1124,186,-78.1666666666629,42.1666666666681,0.597370999708655
1125,186,-78.1249999999962,42.1666666666681,0.549409570896972
1126,186,-78.0833333333296,42.1666666666681,0.580094706112284
1127,186,-78.0416666666629,42.1666666666681,0.598315295139592
1128,186,-77.9999999999962,42.1666666666681,0.511930691554302
1129,186,-77.9583333333296,42.1666666666681,0.554305815805979
1130,186,-77.9166666666629,42.1666666666681,0.603687582371949
1131,186,-77.8749999999962,42.1666666666681,0.545022864754124
1132,186,-77.8333333333295,42.1666666666681,0.535450774800054
1133,186,-77.7916666666629,42.1666666666681,0.555656890218299
1134,186,-77.7499999999962,42.1666666666681,0.502984279876939
1135,186,-77.7083333333295,42.1666666666681,0.534604654789294
1136,186,-77.6666666666629,42.1666666666681,0.621075260807162
1137,186,-77.6249999999962,42.1666666666681,0.597907600034027
1138,186,-77.5833333333295,42.1666666666681,0.558331903016557
1139,186,-77.5416666666629,42.1666666666681,0.491991353608535
1140,186,-77.4999999999962,42.1666666666681,0.460205571703031
1141,186,-77.4583333333295,42.1666666666681,0.475760469854208
1142,186,-77.4166666666628,42.1666666666681,0.474658109791802
1143,186,-77.3749999999962,42.1666666666681,0.508840755334234
1144,186,-77.3333333333295,42.1666666666681,0.531190241803757
1145,186,-77.2916666666628,42.1666666666681,0.490602064981924
1146,186,-77.2499999999962,42.1666666666681,0.457497355633048
1147,186,-77.2083333333295,42.1666666666681,0.460033518344273
1148,186,-77.1666666666628,42.1666666666681,0.598128505898988
1149,186,-77.1249999999962,42.1666666666681,0.556537649357314
1150,186,-77.0833333333295,42.1666666666681,0.566525269666637
1151,186,-77.0416666666628,42.1666666666681,0.629791837334801
1152,186,-76.9999999999961,42.1666666666681,0.627403554657139
1153,186,-76.9583333333295,42.1666666666681,0.645795838347568
1154,186,-76.9166666666628,42.1666666666681,0.579065616762794
1155,186,-76.8749999999961,42.1666666666681,0.485975453198145
1156,186,-76.8333333333295,42.1666666666681,0.495313710781035
1157,186,-76.7916666666628,42.1666666666681,0.591487298302244
1158,186,-76.7499999999961,42.1666666666681,0.583033615138835
1159,186,-76.7083333333295,42.1666666666681,0.592150130558944
1160,186,-76.6666666666628,42.1666666666681,0.586756007901687
1161,186,-76.6249999999961,42.1666666666681,0.628235496906259
1162,186,-76.5833333333294,42.1666666666681,0.625254685386605
1163,186,-76.5416666666628,42.1666666666681,0.614378280631334
1164,186,-76.4999999999961,42.1666666666681,0.595299046852666
1165,186,-76.4583333333294,42.1666666666681,0.5658807781654
1166,186,-76.4166666666628,42.1666666666681,0.56912567802169
1167,186,-76.3749999999961,42.1666666666681,0.47752353614827
1168,186,-76.3333333333294,42.1666666666681,0.553716694251314
1169,186,-76.2916666666628,42.1666666666681,0.560077411033144
1170,186,-76.2499999999961,42.1666666666681,0.49738973298768
1171,186,-76.2083333333294,42.1666666666681,0.547780540564647
1172,186,-76.1666666666627,42.1666666666681,0.543796936271185
1173,186,-76.1249999999961,42.1666666666681,0.566086508193122
1174,186,-76.0833333333294,42.1666666666681,0.570125883446722
1175,186,-76.0416666666627,42.1666666666681,0.537464209594857
1176,186,-75.9999999999961,42.1666666666681,0.549799406480337
1177,186,-75.9583333333294,42.1666666666681,0.579198794599854
1178,186,-75.9166666666627,42.1666666666681,0.616561737129729
1179,186,-75.8749999999961,42.1666666666681,0.52848666716568
1180,186,-75.8333333333294,42.1666666666681,0.570839575533239
1181,186,-75.7916666666627,42.1666666666681,0.568893373160671
1182,186,-75.749999999996,42.1666666666681,0.570724696255055
1183,186,-75.7083333333294,42.1666666666681,0.55019678262727
1184,186,-75.6666666666627,42.1666666666681,0.538743861848108
1185,186,-75.624999999996,42.1666666666681,0.491866717334186
1186,186,-75.5833333333294,42.1666666666681,0.498438431597437
1187,186,-75.5416666666627,42.1666666666681,0.566611250464325
1188,186,-75.499999999996,42.1666666666681,0.618120357342876
1189,186,-75.4583333333294,42.1666666666681,0.616879950837037
1190,186,-75.4166666666627,42.1666666666681,0.622328652257888
1191,186,-75.374999999996,42.1666666666681,0.623930914229136
1192,186,-75.3333333333293,42.1666666666681,0.635528024222706
1193,186,-75.2916666666627,42.1666666666681,0.617776267661056
1194,186,-75.249999999996,42.1666666666681,0.618298834703849
1195,186,-75.2083333333293,42.1666666666681,0.611599596065578
1196,186,-75.1666666666627,42.1666666666681,0.579297190049539
1197,186,-75.124999999996,42.1666666666681,0.574417004297578
1198,186,-75.0833333333293,42.1666666666681,0.605007277744832
1199,186,-75.0416666666627,42.1666666666681,0.576991435266827
1200,186,-74.999999999996,42.1666666666681,0.599042464832706
1201,186,-74.9583333333293,42.1666666666681,0.659375036293552
1202,186,-74.9166666666626,42.1666666666681,0.605272308257878
1203,186,-74.874999999996,42.1666666666681,0.632666380308425
1204,186,-74.8333333333293,42.1666666666681,0.667532034388723
1205,186,-74.7916666666626,42.1666666666681,0.596995550437482
1206,186,-74.749999999996,42.1666666666681,0.647530224863085
1207,186,-74.7083333333293,42.1666666666681,0.634413043132788
1208,186,-74.6666666666626,42.1666666666681,0.570741209427666
1209,186,-74.624999999996,42.1666666666681,0.589162596936483
1210,186,-74.5833333333293,42.1666666666681,0.62370554119569
1211,186,-74.5416666666626,42.1666666666681,0.62065239693722
1212,186,-74.499999999996,42.1666666666681,0.636178447166392
1213,186,-74.4583333333293,42.1666666666681,0.683832403230732
1214,186,-74.4166666666626,42.1666666666681,0.690950032717219
1215,186,-74.3749999999959,42.1666666666681,0.693426343147211
1216,186,-74.3333333333293,42.1666666666681,0.689122889809655
1217,186,-74.2916666666626,42.1666666666681,0.676473792512112
1218,186,-74.2499999999959,42.1666666666681,0.656026283427505
1219,186,-74.2083333333293,42.1666666666681,0.66241911771364
1220,186,-74.1666666666626,42.1666666666681,0.60287268633258
1221,186,-74.1249999999959,42.1666666666681,0.577628066918151
1222,186,-74.0833333333293,42.1666666666681,0.65252836602421
1223,186,-74.0416666666626,42.1666666666681,0.656730951924594
1224,186,-73.9999999999959,42.1666666666681,0.578217718764544
1225,186,-73.9583333333293,42.1666666666681,0.611234141518229
1226,186,-73.9166666666626,42.1666666666681,0.459758155382884
1227,186,-73.8749999999959,42.1666666666681,0.359158846427765
1228,186,-73.8333333333292,42.1666666666681,0.538502572750043
1229,186,-73.7916666666626,42.1666666666681,0.478675365219112
1230,186,-73.7499999999959,42.1666666666681,0.450642385700098
1231,186,-73.7083333333292,42.1666666666681,0.584825078779586
1232,186,-73.6666666666626,42.1666666666681,0.631671427791753
1233,186,-73.6249999999959,42.1666666666681,0.552451180666433
1234,186,-73.5833333333292,42.1666666666681,0.499905887049716
1235,186,-73.5416666666625,42.1666666666681,0.561722015707816
1236,186,-73.4999999999959,42.1666666666681,0.500145045143553
1237,186,-73.4583333333292,42.1666666666681,0.642947933385865
1086,187,-79.7499999999964,42.1250000000014,0.541695264813113
1087,187,-79.7083333333297,42.1250000000014,0.479307277626614
1088,187,-79.666666666663,42.1250000000014,0.463476824492413
1089,187,-79.6249999999964,42.1250000000014,0.446127046656796
1090,187,-79.5833333333297,42.1250000000014,0.563506415656894
1091,187,-79.541666666663,42.1250000000014,0.552531379700656
1092,187,-79.4999999999963,42.1250000000014,0.610586670578862
1093,187,-79.4583333333297,42.1250000000014,0.548503341290673
1094,187,-79.416666666663,42.1250000000014,0.579434630167627
1095,187,-79.3749999999963,42.1250000000014,0.184526582151125
1096,187,-79.3333333333297,42.1250000000014,0.298076333149725
1097,187,-79.291666666663,42.1250000000014,0.417406128183781
1098,187,-79.2499999999963,42.1250000000014,0.532707623271896
1099,187,-79.2083333333297,42.1250000000014,0.564772967674993
1100,187,-79.166666666663,42.1250000000014,0.532305311317005
1101,187,-79.1249999999963,42.1250000000014,0.576279345619535
1102,187,-79.0833333333296,42.1250000000014,0.500963664106005
1103,187,-79.041666666663,42.1250000000014,0.491873037251916
1104,187,-78.9999999999963,42.1250000000014,0.573116146670123
1105,187,-78.9583333333296,42.1250000000014,0.552338987445036
1106,187,-78.916666666663,42.1250000000014,0.484329111362315
1107,187,-78.8749999999963,42.1250000000014,0.622021167983488
1108,187,-78.8333333333296,42.1250000000014,0.650768296831374
1109,187,-78.791666666663,42.1250000000014,0.639844590607972
1110,187,-78.7499999999963,42.1250000000014,0.676286645615054
1111,187,-78.7083333333296,42.1250000000014,0.682019890464197
1112,187,-78.666666666663,42.1250000000014,0.654826131066785
1113,187,-78.6249999999963,42.1250000000014,0.675783187812033
1114,187,-78.5833333333296,42.1250000000014,0.661805948271977
1115,187,-78.5416666666629,42.1250000000014,0.655111639215604
1116,187,-78.4999999999963,42.1250000000014,0.539158653770433
1117,187,-78.4583333333296,42.1250000000014,0.665473470008386
1118,187,-78.4166666666629,42.1250000000014,0.594290554180371
1119,187,-78.3749999999963,42.1250000000014,0.630593105532409
1120,187,-78.3333333333296,42.1250000000014,0.614018884761727
1121,187,-78.2916666666629,42.1250000000014,0.654880267470153
1122,187,-78.2499999999962,42.1250000000014,0.617860976219507
1123,187,-78.2083333333296,42.1250000000014,0.649335817051818
1124,187,-78.1666666666629,42.1250000000014,0.656219550900443
1125,187,-78.1249999999962,42.1250000000014,0.622958213803199
1126,187,-78.0833333333296,42.1250000000014,0.590992649506739
1127,187,-78.0416666666629,42.1250000000014,0.612677804746457
1128,187,-77.9999999999962,42.1250000000014,0.606207988784033
1129,187,-77.9583333333296,42.1250000000014,0.536217956693999
1130,187,-77.9166666666629,42.1250000000014,0.567814100536247
1131,187,-77.8749999999962,42.1250000000014,0.52325317935905
1132,187,-77.8333333333295,42.1250000000014,0.538173950608559
1133,187,-77.7916666666629,42.1250000000014,0.495223469554856
1134,187,-77.7499999999962,42.1250000000014,0.545692547125654
1135,187,-77.7083333333295,42.1250000000014,0.497878792618529
1136,187,-77.6666666666629,42.1250000000014,0.583046775153541
1137,187,-77.6249999999962,42.1250000000014,0.551616766611674
1138,187,-77.5833333333295,42.1250000000014,0.493900749508828
1139,187,-77.5416666666629,42.1250000000014,0.460152187143818
1140,187,-77.4999999999962,42.1250000000014,0.402560018862136
1141,187,-77.4583333333295,42.1250000000014,0.447684298187806
1142,187,-77.4166666666628,42.1250000000014,0.480590961237409
1143,187,-77.3749999999962,42.1250000000014,0.503042735525323
1144,187,-77.3333333333295,42.1250000000014,0.554508276741358
1145,187,-77.2916666666628,42.1250000000014,0.54279132670034
1146,187,-77.2499999999962,42.1250000000014,0.53856637495456
1147,187,-77.2083333333295,42.1250000000014,0.520236018645669
1148,187,-77.1666666666628,42.1250000000014,0.568033507652013
1149,187,-77.1249999999962,42.1250000000014,0.543150418261929
1150,187,-77.0833333333295,42.1250000000014,0.633619019972614
1151,187,-77.0416666666628,42.1250000000014,0.534185702168713
1152,187,-76.9999999999961,42.1250000000014,0.537275988987941
1153,187,-76.9583333333295,42.1250000000014,0.539956646116934
1154,187,-76.9166666666628,42.1250000000014,0.503757309626512
1155,187,-76.8749999999961,42.1250000000014,0.578232055571793
1156,187,-76.8333333333295,42.1250000000014,0.516972472656357
1157,187,-76.7916666666628,42.1250000000014,0.578489371667249
1158,187,-76.7499999999961,42.1250000000014,0.555121439959116
1159,187,-76.7083333333295,42.1250000000014,0.583990680679477
1160,187,-76.6666666666628,42.1250000000014,0.617950416738022
1161,187,-76.6249999999961,42.1250000000014,0.620896671334676
1162,187,-76.5833333333294,42.1250000000014,0.642599825646494
1163,187,-76.5416666666628,42.1250000000014,0.600622432309353
1164,187,-76.4999999999961,42.1250000000014,0.568083001637817
1165,187,-76.4583333333294,42.1250000000014,0.53118477565682
1166,187,-76.4166666666628,42.1250000000014,0.544394875436648
1167,187,-76.3749999999961,42.1250000000014,0.524373993323803
1168,187,-76.3333333333294,42.1250000000014,0.537123959488808
1169,187,-76.2916666666628,42.1250000000014,0.467649549105376
1170,187,-76.2499999999961,42.1250000000014,0.568040865438862
1171,187,-76.2083333333294,42.1250000000014,0.512880318560721
1172,187,-76.1666666666627,42.1250000000014,0.518803274625445
1173,187,-76.1249999999961,42.1250000000014,0.573763984667667
1174,187,-76.0833333333294,42.1250000000014,0.565683602798925
1175,187,-76.0416666666627,42.1250000000014,0.524367105233029
1176,187,-75.9999999999961,42.1250000000014,0.505372162394033
1177,187,-75.9583333333294,42.1250000000014,0.501098681599507
1178,187,-75.9166666666627,42.1250000000014,0.51153347302154
1179,187,-75.8749999999961,42.1250000000014,0.555428631069281
1180,187,-75.8333333333294,42.1250000000014,0.586583266072993
1181,187,-75.7916666666627,42.1250000000014,0.57956081692384
1182,187,-75.749999999996,42.1250000000014,0.582021646097739
1183,187,-75.7083333333294,42.1250000000014,0.588534861644093
1184,187,-75.6666666666627,42.1250000000014,0.549508843779719
1185,187,-75.624999999996,42.1250000000014,0.523813938400832
1186,187,-75.5833333333294,42.1250000000014,0.541187321771837
1187,187,-75.5416666666627,42.1250000000014,0.59660592179541
1188,187,-75.499999999996,42.1250000000014,0.611261744323626
1189,187,-75.4583333333294,42.1250000000014,0.599217916479047
1190,187,-75.4166666666627,42.1250000000014,0.59463795685651
1191,187,-75.374999999996,42.1250000000014,0.622577718165731
1192,187,-75.3333333333293,42.1250000000014,0.648176849234916
1193,187,-75.2916666666627,42.1250000000014,0.515618696406786
1194,187,-75.249999999996,42.1250000000014,0.622324427866769
1195,187,-75.2083333333293,42.1250000000014,0.679615603362114
1196,187,-75.1666666666627,42.1250000000014,0.619442720545457
1197,187,-75.124999999996,42.1250000000014,0.675189047144427
1198,187,-75.0833333333293,42.1250000000014,0.678469552978401
1199,187,-75.0416666666627,42.1250000000014,0.659772730119907
1200,187,-74.999999999996,42.1250000000014,0.650980307956363
1201,187,-74.9583333333293,42.1250000000014,0.641066755735491
1202,187,-74.9166666666626,42.1250000000014,0.633220891406994
1203,187,-74.874999999996,42.1250000000014,0.653060357668621
1204,187,-74.8333333333293,42.1250000000014,0.630176657220274
1205,187,-74.7916666666626,42.1250000000014,0.600183555441935
1206,187,-74.749999999996,42.1250000000014,0.536567237226894
1207,187,-74.7083333333293,42.1250000000014,0.59254352747553
1208,187,-74.6666666666626,42.1250000000014,0.615643981688581
1209,187,-74.624999999996,42.1250000000014,0.672946830408636
1210,187,-74.5833333333293,42.1250000000014,0.655510079331597
1211,187,-74.5416666666626,42.1250000000014,0.649796546960403
1212,187,-74.499999999996,42.1250000000014,0.670064084374843
1213,187,-74.4583333333293,42.1250000000014,0.680825036098321
1214,187,-74.4166666666626,42.1250000000014,0.674336532615762
1215,187,-74.3749999999959,42.1250000000014,0.679006776620049
1216,187,-74.3333333333293,42.1250000000014,0.684937114165348
1217,187,-74.2916666666626,42.1250000000014,0.685797245357506
1218,187,-74.2499999999959,42.1250000000014,0.681992797989138
1219,187,-74.2083333333293,42.1250000000014,0.679990749464292
1220,187,-74.1666666666626,42.1250000000014,0.669364203349418
1221,187,-74.1249999999959,42.1250000000014,0.639444574648108
1222,187,-74.0833333333293,42.1250000000014,0.638174335011303
1223,187,-74.0416666666626,42.1250000000014,0.629883482153256
1224,187,-73.9999999999959,42.1250000000014,0.595892348537652
1225,187,-73.9583333333293,42.1250000000014,0.5550393786356
1226,187,-73.9166666666626,42.1250000000014,0.387710888810775
1227,187,-73.8749999999959,42.1250000000014,0.562677574498534
1228,187,-73.8333333333292,42.1250000000014,0.440510569581479
1229,187,-73.7916666666626,42.1250000000014,0.403505979818803
1230,187,-73.7499999999959,42.1250000000014,0.59369921603191
1231,187,-73.7083333333292,42.1250000000014,0.558584911601378
1232,187,-73.6666666666626,42.1250000000014,0.580347509361985
1233,187,-73.6249999999959,42.1250000000014,0.628212936500899
1234,187,-73.5833333333292,42.1250000000014,0.526226362750543
1235,187,-73.5416666666625,42.1250000000014,0.470776711865428
1236,187,-73.4999999999959,42.1250000000014,0.58897438344394
1086,188,-79.7499999999964,42.0833333333347,0.474724670689859
1087,188,-79.7083333333297,42.0833333333347,0.463085594241565
1088,188,-79.666666666663,42.0833333333347,0.470407180944473
1089,188,-79.6249999999964,42.0833333333347,0.529266104249255
1090,188,-79.5833333333297,42.0833333333347,0.53298035050277
1091,188,-79.541666666663,42.0833333333347,0.516299541941505
1092,188,-79.4999999999963,42.0833333333347,0.620713776877715
1093,188,-79.4583333333297,42.0833333333347,0.519551115243097
1094,188,-79.416666666663,42.0833333333347,0.55046440446134
1095,188,-79.3749999999963,42.0833333333347,0.584630044523105
1096,188,-79.3333333333297,42.0833333333347,0.581469118770787
1097,188,-79.291666666663,42.0833333333347,0.574945113565812
1098,188,-79.2499999999963,42.0833333333347,0.527255350724178
1099,188,-79.2083333333297,42.0833333333347,0.53801040630068
1100,188,-79.166666666663,42.0833333333347,0.508281164071747
1101,188,-79.1249999999963,42.0833333333347,0.539494175126207
1102,188,-79.0833333333296,42.0833333333347,0.59879168279045
1103,188,-79.041666666663,42.0833333333347,0.679758864416105
1104,188,-78.9999999999963,42.0833333333347,0.671824635349429
1105,188,-78.9583333333296,42.0833333333347,0.673511152696128
1106,188,-78.916666666663,42.0833333333347,0.680091740129952
1107,188,-78.8749999999963,42.0833333333347,0.587947132390836
1108,188,-78.8333333333296,42.0833333333347,0.673620647270504
1109,188,-78.791666666663,42.0833333333347,0.673053779197963
1110,188,-78.7499999999963,42.0833333333347,0.645048157436317
1111,188,-78.7083333333296,42.0833333333347,0.67455337022156
1112,188,-78.666666666663,42.0833333333347,0.673221429093526
1113,188,-78.6249999999963,42.0833333333347,0.646334640820861
1114,188,-78.5833333333296,42.0833333333347,0.627570084273839
1115,188,-78.5416666666629,42.0833333333347,0.525257879006479
1116,188,-78.4999999999963,42.0833333333347,0.52030067717834
1117,188,-78.4583333333296,42.0833333333347,0.532592768258361
1118,188,-78.4166666666629,42.0833333333347,0.523696052238455
1119,188,-78.3749999999963,42.0833333333347,0.577736136298594
1120,188,-78.3333333333296,42.0833333333347,0.635726750150819
1121,188,-78.2916666666629,42.0833333333347,0.626706980104945
1122,188,-78.2499999999962,42.0833333333347,0.620865721238521
1123,188,-78.2083333333296,42.0833333333347,0.673938523613199
1124,188,-78.1666666666629,42.0833333333347,0.628266182109016
1125,188,-78.1249999999962,42.0833333333347,0.645665591739514
1126,188,-78.0833333333296,42.0833333333347,0.640549932065816
1127,188,-78.0416666666629,42.0833333333347,0.623802061242803
1128,188,-77.9999999999962,42.0833333333347,0.531381434937124
1129,188,-77.9583333333296,42.0833333333347,0.52897339575268
1130,188,-77.9166666666629,42.0833333333347,0.514588981941636
1131,188,-77.8749999999962,42.0833333333347,0.541101182794151
1132,188,-77.8333333333295,42.0833333333347,0.535220642264811
1133,188,-77.7916666666629,42.0833333333347,0.504192756970286
1134,188,-77.7499999999962,42.0833333333347,0.496419015877802
1135,188,-77.7083333333295,42.0833333333347,0.552773166377907
1136,188,-77.6666666666629,42.0833333333347,0.564782170618549
1137,188,-77.6249999999962,42.0833333333347,0.426807250719961
1138,188,-77.5833333333295,42.0833333333347,0.505239998785584
1139,188,-77.5416666666629,42.0833333333347,0.490713113955884
1140,188,-77.4999999999962,42.0833333333347,0.483205720804972
1141,188,-77.4583333333295,42.0833333333347,0.518208282549031
1142,188,-77.4166666666628,42.0833333333347,0.483238660741822
1143,188,-77.3749999999962,42.0833333333347,0.54233421040827
1144,188,-77.3333333333295,42.0833333333347,0.55263095945834
1145,188,-77.2916666666628,42.0833333333347,0.58755057837354
1146,188,-77.2499999999962,42.0833333333347,0.546684859209074
1147,188,-77.2083333333295,42.0833333333347,0.543885973052008
1148,188,-77.1666666666628,42.0833333333347,0.582183039761881
1149,188,-77.1249999999962,42.0833333333347,0.619663245691867
1150,188,-77.0833333333295,42.0833333333347,0.608572017719567
1151,188,-77.0416666666628,42.0833333333347,0.575761086502093
1152,188,-76.9999999999961,42.0833333333347,0.545585779515213
1153,188,-76.9583333333295,42.0833333333347,0.562394877266706
1154,188,-76.9166666666628,42.0833333333347,0.558692532166073
1155,188,-76.8749999999961,42.0833333333347,0.606642563017269
1156,188,-76.8333333333295,42.0833333333347,0.527384519018937
1157,188,-76.7916666666628,42.0833333333347,0.492797965819303
1158,188,-76.7499999999961,42.0833333333347,0.578521548168539
1159,188,-76.7083333333295,42.0833333333347,0.58476524410174
1160,188,-76.6666666666628,42.0833333333347,0.580799546028241
1161,188,-76.6249999999961,42.0833333333347,0.608059268819386
1162,188,-76.5833333333294,42.0833333333347,0.604035946401545
1163,188,-76.5416666666628,42.0833333333347,0.595195128748846
1164,188,-76.4999999999961,42.0833333333347,0.538854935006802
1165,188,-76.4583333333294,42.0833333333347,0.508039383061237
1166,188,-76.4166666666628,42.0833333333347,0.509317268619973
1167,188,-76.3749999999961,42.0833333333347,0.520861778035087
1168,188,-76.3333333333294,42.0833333333347,0.509364742957564
1169,188,-76.2916666666628,42.0833333333347,0.436712309584501
1170,188,-76.2499999999961,42.0833333333347,0.49410561189891
1171,188,-76.2083333333294,42.0833333333347,0.509705562020552
1172,188,-76.1666666666627,42.0833333333347,0.526894817319349
1173,188,-76.1249999999961,42.0833333333347,0.576219031655109
1174,188,-76.0833333333294,42.0833333333347,0.527098073277002
1175,188,-76.0416666666627,42.0833333333347,0.515350978065867
1176,188,-75.9999999999961,42.0833333333347,0.561773531182605
1177,188,-75.9583333333294,42.0833333333347,0.538602920138598
1178,188,-75.9166666666627,42.0833333333347,0.510312103305643
1179,188,-75.8749999999961,42.0833333333347,0.547038161475716
1180,188,-75.8333333333294,42.0833333333347,0.529479695634789
1181,188,-75.7916666666627,42.0833333333347,0.58805009387837
1182,188,-75.749999999996,42.0833333333347,0.602839444875751
1183,188,-75.7083333333294,42.0833333333347,0.616127219697848
1184,188,-75.6666666666627,42.0833333333347,0.608619820099843
1185,188,-75.624999999996,42.0833333333347,0.544275200821178
1186,188,-75.5833333333294,42.0833333333347,0.618705608299073
1187,188,-75.5416666666627,42.0833333333347,0.59816834609924
1188,188,-75.499999999996,42.0833333333347,0.602444762670286
1189,188,-75.4583333333294,42.0833333333347,0.620493322113281
1190,188,-75.4166666666627,42.0833333333347,0.50663140313599
1191,188,-75.374999999996,42.0833333333347,0.509374909941217
1192,188,-75.3333333333293,42.0833333333347,0.442547239961661
1193,188,-75.2916666666627,42.0833333333347,0.577703267307316
1194,188,-75.249999999996,42.0833333333347,0.616799809372987
1195,188,-75.2083333333293,42.0833333333347,0.637133301794865
1196,188,-75.1666666666627,42.0833333333347,0.687356085820088
1197,188,-75.124999999996,42.0833333333347,0.680439047139228
1198,188,-75.0833333333293,42.0833333333347,0.686073533690139
1199,188,-75.0416666666627,42.0833333333347,0.67813096694252
1200,188,-74.999999999996,42.0833333333347,0.574110836652983
1201,188,-74.9583333333293,42.0833333333347,0.511898274834857
1202,188,-74.9166666666626,42.0833333333347,0.425174335950751
1203,188,-74.874999999996,42.0833333333347,0.48383908984157
1204,188,-74.8333333333293,42.0833333333347,0.488566465017228
1205,188,-74.7916666666626,42.0833333333347,0.566523806419703
1206,188,-74.749999999996,42.0833333333347,0.642132871469837
1207,188,-74.7083333333293,42.0833333333347,0.65297751654933
1208,188,-74.6666666666626,42.0833333333347,0.657244996609005
1209,188,-74.624999999996,42.0833333333347,0.664201455520988
1210,188,-74.5833333333293,42.0833333333347,0.668607260817131
1211,188,-74.5416666666626,42.0833333333347,0.65948078520348
1212,188,-74.499999999996,42.0833333333347,0.69087777647467
1213,188,-74.4583333333293,42.0833333333347,0.680898507099358
1214,188,-74.4166666666626,42.0833333333347,0.692622470935751
1215,188,-74.3749999999959,42.0833333333347,0.681539119223739
1216,188,-74.3333333333293,42.0833333333347,0.654379338012598
1217,188,-74.2916666666626,42.0833333333347,0.663036710770199
1218,188,-74.2499999999959,42.0833333333347,0.674771073576244
1219,188,-74.2083333333293,42.0833333333347,0.639097219621868
1220,188,-74.1666666666626,42.0833333333347,0.638386603458473
1221,188,-74.1249999999959,42.0833333333347,0.668414429674989
1222,188,-74.0833333333293,42.0833333333347,0.674166073342097
1223,188,-74.0416666666626,42.0833333333347,0.60702350614283
1224,188,-73.9999999999959,42.0833333333347,0.581987921469782
1225,188,-73.9583333333293,42.0833333333347,0.538481357542711
1226,188,-73.9166666666626,42.0833333333347,0.37235981940265
1227,188,-73.8749999999959,42.0833333333347,0.503902312276535
1228,188,-73.8333333333292,42.0833333333347,0.504459546951112
1229,188,-73.7916666666626,42.0833333333347,0.557173918011178
1230,188,-73.7499999999959,42.0833333333347,0.578507993446158
1231,188,-73.7083333333292,42.0833333333347,0.606224058849119
1232,188,-73.6666666666626,42.0833333333347,0.666601474561631
1233,188,-73.6249999999959,42.0833333333347,0.566311857642448
1234,188,-73.5833333333292,42.0833333333347,0.497404121416729
1235,188,-73.5416666666625,42.0833333333347,0.456814789221646
1236,188,-73.4999999999959,42.0833333333347,0.649021498821466
1086,189,-79.7499999999964,42.0416666666681,0.601036717618827
1087,189,-79.7083333333297,42.0416666666681,0.470673482162285
1088,189,-79.666666666663,42.0416666666681,0.411808139688972
1089,189,-79.6249999999964,42.0416666666681,0.418446078088512
1090,189,-79.5833333333297,42.0416666666681,0.44729795410322
1091,189,-79.541666666663,42.0416666666681,0.530618187644033
1092,189,-79.4999999999963,42.0416666666681,0.636112672567777
1093,189,-79.4583333333297,42.0416666666681,0.578243029828331
1094,189,-79.416666666663,42.0416666666681,0.569421745181937
1095,189,-79.3749999999963,42.0416666666681,0.548232913953058
1096,189,-79.3333333333297,42.0416666666681,0.579354772321972
1097,189,-79.291666666663,42.0416666666681,0.511567608396376
1098,189,-79.2499999999963,42.0416666666681,0.562333568771031
1099,189,-79.2083333333297,42.0416666666681,0.519236280774191
1100,189,-79.166666666663,42.0416666666681,0.566181484954232
1101,189,-79.1249999999963,42.0416666666681,0.52134584997715
1102,189,-79.0833333333296,42.0416666666681,0.613295502181561
1103,189,-79.041666666663,42.0416666666681,0.671346832337021
1104,189,-78.9999999999963,42.0416666666681,0.664890403777897
1105,189,-78.9583333333296,42.0416666666681,0.516332643973322
1106,189,-78.916666666663,42.0416666666681,0.499327409268769
1107,189,-78.8749999999963,42.0416666666681,0.549914226435806
1108,189,-78.8333333333296,42.0416666666681,0.676472910260939
1109,189,-78.791666666663,42.0416666666681,0.689455946796636
1110,189,-78.7499999999963,42.0416666666681,0.677708228000163
1111,189,-78.7083333333296,42.0416666666681,0.672506469572981
1112,189,-78.666666666663,42.0416666666681,0.680553838000022
1113,189,-78.6249999999963,42.0416666666681,0.650895509382332
1114,189,-78.5833333333296,42.0416666666681,0.679903110944936
1115,189,-78.5416666666629,42.0416666666681,0.683953669315294
1116,189,-78.4999999999963,42.0416666666681,0.642458657033045
1117,189,-78.4583333333296,42.0416666666681,0.660595665933664
1118,189,-78.4166666666629,42.0416666666681,0.681862324151975
1119,189,-78.3749999999963,42.0416666666681,0.630706979296728
1120,189,-78.3333333333296,42.0416666666681,0.583458875282641
1121,189,-78.2916666666629,42.0416666666681,0.628094217509282
1122,189,-78.2499999999962,42.0416666666681,0.671722287775685
1123,189,-78.2083333333296,42.0416666666681,0.602023090839621
1124,189,-78.1666666666629,42.0416666666681,0.633290408275441
1125,189,-78.1249999999962,42.0416666666681,0.660645236189678
1126,189,-78.0833333333296,42.0416666666681,0.638879506212018
1127,189,-78.0416666666629,42.0416666666681,0.645549822560689
1128,189,-77.9999999999962,42.0416666666681,0.648029970494705
1129,189,-77.9583333333296,42.0416666666681,0.607310677535081
1130,189,-77.9166666666629,42.0416666666681,0.553964732301846
1131,189,-77.8749999999962,42.0416666666681,0.503442884412917
1132,189,-77.8333333333295,42.0416666666681,0.451478531662563
1133,189,-77.7916666666629,42.0416666666681,0.522794837662256
1134,189,-77.7499999999962,42.0416666666681,0.574375025781865
1135,189,-77.7083333333295,42.0416666666681,0.569728052134591
1136,189,-77.6666666666629,42.0416666666681,0.5076308011666
1137,189,-77.6249999999962,42.0416666666681,0.543052633621613
1138,189,-77.5833333333295,42.0416666666681,0.512921289341082
1139,189,-77.5416666666629,42.0416666666681,0.505113026310239
1140,189,-77.4999999999962,42.0416666666681,0.528993034550433
1141,189,-77.4583333333295,42.0416666666681,0.558943396746746
1142,189,-77.4166666666628,42.0416666666681,0.540639860608664
1143,189,-77.3749999999962,42.0416666666681,0.547748617312206
1144,189,-77.3333333333295,42.0416666666681,0.488112173795599
1145,189,-77.2916666666628,42.0416666666681,0.5216814580513
1146,189,-77.2499999999962,42.0416666666681,0.500238054647605
1147,189,-77.2083333333295,42.0416666666681,0.516743407873033
1148,189,-77.1666666666628,42.0416666666681,0.563344204584798
1149,189,-77.1249999999962,42.0416666666681,0.535972636151675
1150,189,-77.0833333333295,42.0416666666681,0.577948390841081
1151,189,-77.0416666666628,42.0416666666681,0.51131055729029
1152,189,-76.9999999999961,42.0416666666681,0.547653971632779
1153,189,-76.9583333333295,42.0416666666681,0.530713566539186
1154,189,-76.9166666666628,42.0416666666681,0.58066041642203
1155,189,-76.8749999999961,42.0416666666681,0.60993996360424
1156,189,-76.8333333333295,42.0416666666681,0.592170946275252
1157,189,-76.7916666666628,42.0416666666681,0.596954090599378
1158,189,-76.7499999999961,42.0416666666681,0.502116532408806
1159,189,-76.7083333333295,42.0416666666681,0.544374312563146
1160,189,-76.6666666666628,42.0416666666681,0.546870749895307
1161,189,-76.6249999999961,42.0416666666681,0.60469174185
1162,189,-76.5833333333294,42.0416666666681,0.601053127338309
1163,189,-76.5416666666628,42.0416666666681,0.604858657840495
1164,189,-76.4999999999961,42.0416666666681,0.576844230818313
1165,189,-76.4583333333294,42.0416666666681,0.474037227081773
1166,189,-76.4166666666628,42.0416666666681,0.504668317211051
1167,189,-76.3749999999961,42.0416666666681,0.481199768142107
1168,189,-76.3333333333294,42.0416666666681,0.475119386746345
1169,189,-76.2916666666628,42.0416666666681,0.518012281225862
1170,189,-76.2499999999961,42.0416666666681,0.473868813534495
1171,189,-76.2083333333294,42.0416666666681,0.481520693616878
1172,189,-76.1666666666627,42.0416666666681,0.537599426296096
1173,189,-76.1249999999961,42.0416666666681,0.559467132775555
1174,189,-76.0833333333294,42.0416666666681,0.578262048316311
1175,189,-76.0416666666627,42.0416666666681,0.575408971949351
1176,189,-75.9999999999961,42.0416666666681,0.591304374139298
1177,189,-75.9583333333294,42.0416666666681,0.617848867677133
1178,189,-75.9166666666627,42.0416666666681,0.606017175626663
1179,189,-75.8749999999961,42.0416666666681,0.523762866871465
1180,189,-75.8333333333294,42.0416666666681,0.573250115934125
1181,189,-75.7916666666627,42.0416666666681,0.549191046663461
1182,189,-75.749999999996,42.0416666666681,0.596158938842208
1183,189,-75.7083333333294,42.0416666666681,0.630418861986376
1184,189,-75.6666666666627,42.0416666666681,0.609411438710155
1185,189,-75.624999999996,42.0416666666681,0.523773137918722
1186,189,-75.5833333333294,42.0416666666681,0.630501238652529
1187,189,-75.5416666666627,42.0416666666681,0.609108284298906
1188,189,-75.499999999996,42.0416666666681,0.603160215737761
1189,189,-75.4583333333294,42.0416666666681,0.617992831798442
1190,189,-75.4166666666627,42.0416666666681,0.580126777069569
1191,189,-75.374999999996,42.0416666666681,0.635969913985182
1192,189,-75.3333333333293,42.0416666666681,0.656253248380071
1193,189,-75.2916666666627,42.0416666666681,0.632070524175913
1194,189,-75.249999999996,42.0416666666681,0.674005422474768
1195,189,-75.2083333333293,42.0416666666681,0.674248073098959
1196,189,-75.1666666666627,42.0416666666681,0.681080593255046
1197,189,-75.124999999996,42.0416666666681,0.652347983865191
1198,189,-75.0833333333293,42.0416666666681,0.640799204903274
1199,189,-75.0416666666627,42.0416666666681,0.634221499397839
1200,189,-74.999999999996,42.0416666666681,0.653689839572872
1201,189,-74.9583333333293,42.0416666666681,0.676197386362875
1202,189,-74.9166666666626,42.0416666666681,0.674628165252549
1203,189,-74.874999999996,42.0416666666681,0.655958840234673
1204,189,-74.8333333333293,42.0416666666681,0.67001649731059
1205,189,-74.7916666666626,42.0416666666681,0.664063256835353
1206,189,-74.749999999996,42.0416666666681,0.670051304027522
1207,189,-74.7083333333293,42.0416666666681,0.664616949248139
1208,189,-74.6666666666626,42.0416666666681,0.685400946211616
1209,189,-74.624999999996,42.0416666666681,0.690079767024696
1210,189,-74.5833333333293,42.0416666666681,0.686505629854004
1211,189,-74.5416666666626,42.0416666666681,0.684748890384344
1212,189,-74.499999999996,42.0416666666681,0.692786708312053
1213,189,-74.4583333333293,42.0416666666681,0.687732707469404
1214,189,-74.4166666666626,42.0416666666681,0.689360489581165
1215,189,-74.3749999999959,42.0416666666681,0.683471447736841
1216,189,-74.3333333333293,42.0416666666681,0.679543837299308
1217,189,-74.2916666666626,42.0416666666681,0.653294992848408
1218,189,-74.2499999999959,42.0416666666681,0.6356977807402
1219,189,-74.2083333333293,42.0416666666681,0.611574891217162
1220,189,-74.1666666666626,42.0416666666681,0.58218991358078
1221,189,-74.1249999999959,42.0416666666681,0.604468067905878
1222,189,-74.0833333333293,42.0416666666681,0.572327696791087
1223,189,-74.0416666666626,42.0416666666681,0.559077161083354
1224,189,-73.9999999999959,42.0416666666681,0.56877205881364
1225,189,-73.9583333333293,42.0416666666681,0.516845849940917
1226,189,-73.9166666666626,42.0416666666681,0.390257558045151
1227,189,-73.8749999999959,42.0416666666681,0.505693253222323
1228,189,-73.8333333333292,42.0416666666681,0.567753079932756
1229,189,-73.7916666666626,42.0416666666681,0.583868059167067
1230,189,-73.7499999999959,42.0416666666681,0.655739143963671
1231,189,-73.7083333333292,42.0416666666681,0.628808765245306
1232,189,-73.6666666666626,42.0416666666681,0.561900806613476
1233,189,-73.6249999999959,42.0416666666681,0.499398743622998
1234,189,-73.5833333333292,42.0416666666681,0.540008976880815
1235,189,-73.5416666666625,42.0416666666681,0.521139140794413
1236,189,-73.4999999999959,42.0416666666681,0.559105837092755
1086,190,-79.7499999999964,42.0000000000014,0.572107723143868
1087,190,-79.7083333333297,42.0000000000014,0.595506984349595
1088,190,-79.666666666663,42.0000000000014,0.475898113719898
1089,190,-79.6249999999964,42.0000000000014,0.392921597854986
1090,190,-79.5833333333297,42.0000000000014,0.550294438341248
1091,190,-79.541666666663,42.0000000000014,0.555673132114243
1092,190,-79.4999999999963,42.0000000000014,0.58154338158379
1093,190,-79.4583333333297,42.0000000000014,0.573308733374473
1094,190,-79.416666666663,42.0000000000014,0.560410894215899
1095,190,-79.3749999999963,42.0000000000014,0.586666569553797
1096,190,-79.3333333333297,42.0000000000014,0.620824012888837
1097,190,-79.291666666663,42.0000000000014,0.592554492865462
1098,190,-79.2499999999963,42.0000000000014,0.56095701116894
1099,190,-79.2083333333297,42.0000000000014,0.55222278667749
1100,190,-79.166666666663,42.0000000000014,0.449072284692211
1101,190,-79.1249999999963,42.0000000000014,0.540634718609026
1102,190,-79.0833333333296,42.0000000000014,0.617716129847703
1103,190,-79.041666666663,42.0000000000014,0.647060976509919
1104,190,-78.9999999999963,42.0000000000014,0.677210101306644
1105,190,-78.9583333333296,42.0000000000014,0.384522719340913
1106,190,-78.916666666663,42.0000000000014,0.695857635030157
1107,190,-78.8749999999963,42.0000000000014,0.680806125152313
1108,190,-78.8333333333296,42.0000000000014,0.670181143817636
1109,190,-78.791666666663,42.0000000000014,0.690120156051313
1110,190,-78.7499999999963,42.0000000000014,0.687440992898535
1111,190,-78.7083333333296,42.0000000000014,0.684126654070101
1112,190,-78.666666666663,42.0000000000014,0.693565234532248
1113,190,-78.6249999999963,42.0000000000014,0.64843846450107
1114,190,-78.5833333333296,42.0000000000014,0.681347560763879
1115,190,-78.5416666666629,42.0000000000014,0.676002710396128
1116,190,-78.4999999999963,42.0000000000014,0.675184973684356
1117,190,-78.4583333333296,42.0000000000014,0.678801387665727
1118,190,-78.4166666666629,42.0000000000014,0.683621900638423
1119,190,-78.3749999999963,42.0000000000014,0.683834535111256
1120,190,-78.3333333333296,42.0000000000014,0.546533779974331
1121,190,-78.2916666666629,42.0000000000014,0.632693210862655
1122,190,-78.2499999999962,42.0000000000014,0.62120880099011
1123,190,-78.2083333333296,42.0000000000014,0.615914529828065
1124,190,-78.1666666666629,42.0000000000014,0.64377008428944
1125,190,-78.1249999999962,42.0000000000014,0.627605893056773
1126,190,-78.0833333333296,42.0000000000014,0.596135716343315
1127,190,-78.0416666666629,42.0000000000014,0.637361382230263
1128,190,-77.9999999999962,42.0000000000014,0.586468334482313
1129,190,-77.9583333333296,42.0000000000014,0.650395232321134
1130,190,-77.9166666666629,42.0000000000014,0.617176543015316
1131,190,-77.8749999999962,42.0000000000014,0.59124571898559
1132,190,-77.8333333333295,42.0000000000014,0.570778505291394
1133,190,-77.7916666666629,42.0000000000014,0.506637480325134
1134,190,-77.7499999999962,42.0000000000014,0.504213919245411
1135,190,-77.7083333333295,42.0000000000014,0.539001171916268
1136,190,-77.6666666666629,42.0000000000014,0.481974922676754
1137,190,-77.6249999999962,42.0000000000014,0.498976348549213
1138,190,-77.5833333333295,42.0000000000014,0.484655016850975
1139,190,-77.5416666666629,42.0000000000014,0.520396416105761
1140,190,-77.4999999999962,42.0000000000014,0.508308504308973
1141,190,-77.4583333333295,42.0000000000014,0.561752403288965
1142,190,-77.4166666666628,42.0000000000014,0.608558191895863
1143,190,-77.3749999999962,42.0000000000014,0.568504849130925
1144,190,-77.3333333333295,42.0000000000014,0.517140546485312
1145,190,-77.2916666666628,42.0000000000014,0.477678482467137
1146,190,-77.2499999999962,42.0000000000014,0.527443829926847
1147,190,-77.2083333333295,42.0000000000014,0.495251318053526
1148,190,-77.1666666666628,42.0000000000014,0.578200181072046
1149,190,-77.1249999999962,42.0000000000014,0.523366140754837
1150,190,-77.0833333333295,42.0000000000014,0.569860980350745
1151,190,-77.0416666666628,42.0000000000014,0.531741754242548
1152,190,-76.9999999999961,42.0000000000014,0.5955275220116
1153,190,-76.9583333333295,42.0000000000014,0.54024812372543
1154,190,-76.9166666666628,42.0000000000014,0.602617697019377
1155,190,-76.8749999999961,42.0000000000014,0.60940846394564
1156,190,-76.8333333333295,42.0000000000014,0.616608519615527
1157,190,-76.7916666666628,42.0000000000014,0.645688214877466
1158,190,-76.7499999999961,42.0000000000014,0.635321714513931
1159,190,-76.7083333333295,42.0000000000014,0.555447378282298
1160,190,-76.6666666666628,42.0000000000014,0.605053763917896
1161,190,-76.6249999999961,42.0000000000014,0.428222444484389
1162,190,-76.5833333333294,42.0000000000014,0.434911358380467
1163,190,-76.5416666666628,42.0000000000014,0.505327290262767
1164,190,-76.4999999999961,42.0000000000014,0.517989986292254
1165,190,-76.4583333333294,42.0000000000014,0.472795520454184
1166,190,-76.4166666666628,42.0000000000014,0.563333441849277
1167,190,-76.3749999999961,42.0000000000014,0.524822536650718
1168,190,-76.3333333333294,42.0000000000014,0.540253371521966
1169,190,-76.2916666666628,42.0000000000014,0.521148077422058
1170,190,-76.2499999999961,42.0000000000014,0.483643245732158
1171,190,-76.2083333333294,42.0000000000014,0.51232095792282
1172,190,-76.1666666666627,42.0000000000014,0.532100201097791
1173,190,-76.1249999999961,42.0000000000014,0.504515912570259
1174,190,-76.0833333333294,42.0000000000014,0.599448287398982
1175,190,-76.0416666666627,42.0000000000014,0.585601208703362
1176,190,-75.9999999999961,42.0000000000014,0.59460152540398
1177,190,-75.9583333333294,42.0000000000014,0.585973088548172
1178,190,-75.9166666666627,42.0000000000014,0.611110917836089
1179,190,-75.8749999999961,42.0000000000014,0.616961093223577
1180,190,-75.8333333333294,42.0000000000014,0.605586160600129
1181,190,-75.7916666666627,42.0000000000014,0.522874369097501
1182,190,-75.749999999996,42.0000000000014,0.583207215633427
1183,190,-75.7083333333294,42.0000000000014,0.597580357741376
1184,190,-75.6666666666627,42.0000000000014,0.588476795727572
1185,190,-75.624999999996,42.0000000000014,0.547934732587099
1186,190,-75.5833333333294,42.0000000000014,0.616819747327193
1187,190,-75.5416666666627,42.0000000000014,0.633774651416789
1188,190,-75.499999999996,42.0000000000014,0.641400013804358
1189,190,-75.4583333333294,42.0000000000014,0.606318362451747
1190,190,-75.4166666666627,42.0000000000014,0.649976702000874
1191,190,-75.374999999996,42.0000000000014,0.591489106462331
1192,190,-75.3333333333293,42.0000000000014,0.647437462294398
1193,190,-75.2916666666627,42.0000000000014,0.658290188329183
1194,190,-75.249999999996,42.0000000000014,0.678204273818042
1195,190,-75.2083333333293,42.0000000000014,0.667902892323282
1196,190,-75.1666666666627,42.0000000000014,0.646786448368389
1197,190,-75.124999999996,42.0000000000014,0.594855962119472
1198,190,-75.0833333333293,42.0000000000014,0.647094149587155
1199,190,-75.0416666666627,42.0000000000014,0.673961153014983
1200,190,-74.999999999996,42.0000000000014,0.666957419388939
1201,190,-74.9583333333293,42.0000000000014,0.684442849061797
1202,190,-74.9166666666626,42.0000000000014,0.680897243223985
1203,190,-74.874999999996,42.0000000000014,0.684509105034964
1204,190,-74.8333333333293,42.0000000000014,0.677456325853847
1205,190,-74.7916666666626,42.0000000000014,0.658769603647416
1206,190,-74.749999999996,42.0000000000014,0.682767707864164
1207,190,-74.7083333333293,42.0000000000014,0.687418708524552
1208,190,-74.6666666666626,42.0000000000014,0.681038763720765
1209,190,-74.624999999996,42.0000000000014,0.690627849890392
1210,190,-74.5833333333293,42.0000000000014,0.694335524730867
1211,190,-74.5416666666626,42.0000000000014,0.69430005368747
1212,190,-74.499999999996,42.0000000000014,0.682407036195351
1213,190,-74.4583333333293,42.0000000000014,0.692104746844281
1214,190,-74.4166666666626,42.0000000000014,0.675078438209906
1215,190,-74.3749999999959,42.0000000000014,0.638886259472623
1216,190,-74.3333333333293,42.0000000000014,0.687919567485853
1217,190,-74.2916666666626,42.0000000000014,0.671099641422515
1218,190,-74.2499999999959,42.0000000000014,0.60459437836651
1219,190,-74.2083333333293,42.0000000000014,0.654554534431975
1220,190,-74.1666666666626,42.0000000000014,0.519858151745616
1221,190,-74.1249999999959,42.0000000000014,0.365721109354319
1222,190,-74.0833333333293,42.0000000000014,0.546125211691625
1223,190,-74.0416666666626,42.0000000000014,0.577357835537051
1224,190,-73.9999999999959,42.0000000000014,0.540892914715612
1225,190,-73.9583333333293,42.0000000000014,0.475922246495339
1226,190,-73.9166666666626,42.0000000000014,0.459352420520615
1227,190,-73.8749999999959,42.0000000000014,0.508686996347997
1228,190,-73.8333333333292,42.0000000000014,0.569722268624637
1229,190,-73.7916666666626,42.0000000000014,0.598635494445456
1230,190,-73.7499999999959,42.0000000000014,0.635742108816228
1231,190,-73.7083333333292,42.0000000000014,0.565247597600115
1232,190,-73.6666666666626,42.0000000000014,0.567983974006368
1233,190,-73.6249999999959,42.0000000000014,0.505665162980593
1234,190,-73.5833333333292,42.0000000000014,0.475654193401082
1235,190,-73.5416666666625,42.0000000000014,0.570451006486382
1236,190,-73.4999999999959,42.0000000000014,0.568569995766339
1192,191,-75.3333333333293,41.9583333333347,0.637261009751655
1193,191,-75.2916666666627,41.9583333333347,0.598873876473547
1194,191,-75.249999999996,41.9583333333347,0.590137907216326
1195,191,-75.2083333333293,41.9583333333347,0.632229373372979
1196,191,-75.1666666666627,41.9583333333347,0.661464449943796
1197,191,-75.124999999996,41.9583333333347,0.682657035267741
1198,191,-75.0833333333293,41.9583333333347,0.676930976699704
1199,191,-75.0416666666627,41.9583333333347,0.669517616765057
1200,191,-74.999999999996,41.9583333333347,0.654708132399455
1201,191,-74.9583333333293,41.9583333333347,0.650403547283465
1202,191,-74.9166666666626,41.9583333333347,0.62355135240173
1203,191,-74.874999999996,41.9583333333347,0.636183884724777
1204,191,-74.8333333333293,41.9583333333347,0.641243691860864
1205,191,-74.7916666666626,41.9583333333347,0.667019351521546
1206,191,-74.749999999996,41.9583333333347,0.675991702789807
1207,191,-74.7083333333293,41.9583333333347,0.666153121926467
1208,191,-74.6666666666626,41.9583333333347,0.670461983601836
1209,191,-74.624999999996,41.9583333333347,0.664300670398387
1210,191,-74.5833333333293,41.9583333333347,0.666431554832976
1211,191,-74.5416666666626,41.9583333333347,0.684349976912454
1212,191,-74.499999999996,41.9583333333347,0.665328926195139
1213,191,-74.4583333333293,41.9583333333347,0.66099796764758
1214,191,-74.4166666666626,41.9583333333347,0.67551931126293
1215,191,-74.3749999999959,41.9583333333347,0.669873910219908
1216,191,-74.3333333333293,41.9583333333347,0.691847782200372
1217,191,-74.2916666666626,41.9583333333347,0.656610202906254
1218,191,-74.2499999999959,41.9583333333347,0.32361899166494
1219,191,-74.2083333333293,41.9583333333347,0.385126536457462
1220,191,-74.1666666666626,41.9583333333347,0.3806045458277
1221,191,-74.1249999999959,41.9583333333347,0.577193022465497
1222,191,-74.0833333333293,41.9583333333347,0.606853429781702
1223,191,-74.0416666666626,41.9583333333347,0.571047832146341
1224,191,-73.9999999999959,41.9583333333347,0.491658550619978
1225,191,-73.9583333333293,41.9583333333347,0.334360896143223
1226,191,-73.9166666666626,41.9583333333347,0.577522887225269
1227,191,-73.8749999999959,41.9583333333347,0.595980489633029
1228,191,-73.8333333333292,41.9583333333347,0.598532024622702
1229,191,-73.7916666666626,41.9583333333347,0.60604766990975
1230,191,-73.7499999999959,41.9583333333347,0.632017964254692
1231,191,-73.7083333333292,41.9583333333347,0.650650953055972
1232,191,-73.6666666666626,41.9583333333347,0.468765208565698
1233,191,-73.6249999999959,41.9583333333347,0.493127978168694
1234,191,-73.5833333333292,41.9583333333347,0.522938898946243
1235,191,-73.5416666666625,41.9583333333347,0.5348867516851
1236,191,-73.4999999999959,41.9583333333347,0.472787368940899
1193,192,-75.2916666666627,41.9166666666681,0.534448260893283
1194,192,-75.249999999996,41.9166666666681,0.623291214052392
1195,192,-75.2083333333293,41.9166666666681,0.63036705787688
1196,192,-75.1666666666627,41.9166666666681,0.632346677156971
1197,192,-75.124999999996,41.9166666666681,0.659415233285283
1198,192,-75.0833333333293,41.9166666666681,0.621929032380906
1199,192,-75.0416666666627,41.9166666666681,0.671775061968128
1200,192,-74.999999999996,41.9166666666681,0.668892728662727
1201,192,-74.9583333333293,41.9166666666681,0.668458509209093
1202,192,-74.9166666666626,41.9166666666681,0.63223848410455
1203,192,-74.874999999996,41.9166666666681,0.658501983803746
1204,192,-74.8333333333293,41.9166666666681,0.613072563937683
1205,192,-74.7916666666626,41.9166666666681,0.650970461174193
1206,192,-74.749999999996,41.9166666666681,0.664675866003868
1207,192,-74.7083333333293,41.9166666666681,0.620153343731173
1208,192,-74.6666666666626,41.9166666666681,0.625372493704974
1209,192,-74.624999999996,41.9166666666681,0.660444099494429
1210,192,-74.5833333333293,41.9166666666681,0.652804740835965
1211,192,-74.5416666666626,41.9166666666681,0.661538041927739
1212,192,-74.499999999996,41.9166666666681,0.668187153549649
1213,192,-74.4583333333293,41.9166666666681,0.686876387902956
1214,192,-74.4166666666626,41.9166666666681,0.685471152143178
1215,192,-74.3749999999959,41.9166666666681,0.666862364871801
1216,192,-74.3333333333293,41.9166666666681,0.686554668709104
1217,192,-74.2916666666626,41.9166666666681,0.677403250783472
1218,192,-74.2499999999959,41.9166666666681,0.612590373632945
1219,192,-74.2083333333293,41.9166666666681,0.602112231673628
1220,192,-74.1666666666626,41.9166666666681,0.606835205586818
1221,192,-74.1249999999959,41.9166666666681,0.616523522316675
1222,192,-74.0833333333293,41.9166666666681,0.512925625504656
1223,192,-74.0416666666626,41.9166666666681,0.535563246233281
1224,192,-73.9999999999959,41.9166666666681,0.490908252439126
1225,192,-73.9583333333293,41.9166666666681,0.326477459777345
1226,192,-73.9166666666626,41.9166666666681,0.527111263629843
1227,192,-73.8749999999959,41.9166666666681,0.602575235183655
1228,192,-73.8333333333292,41.9166666666681,0.649610091360875
1229,192,-73.7916666666626,41.9166666666681,0.610995461688168
1230,192,-73.7499999999959,41.9166666666681,0.631212916615455
1231,192,-73.7083333333292,41.9166666666681,0.618813318373785
1232,192,-73.6666666666626,41.9166666666681,0.594011645418514
1233,192,-73.6249999999959,41.9166666666681,0.47265238349324
1234,192,-73.5833333333292,41.9166666666681,0.486649275111901
1235,192,-73.5416666666625,41.9166666666681,0.498713136239838
1236,192,-73.4999999999959,41.9166666666681,0.409845794773328
1193,193,-75.2916666666627,41.8750000000014,0.619625664101197
1194,193,-75.249999999996,41.8750000000014,0.637788206425615
1195,193,-75.2083333333293,41.8750000000014,0.668428339045372
1196,193,-75.1666666666627,41.8750000000014,0.664635923140294
1197,193,-75.124999999996,41.8750000000014,0.660772949463871
1198,193,-75.0833333333293,41.8750000000014,0.668773365579598
1199,193,-75.0416666666627,41.8750000000014,0.647674472235754
1200,193,-74.999999999996,41.8750000000014,0.61510971404124
1201,193,-74.9583333333293,41.8750000000014,0.598696507113098
1202,193,-74.9166666666626,41.8750000000014,0.663131521521977
1203,193,-74.874999999996,41.8750000000014,0.60405584968647
1204,193,-74.8333333333293,41.8750000000014,0.630700215109118
1205,193,-74.7916666666626,41.8750000000014,0.623373407473457
1206,193,-74.749999999996,41.8750000000014,0.602963836003117
1207,193,-74.7083333333293,41.8750000000014,0.586607433761275
1208,193,-74.6666666666626,41.8750000000014,0.576382406816567
1209,193,-74.624999999996,41.8750000000014,0.616933347215671
1210,193,-74.5833333333293,41.8750000000014,0.604694717839991
1211,193,-74.5416666666626,41.8750000000014,0.63818546676806
1212,193,-74.499999999996,41.8750000000014,0.64642601940339
1213,193,-74.4583333333293,41.8750000000014,0.650568543666462
1214,193,-74.4166666666626,41.8750000000014,0.654079120594664
1215,193,-74.3749999999959,41.8750000000014,0.622001860834321
1216,193,-74.3333333333293,41.8750000000014,0.644188769322969
1217,193,-74.2916666666626,41.8750000000014,0.590442501623458
1218,193,-74.2499999999959,41.8750000000014,0.567560193844263
1219,193,-74.2083333333293,41.8750000000014,0.588331287320635
1220,193,-74.1666666666626,41.8750000000014,0.599249142198908
1221,193,-74.1249999999959,41.8750000000014,0.499635520484942
1222,193,-74.0833333333293,41.8750000000014,0.571568645456894
1223,193,-74.0416666666626,41.8750000000014,0.584343608138104
1224,193,-73.9999999999959,41.8750000000014,0.613787092447777
1225,193,-73.9583333333293,41.8750000000014,0.366810140208914
1226,193,-73.9166666666626,41.8750000000014,0.533196464886297
1227,193,-73.8749999999959,41.8750000000014,0.613207951404253
1228,193,-73.8333333333292,41.8750000000014,0.614642946746898
1229,193,-73.7916666666626,41.8750000000014,0.643662298394039
1230,193,-73.7499999999959,41.8750000000014,0.540199801719565
1231,193,-73.7083333333292,41.8750000000014,0.590974674686114
1232,193,-73.6666666666626,41.8750000000014,0.565068373622806
1233,193,-73.6249999999959,41.8750000000014,0.453330863736536
1234,193,-73.5833333333292,41.8750000000014,0.517818803679591
1235,193,-73.5416666666625,41.8750000000014,0.457038145247178
1236,193,-73.4999999999959,41.8750000000014,0.45919781854834
1196,194,-75.1666666666627,41.8333333333347,0.695204500620964
1197,194,-75.124999999996,41.8333333333347,0.617304688476372
1198,194,-75.0833333333293,41.8333333333347,0.60402375678342
1199,194,-75.0416666666627,41.8333333333347,0.597211092323713
1200,194,-74.999999999996,41.8333333333347,0.52865981400656
1201,194,-74.9583333333293,41.8333333333347,0.585788630391204
1202,194,-74.9166666666626,41.8333333333347,0.585013031715046
1203,194,-74.874999999996,41.8333333333347,0.601515975951834
1204,194,-74.8333333333293,41.8333333333347,0.607593020884858
1205,194,-74.7916666666626,41.8333333333347,0.645877315961938
1206,194,-74.749999999996,41.8333333333347,0.596916252100202
1207,194,-74.7083333333293,41.8333333333347,0.577364408992318
1208,194,-74.6666666666626,41.8333333333347,0.447640449907065
1209,194,-74.624999999996,41.8333333333347,0.546662359458568
1210,194,-74.5833333333293,41.8333333333347,0.612229131249663
1211,194,-74.5416666666626,41.8333333333347,0.594188156065405
1212,194,-74.499999999996,41.8333333333347,0.525482840223958
1213,194,-74.4583333333293,41.8333333333347,0.482370041658319
1214,194,-74.4166666666626,41.8333333333347,0.589726238178596
1215,194,-74.3749999999959,41.8333333333347,0.667856360496156
1216,194,-74.3333333333293,41.8333333333347,0.594091357147745
1217,194,-74.2916666666626,41.8333333333347,0.610565010708147
1218,194,-74.2499999999959,41.8333333333347,0.579586348297784
1219,194,-74.2083333333293,41.8333333333347,0.554059596544833
1220,194,-74.1666666666626,41.8333333333347,0.533700739875667
1221,194,-74.1249999999959,41.8333333333347,0.548036957167803
1222,194,-74.0833333333293,41.8333333333347,0.585736845655555
1223,194,-74.0416666666626,41.8333333333347,0.575734218167613
1224,194,-73.9999999999959,41.8333333333347,0.642089195996916
1225,194,-73.9583333333293,41.8333333333347,0.439578146884537
1226,194,-73.9166666666626,41.8333333333347,0.624855717548221
1227,194,-73.8749999999959,41.8333333333347,0.638558215009195
1228,194,-73.8333333333292,41.8333333333347,0.602302017404892
1229,194,-73.7916666666626,41.8333333333347,0.563521569952366
1230,194,-73.7499999999959,41.8333333333347,0.566613350531997
1231,194,-73.7083333333292,41.8333333333347,0.621879932791248
1232,194,-73.6666666666626,41.8333333333347,0.513338582051325
1233,194,-73.6249999999959,41.8333333333347,0.496760647190704
1234,194,-73.5833333333292,41.8333333333347,0.590904257026988
1235,194,-73.5416666666625,41.8333333333347,0.538281558425233
1236,194,-73.4999999999959,41.8333333333347,0.463284797830407
1197,195,-75.124999999996,41.791666666668,NA
1198,195,-75.0833333333293,41.791666666668,0.616313229245888
1199,195,-75.0416666666627,41.791666666668,0.499474917955726
1200,195,-74.999999999996,41.791666666668,0.504265622250843
1201,195,-74.9583333333293,41.791666666668,0.551171789225573
1202,195,-74.9166666666626,41.791666666668,0.549655347834078
1203,195,-74.874999999996,41.791666666668,0.548196043366967
1204,195,-74.8333333333293,41.791666666668,0.557872516034635
1205,195,-74.7916666666626,41.791666666668,0.609640962865977
1206,195,-74.749999999996,41.791666666668,0.584385185954378
1207,195,-74.7083333333293,41.791666666668,0.552340677271615
1208,195,-74.6666666666626,41.791666666668,0.571523876800086
1209,195,-74.624999999996,41.791666666668,0.59385551131845
1210,195,-74.5833333333293,41.791666666668,0.582995139623363
1211,195,-74.5416666666626,41.791666666668,0.589006798188742
1212,195,-74.499999999996,41.791666666668,0.564550230409794
1213,195,-74.4583333333293,41.791666666668,0.586515929117187
1214,195,-74.4166666666626,41.791666666668,0.585739272308285
1215,195,-74.3749999999959,41.791666666668,0.633207744208022
1216,195,-74.3333333333293,41.791666666668,0.59743976003682
1217,195,-74.2916666666626,41.791666666668,0.523412955577734
1218,195,-74.2499999999959,41.791666666668,0.523724225295494
1219,195,-74.2083333333293,41.791666666668,0.520246688700908
1220,195,-74.1666666666626,41.791666666668,0.572265690973885
1221,195,-74.1249999999959,41.791666666668,0.640394756344021
1222,195,-74.0833333333293,41.791666666668,0.539273842345833
1223,195,-74.0416666666626,41.791666666668,0.640287973798645
1224,195,-73.9999999999959,41.791666666668,0.623834075996814
1225,195,-73.9583333333293,41.791666666668,0.463084477381683
1226,195,-73.9166666666626,41.791666666668,0.594314250183658
1227,195,-73.8749999999959,41.791666666668,0.623554485076749
1228,195,-73.8333333333292,41.791666666668,0.563366826650662
1229,195,-73.7916666666626,41.791666666668,0.556683858125242
1230,195,-73.7499999999959,41.791666666668,0.596184547611505
1231,195,-73.7083333333292,41.791666666668,0.559562026649451
1232,195,-73.6666666666626,41.791666666668,0.548856658954121
1233,195,-73.6249999999959,41.791666666668,0.579128908813016
1234,195,-73.5833333333292,41.791666666668,0.616996038699462
1235,195,-73.5416666666625,41.791666666668,0.540000054253445
1236,195,-73.4999999999959,41.791666666668,0.56322362850641
1198,196,-75.0833333333293,41.7500000000014,0.494260050093426
1199,196,-75.0416666666627,41.7500000000014,0.59143645917899
1200,196,-74.999999999996,41.7500000000014,0.495350291450901
1201,196,-74.9583333333293,41.7500000000014,0.511601089273907
1202,196,-74.9166666666626,41.7500000000014,0.467863480067459
1203,196,-74.874999999996,41.7500000000014,0.535738971860354
1204,196,-74.8333333333293,41.7500000000014,0.562803492822196
1205,196,-74.7916666666626,41.7500000000014,0.581162772645515
1206,196,-74.749999999996,41.7500000000014,0.592591230180992
1207,196,-74.7083333333293,41.7500000000014,0.601452521192193
1208,196,-74.6666666666626,41.7500000000014,0.557278955146328
1209,196,-74.624999999996,41.7500000000014,0.60258621715102
1210,196,-74.5833333333293,41.7500000000014,0.575151799452514
1211,196,-74.5416666666626,41.7500000000014,0.60257357851736
1212,196,-74.499999999996,41.7500000000014,0.590196423806963
1213,196,-74.4583333333293,41.7500000000014,0.56675771013664
1214,196,-74.4166666666626,41.7500000000014,0.65438243719993
1215,196,-74.3749999999959,41.7500000000014,0.560299180439694
1216,196,-74.3333333333293,41.7500000000014,0.580786225880241
1217,196,-74.2916666666626,41.7500000000014,0.640938507632693
1218,196,-74.2499999999959,41.7500000000014,0.610148894948706
1219,196,-74.2083333333293,41.7500000000014,0.621647059787809
1220,196,-74.1666666666626,41.7500000000014,0.616912599471768
1221,196,-74.1249999999959,41.7500000000014,0.57283714987813
1222,196,-74.0833333333293,41.7500000000014,0.514602802267822
1223,196,-74.0416666666626,41.7500000000014,0.607247819042069
1224,196,-73.9999999999959,41.7500000000014,0.637040454495248
1225,196,-73.9583333333293,41.7500000000014,0.491732506666459
1226,196,-73.9166666666626,41.7500000000014,0.562031439585214
1227,196,-73.8749999999959,41.7500000000014,0.586645983540015
1228,196,-73.8333333333292,41.7500000000014,0.549277471275076
1229,196,-73.7916666666626,41.7500000000014,0.618967156779254
1230,196,-73.7499999999959,41.7500000000014,0.615190324442474
1231,196,-73.7083333333292,41.7500000000014,0.532059357122975
1232,196,-73.6666666666626,41.7500000000014,0.601781301431992
1233,196,-73.6249999999959,41.7500000000014,0.569868970721115
1234,196,-73.5833333333292,41.7500000000014,0.549142747875811
1235,196,-73.5416666666625,41.7500000000014,0.579255706125708
1236,196,-73.4999999999959,41.7500000000014,0.648577238278617
1198,197,-75.0833333333293,41.7083333333347,0.346345974729871
1199,197,-75.0416666666627,41.7083333333347,0.609647671402782
1200,197,-74.999999999996,41.7083333333347,0.586297125617886
1201,197,-74.9583333333293,41.7083333333347,0.536669165906302
1202,197,-74.9166666666626,41.7083333333347,0.497840298537678
1203,197,-74.874999999996,41.7083333333347,0.506011308971818
1204,197,-74.8333333333293,41.7083333333347,0.560551247497706
1205,197,-74.7916666666626,41.7083333333347,0.554464472500078
1206,197,-74.749999999996,41.7083333333347,0.583493052370782
1207,197,-74.7083333333293,41.7083333333347,0.591405903051729
1208,197,-74.6666666666626,41.7083333333347,0.586143753417613
1209,197,-74.624999999996,41.7083333333347,0.562618731857282
1210,197,-74.5833333333293,41.7083333333347,0.635137734642213
1211,197,-74.5416666666626,41.7083333333347,0.607787627157898
1212,197,-74.499999999996,41.7083333333347,0.616888510803125
1213,197,-74.4583333333293,41.7083333333347,0.653509827885868
1214,197,-74.4166666666626,41.7083333333347,0.605742013503584
1215,197,-74.3749999999959,41.7083333333347,0.595176874508226
1216,197,-74.3333333333293,41.7083333333347,0.64696478550713
1217,197,-74.2916666666626,41.7083333333347,0.598092966934745
1218,197,-74.2499999999959,41.7083333333347,0.621926946573865
1219,197,-74.2083333333293,41.7083333333347,0.607006456280113
1220,197,-74.1666666666626,41.7083333333347,0.562035457641822
1221,197,-74.1249999999959,41.7083333333347,0.53176601665597
1222,197,-74.0833333333293,41.7083333333347,0.584012610645015
1223,197,-74.0416666666626,41.7083333333347,0.595308381316038
1224,197,-73.9999999999959,41.7083333333347,0.636770869275303
1225,197,-73.9583333333293,41.7083333333347,0.436176122465096
1226,197,-73.9166666666626,41.7083333333347,0.443276539273617
1227,197,-73.8749999999959,41.7083333333347,0.52863250221938
1228,197,-73.8333333333292,41.7083333333347,0.561015601848583
1229,197,-73.7916666666626,41.7083333333347,0.600048312682863
1230,197,-73.7499999999959,41.7083333333347,0.617986073440638
1231,197,-73.7083333333292,41.7083333333347,0.59772264639717
1232,197,-73.6666666666626,41.7083333333347,0.60366055381996
1233,197,-73.6249999999959,41.7083333333347,0.632996174414734
1234,197,-73.5833333333292,41.7083333333347,0.579164179619547
1235,197,-73.5416666666625,41.7083333333347,0.623339959449457
1236,197,-73.4999999999959,41.7083333333347,0.677242879185229
1199,198,-75.0416666666627,41.666666666668,0.630031503462431
1200,198,-74.999999999996,41.666666666668,0.553981564765733
1201,198,-74.9583333333293,41.666666666668,0.574517235696025
1202,198,-74.9166666666626,41.666666666668,0.581659667812684
1203,198,-74.874999999996,41.666666666668,0.500404193515542
1204,198,-74.8333333333293,41.666666666668,0.540717816279516
1205,198,-74.7916666666626,41.666666666668,0.590843204152068
1206,198,-74.749999999996,41.666666666668,0.594022903496806
1207,198,-74.7083333333293,41.666666666668,0.567128407358388
1208,198,-74.6666666666626,41.666666666668,0.539386307335388
1209,198,-74.624999999996,41.666666666668,0.607345546961131
1210,198,-74.5833333333293,41.666666666668,0.603101857010725
1211,198,-74.5416666666626,41.666666666668,0.630517047636646
1212,198,-74.499999999996,41.666666666668,0.646207110746289
1213,198,-74.4583333333293,41.666666666668,0.645966739701845
1214,198,-74.4166666666626,41.666666666668,0.601673510264456
1215,198,-74.3749999999959,41.666666666668,0.66588723330995
1216,198,-74.3333333333293,41.666666666668,0.669932212528376
1217,198,-74.2916666666626,41.666666666668,0.650856697232285
1218,198,-74.2499999999959,41.666666666668,0.594419346726231
1219,198,-74.2083333333293,41.666666666668,0.507906323944746
1220,198,-74.1666666666626,41.666666666668,0.506470893643358
1221,198,-74.1249999999959,41.666666666668,0.542467600414836
1222,198,-74.0833333333293,41.666666666668,0.601255888944549
1223,198,-74.0416666666626,41.666666666668,0.665805093563587
1224,198,-73.9999999999959,41.666666666668,0.605302690911905
1225,198,-73.9583333333293,41.666666666668,0.425756040953451
1226,198,-73.9166666666626,41.666666666668,0.489193626615805
1227,198,-73.8749999999959,41.666666666668,0.526379085569039
1228,198,-73.8333333333292,41.666666666668,0.582521474578732
1229,198,-73.7916666666626,41.666666666668,0.55127913923501
1230,198,-73.7499999999959,41.666666666668,0.537543104177792
1231,198,-73.7083333333292,41.666666666668,0.580015659590329
1232,198,-73.6666666666626,41.666666666668,0.632276881651959
1233,198,-73.6249999999959,41.666666666668,0.665733618191194
1234,198,-73.5833333333292,41.666666666668,0.585072801095825
1235,198,-73.5416666666625,41.666666666668,0.594080517504484
1236,198,-73.4999999999959,41.666666666668,0.684579136561264
1198,199,-75.0833333333293,41.6250000000014,0.40375548251677
1199,199,-75.0416666666627,41.6250000000014,0.602023397132047
1200,199,-74.999999999996,41.6250000000014,0.593765230035789
1201,199,-74.9583333333293,41.6250000000014,0.566653520318707
1202,199,-74.9166666666626,41.6250000000014,0.585177902108486
1203,199,-74.874999999996,41.6250000000014,0.58590172530339
1204,199,-74.8333333333293,41.6250000000014,0.56365061766972
1205,199,-74.7916666666626,41.6250000000014,0.569793585924044
1206,199,-74.749999999996,41.6250000000014,0.588081239685062
1207,199,-74.7083333333293,41.6250000000014,0.579466836793559
1208,199,-74.6666666666626,41.6250000000014,0.583393639100571
1209,199,-74.624999999996,41.6250000000014,0.56291571166695
1210,199,-74.5833333333293,41.6250000000014,0.501040904115843
1211,199,-74.5416666666626,41.6250000000014,0.590953517334217
1212,199,-74.499999999996,41.6250000000014,0.654591581272467
1213,199,-74.4583333333293,41.6250000000014,0.640644938719269
1214,199,-74.4166666666626,41.6250000000014,0.672939943590888
1215,199,-74.3749999999959,41.6250000000014,0.645753115370502
1216,199,-74.3333333333293,41.6250000000014,0.599171919316484
1217,199,-74.2916666666626,41.6250000000014,0.531753449392001
1218,199,-74.2499999999959,41.6250000000014,0.456906478203712
1219,199,-74.2083333333293,41.6250000000014,0.477680850076732
1220,199,-74.1666666666626,41.6250000000014,0.441134057919442
1221,199,-74.1249999999959,41.6250000000014,0.55025151799635
1222,199,-74.0833333333293,41.6250000000014,0.608761239636214
1223,199,-74.0416666666626,41.6250000000014,0.657170659734538
1224,199,-73.9999999999959,41.6250000000014,0.587533307904103
1225,199,-73.9583333333293,41.6250000000014,0.381399061274408
1226,199,-73.9166666666626,41.6250000000014,0.510908087410422
1227,199,-73.8749999999959,41.6250000000014,0.551037443537934
1228,199,-73.8333333333292,41.6250000000014,0.575986227202223
1229,199,-73.7916666666626,41.6250000000014,0.553953084300557
1230,199,-73.7499999999959,41.6250000000014,0.586031086618945
1231,199,-73.7083333333292,41.6250000000014,0.588338302768257
1232,199,-73.6666666666626,41.6250000000014,0.577673630041319
1233,199,-73.6249999999959,41.6250000000014,0.642068948520349
1234,199,-73.5833333333292,41.6250000000014,0.620094906984825
1235,199,-73.5416666666625,41.6250000000014,0.6654047956866
1236,199,-73.4999999999959,41.6250000000014,NA
1198,200,-75.0833333333293,41.5833333333347,0.525626818847949
1199,200,-75.0416666666627,41.5833333333347,0.637451007065455
1200,200,-74.999999999996,41.5833333333347,0.600423964835369
1201,200,-74.9583333333293,41.5833333333347,0.579242664130861
1202,200,-74.9166666666626,41.5833333333347,0.603262339389919
1203,200,-74.874999999996,41.5833333333347,0.639478198571364
1204,200,-74.8333333333293,41.5833333333347,0.581678464164581
1205,200,-74.7916666666626,41.5833333333347,0.514765934950892
1206,200,-74.749999999996,41.5833333333347,0.585358943595051
1207,200,-74.7083333333293,41.5833333333347,0.583138099239052
1208,200,-74.6666666666626,41.5833333333347,0.609306811497276
1209,200,-74.624999999996,41.5833333333347,0.606001623619069
1210,200,-74.5833333333293,41.5833333333347,0.566982972073081
1211,200,-74.5416666666626,41.5833333333347,0.600754140774885
1212,200,-74.499999999996,41.5833333333347,0.619553699604064
1213,200,-74.4583333333293,41.5833333333347,0.618438815608556
1214,200,-74.4166666666626,41.5833333333347,0.631133995726292
1215,200,-74.3749999999959,41.5833333333347,0.562881408298681
1216,200,-74.3333333333293,41.5833333333347,0.514359907669545
1217,200,-74.2916666666626,41.5833333333347,0.50207116472188
1218,200,-74.2499999999959,41.5833333333347,0.523058002308305
1219,200,-74.2083333333293,41.5833333333347,0.478281029765392
1220,200,-74.1666666666626,41.5833333333347,0.465985035706961
1221,200,-74.1249999999959,41.5833333333347,0.614343287226302
1222,200,-74.0833333333293,41.5833333333347,0.6040611096412
1223,200,-74.0416666666626,41.5833333333347,0.647454607077068
1224,200,-73.9999999999959,41.5833333333347,0.569475024725912
1225,200,-73.9583333333293,41.5833333333347,0.381977018080668
1226,200,-73.9166666666626,41.5833333333347,0.552578358500387
1227,200,-73.8749999999959,41.5833333333347,0.555671122901373
1228,200,-73.8333333333292,41.5833333333347,0.569008886612254
1229,200,-73.7916666666626,41.5833333333347,0.555359391173606
1230,200,-73.7499999999959,41.5833333333347,0.561185676411426
1231,200,-73.7083333333292,41.5833333333347,0.523609426235605
1232,200,-73.6666666666626,41.5833333333347,0.639113502447267
1233,200,-73.6249999999959,41.5833333333347,0.64118905695705
1234,200,-73.5833333333292,41.5833333333347,0.59395573904907
1235,200,-73.5416666666625,41.5833333333347,0.614497916233018
1199,201,-75.0416666666627,41.541666666668,0.519151504350171
1200,201,-74.999999999996,41.541666666668,0.580088501491015
1201,201,-74.9583333333293,41.541666666668,0.61334701482382
1202,201,-74.9166666666626,41.541666666668,0.582952583802335
1203,201,-74.874999999996,41.541666666668,0.574056640985962
1204,201,-74.8333333333293,41.541666666668,0.556470920065751
1205,201,-74.7916666666626,41.541666666668,0.575224755490577
1206,201,-74.749999999996,41.541666666668,0.550267794592587
1207,201,-74.7083333333293,41.541666666668,0.573908632588243
1208,201,-74.6666666666626,41.541666666668,0.629521042373601
1209,201,-74.624999999996,41.541666666668,0.662272049548902
1210,201,-74.5833333333293,41.541666666668,0.671007249265532
1211,201,-74.5416666666626,41.541666666668,0.646321080959685
1212,201,-74.499999999996,41.541666666668,0.627751299674535
1213,201,-74.4583333333293,41.541666666668,0.581296950809605
1214,201,-74.4166666666626,41.541666666668,0.584151210950399
1215,201,-74.3749999999959,41.541666666668,0.55772853322558
1216,201,-74.3333333333293,41.541666666668,0.516598177424266
1217,201,-74.2916666666626,41.541666666668,0.556504628717576
1218,201,-74.2499999999959,41.541666666668,0.489875990171197
1219,201,-74.2083333333293,41.541666666668,0.480162634737167
1220,201,-74.1666666666626,41.541666666668,0.540256053095956
1221,201,-74.1249999999959,41.541666666668,0.569275892107637
1222,201,-74.0833333333293,41.541666666668,0.525029996470447
1223,201,-74.0416666666626,41.541666666668,0.588708339949279
1224,201,-73.9999999999959,41.541666666668,0.334217713602699
1225,201,-73.9583333333293,41.541666666668,0.484381068509357
1226,201,-73.9166666666626,41.541666666668,0.555275579257727
1227,201,-73.8749999999959,41.541666666668,0.556833320067857
1228,201,-73.8333333333292,41.541666666668,0.559541700518411
1229,201,-73.7916666666626,41.541666666668,0.58418969677332
1230,201,-73.7499999999959,41.541666666668,0.611845176608836
1231,201,-73.7083333333292,41.541666666668,0.649871454817235
1232,201,-73.6666666666626,41.541666666668,0.617849489336787
1233,201,-73.6249999999959,41.541666666668,0.646973194716354
1234,201,-73.5833333333292,41.541666666668,0.599695382275906
1235,201,-73.5416666666625,41.541666666668,0.623658367666193
1200,202,-74.999999999996,41.5000000000014,0.551473263603605
1201,202,-74.9583333333293,41.5000000000014,0.602239916932197
1202,202,-74.9166666666626,41.5000000000014,0.574105218867811
1203,202,-74.874999999996,41.5000000000014,0.571954959068372
1204,202,-74.8333333333293,41.5000000000014,0.56292070301278
1205,202,-74.7916666666626,41.5000000000014,0.605629159986573
1206,202,-74.749999999996,41.5000000000014,0.546454863056327
1207,202,-74.7083333333293,41.5000000000014,0.567141135957105
1208,202,-74.6666666666626,41.5000000000014,0.641116282993827
1209,202,-74.624999999996,41.5000000000014,0.63451869911725
1210,202,-74.5833333333293,41.5000000000014,0.638808163600015
1211,202,-74.5416666666626,41.5000000000014,0.619745272089276
1212,202,-74.499999999996,41.5000000000014,0.60763796150671
1213,202,-74.4583333333293,41.5000000000014,0.557465147975439
1214,202,-74.4166666666626,41.5000000000014,0.590196013945467
1215,202,-74.3749999999959,41.5000000000014,0.587073134712388
1216,202,-74.3333333333293,41.5000000000014,0.615504042321197
1217,202,-74.2916666666626,41.5000000000014,0.507867136690594
1218,202,-74.2499999999959,41.5000000000014,0.444018901567405
1219,202,-74.2083333333293,41.5000000000014,0.539597410901533
1220,202,-74.1666666666626,41.5000000000014,0.629132172160587
1221,202,-74.1249999999959,41.5000000000014,0.562352902343514
1222,202,-74.0833333333293,41.5000000000014,0.47425126435788
1223,202,-74.0416666666626,41.5000000000014,0.506573328160717
1224,202,-73.9999999999959,41.5000000000014,0.245724418347757
1225,202,-73.9583333333293,41.5000000000014,0.55272805580877
1226,202,-73.9166666666626,41.5000000000014,0.644345659192479
1227,202,-73.8749999999959,41.5000000000014,0.649224786042994
1228,202,-73.8333333333292,41.5000000000014,0.652343305598211
1229,202,-73.7916666666626,41.5000000000014,0.66104338113306
1230,202,-73.7499999999959,41.5000000000014,0.625594379838509
1231,202,-73.7083333333292,41.5000000000014,0.624771012368983
1232,202,-73.6666666666626,41.5000000000014,0.630874348127389
1233,202,-73.6249999999959,41.5000000000014,0.616576767557755
1234,202,-73.5833333333292,41.5000000000014,0.612392918696412
1235,202,-73.5416666666625,41.5000000000014,0.678011188444249
1201,203,-74.9583333333293,41.4583333333347,0.43749066177061
1202,203,-74.9166666666626,41.4583333333347,0.550778474720999
1203,203,-74.874999999996,41.4583333333347,0.614455291366275
1204,203,-74.8333333333293,41.4583333333347,0.635420298818304
1205,203,-74.7916666666626,41.4583333333347,0.623897848570684
1206,203,-74.749999999996,41.4583333333347,0.630132270108596
1207,203,-74.7083333333293,41.4583333333347,0.625751915550434
1208,203,-74.6666666666626,41.4583333333347,0.664474670564245
1209,203,-74.624999999996,41.4583333333347,0.634491562362157
1210,203,-74.5833333333293,41.4583333333347,0.59430194555501
1211,203,-74.5416666666626,41.4583333333347,0.589810706576822
1212,203,-74.499999999996,41.4583333333347,0.571517449283937
1213,203,-74.4583333333293,41.4583333333347,0.574346980438718
1214,203,-74.4166666666626,41.4583333333347,0.498056668016498
1215,203,-74.3749999999959,41.4583333333347,0.482566876212367
1216,203,-74.3333333333293,41.4583333333347,0.538024584223938
1217,203,-74.2916666666626,41.4583333333347,0.498742423017598
1218,203,-74.2499999999959,41.4583333333347,0.533170653585049
1219,203,-74.2083333333293,41.4583333333347,0.526064050972505
1220,203,-74.1666666666626,41.4583333333347,0.578988050642793
1221,203,-74.1249999999959,41.4583333333347,0.531387316041295
1222,203,-74.0833333333293,41.4583333333347,0.547157206990889
1223,203,-74.0416666666626,41.4583333333347,0.52693673301509
1224,203,-73.9999999999959,41.4583333333347,0.215970309817341
1225,203,-73.9583333333293,41.4583333333347,0.666788849123703
1226,203,-73.9166666666626,41.4583333333347,0.648326147329996
1227,203,-73.8749999999959,41.4583333333347,0.665410086264504
1228,203,-73.8333333333292,41.4583333333347,0.637797792926589
1229,203,-73.7916666666626,41.4583333333347,0.623313044246918
1230,203,-73.7499999999959,41.4583333333347,0.612101085016624
1231,203,-73.7083333333292,41.4583333333347,0.629316635446091
1232,203,-73.6666666666626,41.4583333333347,0.548284073373481
1233,203,-73.6249999999959,41.4583333333347,0.625156154218
1234,203,-73.5833333333292,41.4583333333347,0.638191780578165
1235,203,-73.5416666666625,41.4583333333347,0.529218455322019
1204,204,-74.8333333333293,41.416666666668,0.664876584219158
1205,204,-74.7916666666626,41.416666666668,0.628321017763573
1206,204,-74.749999999996,41.416666666668,0.57948824285028
1207,204,-74.7083333333293,41.416666666668,0.636541106809342
1208,204,-74.6666666666626,41.416666666668,0.644998105967043
1209,204,-74.624999999996,41.416666666668,0.588812046510413
1210,204,-74.5833333333293,41.416666666668,0.606988047579467
1211,204,-74.5416666666626,41.416666666668,0.609848458941824
1212,204,-74.499999999996,41.416666666668,0.575771007152292
1213,204,-74.4583333333293,41.416666666668,0.543202294146852
1214,204,-74.4166666666626,41.416666666668,0.501720941963773
1215,204,-74.3749999999959,41.416666666668,0.532220499464518
1216,204,-74.3333333333293,41.416666666668,0.513732553438541
1217,204,-74.2916666666626,41.416666666668,0.512202981128532
1218,204,-74.2499999999959,41.416666666668,0.530653688782297
1219,204,-74.2083333333293,41.416666666668,0.521329348206134
1220,204,-74.1666666666626,41.416666666668,0.556754696650024
1221,204,-74.1249999999959,41.416666666668,0.602725298028795
1222,204,-74.0833333333293,41.416666666668,0.58067648103871
1223,204,-74.0416666666626,41.416666666668,0.621623774901732
1224,204,-73.9999999999959,41.416666666668,0.647977660788687
1225,204,-73.9583333333293,41.416666666668,0.426239583664171
1226,204,-73.9166666666626,41.416666666668,0.649938623509492
1227,204,-73.8749999999959,41.416666666668,0.664952695582689
1228,204,-73.8333333333292,41.416666666668,0.604584671747478
1229,204,-73.7916666666626,41.416666666668,0.653812024027587
1230,204,-73.7499999999959,41.416666666668,0.623108379040298
1231,204,-73.7083333333292,41.416666666668,0.484695435519574
1232,204,-73.6666666666626,41.416666666668,0.522717855745514
1233,204,-73.6249999999959,41.416666666668,0.519753973995336
1234,204,-73.5833333333292,41.416666666668,0.49377592521428
1235,204,-73.5416666666625,41.416666666668,0.64891468155964
1206,205,-74.749999999996,41.3750000000014,NA
1207,205,-74.7083333333293,41.3750000000014,0.525330033511806
1208,205,-74.6666666666626,41.3750000000014,0.551456028157523
1209,205,-74.624999999996,41.3750000000014,0.618714439363631
1210,205,-74.5833333333293,41.3750000000014,0.59533508188154
1211,205,-74.5416666666626,41.3750000000014,0.591376991015151
1212,205,-74.499999999996,41.3750000000014,0.454806162839416
1213,205,-74.4583333333293,41.3750000000014,0.5219536499719
1214,205,-74.4166666666626,41.3750000000014,0.385907309922767
1215,205,-74.3749999999959,41.3750000000014,0.42176496861024
1216,205,-74.3333333333293,41.3750000000014,0.488764585809687
1217,205,-74.2916666666626,41.3750000000014,0.490555214563804
1218,205,-74.2499999999959,41.3750000000014,0.4930036486123
1219,205,-74.2083333333293,41.3750000000014,0.60670508375802
1220,205,-74.1666666666626,41.3750000000014,0.62742610754741
1221,205,-74.1249999999959,41.3750000000014,0.634618198107932
1222,205,-74.0833333333293,41.3750000000014,0.6677285673439
1223,205,-74.0416666666626,41.3750000000014,0.640697605878402
1224,205,-73.9999999999959,41.3750000000014,0.655331515474167
1225,205,-73.9583333333293,41.3750000000014,0.466999172996416
1226,205,-73.9166666666626,41.3750000000014,0.647662085415103
1227,205,-73.8749999999959,41.3750000000014,0.644064120878046
1228,205,-73.8333333333292,41.3750000000014,0.628100562278051
1229,205,-73.7916666666626,41.3750000000014,0.59383364549609
1230,205,-73.7499999999959,41.3750000000014,0.454754853244938
1231,205,-73.7083333333292,41.3750000000014,0.595183781406474
1232,205,-73.6666666666626,41.3750000000014,0.463431346349788
1233,205,-73.6249999999959,41.3750000000014,0.591646092547634
1234,205,-73.5833333333292,41.3750000000014,0.532602591520009
1235,205,-73.5416666666625,41.3750000000014,0.609994690928
1207,206,-74.7083333333293,41.3333333333347,0.58790644009908
1208,206,-74.6666666666626,41.3333333333347,0.675913146749466
1209,206,-74.624999999996,41.3333333333347,0.593274879918814
1210,206,-74.5833333333293,41.3333333333347,0.537624143679769
1211,206,-74.5416666666626,41.3333333333347,0.432536569168579
1212,206,-74.499999999996,41.3333333333347,0.402786731816348
1213,206,-74.4583333333293,41.3333333333347,0.340869710495789
1214,206,-74.4166666666626,41.3333333333347,0.334514073894158
1215,206,-74.3749999999959,41.3333333333347,0.409828160324733
1216,206,-74.3333333333293,41.3333333333347,0.496248986570573
1217,206,-74.2916666666626,41.3333333333347,0.510183035256346
1218,206,-74.2499999999959,41.3333333333347,0.612457699686482
1219,206,-74.2083333333293,41.3333333333347,0.537465824314184
1220,206,-74.1666666666626,41.3333333333347,0.548079734457413
1221,206,-74.1249999999959,41.3333333333347,0.553828770369989
1222,206,-74.0833333333293,41.3333333333347,0.633290426296262
1223,206,-74.0416666666626,41.3333333333347,0.626924945139713
1224,206,-73.9999999999959,41.3333333333347,0.603066760563955
1225,206,-73.9583333333293,41.3333333333347,0.558570942514687
1226,206,-73.9166666666626,41.3333333333347,0.617749790160067
1227,206,-73.8749999999959,41.3333333333347,0.566448305713249
1228,206,-73.8333333333292,41.3333333333347,0.568645905663839
1229,206,-73.7916666666626,41.3333333333347,0.552905270519581
1230,206,-73.7499999999959,41.3333333333347,0.535560256527114
1231,206,-73.7083333333292,41.3333333333347,0.567521475584558
1232,206,-73.6666666666626,41.3333333333347,0.575675110413255
1233,206,-73.6249999999959,41.3333333333347,0.534110326299783
1234,206,-73.5833333333292,41.3333333333347,0.598827349814907
1235,206,-73.5416666666625,41.3333333333347,0.629070996878627
1210,207,-74.5833333333293,41.291666666668,0.508516731533674
1211,207,-74.5416666666626,41.291666666668,0.396128367732136
1212,207,-74.499999999996,41.291666666668,0.403997842559876
1213,207,-74.4583333333293,41.291666666668,0.38590514694097
1214,207,-74.4166666666626,41.291666666668,0.54594809364396
1215,207,-74.3749999999959,41.291666666668,0.507512093977974
1216,207,-74.3333333333293,41.291666666668,0.524242263165662
1217,207,-74.2916666666626,41.291666666668,0.490480344987706
1218,207,-74.2499999999959,41.291666666668,0.635406151880591
1219,207,-74.2083333333293,41.291666666668,0.566772634791023
1220,207,-74.1666666666626,41.291666666668,0.589408878086071
1221,207,-74.1249999999959,41.291666666668,0.60832933076436
1222,207,-74.0833333333293,41.291666666668,0.658302810321928
1223,207,-74.0416666666626,41.291666666668,0.654747553160594
1224,207,-73.9999999999959,41.291666666668,0.650853356266244
1225,207,-73.9583333333293,41.291666666668,0.343362942661838
1226,207,-73.9166666666626,41.291666666668,0.497435964636896
1227,207,-73.8749999999959,41.291666666668,0.538515619437453
1228,207,-73.8333333333292,41.291666666668,0.578637266949325
1229,207,-73.7916666666626,41.291666666668,0.517540648323841
1230,207,-73.7499999999959,41.291666666668,0.540688099964499
1231,207,-73.7083333333292,41.291666666668,0.570473506472939
1232,207,-73.6666666666626,41.291666666668,0.585144015610235
1233,207,-73.6249999999959,41.291666666668,0.646615331165934
1234,207,-73.5833333333292,41.291666666668,0.588509121069591
1235,207,-73.5416666666625,41.291666666668,0.554022358388537
1271,207,-72.0416666666624,41.291666666668,0.549577075040947
1272,207,-71.9999999999958,41.291666666668,0.572481987537574
1273,207,-71.9583333333291,41.291666666668,0.514989075374294
1274,207,-71.9166666666624,41.291666666668,0.487923849850221
1212,208,-74.499999999996,41.2500000000013,0.663384101527768
1213,208,-74.4583333333293,41.2500000000013,0.505643757593483
1214,208,-74.4166666666626,41.2500000000013,0.516637185620716
1215,208,-74.3749999999959,41.2500000000013,0.473558845044643
1216,208,-74.3333333333293,41.2500000000013,0.542990431935549
1217,208,-74.2916666666626,41.2500000000013,0.605321577430854
1218,208,-74.2499999999959,41.2500000000013,0.674511767725089
1219,208,-74.2083333333293,41.2500000000013,0.657083842782214
1220,208,-74.1666666666626,41.2500000000013,0.642465830929615
1221,208,-74.1249999999959,41.2500000000013,0.624065072980972
1222,208,-74.0833333333293,41.2500000000013,0.61174159038586
1223,208,-74.0416666666626,41.2500000000013,0.6566517524432
1224,208,-73.9999999999959,41.2500000000013,0.584827736844012
1225,208,-73.9583333333293,41.2500000000013,0.251063936951598
1226,208,-73.9166666666626,41.2500000000013,0.568832230295538
1227,208,-73.8749999999959,41.2500000000013,0.631374429724696
1228,208,-73.8333333333292,41.2500000000013,0.502479277305934
1229,208,-73.7916666666626,41.2500000000013,0.573752104263336
1230,208,-73.7499999999959,41.2500000000013,0.558709860335987
1231,208,-73.7083333333292,41.2500000000013,0.532425847601608
1232,208,-73.6666666666626,41.2500000000013,0.54191145216472
1233,208,-73.6249999999959,41.2500000000013,0.536998615966475
1234,208,-73.5833333333292,41.2500000000013,0.671115816563245
1235,208,-73.5416666666625,41.2500000000013,0.637054705577547
1236,208,-73.4999999999959,41.2500000000013,0.63524011573729
1271,208,-72.0416666666624,41.2500000000013,0.505785836414857
1272,208,-71.9999999999958,41.2500000000013,0.535803312374122
1273,208,-71.9583333333291,41.2500000000013,0.341172365621589
1214,209,-74.4166666666626,41.2083333333347,0.657054891815588
1215,209,-74.3749999999959,41.2083333333347,0.637645362005464
1216,209,-74.3333333333293,41.2083333333347,0.62587889832075
1217,209,-74.2916666666626,41.2083333333347,0.545834391099911
1218,209,-74.2499999999959,41.2083333333347,0.625793946726849
1219,209,-74.2083333333293,41.2083333333347,0.603063688016366
1220,209,-74.1666666666626,41.2083333333347,0.667186396711622
1221,209,-74.1249999999959,41.2083333333347,0.61292223136515
1222,209,-74.0833333333293,41.2083333333347,0.649925047308455
1223,209,-74.0416666666626,41.2083333333347,0.573914978453086
1224,209,-73.9999999999959,41.2083333333347,0.52921782061665
1225,209,-73.9583333333293,41.2083333333347,0.190820857423837
1226,209,-73.9166666666626,41.2083333333347,0.137327069076453
1227,209,-73.8749999999959,41.2083333333347,0.530803548931525
1228,209,-73.8333333333292,41.2083333333347,0.622633447225683
1229,209,-73.7916666666626,41.2083333333347,0.576819051079075
1230,209,-73.7499999999959,41.2083333333347,0.579208551946636
1231,209,-73.7083333333292,41.2083333333347,0.577166944801914
1232,209,-73.6666666666626,41.2083333333347,0.596192712765103
1233,209,-73.6249999999959,41.2083333333347,0.638924450480172
1234,209,-73.5833333333292,41.2083333333347,0.642412104935318
1235,209,-73.5416666666625,41.2083333333347,0.628985298164372
1236,209,-73.4999999999959,41.2083333333347,0.626686686947373
1267,209,-72.2083333333291,41.2083333333347,0.617898517184787
1268,209,-72.1666666666624,41.2083333333347,0.587937930051018
1216,210,-74.3333333333293,41.166666666668,0.285256825412906
1217,210,-74.2916666666626,41.166666666668,0.674336024037146
1218,210,-74.2499999999959,41.166666666668,0.645583619273478
1219,210,-74.2083333333293,41.166666666668,0.64600151245693
1220,210,-74.1666666666626,41.166666666668,0.664235872511631
1221,210,-74.1249999999959,41.166666666668,0.665962277522706
1222,210,-74.0833333333293,41.166666666668,0.605043923533581
1223,210,-74.0416666666626,41.166666666668,0.553761648108144
1224,210,-73.9999999999959,41.166666666668,0.537476832373223
1225,210,-73.9583333333293,41.166666666668,0.441950038069646
1226,210,-73.9166666666626,41.166666666668,0.162723034805949
1227,210,-73.8749999999959,41.166666666668,0.246300334409625
1228,210,-73.8333333333292,41.166666666668,0.526572029060007
1229,210,-73.7916666666626,41.166666666668,0.57976159887025
1230,210,-73.7499999999959,41.166666666668,0.558296994391001
1231,210,-73.7083333333292,41.166666666668,0.598035288534728
1232,210,-73.6666666666626,41.166666666668,0.62655338598076
1233,210,-73.6249999999959,41.166666666668,0.644003275064609
1234,210,-73.5833333333292,41.166666666668,0.630822031379257
1235,210,-73.5416666666625,41.166666666668,0.640363773532901
1264,210,-72.3333333333291,41.166666666668,0.480068218708038
1265,210,-72.2916666666625,41.166666666668,0.473473030267664
1266,210,-72.2499999999958,41.166666666668,0.455976866873776
1267,210,-72.2083333333291,41.166666666668,0.495839192768383
1268,210,-72.1666666666624,41.166666666668,0.596929673521142
1218,211,-74.2499999999959,41.1250000000013,0.69141108273632
1219,211,-74.2083333333293,41.1250000000013,0.599178572473665
1220,211,-74.1666666666626,41.1250000000013,0.61437324330342
1221,211,-74.1249999999959,41.1250000000013,0.547499500919866
1222,211,-74.0833333333293,41.1250000000013,0.510234386170297
1223,211,-74.0416666666626,41.1250000000013,0.472523707118454
1224,211,-73.9999999999959,41.1250000000013,0.487057668460046
1225,211,-73.9583333333293,41.1250000000013,0.424215780423235
1226,211,-73.9166666666626,41.1250000000013,0.338146237617443
1227,211,-73.8749999999959,41.1250000000013,0.171173102763968
1228,211,-73.8333333333292,41.1250000000013,0.574703729157649
1229,211,-73.7916666666626,41.1250000000013,0.532644411097368
1230,211,-73.7499999999959,41.1250000000013,0.510947398972253
1231,211,-73.7083333333292,41.1250000000013,0.555816444487343
1232,211,-73.6666666666626,41.1250000000013,0.609311164072948
1233,211,-73.6249999999959,41.1250000000013,0.57031743484501
1263,211,-72.3749999999958,41.1250000000013,0.50094791783451
1264,211,-72.3333333333291,41.1250000000013,0.513885406458814
1265,211,-72.2916666666625,41.1250000000013,0.449393034062537
1266,211,-72.2499999999958,41.1250000000013,0.385227237564967
1269,211,-72.1249999999958,41.1250000000013,0.516607491553935
1270,211,-72.0833333333291,41.1250000000013,0.560366304147811
1221,212,-74.1249999999959,41.0833333333347,0.514806391786437
1222,212,-74.0833333333293,41.0833333333347,0.55322590176893
1223,212,-74.0416666666626,41.0833333333347,0.522215285477581
1224,212,-73.9999999999959,41.0833333333347,0.484989361812365
1225,212,-73.9583333333293,41.0833333333347,0.528812650958843
1226,212,-73.9166666666626,41.0833333333347,0.282104293820759
1227,212,-73.8749999999959,41.0833333333347,0.180309970499502
1228,212,-73.8333333333292,41.0833333333347,0.542924363281565
1229,212,-73.7916666666626,41.0833333333347,0.49140111948467
1230,212,-73.7499999999959,41.0833333333347,0.392036865245393
1231,212,-73.7083333333292,41.0833333333347,0.368152467765385
1261,212,-72.4583333333291,41.0833333333347,0.502344276602852
1262,212,-72.4166666666625,41.0833333333347,0.474715396674214
1263,212,-72.3749999999958,41.0833333333347,0.530217166124342
1264,212,-72.3333333333291,41.0833333333347,0.555662133551598
1265,212,-72.2916666666625,41.0833333333347,0.551106315776892
1269,212,-72.1249999999958,41.0833333333347,0.603588257917119
1270,212,-72.0833333333291,41.0833333333347,0.510492340999274
1273,212,-71.9583333333291,41.0833333333347,0.563819341548051
1274,212,-71.9166666666624,41.0833333333347,0.506738908865458
1275,212,-71.8749999999957,41.0833333333347,0.542174386460165
1223,213,-74.0416666666626,41.041666666668,0.48108052172571
1224,213,-73.9999999999959,41.041666666668,0.451934859105588
1225,213,-73.9583333333293,41.041666666668,0.504434560830245
1226,213,-73.9166666666626,41.041666666668,0.362218230088307
1227,213,-73.8749999999959,41.041666666668,0.227867500682093
1228,213,-73.8333333333292,41.041666666668,0.528857805584368
1229,213,-73.7916666666626,41.041666666668,0.481540874903869
1230,213,-73.7499999999959,41.041666666668,0.48994795790843
1231,213,-73.7083333333292,41.041666666668,0.526719403937194
1232,213,-73.6666666666626,41.041666666668,0.474316602076159
1259,213,-72.5416666666625,41.041666666668,0.373887396797349
1260,213,-72.4999999999958,41.041666666668,0.364339127061517
1261,213,-72.4583333333291,41.041666666668,0.459833371413415
1262,213,-72.4166666666625,41.041666666668,0.479744149116145
1263,213,-72.3749999999958,41.041666666668,0.520259102054362
1264,213,-72.3333333333291,41.041666666668,0.559367574864195
1265,213,-72.2916666666625,41.041666666668,0.60069409289355
1266,213,-72.2499999999958,41.041666666668,0.580378280573301
1267,213,-72.2083333333291,41.041666666668,0.540718181196419
1268,213,-72.1666666666624,41.041666666668,0.538329117722989
1269,213,-72.1249999999958,41.041666666668,0.336215556848947
1270,213,-72.0833333333291,41.041666666668,0.265903405411037
1271,213,-72.0416666666624,41.041666666668,0.269070137412317
1272,213,-71.9999999999958,41.041666666668,0.644963900008784
1273,213,-71.9583333333291,41.041666666668,0.467640371418211
1274,213,-71.9166666666624,41.041666666668,0.451091818376699
1275,213,-71.8749999999957,41.041666666668,0.645075974253913
1225,214,-73.9583333333293,41.0000000000013,0.498648071893747
1226,214,-73.9166666666626,41.0000000000013,0.444760630320943
1227,214,-73.8749999999959,41.0000000000013,0.354281011018507
1228,214,-73.8333333333292,41.0000000000013,0.490550565913403
1229,214,-73.7916666666626,41.0000000000013,0.481876252520928
1230,214,-73.7499999999959,41.0000000000013,0.500283608001422
1231,214,-73.7083333333292,41.0000000000013,0.502057069400801
1232,214,-73.6666666666626,41.0000000000013,0.441620594268228
1255,214,-72.7083333333291,41.0000000000013,0.553135907504617
1256,214,-72.6666666666625,41.0000000000013,0.580159196992973
1257,214,-72.6249999999958,41.0000000000013,0.512546617286436
1258,214,-72.5833333333291,41.0000000000013,0.431799863872019
1259,214,-72.5416666666625,41.0000000000013,0.465815462985227
1260,214,-72.4999999999958,41.0000000000013,0.439442283706594
1261,214,-72.4583333333291,41.0000000000013,0.455148360568009
1262,214,-72.4166666666625,41.0000000000013,0.55933666229248
1263,214,-72.3749999999958,41.0000000000013,0.50409633254444
1264,214,-72.3333333333291,41.0000000000013,0.503293298025205
1265,214,-72.2916666666625,41.0000000000013,0.539480069162049
1266,214,-72.2499999999958,41.0000000000013,0.527022188819502
1267,214,-72.2083333333291,41.0000000000013,0.607472506956976
1268,214,-72.1666666666624,41.0000000000013,0.570134393348169
1269,214,-72.1249999999958,41.0000000000013,0.583060449253055
1270,214,-72.0833333333291,41.0000000000013,0.441422838296126
1271,214,-72.0416666666624,41.0000000000013,0.431613131432074
1272,214,-71.9999999999958,41.0000000000013,0.551156495365609
1273,214,-71.9583333333291,41.0000000000013,0.327492221872857
1226,215,-73.9166666666626,40.9583333333346,0.114647018002713
1227,215,-73.8749999999959,40.9583333333346,0.431828343801488
1228,215,-73.8333333333292,40.9583333333346,0.448725854756133
1229,215,-73.7916666666626,40.9583333333346,0.472581127718598
1230,215,-73.7499999999959,40.9583333333346,0.48976808541216
1231,215,-73.7083333333292,40.9583333333346,0.481846895136371
1232,215,-73.6666666666626,40.9583333333346,0.47941190118831
1236,215,-73.4999999999959,40.9583333333346,0.398855689559721
1237,215,-73.4583333333292,40.9583333333346,0.545830275453822
1238,215,-73.4166666666625,40.9583333333346,0.539884268732394
1239,215,-73.3749999999959,40.9583333333346,0.573781056469038
1244,215,-73.1666666666625,40.9583333333346,0.500492428863271
1245,215,-73.1249999999959,40.9583333333346,0.510496762814593
1246,215,-73.0833333333292,40.9583333333346,0.475568270864423
1247,215,-73.0416666666625,40.9583333333346,0.498534066892221
1248,215,-72.9999999999958,40.9583333333346,0.480955043455801
1249,215,-72.9583333333292,40.9583333333346,0.497818295666292
1250,215,-72.9166666666625,40.9583333333346,0.518360326723599
1251,215,-72.8749999999958,40.9583333333346,0.554140670686605
1252,215,-72.8333333333292,40.9583333333346,0.525795342284973
1253,215,-72.7916666666625,40.9583333333346,0.48997228214753
1254,215,-72.7499999999958,40.9583333333346,0.427662432832088
1255,215,-72.7083333333291,40.9583333333346,0.391510960562654
1256,215,-72.6666666666625,40.9583333333346,0.419379976757452
1257,215,-72.6249999999958,40.9583333333346,0.412425917633804
1258,215,-72.5833333333291,40.9583333333346,0.40492841174302
1259,215,-72.5416666666625,40.9583333333346,0.464487194678507
1260,215,-72.4999999999958,40.9583333333346,NA
1261,215,-72.4583333333291,40.9583333333346,0.57773887085167
1262,215,-72.4166666666625,40.9583333333346,0.420396781684858
1263,215,-72.3749999999958,40.9583333333346,0.618177907801754
1264,215,-72.3333333333291,40.9583333333346,0.507738044582212
1265,215,-72.2916666666625,40.9583333333346,0.573593830620281
1266,215,-72.2499999999958,40.9583333333346,0.553375607677076
1267,215,-72.2083333333291,40.9583333333346,0.505066320403342
1268,215,-72.1666666666624,40.9583333333346,0.504918037129736
1269,215,-72.1249999999958,40.9583333333346,0.456697721242729
1270,215,-72.0833333333291,40.9583333333346,0.356199350966587
1226,216,-73.9166666666626,40.916666666668,0.273940214280636
1227,216,-73.8749999999959,40.916666666668,0.450043347997047
1228,216,-73.8333333333292,40.916666666668,0.432950603506115
1229,216,-73.7916666666626,40.916666666668,0.448205928989621
1230,216,-73.7499999999959,40.916666666668,0.462626020191353
1231,216,-73.7083333333292,40.916666666668,0.472438931787685
1233,216,-73.6249999999959,40.916666666668,0.457748908732345
1234,216,-73.5833333333292,40.916666666668,0.508268193626832
1235,216,-73.5416666666625,40.916666666668,0.466422700099661
1236,216,-73.4999999999959,40.916666666668,0.571689753670315
1237,216,-73.4583333333292,40.916666666668,0.606625137787668
1238,216,-73.4166666666625,40.916666666668,0.514443349645529
1239,216,-73.3749999999959,40.916666666668,0.52110999687778
1240,216,-73.3333333333292,40.916666666668,0.497052676464345
1241,216,-73.2916666666625,40.916666666668,0.522506488649185
1242,216,-73.2499999999959,40.916666666668,0.532813397611759
1243,216,-73.2083333333292,40.916666666668,0.599423564702272
1244,216,-73.1666666666625,40.916666666668,0.555354268964001
1245,216,-73.1249999999959,40.916666666668,0.495827592678294
1246,216,-73.0833333333292,40.916666666668,0.510021110172053
1247,216,-73.0416666666625,40.916666666668,0.484948150278888
1248,216,-72.9999999999958,40.916666666668,0.494617854562605
1249,216,-72.9583333333292,40.916666666668,0.491653107497648
1250,216,-72.9166666666625,40.916666666668,0.539771263506578
1251,216,-72.8749999999958,40.916666666668,0.528879496677913
1252,216,-72.8333333333292,40.916666666668,0.508739892173439
1253,216,-72.7916666666625,40.916666666668,0.481152438444066
1254,216,-72.7499999999958,40.916666666668,0.435932905572418
1255,216,-72.7083333333291,40.916666666668,0.448316946332575
1256,216,-72.6666666666625,40.916666666668,0.464486607281072
1257,216,-72.6249999999958,40.916666666668,0.515014994062403
1258,216,-72.5833333333291,40.916666666668,0.487612423166017
1259,216,-72.5416666666625,40.916666666668,0.526052566357765
1260,216,-72.4999999999958,40.916666666668,0.461027451706204
1261,216,-72.4583333333291,40.916666666668,0.420270809002768
1262,216,-72.4166666666625,40.916666666668,0.540562166766505
1263,216,-72.3749999999958,40.916666666668,0.471816364388691
1264,216,-72.3333333333291,40.916666666668,0.354000078155596
1265,216,-72.2916666666625,40.916666666668,0.429045723156383
1266,216,-72.2499999999958,40.916666666668,0.391425318090516
1267,216,-72.2083333333291,40.916666666668,0.320452790637238
1225,217,-73.9583333333293,40.8750000000013,0.0464802791081972
1226,217,-73.9166666666626,40.8750000000013,0.331321740011716
1227,217,-73.8749999999959,40.8750000000013,0.421133413229264
1228,217,-73.8333333333292,40.8750000000013,0.410443971176823
1229,217,-73.7916666666626,40.8750000000013,0.504287004081809
1230,217,-73.7499999999959,40.8750000000013,0.472365556394353
1231,217,-73.7083333333292,40.8750000000013,0.528837927881123
1232,217,-73.6666666666626,40.8750000000013,0.506531395286154
1233,217,-73.6249999999959,40.8750000000013,0.492014212428675
1234,217,-73.5833333333292,40.8750000000013,0.555133690184011
1235,217,-73.5416666666625,40.8750000000013,0.556146335929766
1236,217,-73.4999999999959,40.8750000000013,0.597207432372405
1237,217,-73.4583333333292,40.8750000000013,0.54876754322943
1238,217,-73.4166666666625,40.8750000000013,0.472979698329073
1239,217,-73.3749999999959,40.8750000000013,0.493188523087093
1240,217,-73.3333333333292,40.8750000000013,0.488083386954191
1241,217,-73.2916666666625,40.8750000000013,0.494271885239348
1242,217,-73.2499999999959,40.8750000000013,0.494173739713691
1243,217,-73.2083333333292,40.8750000000013,0.51329607663099
1244,217,-73.1666666666625,40.8750000000013,0.498044281469488
1245,217,-73.1249999999959,40.8750000000013,0.472512281187231
1246,217,-73.0833333333292,40.8750000000013,0.479282040819192
1247,217,-73.0416666666625,40.8750000000013,0.4748981890389
1248,217,-72.9999999999958,40.8750000000013,0.506592172180254
1249,217,-72.9583333333292,40.8750000000013,0.52490464096298
1250,217,-72.9166666666625,40.8750000000013,0.531640429351714
1251,217,-72.8749999999958,40.8750000000013,0.493026682999927
1252,217,-72.8333333333292,40.8750000000013,0.504376114002827
1253,217,-72.7916666666625,40.8750000000013,0.514444018820915
1254,217,-72.7499999999958,40.8750000000013,0.563348596944176
1255,217,-72.7083333333291,40.8750000000013,0.510637536781061
1256,217,-72.6666666666625,40.8750000000013,0.478367738620712
1257,217,-72.6249999999958,40.8750000000013,0.513221569340731
1258,217,-72.5833333333291,40.8750000000013,0.478989097603723
1259,217,-72.5416666666625,40.8750000000013,0.504639525605209
1260,217,-72.4999999999958,40.8750000000013,0.49452472011651
1261,217,-72.4583333333291,40.8750000000013,0.479927850354522
1262,217,-72.4166666666625,40.8750000000013,0.493416546736336
1263,217,-72.3749999999958,40.8750000000013,0.443902168353492
1264,217,-72.3333333333291,40.8750000000013,0.302750668968882
1225,218,-73.9583333333293,40.8333333333346,0.257508957287949
1226,218,-73.9166666666626,40.8333333333346,0.365604007464055
1227,218,-73.8749999999959,40.8333333333346,0.384927376466074
1228,218,-73.8333333333292,40.8333333333346,0.379838218482195
1229,218,-73.7916666666626,40.8333333333346,0.38464319258514
1230,218,-73.7499999999959,40.8333333333346,0.497788805225524
1231,218,-73.7083333333292,40.8333333333346,0.469232892654463
1232,218,-73.6666666666626,40.8333333333346,0.491880864979894
1233,218,-73.6249999999959,40.8333333333346,0.497319704056668
1234,218,-73.5833333333292,40.8333333333346,0.542008246344274
1235,218,-73.5416666666625,40.8333333333346,0.558543438718803
1236,218,-73.4999999999959,40.8333333333346,0.515402359681478
1237,218,-73.4583333333292,40.8333333333346,0.545514627149582
1238,218,-73.4166666666625,40.8333333333346,0.485521264519796
1239,218,-73.3749999999959,40.8333333333346,0.497387075640944
1240,218,-73.3333333333292,40.8333333333346,0.514423149243865
1241,218,-73.2916666666625,40.8333333333346,0.475770604263087
1242,218,-73.2499999999959,40.8333333333346,0.472893336232222
1243,218,-73.2083333333292,40.8333333333346,0.495429774786921
1244,218,-73.1666666666625,40.8333333333346,0.492060121903943
1245,218,-73.1249999999959,40.8333333333346,0.454588721028703
1246,218,-73.0833333333292,40.8333333333346,0.478925974021523
1247,218,-73.0416666666625,40.8333333333346,0.482393581631702
1248,218,-72.9999999999958,40.8333333333346,0.501697111530534
1249,218,-72.9583333333292,40.8333333333346,0.511237547055555
1250,218,-72.9166666666625,40.8333333333346,0.532678832047772
1251,218,-72.8749999999958,40.8333333333346,0.506991341465918
1252,218,-72.8333333333292,40.8333333333346,0.520586147680846
1253,218,-72.7916666666625,40.8333333333346,0.513481699150841
1254,218,-72.7499999999958,40.8333333333346,0.498085065989154
1255,218,-72.7083333333291,40.8333333333346,0.497235176723644
1256,218,-72.6666666666625,40.8333333333346,0.555630144117009
1257,218,-72.6249999999958,40.8333333333346,0.477092748607039
1258,218,-72.5833333333291,40.8333333333346,0.498850543863194
1259,218,-72.5416666666625,40.8333333333346,0.446168613379155
1260,218,-72.4999999999958,40.8333333333346,0.37611934620478
1261,218,-72.4583333333291,40.8333333333346,0.34938876035592
1262,218,-72.4166666666625,40.8333333333346,0.264983019658497
1224,219,-73.9999999999959,40.791666666668,0.189787362383626
1225,219,-73.9583333333293,40.791666666668,0.361191759665265
1226,219,-73.9166666666626,40.791666666668,0.35934685642768
1227,219,-73.8749999999959,40.791666666668,0.360414836488526
1228,219,-73.8333333333292,40.791666666668,0.383856441966873
1229,219,-73.7916666666626,40.791666666668,0.401416206142165
1230,219,-73.7499999999959,40.791666666668,0.475486336611024
1231,219,-73.7083333333292,40.791666666668,0.489889289087072
1232,219,-73.6666666666626,40.791666666668,0.472545021265
1233,219,-73.6249999999959,40.791666666668,0.506778809893433
1234,219,-73.5833333333292,40.791666666668,0.538710322677578
1235,219,-73.5416666666625,40.791666666668,0.474541507289638
1236,219,-73.4999999999959,40.791666666668,0.434706808951278
1237,219,-73.4583333333292,40.791666666668,0.489111241684585
1238,219,-73.4166666666625,40.791666666668,0.508332891494204
1239,219,-73.3749999999959,40.791666666668,0.499787996149729
1240,219,-73.3333333333292,40.791666666668,0.490085325464277
1241,219,-73.2916666666625,40.791666666668,0.470136539735296
1242,219,-73.2499999999959,40.791666666668,0.451067634960389
1243,219,-73.2083333333292,40.791666666668,0.452393786010621
1244,219,-73.1666666666625,40.791666666668,0.537325010584733
1245,219,-73.1249999999959,40.791666666668,0.448471760153111
1246,219,-73.0833333333292,40.791666666668,0.443844596342703
1247,219,-73.0416666666625,40.791666666668,0.460966919115758
1248,219,-72.9999999999958,40.791666666668,0.479810003233465
1249,219,-72.9583333333292,40.791666666668,0.466925753004535
1250,219,-72.9166666666625,40.791666666668,0.509539062658093
1251,219,-72.8749999999958,40.791666666668,0.497701856133104
1252,219,-72.8333333333292,40.791666666668,0.497438593715389
1253,219,-72.7916666666625,40.791666666668,0.498476668751572
1254,219,-72.7499999999958,40.791666666668,0.485051319333705
1255,219,-72.7083333333291,40.791666666668,0.460223418191888
1256,219,-72.6666666666625,40.791666666668,0.451922069998744
1257,219,-72.6249999999958,40.791666666668,0.441046627570901
1258,219,-72.5833333333291,40.791666666668,0.426728153509683
1223,220,-74.0416666666626,40.7500000000013,0
1224,220,-73.9999999999959,40.7500000000013,0.283259977093998
1225,220,-73.9583333333293,40.7500000000013,0.357797675444351
1226,220,-73.9166666666626,40.7500000000013,0.360366377456854
1227,220,-73.8749999999959,40.7500000000013,0.35000724338741
1228,220,-73.8333333333292,40.7500000000013,0.379617176713217
1229,220,-73.7916666666626,40.7500000000013,0.414119948687018
1230,220,-73.7499999999959,40.7500000000013,0.451530348183173
1231,220,-73.7083333333292,40.7500000000013,0.417551402409448
1232,220,-73.6666666666626,40.7500000000013,0.428776280990623
1233,220,-73.6249999999959,40.7500000000013,0.432746591514688
1234,220,-73.5833333333292,40.7500000000013,0.435989695624177
1235,220,-73.5416666666625,40.7500000000013,0.424870211717963
1236,220,-73.4999999999959,40.7500000000013,0.415310937325019
1237,220,-73.4583333333292,40.7500000000013,0.482262526989332
1238,220,-73.4166666666625,40.7500000000013,0.430857159426351
1239,220,-73.3749999999959,40.7500000000013,0.488530859789331
1240,220,-73.3333333333292,40.7500000000013,0.446706957423623
1241,220,-73.2916666666625,40.7500000000013,0.44806715126167
1242,220,-73.2499999999959,40.7500000000013,0.455029508594073
1243,220,-73.2083333333292,40.7500000000013,0.457388224507258
1244,220,-73.1666666666625,40.7500000000013,0.517722606366789
1245,220,-73.1249999999959,40.7500000000013,0.511163751007461
1246,220,-73.0833333333292,40.7500000000013,0.470813007304691
1247,220,-73.0416666666625,40.7500000000013,0.467220677766163
1248,220,-72.9999999999958,40.7500000000013,0.448153562883531
1249,220,-72.9583333333292,40.7500000000013,0.481868481830618
1250,220,-72.9166666666625,40.7500000000013,0.490635842381636
1251,220,-72.8749999999958,40.7500000000013,0.466785759127737
1252,220,-72.8333333333292,40.7500000000013,0.478555080544049
1253,220,-72.7916666666625,40.7500000000013,0.385173327796952
1254,220,-72.7499999999958,40.7500000000013,0.364523176155767
1223,221,-74.0416666666626,40.7083333333346,0
1224,221,-73.9999999999959,40.7083333333346,0.327353867136927
1225,221,-73.9583333333293,40.7083333333346,0.350643427729826
1226,221,-73.9166666666626,40.7083333333346,0.342388597068039
1227,221,-73.8749999999959,40.7083333333346,0.40063105838352
1228,221,-73.8333333333292,40.7083333333346,0.40300508932207
1229,221,-73.7916666666626,40.7083333333346,0.388638899164117
1230,221,-73.7499999999959,40.7083333333346,0.390529537185783
1231,221,-73.7083333333292,40.7083333333346,0.413732011374779
1232,221,-73.6666666666626,40.7083333333346,0.430906172960312
1233,221,-73.6249999999959,40.7083333333346,0.431321353574766
1234,221,-73.5833333333292,40.7083333333346,0.433568211395108
1235,221,-73.5416666666625,40.7083333333346,0.42974594324488
1236,221,-73.4999999999959,40.7083333333346,0.423801626254266
1237,221,-73.4583333333292,40.7083333333346,0.441367583629552
1238,221,-73.4166666666625,40.7083333333346,0.43030046360173
1239,221,-73.3749999999959,40.7083333333346,0.436664804424413
1240,221,-73.3333333333292,40.7083333333346,0.445775833078703
1241,221,-73.2916666666625,40.7083333333346,0.456831475371337
1242,221,-73.2499999999959,40.7083333333346,0.457349180642144
1243,221,-73.2083333333292,40.7083333333346,0.464017798221646
1244,221,-73.1666666666625,40.7083333333346,0.522514772907656
1245,221,-73.1249999999959,40.7083333333346,0.475918262259562
1246,221,-73.0833333333292,40.7083333333346,0.463761207183657
1247,221,-73.0416666666625,40.7083333333346,0.491002786618013
1248,221,-72.9999999999958,40.7083333333346,0.401974230030783
1249,221,-72.9583333333292,40.7083333333346,0.360906525981649
1250,221,-72.9166666666625,40.7083333333346,0.380137148421138
1251,221,-72.8749999999958,40.7083333333346,0.314853080939239
1221,222,-74.1249999999959,40.666666666668,NA
1222,222,-74.0833333333293,40.666666666668,0.399678101827358
1223,222,-74.0416666666626,40.666666666668,0.321555312474569
1224,222,-73.9999999999959,40.666666666668,0.363607074738558
1225,222,-73.9583333333293,40.666666666668,0.366912974441233
1226,222,-73.9166666666626,40.666666666668,0.359484436997149
1227,222,-73.8749999999959,40.666666666668,0.37949429852906
1228,222,-73.8333333333292,40.666666666668,0.355730151831395
1229,222,-73.7916666666626,40.666666666668,0.363155752079303
1230,222,-73.7499999999959,40.666666666668,0.398601506257548
1231,222,-73.7083333333292,40.666666666668,0.409580956155544
1232,222,-73.6666666666626,40.666666666668,0.425819478313201
1233,222,-73.6249999999959,40.666666666668,0.429884141208426
1234,222,-73.5833333333292,40.666666666668,0.432999223301226
1235,222,-73.5416666666625,40.666666666668,0.429846033929316
1236,222,-73.4999999999959,40.666666666668,0.42811694251182
1237,222,-73.4583333333292,40.666666666668,0.440326829563656
1238,222,-73.4166666666625,40.666666666668,0.428993916182332
1239,222,-73.3749999999959,40.666666666668,0.416896822264257
1240,222,-73.3333333333292,40.666666666668,0.423775311822917
1241,222,-73.2916666666625,40.666666666668,0.445501838212957
1242,222,-73.2499999999959,40.666666666668,0.464164355431306
1243,222,-73.2083333333292,40.666666666668,NA
1244,222,-73.1666666666625,40.666666666668,0.429147533051772
1245,222,-73.1249999999959,40.666666666668,0.422881874156665
1246,222,-73.0833333333292,40.666666666668,0.381634505255136
1247,222,-73.0416666666625,40.666666666668,0.362797684792771
1248,222,-72.9999999999958,40.666666666668,0.377457189143121
1219,223,-74.2083333333293,40.6250000000013,0.447864460017419
1220,223,-74.1666666666626,40.6250000000013,0.433407398814112
1221,223,-74.1249999999959,40.6250000000013,0.432522654114541
1222,223,-74.0833333333293,40.6250000000013,0.43564822221662
1223,223,-74.0416666666626,40.6250000000013,0.372952406661472
1224,223,-73.9999999999959,40.6250000000013,0.33792314823183
1225,223,-73.9583333333293,40.6250000000013,0.359510190861801
1226,223,-73.9166666666626,40.6250000000013,0.362321866782827
1227,223,-73.8749999999959,40.6250000000013,0.391326348198221
1228,223,-73.8333333333292,40.6250000000013,0.36051254563481
1229,223,-73.7916666666626,40.6250000000013,0.353761939700652
1230,223,-73.7499999999959,40.6250000000013,0.40572645066871
1231,223,-73.7083333333292,40.6250000000013,0.439161934056344
1232,223,-73.6666666666626,40.6250000000013,0.418758452630515
1233,223,-73.6249999999959,40.6250000000013,0.413465011159126
1234,223,-73.5833333333292,40.6250000000013,0.384037171744171
1235,223,-73.5416666666625,40.6250000000013,0.417995759616595
1236,223,-73.4999999999959,40.6250000000013,0.492315480534105
1237,223,-73.4583333333292,40.6250000000013,0.503167686285741
1238,223,-73.4166666666625,40.6250000000013,0.416643175644719
1239,223,-73.3749999999959,40.6250000000013,0.416467858589938
1240,223,-73.3333333333292,40.6250000000013,0.411228251781298
1241,223,-73.2916666666625,40.6250000000013,0.397334930664332
1242,223,-73.2499999999959,40.6250000000013,0.398783737112165
1243,223,-73.2083333333292,40.6250000000013,0.385019125711246
1244,223,-73.1666666666625,40.6250000000013,0.370232205388162
1245,223,-73.1249999999959,40.6250000000013,0.254006803035736
1219,224,-74.2083333333293,40.5833333333346,0.405494953965746
1220,224,-74.1666666666626,40.5833333333346,0.453943752122543
1221,224,-74.1249999999959,40.5833333333346,0.519806705470712
1222,224,-74.0833333333293,40.5833333333346,0.441305645891247
1223,224,-74.0416666666626,40.5833333333346,0.443668613354658
1224,224,-73.9999999999959,40.5833333333346,0.352107166419309
1225,224,-73.9583333333293,40.5833333333346,0.350711457594337
1226,224,-73.9166666666626,40.5833333333346,0.417452317010966
1227,224,-73.8749999999959,40.5833333333346,0.451972958750981
1228,224,-73.8333333333292,40.5833333333346,0.33814471114409
1229,224,-73.7916666666626,40.5833333333346,0.386139424531686
1230,224,-73.7499999999959,40.5833333333346,0.390020835103726
1231,224,-73.7083333333292,40.5833333333346,0.395413288395241
1232,224,-73.6666666666626,40.5833333333346,0.361449265093715
1233,224,-73.6249999999959,40.5833333333346,0.394170392776022
1234,224,-73.5833333333292,40.5833333333346,0.380349518454928
1235,224,-73.5416666666625,40.5833333333346,0.403537454052621
1236,224,-73.4999999999959,40.5833333333346,0.412611986889431
1237,224,-73.4583333333292,40.5833333333346,0.462124087602793
1218,225,-74.2499999999959,40.5416666666679,0.506425417238385
1219,225,-74.2083333333293,40.5416666666679,0.49013385678815
1220,225,-74.1666666666626,40.5416666666679,0.452228026869545
1221,225,-74.1249999999959,40.5416666666679,0.482824086166079
1222,225,-74.0833333333293,40.5416666666679,0.452453840827321
1225,225,-73.9583333333293,40.5416666666679,0.408913739025593
1226,225,-73.9166666666626,40.5416666666679,0.359360431320965
1227,225,-73.8749999999959,40.5416666666679,0.459986989390212
1218,226,-74.2499999999959,40.5000000000013,0.457956826311481
1219,226,-74.2083333333293,40.5000000000013,0.522515289441851
1220,226,-74.1666666666626,40.5000000000013,0.512684268795926
