ORDER_or_GROUP,FAMILY,GENUS,SPECIES,Sex,stage_found,alive,concatcomments,nest_id,Ascosphaera_screened,ASCO_ID,Ascosphaera,wt_mg,Hotel_Type,Hole_Diameter,Replicate,Cell_Position,Study,Country,State,County,Town,lat,lon,last_update,number_of_specimens,id,pcr_asco,Collected_From,species_switch_in_nest,pantrap_site,Location_Code,Landscape.Type
Hymenoptera-Apiformes,Megachilidae,Osmia,taurus,male,adult,yes, ;1;;;,1,1,K101Asco_R,A. subglobosa,25.6,wood,6,3,2,Osmia across Virginia,USA,Va.,Greene,Stanardsville,38.293871,-78.516525,43558,1,101,1,Trap Nest,NA,y,WCH,A
Hymenoptera-Apiformes,Megachilidae,Osmia,taurus,male,adult,yes, ;1;;;,1,1,,NA,33.64,wood,6,3,1,Osmia across Virginia,USA,Va.,Greene,Stanardsville,38.293871,-78.516525,43558,1,102,0,Trap Nest,NA,y,WCH,A
,,,.,,pupa,no,taurus nest;Pupal case whitish; containing dead pupa covered in sporulating stalked fungus.;1;;;,1,1,K103Asco_R,A. subglobosa,NA,wood,6,3,4,Osmia across Virginia,USA,Va.,Greene,Stanardsville,38.293871,-78.516525,43447,1,103,1,Trap Nest,NA,y,WCH,A
Hymenoptera-Apiformes,Megachilidae,Osmia,taurus,male,adult,yes, ;1;;;,1,1,,NA,29.1,wood,6,3,3,Osmia across Virginia,USA,Va.,Greene,Stanardsville,38.293871,-78.516525,43558,1,104,0,Trap Nest,NA,y,WCH,A
Hymenoptera-Apiformes,Megachilidae,Osmia,taurus,male,adult,yes, ;1;;;,1,1,,NA,30.2,wood,6,3,5,Osmia across Virginia,USA,Va.,Greene,Stanardsville,38.293871,-78.516525,43558,1,105,0,Trap Nest,NA,y,WCH,A
Hymenoptera-Apiformes,Megachilidae,Osmia,taurus,male,adult,yes, ;1;;;,1,1,,NA,32.8,wood,6,3,6,Osmia across Virginia,USA,Va.,Greene,Stanardsville,38.293871,-78.516525,43558,1,106,0,Trap Nest,NA,y,WCH,A
Hymenoptera-Apiformes,Megachilidae,Osmia,taurus,male,adult,yes, ;1;;;,1,1,,NA,36,wood,6,3,7,Osmia across Virginia,USA,Va.,Greene,Stanardsville,38.293871,-78.516525,43558,1,107,0,Trap Nest,NA,y,WCH,A
Hymenoptera-Apiformes,Megachilidae,Osmia,taurus,male,adult,yes, ;1;;;,1,1,K108Asco_R,A. subglobosa,29.95,wood,6,3,8,Osmia across Virginia,USA,Va.,Greene,Stanardsville,38.293871,-78.516525,43558,1,108,1,Trap Nest,NA,y,WCH,A
Hymenoptera-Apiformes,Megachilidae,Osmia,taurus,male,adult,yes, ;1;;;,1,1,,NA,41.75,wood,6,3,9,Osmia across Virginia,USA,Va.,Greene,Stanardsville,38.293871,-78.516525,43558,1,109,0,Trap Nest,NA,y,WCH,A
Hymenoptera-Apiformes,Megachilidae,Osmia,taurus,male,adult,yes, ;1;;;,1,1,,NA,29.18,wood,6,3,10,Osmia across Virginia,USA,Va.,Greene,Stanardsville,38.293871,-78.516525,43558,1,110,0,Trap Nest,NA,y,WCH,A
,,,.,,,,na/ delete;2;;;,2,NA,,NA,NA,wood,6,1,9,Osmia across Virginia,USA,Va.,Frederick,Cross Junction,39.3204,-78.2933,43447,1,111,0,Trap Nest,NA,y,TVM,N
,,,.,,,,dead mass;2;;;,2,NA,,NA,37.4,wood,6,1,8,Osmia across Virginia,USA,Va.,Frederick,Cross Junction,39.3204,-78.2933,43447,1,112,0,Trap Nest,NA,y,TVM,N
,,,.,,,,dead? Pollen?;2;;;,2,NA,,NA,25.2,wood,6,1,7,Osmia across Virginia,USA,Va.,Frederick,Cross Junction,39.3204,-78.2933,43447,1,113,0,Trap Nest,NA,y,TVM,N
Hymenoptera-Apiformes,Megachilidae,Osmia,taurus,male,pupa,no,pupa;2;;;,2,1,,NA,8,wood,6,1,6,Osmia across Virginia,USA,Va.,Frederick,Cross Junction,39.3204,-78.2933,43558,1,114,0,Trap Nest,NA,y,TVM,N
Hymenoptera-Apiformes,Megachilidae,Osmia,taurus,male,adult,yes,JM;2;;;,2,1,,NA,40.4,wood,6,1,5,Osmia across Virginia,USA,Va.,Frederick,Cross Junction,39.3204,-78.2933,43558,1,115,0,Trap Nest,NA,y,TVM,N
Hymenoptera-Apiformes,Megachilidae,Osmia,taurus,male,adult,yes,JM;2;;;,2,1,,NA,35.3,wood,6,1,4,Osmia across Virginia,USA,Va.,Frederick,Cross Junction,39.3204,-78.2933,43558,1,116,1,Trap Nest,NA,y,TVM,N
Hymenoptera-Apiformes,Megachilidae,Osmia,taurus,male,adult,yes,JM;2;;;,2,1,,NA,45.3,wood,6,1,3,Osmia across Virginia,USA,Va.,Frederick,Cross Junction,39.3204,-78.2933,43558,1,117,0,Trap Nest,NA,y,TVM,N
Hymenoptera-Apiformes,Megachilidae,Osmia,taurus,male,adult,yes,JM;2;;;,2,1,,NA,55.7,wood,6,1,2,Osmia across Virginia,USA,Va.,Frederick,Cross Junction,39.3204,-78.2933,43558,1,118,0,Trap Nest,NA,y,TVM,N
Hymenoptera-Apiformes,Megachilidae,Osmia,taurus,male,adult,yes,JM;2;;;,2,1,,NA,42.4,wood,6,1,1,Osmia across Virginia,USA,Va.,Frederick,Cross Junction,39.3204,-78.2933,43558,1,119,0,Trap Nest,NA,y,TVM,N
,,,.,,,,dirt? Something dead?;3;;;,3,NA,,NA,31.3,wood,6,3,9,Osmia across Virginia,USA,Va.,Loudon,Leesburg,39.1244,-77.5401,43023,1,120,0,Trap Nest,NA,n,GBE,D
Hymenoptera-Apiformes,Megachilidae,Osmia,taurus,male,adult,yes,JM/ super sluggish;3;;;,3,1,,NA,22.8,wood,6,3,8,Osmia across Virginia,USA,Va.,Loudon,Leesburg,39.1244,-77.5401,43558,1,121,0,Trap Nest,NA,n,GBE,D
Hymenoptera-Apiformes,Megachilidae,Osmia,taurus,male,adult,yes,JM/ v sluggish;3;;;,3,1,,NA,48.2,wood,6,3,7,Osmia across Virginia,USA,Va.,Loudon,Leesburg,39.1244,-77.5401,43558,1,122,0,Trap Nest,NA,n,GBE,D
Hymenoptera-Apiformes,Megachilidae,Osmia,taurus,male,adult,yes,JM/ v sluggish;3;;;,3,1,,A. fusiformis,59.4,wood,6,3,6,Osmia across Virginia,USA,Va.,Loudon,Leesburg,39.1244,-77.5401,43558,1,123,1,Trap Nest,NA,n,GBE,D
Hymenoptera-Apiformes,Megachilidae,Osmia,taurus,male,adult,yes,JM;3;;;,3,1,,NA,56.6,wood,6,3,5,Osmia across Virginia,USA,Va.,Loudon,Leesburg,39.1244,-77.5401,43558,1,124,0,Trap Nest,NA,n,GBE,D
Hymenoptera-Apiformes,Megachilidae,Osmia,taurus,male,adult,yes,JM;3;;;,3,1,,NA,57.7,wood,6,3,4,Osmia across Virginia,USA,Va.,Loudon,Leesburg,39.1244,-77.5401,43558,1,125,0,Trap Nest,NA,n,GBE,D
Hymenoptera-Apiformes,Megachilidae,Osmia,taurus,male,adult,yes,JM;3;;;,3,1,,NA,57.8,wood,6,3,3,Osmia across Virginia,USA,Va.,Loudon,Leesburg,39.1244,-77.5401,43558,1,126,0,Trap Nest,NA,n,GBE,D
Hymenoptera-Apiformes,Megachilidae,Osmia,taurus,male,adult,yes,JM;3;;;,3,1,,NA,52.8,wood,6,3,2,Osmia across Virginia,USA,Va.,Loudon,Leesburg,39.1244,-77.5401,43558,1,127,0,Trap Nest,NA,n,GBE,D
Hymenoptera-Apiformes,Megachilidae,Osmia,taurus,male,adult,yes,JM;3;;;,3,1,,NA,50.3,wood,6,3,1,Osmia across Virginia,USA,Va.,Loudon,Leesburg,39.1244,-77.5401,43558,1,128,0,Trap Nest,NA,n,GBE,D
Hymenoptera-Apiformes,Megachilidae,Osmia,taurus,male,adult,yes,JM/ very small;4;;;,4,1,,NA,21.3,wood,6,3,10,Osmia across Virginia,USA,Va.,Frederick,Cross Junction,39.3204,-78.2933,43558,1,129,0,Trap Nest,NA,y,TVM,N
Hymenoptera-Apiformes,Megachilidae,Osmia,taurus,male,pupa,no,dead pupa;4;;;,4,1,,A. subglobosa,10.2,wood,6,3,9,Osmia across Virginia,USA,Va.,Frederick,Cross Junction,39.3204,-78.2933,43558,1,130,1,Trap Nest,NA,y,TVM,N
Hymenoptera-Apiformes,Megachilidae,Osmia,taurus,male,adult,yes,JM;4;;;,4,1,,NA,24.7,wood,6,3,8,Osmia across Virginia,USA,Va.,Frederick,Cross Junction,39.3204,-78.2933,43558,1,131,0,Trap Nest,NA,y,TVM,N
Hymenoptera-Apiformes,Megachilidae,Osmia,taurus,male,adult,yes,JM;4;;;,4,1,,NA,37,wood,6,3,7,Osmia across Virginia,USA,Va.,Frederick,Cross Junction,39.3204,-78.2933,43558,1,132,0,Trap Nest,NA,y,TVM,N
Hymenoptera-Apiformes,Megachilidae,Osmia,taurus,male,adult,yes,JM;4;;;,4,1,,A. fusiformis,24.2,wood,6,3,6,Osmia across Virginia,USA,Va.,Frederick,Cross Junction,39.3204,-78.2933,43558,1,133,1,Trap Nest,NA,y,TVM,N
Hymenoptera-Apiformes,Megachilidae,Osmia,taurus,male,adult,yes,JM;4;;;,4,1,,NA,48.9,wood,6,3,5,Osmia across Virginia,USA,Va.,Frederick,Cross Junction,39.3204,-78.2933,43558,1,134,0,Trap Nest,NA,y,TVM,N
Hymenoptera-Apiformes,Megachilidae,Osmia,taurus,male,adult,yes,JM;4;;;,4,1,,NA,46.7,wood,6,3,4,Osmia across Virginia,USA,Va.,Frederick,Cross Junction,39.3204,-78.2933,43558,1,135,0,Trap Nest,NA,y,TVM,N
Hymenoptera-Apiformes,Megachilidae,Osmia,taurus,male,adult,yes,JM;4;;;,4,1,,NA,23.9,wood,6,3,3,Osmia across Virginia,USA,Va.,Frederick,Cross Junction,39.3204,-78.2933,43558,1,136,0,Trap Nest,NA,y,TVM,N
Hymenoptera-Apiformes,Megachilidae,Osmia,taurus,male,adult,yes,JM;4;;;,4,1,,NA,44.4,wood,6,3,2,Osmia across Virginia,USA,Va.,Frederick,Cross Junction,39.3204,-78.2933,43558,1,137,0,Trap Nest,NA,y,TVM,N
Hymenoptera-Apiformes,Megachilidae,Osmia,taurus,male,adult,yes,JM;4;;;,4,1,,NA,73.1,wood,6,3,1,Osmia across Virginia,USA,Va.,Frederick,Cross Junction,39.3204,-78.2933,43558,1,138,0,Trap Nest,NA,y,TVM,N
Hymenoptera-Apiformes,Megachilidae,Osmia,taurus,female,adult,yes,JF;5;;;,5,1,K139Asco_R,NA,47.1,wood,8,1,10,Osmia across Virginia,USA,Va.,Fairfax,Fairfax City,38.8391,-77.289,43558,1,139,0,Trap Nest,NA,n,TTH,D
Hymenoptera-Apiformes,Megachilidae,Osmia,taurus,male,adult,yes,JM;5;;;,5,1,,NA,43.1,wood,8,1,9,Osmia across Virginia,USA,Va.,Fairfax,Fairfax City,38.8391,-77.289,43558,1,140,0,Trap Nest,NA,n,TTH,D
Hymenoptera-Apiformes,Megachilidae,Osmia,taurus,male,adult,yes,JM;5;;;,5,1,,NA,56.7,wood,8,1,8,Osmia across Virginia,USA,Va.,Fairfax,Fairfax City,38.8391,-77.289,43558,1,141,0,Trap Nest,NA,n,TTH,D
Hymenoptera-Apiformes,Megachilidae,Osmia,taurus,male,adult,yes,JM;5;;;,5,1,,NA,69.4,wood,8,1,7,Osmia across Virginia,USA,Va.,Fairfax,Fairfax City,38.8391,-77.289,43558,1,142,0,Trap Nest,NA,n,TTH,D
Hymenoptera-Apiformes,Megachilidae,Osmia,taurus,female,adult,yes,JF;5;;;,5,1,,NA,33.3,wood,8,1,6,Osmia across Virginia,USA,Va.,Fairfax,Fairfax City,38.8391,-77.289,43558,1,143,0,Trap Nest,NA,n,TTH,D
Hymenoptera-Apiformes,Megachilidae,Osmia,taurus,male,adult,yes,JM;5;;;,5,1,,NA,78.8,wood,8,1,5,Osmia across Virginia,USA,Va.,Fairfax,Fairfax City,38.8391,-77.289,43558,1,144,0,Trap Nest,NA,n,TTH,D
Hymenoptera-Apiformes,Megachilidae,Osmia,taurus,female,adult,yes,JF;5;;;,5,1,,NA,74.9,wood,8,1,4,Osmia across Virginia,USA,Va.,Fairfax,Fairfax City,38.8391,-77.289,43558,1,145,0,Trap Nest,NA,n,TTH,D
Hymenoptera-Apiformes,Megachilidae,Osmia,taurus,male,adult,yes,JM;5;;;,5,1,,NA,87.2,wood,8,1,3,Osmia across Virginia,USA,Va.,Fairfax,Fairfax City,38.8391,-77.289,43558,1,146,0,Trap Nest,NA,n,TTH,D
Hymenoptera-Apiformes,Megachilidae,Osmia,taurus,male,adult,yes,JM;5;;;,5,1,,NA,60.5,wood,8,1,2,Osmia across Virginia,USA,Va.,Fairfax,Fairfax City,38.8391,-77.289,43558,1,147,0,Trap Nest,NA,n,TTH,D
Hymenoptera-Apiformes,Megachilidae,Osmia,taurus,male,adult,yes,JM?/ large/ lots of pollen;5;;;,5,1,,NA,58,wood,8,1,1,Osmia across Virginia,USA,Va.,Fairfax,Fairfax City,38.8391,-77.289,43558,1,148,0,Trap Nest,NA,n,TTH,D
Hymenoptera-Apiformes,Megachilidae,Osmia,taurus,female,adult,yes,JF;6;;;,6,1,,NA,48.5,wood,6,3,12,Osmia across Virginia,USA,Va.,Frederick,Cross,39.3373,-78.3146,43558,1,149,0,Trap Nest,NA,n,HBT,N
Hymenoptera-Apiformes,Megachilidae,Osmia,taurus,male,adult,yes,JM;6;;;,6,1,,NA,47.8,wood,6,3,11,Osmia across Virginia,USA,Va.,Frederick,Cross,39.3373,-78.3146,43558,1,150,0,Trap Nest,NA,n,HBT,N
Hymenoptera-Apiformes,Megachilidae,Osmia,taurus,male,adult,yes,JM;6;;;,6,1,,NA,35.5,wood,6,3,10,Osmia across Virginia,USA,Va.,Frederick,Cross,39.3373,-78.3146,43558,1,151,0,Trap Nest,NA,n,HBT,N
Hymenoptera-Apiformes,Megachilidae,Osmia,taurus,male,adult,yes,JM;6;;;,6,1,,NA,51.1,wood,6,3,9,Osmia across Virginia,USA,Va.,Frederick,Cross,39.3373,-78.3146,43558,1,152,0,Trap Nest,NA,n,HBT,N
Hymenoptera-Apiformes,Megachilidae,Osmia,taurus,male,adult,yes,JM;6;;;,6,1,,NA,57.3,wood,6,3,8,Osmia across Virginia,USA,Va.,Frederick,Cross,39.3373,-78.3146,43558,1,153,0,Trap Nest,NA,n,HBT,N
Hymenoptera-Apiformes,Megachilidae,Osmia,taurus,male,adult,yes,JM;6;;;,6,1,,NA,56,wood,6,3,7,Osmia across Virginia,USA,Va.,Frederick,Cross,39.3373,-78.3146,43558,1,154,0,Trap Nest,NA,n,HBT,N
Hymenoptera-Apiformes,Megachilidae,Osmia,taurus,male,adult,yes,JM;6;;;,6,1,,NA,56.1,wood,6,3,6,Osmia across Virginia,USA,Va.,Frederick,Cross,39.3373,-78.3146,43558,1,155,0,Trap Nest,NA,n,HBT,N
Hymenoptera-Apiformes,Megachilidae,Osmia,taurus,male,adult,yes,JM;6;;;,6,1,,NA,54.1,wood,6,3,5,Osmia across Virginia,USA,Va.,Frederick,Cross,39.3373,-78.3146,43558,1,156,0,Trap Nest,NA,n,HBT,N
Hymenoptera-Apiformes,Megachilidae,Osmia,taurus,male,adult,yes,JM;6;;;,6,1,,NA,55.4,wood,6,3,4,Osmia across Virginia,USA,Va.,Frederick,Cross,39.3373,-78.3146,43558,1,157,0,Trap Nest,NA,n,HBT,N
Hymenoptera-Apiformes,Megachilidae,Osmia,taurus,male,adult,yes,JM;6;;;,6,1,,NA,55.8,wood,6,3,3,Osmia across Virginia,USA,Va.,Frederick,Cross,39.3373,-78.3146,43558,1,158,0,Trap Nest,NA,n,HBT,N
Hymenoptera-Apiformes,Megachilidae,Osmia,taurus,male,adult,yes,JM;6;;;,6,1,,NA,57.1,wood,6,3,2,Osmia across Virginia,USA,Va.,Frederick,Cross,39.3373,-78.3146,43558,1,159,0,Trap Nest,NA,n,HBT,N
Hymenoptera-Apiformes,Megachilidae,Osmia,taurus,male,adult,yes,JM;6;;;,6,1,,NA,51.6,wood,6,3,1,Osmia across Virginia,USA,Va.,Frederick,Cross,39.3373,-78.3146,43558,1,160,0,Trap Nest,NA,n,HBT,N
Hymenoptera-Apiformes,Megachilidae,Osmia,taurus,male,larva,no,dead larva?;7;;;,7,1,,A. fusiformis,33.9,wood,6,2,8,Osmia across Virginia,USA,Va.,Loudon,Leesburg,39.1244,-77.5401,43558,1,161,1,Trap Nest,NA,n,GBE,D
Hymenoptera-Apiformes,Megachilidae,Osmia,taurus,male,,,fungal/ outer wall/ nothing?;7;;;,7,NA,,NA,NA,wood,6,2,7,Osmia across Virginia,USA,Va.,Loudon,Leesburg,39.1244,-77.5401,43558,1,162,0,Trap Nest,NA,n,GBE,D
Hymenoptera-Apiformes,Megachilidae,Osmia,taurus,male,larva,no,dead larva?;7;;;,7,1,,NA,3.8,wood,6,2,6,Osmia across Virginia,USA,Va.,Loudon,Leesburg,39.1244,-77.5401,43558,1,163,0,Trap Nest,NA,n,GBE,D
Hymenoptera-Apiformes,Megachilidae,Osmia,taurus,male,adult,yes,JM;7;;;,7,1,,NA,33.4,wood,6,2,5,Osmia across Virginia,USA,Va.,Loudon,Leesburg,39.1244,-77.5401,43558,1,164,0,Trap Nest,NA,n,GBE,D
Hymenoptera-Apiformes,Megachilidae,Osmia,taurus,male,adult,yes,JM;7;;;,7,1,,NA,48.3,wood,6,2,4,Osmia across Virginia,USA,Va.,Loudon,Leesburg,39.1244,-77.5401,43558,1,165,0,Trap Nest,NA,n,GBE,D
Hymenoptera-Apiformes,Megachilidae,Osmia,taurus,male,adult,yes,JM;7;;;,7,1,,NA,52.1,wood,6,2,3,Osmia across Virginia,USA,Va.,Loudon,Leesburg,39.1244,-77.5401,43558,1,166,0,Trap Nest,NA,n,GBE,D
Hymenoptera-Apiformes,Megachilidae,Osmia,taurus,male,adult,yes,JM;7;;;,7,1,,NA,39.1,wood,6,2,2,Osmia across Virginia,USA,Va.,Loudon,Leesburg,39.1244,-77.5401,43558,1,167,0,Trap Nest,NA,n,GBE,D
Hymenoptera-Apiformes,Megachilidae,Osmia,taurus,male,adult,yes,JM;7;;;,7,1,,NA,44.2,wood,6,2,1,Osmia across Virginia,USA,Va.,Loudon,Leesburg,39.1244,-77.5401,43558,1,168,0,Trap Nest,NA,n,GBE,D
Hymenoptera-Apiformes,Megachilidae,Osmia,taurus,female,adult,yes,JF/ sluggish/ fungal around cocoon;8;;;,8,1,,A. fusiformis,97.9,wood,8,3,11,Osmia across Virginia,USA,Va., ,Winchester,39.1854,-78.1709,43558,1,169,1,Trap Nest,NA,n,HMH,D
Hymenoptera-Apiformes,Megachilidae,Osmia,taurus,female,adult,yes,JF/ lots of fungi;8;;;,8,1,,A. fusiformis,99.4,wood,8,3,10,Osmia across Virginia,USA,Va., ,Winchester,39.1854,-78.1709,43558,1,170,1,Trap Nest,NA,n,HMH,D
Hymenoptera-Apiformes,Megachilidae,Osmia,taurus,female,adult,yes,JF;8;;;,8,1,,NA,96.6,wood,8,3,9,Osmia across Virginia,USA,Va., ,Winchester,39.1854,-78.1709,43558,1,171,0,Trap Nest,NA,n,HMH,D
Hymenoptera-Apiformes,Megachilidae,Osmia,taurus,female,adult,yes,JF;8;;;,8,1,,A. fusiformis,89.5,wood,8,3,8,Osmia across Virginia,USA,Va., ,Winchester,39.1854,-78.1709,43558,1,172,1,Trap Nest,NA,n,HMH,D
Hymenoptera-Apiformes,Megachilidae,Osmia,taurus,female,adult,yes,JF;8;;;,8,1,,NA,102.8,wood,8,3,7,Osmia across Virginia,USA,Va., ,Winchester,39.1854,-78.1709,43558,1,173,1,Trap Nest,NA,n,HMH,D
Hymenoptera-Apiformes,Megachilidae,Osmia,taurus,female,adult,yes,JF;8;;;,8,1,,A. fusiformis,101.6,wood,8,3,6,Osmia across Virginia,USA,Va., ,Winchester,39.1854,-78.1709,43558,1,174,1,Trap Nest,NA,n,HMH,D
Hymenoptera-Apiformes,Megachilidae,Osmia,taurus,female,adult,yes,JF;8;;;,8,1,,A. fusiformis,89.1,wood,8,3,5,Osmia across Virginia,USA,Va., ,Winchester,39.1854,-78.1709,43558,1,175,1,Trap Nest,NA,n,HMH,D
Hymenoptera-Apiformes,Megachilidae,Osmia,taurus,female,adult,yes,JF;8;;;,8,1,,NA,83.5,wood,8,3,4,Osmia across Virginia,USA,Va., ,Winchester,39.1854,-78.1709,43558,1,176,0,Trap Nest,NA,n,HMH,D
Hymenoptera-Apiformes,Megachilidae,Osmia,taurus,male,adult,yes,JM;8;;;,8,1,,NA,58.8,wood,8,3,3,Osmia across Virginia,USA,Va., ,Winchester,39.1854,-78.1709,43558,1,177,0,Trap Nest,NA,n,HMH,D
Hymenoptera-Apiformes,Megachilidae,Osmia,taurus,male,adult,yes,JM;8;;;,8,1,,NA,53.8,wood,8,3,2,Osmia across Virginia,USA,Va., ,Winchester,39.1854,-78.1709,43558,1,178,0,Trap Nest,NA,n,HMH,D
,,,.,,,,pollen? No cadaver;8;;;,8,NA,,NA,3.6,wood,8,3,1,Osmia across Virginia,USA,Va., ,Winchester,39.1854,-78.1709,43033,1,179,0,Trap Nest,NA,n,HMH,D
,,,.,,,,fungal? Not individual?;9;;;,9,1,,NA,50.1,wood,8,3,11,Osmia across Virginia,USA,Va.,Fairfax,Fairfax City,38.8391,-77.289,43033,1,180,1,Trap Nest,NA,n,TTH,D
Hymenoptera-Apiformes,Megachilidae,Osmia,cornifrons,female,adult,yes,JF;9;;;,9,1,K181Asco_R,A. naganensis,82.5,wood,8,3,10,Osmia across Virginia,USA,Va.,Fairfax,Fairfax City,38.8391,-77.289,43558,1,181,1,Trap Nest,NA,n,TTH,D
Hymenoptera-Apiformes,Megachilidae,Osmia,cornifrons,female,adult,yes,JF;9;;;,9,1,,NA,73.3,wood,8,3,9,Osmia across Virginia,USA,Va.,Fairfax,Fairfax City,38.8391,-77.289,43558,1,182,0,Trap Nest,NA,n,TTH,D
Hymenoptera-Apiformes,Megachilidae,Osmia,cornifrons,female,adult,yes,JF;9;;;,9,1,K183Asco_R,A. naganensis,79.2,wood,8,3,8,Osmia across Virginia,USA,Va.,Fairfax,Fairfax City,38.8391,-77.289,43558,1,183,1,Trap Nest,NA,n,TTH,D
Hymenoptera-Apiformes,Megachilidae,Osmia,cornifrons,female,adult,yes,fungus-y cocoon? JF;9;;;,9,1,,NA,76.9,wood,8,3,7,Osmia across Virginia,USA,Va.,Fairfax,Fairfax City,38.8391,-77.289,43558,1,184,0,Trap Nest,NA,n,TTH,D
Hymenoptera-Apiformes,Megachilidae,Osmia,cornifrons,female,adult,yes,JF;9;;;,9,1,,NA,69.3,wood,8,3,6,Osmia across Virginia,USA,Va.,Fairfax,Fairfax City,38.8391,-77.289,43558,1,185,0,Trap Nest,NA,n,TTH,D
Hymenoptera-Apiformes,Megachilidae,Osmia,cornifrons,female,adult,yes,JF;9;;;,9,1,,NA,78.5,wood,8,3,5,Osmia across Virginia,USA,Va.,Fairfax,Fairfax City,38.8391,-77.289,43558,1,186,0,Trap Nest,NA,n,TTH,D
Hymenoptera-Apiformes,Megachilidae,Osmia,cornifrons,male,adult,yes,JM;9;;;,9,1,,NA,44.9,wood,8,3,4,Osmia across Virginia,USA,Va.,Fairfax,Fairfax City,38.8391,-77.289,43558,1,187,0,Trap Nest,NA,n,TTH,D
Hymenoptera-Apiformes,Megachilidae,Osmia,cornifrons,male,adult,yes,JM;9;;;,9,1,,NA,42.8,wood,8,3,3,Osmia across Virginia,USA,Va.,Fairfax,Fairfax City,38.8391,-77.289,43558,1,188,0,Trap Nest,NA,n,TTH,D
,,,.,,,,mud plug? Not individual;9;;;,9,1,K189Asco_R,A. subglobosa,72.3,wood,8,3,2,Osmia across Virginia,USA,Va.,Fairfax,Fairfax City,38.8391,-77.289,43033,1,189,1,Trap Nest,NA,n,TTH,D
Hymenoptera-Apiformes,Megachilidae,Osmia,cornifrons,male,adult,yes,JM;9;;;,9,1,,NA,49.3,wood,8,3,1,Osmia across Virginia,USA,Va.,Fairfax,Fairfax City,38.8391,-77.289,43558,1,190,0,Trap Nest,NA,n,TTH,D
Hymenoptera-Apiformes,Megachilidae,Osmia,lignaria,male,adult,yes,BOB male??;10;;;,10,1,K191Asco_R,A. naganensis,34.3,wood,8,2,10,Osmia across Virginia,USA,Va.,Greene,Stanardsville,38.293871,-78.516525,43558,1,191,1,Trap Nest,NA,y,WCH,A
Hymenoptera-Apiformes,Megachilidae,Osmia,lignaria,female,adult,yes,BOB female;10;;;,10,1,,NA,63.9,wood,8,2,9,Osmia across Virginia,USA,Va.,Greene,Stanardsville,38.293871,-78.516525,43558,1,192,0,Trap Nest,NA,y,WCH,A
Hymenoptera-Apiformes,Megachilidae,Osmia,lignaria,female,adult,yes,BOB female;10;;;,10,1,,NA,80.2,wood,8,2,8,Osmia across Virginia,USA,Va.,Greene,Stanardsville,38.293871,-78.516525,43558,1,193,0,Trap Nest,NA,y,WCH,A
,,,.,,,,pollen provision?;10;;;,10,1,K194Asco_R,A. subglobosa,NA,wood,8,2,7,Osmia across Virginia,USA,Va.,Greene,Stanardsville,38.293871,-78.516525,43447,1,194,1,Trap Nest,NA,y,WCH,A
Hymenoptera-Apiformes,Megachilidae,Osmia,lignaria,male,adult,yes,BOB male;10;;;,10,1,,NA,56.7,wood,8,2,6,Osmia across Virginia,USA,Va.,Greene,Stanardsville,38.293871,-78.516525,43558,1,195,0,Trap Nest,NA,y,WCH,A
Hymenoptera-Apiformes,Megachilidae,Osmia,lignaria,male,adult,yes,BOB male;10;;;,10,1,,NA,56.6,wood,8,2,5,Osmia across Virginia,USA,Va.,Greene,Stanardsville,38.293871,-78.516525,43558,1,196,0,Trap Nest,NA,y,WCH,A
,,,.,,,,pollen provision?;10;;;,10,1,K197Asco_R,A. subglobosa,NA,wood,8,2,4,Osmia across Virginia,USA,Va.,Greene,Stanardsville,38.293871,-78.516525,43447,1,197,1,Trap Nest,NA,y,WCH,A
Hymenoptera-Apiformes,Megachilidae,Osmia,lignaria,male,adult,yes,BOB male;10;;;,10,1,,NA,50,wood,8,2,3,Osmia across Virginia,USA,Va.,Greene,Stanardsville,38.293871,-78.516525,43558,1,198,0,Trap Nest,NA,y,WCH,A
Hymenoptera-Apiformes,Megachilidae,Osmia,lignaria,male,adult,yes,BOB male;10;;;,10,1,,NA,55,wood,8,2,2,Osmia across Virginia,USA,Va.,Greene,Stanardsville,38.293871,-78.516525,43558,1,199,0,Trap Nest,NA,y,WCH,A
Hymenoptera-Apiformes,Megachilidae,Osmia,lignaria,male,adult,yes,dark brown cocoon/ BOB male;10;;;,10,1,,NA,49.6,wood,8,2,1,Osmia across Virginia,USA,Va.,Greene,Stanardsville,38.293871,-78.516525,43558,1,200,0,Trap Nest,NA,y,WCH,A
,,,.,,,,pollen? No Osmia?;11;;;,11,NA,,NA,81.1,wood,6,1,11,Osmia across Virginia,USA,WV,Hampshire,Augusta,39.24797,-78.52681,43447,1,201,0,Trap Nest,NA,y,TMB,N
,,,.,,,,pollen? No Osmia?;11;;;,11,NA,,NA,91.8,wood,6,1,10,Osmia across Virginia,USA,WV,Hampshire,Augusta,39.24797,-78.52681,43447,1,202,0,Trap Nest,NA,y,TMB,N
Hymenoptera-Apiformes,Megachilidae,Osmia,taurus,male,adult,yes,JM;11;;;,11,1,,NA,66,wood,6,1,9,Osmia across Virginia,USA,WV,Hampshire,Augusta,39.24797,-78.52681,43558,1,203,0,Trap Nest,NA,y,TMB,N
Hymenoptera-Apiformes,Megachilidae,Osmia,taurus,male,adult,yes,JM;11;;;,11,1,,NA,36.4,wood,6,1,8,Osmia across Virginia,USA,WV,Hampshire,Augusta,39.24797,-78.52681,43558,1,204,0,Trap Nest,NA,y,TMB,N
Hymenoptera-Apiformes,Megachilidae,Osmia,taurus,male,adult,yes,JM;11;;;,11,1,,NA,43.4,wood,6,1,7,Osmia across Virginia,USA,WV,Hampshire,Augusta,39.24797,-78.52681,43558,1,205,0,Trap Nest,NA,y,TMB,N
Hymenoptera-Apiformes,Megachilidae,Osmia,taurus,male,adult,yes,JM;11;;;,11,1,,NA,44.9,wood,6,1,6,Osmia across Virginia,USA,WV,Hampshire,Augusta,39.24797,-78.52681,43558,1,206,0,Trap Nest,NA,y,TMB,N
Hymenoptera-Apiformes,Megachilidae,Osmia,taurus,male,adult,yes,JM;11;;;,11,1,,NA,37.8,wood,6,1,5,Osmia across Virginia,USA,WV,Hampshire,Augusta,39.24797,-78.52681,43558,1,207,0,Trap Nest,NA,y,TMB,N
Hymenoptera-Apiformes,Megachilidae,Osmia,taurus,male,adult,yes,JM;11;;;,11,1,,NA,31.2,wood,6,1,4,Osmia across Virginia,USA,WV,Hampshire,Augusta,39.24797,-78.52681,43558,1,208,0,Trap Nest,NA,y,TMB,N
Hymenoptera-Apiformes,Megachilidae,Osmia,taurus,male,adult,yes,JM;11;;;,11,1,,NA,39.9,wood,6,1,3,Osmia across Virginia,USA,WV,Hampshire,Augusta,39.24797,-78.52681,43558,1,209,0,Trap Nest,NA,y,TMB,N
Hymenoptera-Apiformes,Megachilidae,Osmia,taurus,male,adult,yes,JM;11;;;,11,1,,NA,30.6,wood,6,1,2,Osmia across Virginia,USA,WV,Hampshire,Augusta,39.24797,-78.52681,43558,1,210,0,Trap Nest,NA,y,TMB,N
Hymenoptera-Apiformes,Megachilidae,Osmia,taurus,male,adult,yes,JM;11;;;,11,1,,NA,36.8,wood,6,1,1,Osmia across Virginia,USA,WV,Hampshire,Augusta,39.24797,-78.52681,43558,1,211,0,Trap Nest,NA,y,TMB,N
Hymenoptera-Apiformes,Megachilidae,Osmia,taurus,male,adult,yes,JM;12;;;,12,1,,NA,43.5,wood,8,3,9,Osmia across Virginia,USA,Va.,King George,King George,38.299937,-77.144917,43558,1,212,0,Trap Nest,NA,y,HPY,N
Hymenoptera-Apiformes,Megachilidae,Osmia,taurus,female,adult,yes,JF;12;;;,12,1,,NA,87.4,wood,8,3,8,Osmia across Virginia,USA,Va.,King George,King George,38.299937,-77.144917,43558,1,213,0,Trap Nest,NA,y,HPY,N
Hymenoptera-Apiformes,Megachilidae,Osmia,taurus,male,adult,yes,JM;12;;;,12,1,,NA,41.8,wood,8,3,7,Osmia across Virginia,USA,Va.,King George,King George,38.299937,-77.144917,43558,1,214,0,Trap Nest,NA,y,HPY,N
Hymenoptera-Apiformes,Megachilidae,Osmia,taurus,male,adult,yes,JM;12;;;,12,1,,NA,63.9,wood,8,3,6,Osmia across Virginia,USA,Va.,King George,King George,38.299937,-77.144917,43558,1,215,0,Trap Nest,NA,y,HPY,N
Hymenoptera-Apiformes,Megachilidae,Osmia,taurus,male,adult,yes,JM;12;;;,12,1,,NA,57.5,wood,8,3,5,Osmia across Virginia,USA,Va.,King George,King George,38.299937,-77.144917,43558,1,216,0,Trap Nest,NA,y,HPY,N
Hymenoptera-Apiformes,Megachilidae,Osmia,taurus,male,adult,yes,JM/ v. sluggish;12;;;,12,1,,NA,60.4,wood,8,3,4,Osmia across Virginia,USA,Va.,King George,King George,38.299937,-77.144917,43558,1,217,0,Trap Nest,NA,y,HPY,N
Hymenoptera-Apiformes,Megachilidae,Osmia,taurus,male,adult,yes,JM;12;;;,12,1,,NA,57,wood,8,3,3,Osmia across Virginia,USA,Va.,King George,King George,38.299937,-77.144917,43558,1,218,0,Trap Nest,NA,y,HPY,N
,,,.,,,no,pollen mass/ no individual;12;;;,12,NA,,NA,66.6,wood,8,3,2,Osmia across Virginia,USA,Va.,King George,King George,38.299937,-77.144917,43447,1,219,0,Trap Nest,NA,y,HPY,N
Hymenoptera-Apiformes,Megachilidae,Osmia,taurus,male,adult,yes,JM;12;;;,12,1,,NA,58.6,wood,8,3,1,Osmia across Virginia,USA,Va.,King George,King George,38.299937,-77.144917,43558,1,220,0,Trap Nest,NA,y,HPY,N
Hymenoptera-Apiformes,Megachilidae,Osmia,taurus,male,adult,yes,JM;13;;;,13,1,,NA,37.3,wood,6,1,9,Osmia across Virginia,USA,Va.,Madison,Madison,38.3712,-78.2244,43558,1,221,0,Trap Nest,NA,n,IIF,N
Hymenoptera-Apiformes,Megachilidae,Osmia,taurus,male,adult,yes,JM/ wing damaged;13;;;,13,1,,NA,43.7,wood,6,1,8,Osmia across Virginia,USA,Va.,Madison,Madison,38.3712,-78.2244,43558,1,222,0,Trap Nest,NA,n,IIF,N
,,,.,,pupa,no,dead pupa/ underdeveloped? In cocoon;13;;;,13,1,,NA,42.5,wood,6,1,7,Osmia across Virginia,USA,Va.,Madison,Madison,38.3712,-78.2244,43033,1,223,0,Trap Nest,NA,n,IIF,N
Hymenoptera-Apiformes,Megachilidae,Osmia,taurus,male,adult,yes,JM;13;;;,13,1,,NA,59,wood,6,1,6,Osmia across Virginia,USA,Va.,Madison,Madison,38.3712,-78.2244,43558,1,224,0,Trap Nest,NA,n,IIF,N
Hymenoptera-Apiformes,Megachilidae,Osmia,taurus,male,adult,yes,JM;13;;;,13,1,,NA,50.2,wood,6,1,5,Osmia across Virginia,USA,Va.,Madison,Madison,38.3712,-78.2244,43558,1,225,0,Trap Nest,NA,n,IIF,N
Hymenoptera-Apiformes,Megachilidae,Osmia,taurus,male,adult,yes,JM;13;;;,13,1,,NA,46.4,wood,6,1,4,Osmia across Virginia,USA,Va.,Madison,Madison,38.3712,-78.2244,43558,1,226,0,Trap Nest,NA,n,IIF,N
Hymenoptera-Apiformes,Megachilidae,Osmia,taurus,male,adult,yes,JM;13;;;,13,1,,NA,55.4,wood,6,1,3,Osmia across Virginia,USA,Va.,Madison,Madison,38.3712,-78.2244,43558,1,227,0,Trap Nest,NA,n,IIF,N
Hymenoptera-Apiformes,Megachilidae,Osmia,taurus,male,adult,yes,JM;13;;;,13,1,,A. fusiformis,57.3,wood,6,1,2,Osmia across Virginia,USA,Va.,Madison,Madison,38.3712,-78.2244,43558,1,228,1,Trap Nest,NA,n,IIF,N
Hymenoptera-Apiformes,Megachilidae,Osmia,taurus,male,adult,yes,JM/ very active;13;;;,13,1,,A. fusiformis,56.4,wood,6,1,1,Osmia across Virginia,USA,Va.,Madison,Madison,38.3712,-78.2244,43558,1,229,1,Trap Nest,NA,n,IIF,N
Hymenoptera-Apiformes,Megachilidae,Osmia,lignaria,female,adult,yes,BOB female;14;;;,14,1,,NA,76.7,wood,6,1,8,Osmia across Virginia,USA,, ,Winchester,39.191,-78.165,43558,1,230,0,Trap Nest,NA,n,WTW,D
Hymenoptera-Apiformes,Megachilidae,Osmia,lignaria,male,adult,yes,BOB male;14;;;,14,1,,NA,56.7,wood,6,1,7,Osmia across Virginia,USA,, ,Winchester,39.191,-78.165,43558,1,231,0,Trap Nest,NA,n,WTW,D
Hymenoptera-Apiformes,Megachilidae,Osmia,lignaria,male,adult,yes,BOB male;14;;;,14,1,,NA,51.2,wood,6,1,6,Osmia across Virginia,USA,, ,Winchester,39.191,-78.165,43558,1,232,0,Trap Nest,NA,n,WTW,D
Hymenoptera-Apiformes,Megachilidae,Osmia,lignaria,male,adult,yes,BOB male;14;;;,14,1,,NA,59.3,wood,6,1,5,Osmia across Virginia,USA,, ,Winchester,39.191,-78.165,43558,1,233,0,Trap Nest,NA,n,WTW,D
Hymenoptera-Apiformes,Megachilidae,Osmia,lignaria,male,adult,yes,BOB male;14;;;,14,1,,NA,55.8,wood,6,1,4,Osmia across Virginia,USA,, ,Winchester,39.191,-78.165,43558,1,234,0,Trap Nest,NA,n,WTW,D
Hymenoptera-Apiformes,Megachilidae,Osmia,lignaria,male,adult,yes,BOB male;14;;;,14,1,,NA,50.9,wood,6,1,3,Osmia across Virginia,USA,, ,Winchester,39.191,-78.165,43558,1,235,0,Trap Nest,NA,n,WTW,D
Hymenoptera-Apiformes,Megachilidae,Osmia,lignaria,male,adult,yes,BOB male;14;;;,14,1,,NA,46.8,wood,6,1,2,Osmia across Virginia,USA,, ,Winchester,39.191,-78.165,43558,1,236,0,Trap Nest,NA,n,WTW,D
Hymenoptera-Apiformes,Megachilidae,Osmia,lignaria,male,adult,yes,BOB male;14;;;,14,1,,NA,49.9,wood,6,1,1,Osmia across Virginia,USA,, ,Winchester,39.191,-78.165,43558,1,237,0,Trap Nest,NA,n,WTW,D
Hymenoptera-Apiformes,Megachilidae,Osmia,cornifrons,female,adult,yes,JF/ v. pollen-coated case;15;;;,15,1,,NA,68.2,wood,6,1,12,Osmia across Virginia,USA,Va., ,Harrisonburg,38.443,-78.8887,43558,1,238,0,Trap Nest,NA,n,SDN,D
Hymenoptera-Apiformes,Megachilidae,Osmia,cornifrons,male,adult,yes,JM;15;;;,15,1,,NA,51.9,wood,6,1,11,Osmia across Virginia,USA,Va., ,Harrisonburg,38.443,-78.8887,43558,1,239,0,Trap Nest,NA,n,SDN,D
Hymenoptera-Apiformes,Megachilidae,Osmia,cornifrons,female,adult,yes,JF;15;;;,15,1,,A. fusiformis,75.4,wood,6,1,10,Osmia across Virginia,USA,Va., ,Harrisonburg,38.443,-78.8887,43558,1,240,1,Trap Nest,NA,n,SDN,D
Hymenoptera-Apiformes,Megachilidae,Osmia,cornifrons,male,adult,yes,JM;15;;;,15,NA,,NA,50.3,wood,6,1,9,Osmia across Virginia,USA,Va., ,Harrisonburg,38.443,-78.8887,43558,1,241,0,Trap Nest,NA,n,SDN,D
Hymenoptera-Apiformes,Megachilidae,Osmia,cornifrons,male,adult,yes,JM;15;;;,15,NA,,NA,47.1,wood,6,1,8,Osmia across Virginia,USA,Va., ,Harrisonburg,38.443,-78.8887,43558,1,242,0,Trap Nest,NA,n,SDN,D
Hymenoptera-Apiformes,Megachilidae,Osmia,cornifrons,male,adult,yes,JM;15;;;,15,NA,,NA,46.2,wood,6,1,7,Osmia across Virginia,USA,Va., ,Harrisonburg,38.443,-78.8887,43558,1,243,0,Trap Nest,NA,n,SDN,D
Hymenoptera-Apiformes,Megachilidae,Osmia,cornifrons,male,adult,yes,JM;15;;;,15,NA,,NA,44,wood,6,1,6,Osmia across Virginia,USA,Va., ,Harrisonburg,38.443,-78.8887,43558,1,244,0,Trap Nest,NA,n,SDN,D
Hymenoptera-Apiformes,Megachilidae,Osmia,cornifrons,male,adult,yes,JM;15;;;,15,NA,,NA,45.7,wood,6,1,5,Osmia across Virginia,USA,Va., ,Harrisonburg,38.443,-78.8887,43558,1,245,0,Trap Nest,NA,n,SDN,D
Hymenoptera-Apiformes,Megachilidae,Osmia,cornifrons,male,adult,yes,JM;15;;;,15,NA,,NA,41.1,wood,6,1,4,Osmia across Virginia,USA,Va., ,Harrisonburg,38.443,-78.8887,43558,1,246,0,Trap Nest,NA,n,SDN,D
Hymenoptera-Apiformes,Megachilidae,Osmia,cornifrons,male,adult,yes,JM/ v. feisty;15;;;,15,NA,,NA,43.3,wood,6,1,3,Osmia across Virginia,USA,Va., ,Harrisonburg,38.443,-78.8887,43558,1,247,0,Trap Nest,NA,n,SDN,D
Hymenoptera-Apiformes,Megachilidae,Osmia,cornifrons,male,adult,yes,JM/ v. sluggish;15;;;,15,NA,,NA,42.1,wood,6,1,2,Osmia across Virginia,USA,Va., ,Harrisonburg,38.443,-78.8887,43558,1,248,0,Trap Nest,NA,n,SDN,D
Hymenoptera-Apiformes,Megachilidae,Osmia,cornifrons,male,adult,yes,JM;15;;;,15,NA,,NA,37.5,wood,6,1,1,Osmia across Virginia,USA,Va., ,Harrisonburg,38.443,-78.8887,43558,1,249,0,Trap Nest,NA,n,SDN,D
Hymenoptera-Apiformes,Megachilidae,Osmia,georgica,female,adult,yes,Osmia georgica female;16;;;,16,1,,A. fusiformis,47.9,wood,6,2,8,Osmia across Virginia,USA,Va.,Powhatan,Powhatan,37.672254,-77.927387,43558,1,250,1,Trap Nest,NA,y,THM,N
Hymenoptera-Apiformes,Megachilidae,Osmia,georgica,female,adult,yes,Osmia georgica female;16;;;,16,1,,NA,48,wood,6,2,7,Osmia across Virginia,USA,Va.,Powhatan,Powhatan,37.672254,-77.927387,43558,1,251,0,Trap Nest,NA,y,THM,N
Hymenoptera-Apiformes,Megachilidae,Osmia,georgica,female,adult,yes,Osmia georgica female;16;;;,16,1,,NA,42.1,wood,6,2,6,Osmia across Virginia,USA,Va.,Powhatan,Powhatan,37.672254,-77.927387,43558,1,252,0,Trap Nest,NA,y,THM,N
Hymenoptera-Apiformes,Megachilidae,Osmia,georgica,female,adult,yes,Osmia georgica female;16;;;,16,1,,NA,49.8,wood,6,2,5,Osmia across Virginia,USA,Va.,Powhatan,Powhatan,37.672254,-77.927387,43558,1,253,0,Trap Nest,NA,y,THM,N
Hymenoptera-Apiformes,Megachilidae,Osmia,georgica,female,adult,yes,Osmia georgica female/ v. sluggish;16;;;,16,1,,NA,49.7,wood,6,2,4,Osmia across Virginia,USA,Va.,Powhatan,Powhatan,37.672254,-77.927387,43558,1,254,0,Trap Nest,NA,y,THM,N
Hymenoptera-Apiformes,Megachilidae,Osmia,georgica,female,adult,yes,Osmia georgica female/ v stubborn;16;;;,16,1,,NA,43.6,wood,6,2,3,Osmia across Virginia,USA,Va.,Powhatan,Powhatan,37.672254,-77.927387,43558,1,255,0,Trap Nest,NA,y,THM,N
Hymenoptera-Apiformes,Megachilidae,Osmia,georgica,female,adult,yes,Osmia georgica female;16;;;,16,1,,NA,47.4,wood,6,2,2,Osmia across Virginia,USA,Va.,Powhatan,Powhatan,37.672254,-77.927387,43558,1,256,0,Trap Nest,NA,y,THM,N
,,,.,,pupa,no,dead adult/pupa?;16;;;,16,1,,NA,48.6,wood,6,2,1,Osmia across Virginia,USA,Va.,Powhatan,Powhatan,37.672254,-77.927387,43447,1,257,0,Trap Nest,NA,y,THM,N
Hymenoptera-Apiformes,Megachilidae,Osmia,taurus,male,adult,yes,JM/ wing possibly damaged;17;;;,17,NA,,NA,47.3,wood,6,2,10,Osmia across Virginia,USA,Va.,Albemarle,Charlottesville,38.020158,-78.634339,43558,1,258,0,Trap Nest,NA,y,CBM,N
Hymenoptera-Apiformes,Megachilidae,Osmia,taurus,male,adult,yes,JM;17;;;,17,1,,NA,51.3,wood,6,2,9,Osmia across Virginia,USA,Va.,Albemarle,Charlottesville,38.020158,-78.634339,43558,1,259,0,Trap Nest,NA,y,CBM,N
Hymenoptera-Apiformes,Megachilidae,Osmia,taurus,male,adult,yes,JM;17;;;,17,NA,,NA,56.4,wood,6,2,8,Osmia across Virginia,USA,Va.,Albemarle,Charlottesville,38.020158,-78.634339,43558,1,260,0,Trap Nest,NA,y,CBM,N
Hymenoptera-Apiformes,Megachilidae,Osmia,taurus,male,adult,yes,JM;17;;;,17,NA,,NA,53.7,wood,6,2,7,Osmia across Virginia,USA,Va.,Albemarle,Charlottesville,38.020158,-78.634339,43558,1,261,0,Trap Nest,NA,y,CBM,N
Hymenoptera-Apiformes,Megachilidae,Osmia,taurus,male,adult,yes,JM;17;;;,17,1,,NA,56.7,wood,6,2,6,Osmia across Virginia,USA,Va.,Albemarle,Charlottesville,38.020158,-78.634339,43558,1,262,0,Trap Nest,NA,y,CBM,N
,,,.,,pupa,no,dead pupa;17;;;,17,1,,NA,47.4,wood,6,2,5,Osmia across Virginia,USA,Va.,Albemarle,Charlottesville,38.020158,-78.634339,43447,1,263,0,Trap Nest,NA,y,CBM,N
Hymenoptera-Apiformes,Megachilidae,Osmia,taurus,male,adult,yes,JM;17;;;,17,1,,NA,65,wood,6,2,4,Osmia across Virginia,USA,Va.,Albemarle,Charlottesville,38.020158,-78.634339,43558,1,264,0,Trap Nest,NA,y,CBM,N
Hymenoptera-Apiformes,Megachilidae,Osmia,taurus,male,adult,yes,JM;17;;;,17,NA,,NA,59.1,wood,6,2,3,Osmia across Virginia,USA,Va.,Albemarle,Charlottesville,38.020158,-78.634339,43558,1,265,0,Trap Nest,NA,y,CBM,N
,,,.,,pupa,no,dead/pupa;17;;;,17,1,,NA,42.7,wood,6,2,2,Osmia across Virginia,USA,Va.,Albemarle,Charlottesville,38.020158,-78.634339,43447,1,266,0,Trap Nest,NA,y,CBM,N
Hymenoptera-Apiformes,Megachilidae,Osmia,taurus,male,adult,yes,JM;17;;;,17,1,,NA,62.4,wood,6,2,1,Osmia across Virginia,USA,Va.,Albemarle,Charlottesville,38.020158,-78.634339,43558,1,267,0,Trap Nest,NA,y,CBM,N
,,,.,,,no,pollen mass/ no individual;18;;;,18,1,K268Asco_R,A. naganensis,119.2,wood,8,1,5,Osmia across Virginia,USA,, ,Winchester,39.191,-78.165,43033,1,268,1,Trap Nest,NA,n,WTW,D
Hymenoptera-Apiformes,Megachilidae,Osmia,cornifrons,female,adult,yes,JF;18;;;,18,1,,NA,53.3,wood,8,1,4,Osmia across Virginia,USA,, ,Winchester,39.191,-78.165,43558,1,269,0,Trap Nest,NA,n,WTW,D
Hymenoptera-Apiformes,Megachilidae,Osmia,cornifrons,male,adult,yes,JM;18;;;,18,1,,NA,37,wood,8,1,3,Osmia across Virginia,USA,, ,Winchester,39.191,-78.165,43558,1,270,0,Trap Nest,NA,n,WTW,D
Hymenoptera-Apiformes,Megachilidae,Osmia,cornifrons,male,adult,yes,JM;18;;;,18,1,,NA,42.6,wood,8,1,2,Osmia across Virginia,USA,, ,Winchester,39.191,-78.165,43558,1,271,0,Trap Nest,NA,n,WTW,D
Hymenoptera-Apiformes,Megachilidae,Osmia,cornifrons,male,adult,yes,JM;18;;;,18,1,,NA,37.2,wood,8,1,1,Osmia across Virginia,USA,, ,Winchester,39.191,-78.165,43558,1,272,0,Trap Nest,NA,n,WTW,D
Hymenoptera-Apiformes,Megachilidae,Osmia,taurus,male,adult,yes,JM;19;;;,19,1,,NA,62.7,wood,6,3,8,Osmia across Virginia,USA,Va.,Fairfax,GreatFalls,39.004,-77.2959,43558,1,273,0,Trap Nest,NA,n,YWM,D
Hymenoptera-Apiformes,Megachilidae,Osmia,taurus,male,adult,yes,JM;19;;;,19,1,,NA,65.3,wood,6,3,7,Osmia across Virginia,USA,Va.,Fairfax,GreatFalls,39.004,-77.2959,43558,1,274,0,Trap Nest,NA,n,YWM,D
Hymenoptera-Apiformes,Megachilidae,Osmia,taurus,male,adult,yes,JM;19;;;,19,1,,NA,69.9,wood,6,3,6,Osmia across Virginia,USA,Va.,Fairfax,GreatFalls,39.004,-77.2959,43558,1,275,0,Trap Nest,NA,n,YWM,D
Hymenoptera-Apiformes,Megachilidae,Osmia,taurus,male,adult,yes,JM;19;;;,19,1,,NA,58.6,wood,6,3,5,Osmia across Virginia,USA,Va.,Fairfax,GreatFalls,39.004,-77.2959,43558,1,276,0,Trap Nest,NA,n,YWM,D
Hymenoptera-Apiformes,Megachilidae,Osmia,taurus,male,adult,yes,JM/ v sluggish;19;;;,19,1,,NA,61.7,wood,6,3,4,Osmia across Virginia,USA,Va.,Fairfax,GreatFalls,39.004,-77.2959,43558,1,277,0,Trap Nest,NA,n,YWM,D
Hymenoptera-Apiformes,Megachilidae,Osmia,taurus,male,adult,yes,JM;19;;;,19,1,,NA,65,wood,6,3,3,Osmia across Virginia,USA,Va.,Fairfax,GreatFalls,39.004,-77.2959,43558,1,278,0,Trap Nest,NA,n,YWM,D
Hymenoptera-Apiformes,Megachilidae,Osmia,taurus,male,adult,yes,JM;19;;;,19,1,,NA,58.4,wood,6,3,2,Osmia across Virginia,USA,Va.,Fairfax,GreatFalls,39.004,-77.2959,43558,1,279,0,Trap Nest,NA,n,YWM,D
Hymenoptera-Apiformes,Megachilidae,Osmia,taurus,male,adult,yes,JM;19;;;,19,1,,NA,55,wood,6,3,1,Osmia across Virginia,USA,Va.,Fairfax,GreatFalls,39.004,-77.2959,43558,1,280,0,Trap Nest,NA,n,YWM,D
Hymenoptera-Apiformes,Megachilidae,Osmia,taurus,male,adult,yes,JM;20;;;,20,NA,,NA,91.5,wood,8,3,12,Osmia across Virginia,USA,Va.,Fairfax,Alexandria,38.744335,-77.053325,43558,1,281,0,Trap Nest,NA,y,SVN,D
Hymenoptera-Apiformes,Megachilidae,Osmia,taurus,female,adult,yes,JF;20;;;,20,NA,,NA,87.4,wood,8,3,11,Osmia across Virginia,USA,Va.,Fairfax,Alexandria,38.744335,-77.053325,43558,1,282,0,Trap Nest,NA,y,SVN,D
Hymenoptera-Apiformes,Megachilidae,Osmia,taurus,male,adult,yes,JM;20;;;,20,NA,,NA,98.6,wood,8,3,10,Osmia across Virginia,USA,Va.,Fairfax,Alexandria,38.744335,-77.053325,43558,1,283,0,Trap Nest,NA,y,SVN,D
Hymenoptera-Apiformes,Megachilidae,Osmia,taurus,female,adult,yes,JF;20;;;,20,NA,,NA,107.6,wood,8,3,9,Osmia across Virginia,USA,Va.,Fairfax,Alexandria,38.744335,-77.053325,43558,1,284,0,Trap Nest,NA,y,SVN,D
Hymenoptera-Apiformes,Megachilidae,Osmia,taurus,female,adult,yes,JF;20;;;,20,1,,NA,93.3,wood,8,3,8,Osmia across Virginia,USA,Va.,Fairfax,Alexandria,38.744335,-77.053325,43558,1,285,0,Trap Nest,NA,y,SVN,D
Hymenoptera-Apiformes,Megachilidae,Osmia,taurus,female,adult,yes,JF;20;;;,20,NA,,NA,105.9,wood,8,3,7,Osmia across Virginia,USA,Va.,Fairfax,Alexandria,38.744335,-77.053325,43558,1,286,0,Trap Nest,NA,y,SVN,D
Hymenoptera-Apiformes,Megachilidae,Osmia,taurus,male,adult,yes,JM;20;;;,20,NA,,NA,97.7,wood,8,3,6,Osmia across Virginia,USA,Va.,Fairfax,Alexandria,38.744335,-77.053325,43558,1,287,0,Trap Nest,NA,y,SVN,D
Hymenoptera-Apiformes,Megachilidae,Osmia,taurus,male,adult,yes,JM/ huge;20;;;,20,1,,NA,101.7,wood,8,3,5,Osmia across Virginia,USA,Va.,Fairfax,Alexandria,38.744335,-77.053325,43558,1,288,0,Trap Nest,NA,y,SVN,D
Hymenoptera-Apiformes,Megachilidae,Osmia,taurus,male,adult,yes,JM;20;;;,20,NA,,NA,65.9,wood,8,3,4,Osmia across Virginia,USA,Va.,Fairfax,Alexandria,38.744335,-77.053325,43558,1,289,0,Trap Nest,NA,y,SVN,D
Hymenoptera-Apiformes,Megachilidae,Osmia,taurus,male,adult,yes,JM;20;;;,20,NA,,NA,65.8,wood,8,3,3,Osmia across Virginia,USA,Va.,Fairfax,Alexandria,38.744335,-77.053325,43558,1,290,0,Trap Nest,NA,y,SVN,D
Hymenoptera-Apiformes,Megachilidae,Osmia,taurus,male,adult,yes,JM;20;;;,20,NA,,NA,59.6,wood,8,3,2,Osmia across Virginia,USA,Va.,Fairfax,Alexandria,38.744335,-77.053325,43558,1,291,0,Trap Nest,NA,y,SVN,D
Hymenoptera-Apiformes,Megachilidae,Osmia,taurus,male,adult,yes,JM;20;;;,20,NA,,NA,65.9,wood,8,3,1,Osmia across Virginia,USA,Va.,Fairfax,Alexandria,38.744335,-77.053325,43558,1,292,0,Trap Nest,NA,y,SVN,D
Hymenoptera-Apiformes,Megachilidae,Osmia,taurus,female,adult,yes,JF;21;;;,21,1,,NA,44.8,wood,8,3,10,Osmia across Virginia,USA,Va.,Greene,Stanardsville,38.293871,-78.516525,43558,1,293,0,Trap Nest,NA,y,WCH,A
Hymenoptera-Apiformes,Megachilidae,Osmia,taurus,male,adult,yes,JM;21;;;,21,1,,NA,43.2,wood,8,3,9,Osmia across Virginia,USA,Va.,Greene,Stanardsville,38.293871,-78.516525,43558,1,294,0,Trap Nest,NA,y,WCH,A
Hymenoptera-Apiformes,Megachilidae,Osmia,taurus,female,adult,yes,JF/ sluggish;21;;;,21,1,,NA,90.3,wood,8,3,8,Osmia across Virginia,USA,Va.,Greene,Stanardsville,38.293871,-78.516525,43558,1,295,0,Trap Nest,NA,y,WCH,A
Hymenoptera-Apiformes,Megachilidae,Osmia,taurus,female,adult,yes,JF/ sluggish;21;;;,21,1,,NA,75.7,wood,8,3,7,Osmia across Virginia,USA,Va.,Greene,Stanardsville,38.293871,-78.516525,43558,1,296,0,Trap Nest,NA,y,WCH,A
Hymenoptera-Apiformes,Megachilidae,Osmia,taurus,female,adult,yes,JF;21;;;,21,1,,NA,82.6,wood,8,3,6,Osmia across Virginia,USA,Va.,Greene,Stanardsville,38.293871,-78.516525,43558,1,297,0,Trap Nest,NA,y,WCH,A
Hymenoptera-Apiformes,Megachilidae,Osmia,taurus,male,adult,yes,JM;21;;;,21,1,,NA,53.9,wood,8,3,5,Osmia across Virginia,USA,Va.,Greene,Stanardsville,38.293871,-78.516525,43558,1,298,0,Trap Nest,NA,y,WCH,A
Hymenoptera-Apiformes,Megachilidae,Osmia,taurus,male,adult,yes,JM;21;;;,21,1,,NA,51.7,wood,8,3,4,Osmia across Virginia,USA,Va.,Greene,Stanardsville,38.293871,-78.516525,43558,1,299,0,Trap Nest,NA,y,WCH,A
Hymenoptera-Apiformes,Megachilidae,Osmia,taurus,male,adult,yes,JM;21;;;,21,1,,NA,55.1,wood,8,3,3,Osmia across Virginia,USA,Va.,Greene,Stanardsville,38.293871,-78.516525,43558,1,300,0,Trap Nest,NA,y,WCH,A
Hymenoptera-Apiformes,Megachilidae,Osmia,taurus,male,adult,yes,JM;21;;;,21,1,,NA,59.6,wood,8,3,2,Osmia across Virginia,USA,Va.,Greene,Stanardsville,38.293871,-78.516525,43558,1,301,0,Trap Nest,NA,y,WCH,A
Hymenoptera-Apiformes,Megachilidae,Osmia,taurus,male,adult,yes,JM;21;;;,21,1,,NA,53.7,wood,8,3,1,Osmia across Virginia,USA,Va.,Greene,Stanardsville,38.293871,-78.516525,43558,1,302,0,Trap Nest,NA,y,WCH,A
,,,.,,,,;22;;;,22,NA,,NA,NA,wood,8,2,14,Osmia across Virginia,USA,Va.,Albemarle,Charlottesville,38.020158,-78.634339,43447,1,303,0,Trap Nest,NA,y,CBM,N
,,,.,,,,fungal mass? Cadaver?;22;;;,22,NA,,NA,21.2,wood,8,2,13,Osmia across Virginia,USA,Va.,Albemarle,Charlottesville,38.020158,-78.634339,43447,1,304,0,Trap Nest,NA,y,CBM,N
,,,.,,,,unidentifiable cadaver/larva?;22;;;,22,1,,A. fusiformis,75.3,wood,8,2,12,Osmia across Virginia,USA,Va.,Albemarle,Charlottesville,38.020158,-78.634339,43447,1,305,1,Trap Nest,NA,y,CBM,N
,,,.,,,,empty cocoon; taurus nest;22;;,22,1,,A. fusiformis,0.7,wood,8,2,11,Osmia across Virginia,USA,Va.,Albemarle,Charlottesville,38.020158,-78.634339,43447,1,306,1,Trap Nest,NA,y,CBM,N
Hymenoptera-Apiformes,Megachilidae,Osmia,taurus,male,adult,yes,JM;22;;;,22,1,,NA,20.6,wood,8,2,10,Osmia across Virginia,USA,Va.,Albemarle,Charlottesville,38.020158,-78.634339,43558,1,307,0,Trap Nest,NA,y,CBM,N
Hymenoptera-Apiformes,Megachilidae,Osmia,taurus,male,,,underdeveloped adult/ cadaver;22;;;,22,NA,,NA,5.6,wood,8,2,9,Osmia across Virginia,USA,Va.,Albemarle,Charlottesville,38.020158,-78.634339,43558,1,308,0,Trap Nest,NA,y,CBM,N
Hymenoptera-Apiformes,Megachilidae,Osmia,taurus,male,adult,yes,JM/ very small;22;;;,22,1,,A. fusiformis,17.2,wood,8,2,8,Osmia across Virginia,USA,Va.,Albemarle,Charlottesville,38.020158,-78.634339,43558,1,309,1,Trap Nest,NA,y,CBM,N
Hymenoptera-Apiformes,Megachilidae,Osmia,taurus,female,adult,yes,JF/ very small;22;;;,22,NA,,NA,28.6,wood,8,2,7,Osmia across Virginia,USA,Va.,Albemarle,Charlottesville,38.020158,-78.634339,43558,1,310,0,Trap Nest,NA,y,CBM,N
Hymenoptera-Apiformes,Megachilidae,Osmia,taurus,male,adult,yes,JM;22;;;,22,NA,,NA,44.4,wood,8,2,6,Osmia across Virginia,USA,Va.,Albemarle,Charlottesville,38.020158,-78.634339,43558,1,311,0,Trap Nest,NA,y,CBM,N
Hymenoptera-Apiformes,Megachilidae,Osmia,taurus,female,adult,yes,JF;22;;;,22,1,,NA,54.3,wood,8,2,5,Osmia across Virginia,USA,Va.,Albemarle,Charlottesville,38.020158,-78.634339,43558,1,312,0,Trap Nest,NA,y,CBM,N
Hymenoptera-Apiformes,Megachilidae,Osmia,taurus,male,adult,yes,JM;22;;;,22,1,,A. fusiformis,48.3,wood,8,2,4,Osmia across Virginia,USA,Va.,Albemarle,Charlottesville,38.020158,-78.634339,43558,1,313,1,Trap Nest,NA,y,CBM,N
Hymenoptera-Apiformes,Megachilidae,Osmia,taurus,male,adult,yes,JM;22;;;,22,NA,,NA,55.5,wood,8,2,3,Osmia across Virginia,USA,Va.,Albemarle,Charlottesville,38.020158,-78.634339,43558,1,314,0,Trap Nest,NA,y,CBM,N
Hymenoptera-Apiformes,Megachilidae,Osmia,taurus,male,adult,yes,JM;22;;;,22,NA,,NA,57.1,wood,8,2,2,Osmia across Virginia,USA,Va.,Albemarle,Charlottesville,38.020158,-78.634339,43558,1,315,0,Trap Nest,NA,y,CBM,N
Hymenoptera-Apiformes,Megachilidae,Osmia,taurus,male,adult,yes,JM;22;;;,22,NA,,NA,59.5,wood,8,2,1,Osmia across Virginia,USA,Va.,Albemarle,Charlottesville,38.020158,-78.634339,43558,1,316,0,Trap Nest,NA,y,CBM,N
Hymenoptera-Apiformes,Megachilidae,Osmia,lignaria,male,adult,yes,BOB male;23;;;,23,1,,NA,42.3,wood,6,3,8,Osmia across Virginia,USA,, ,Winchester,39.191,-78.165,43558,1,317,0,Trap Nest,NA,n,WTW,D
Hymenoptera-Apiformes,Megachilidae,Osmia,lignaria,male,adult,yes,BOB male;23;;;,23,1,,NA,48.2,wood,6,3,7,Osmia across Virginia,USA,, ,Winchester,39.191,-78.165,43558,1,318,0,Trap Nest,NA,n,WTW,D
Hymenoptera-Apiformes,Megachilidae,Osmia,lignaria,male,adult,yes,BOB male;23;;;,23,1,,NA,52.2,wood,6,3,6,Osmia across Virginia,USA,, ,Winchester,39.191,-78.165,43558,1,319,0,Trap Nest,NA,n,WTW,D
Hymenoptera-Apiformes,Megachilidae,Osmia,lignaria,male,adult,yes,BOB male;23;;;,23,1,,NA,50.4,wood,6,3,5,Osmia across Virginia,USA,, ,Winchester,39.191,-78.165,43558,1,320,0,Trap Nest,NA,n,WTW,D
Hymenoptera-Apiformes,Megachilidae,Osmia,lignaria,male,adult,yes,BOB male;23;;;,23,1,,NA,50.1,wood,6,3,4,Osmia across Virginia,USA,, ,Winchester,39.191,-78.165,43558,1,321,0,Trap Nest,NA,n,WTW,D
Hymenoptera-Apiformes,Megachilidae,Osmia,lignaria,male,adult,yes,BOB male;23;;;,23,1,,NA,63.3,wood,6,3,3,Osmia across Virginia,USA,, ,Winchester,39.191,-78.165,43558,1,322,0,Trap Nest,NA,n,WTW,D
Hymenoptera-Apiformes,Megachilidae,Osmia,lignaria,male,adult,yes,BOB male;23;;;,23,1,,NA,42.8,wood,6,3,2,Osmia across Virginia,USA,, ,Winchester,39.191,-78.165,43558,1,323,0,Trap Nest,NA,n,WTW,D
Hymenoptera-Apiformes,Megachilidae,Osmia,lignaria,male,adult,yes,BOB male;23;;;,23,1,,NA,51.9,wood,6,3,1,Osmia across Virginia,USA,, ,Winchester,39.191,-78.165,43558,1,324,0,Trap Nest,NA,n,WTW,D
Hymenoptera-Apiformes,Megachilidae,Osmia,lignaria,female,adult,yes,BOB female;24;;;,24,1,,NA,97.9,wood,8,3,6,Osmia across Virginia,USA,Va.,Albemarle,Charlottesville,38.0568,-78.6615,43558,1,325,0,Trap Nest,NA,n,CTM,N
Hymenoptera-Apiformes,Megachilidae,Osmia,cornifrons,female,adult,yes,JF;24;;;,24,1,,A. naganensis,102.3,wood,8,3,5,Osmia across Virginia,USA,Va.,Albemarle,Charlottesville,38.0568,-78.6615,43558,1,326,1,Trap Nest,Osmia lignaria to Osmia cornifrons,n,CTM,N
Hymenoptera-Apiformes,Megachilidae,Osmia,cornifrons,female,adult,yes,JF;24;;;,24,1,,NA,72.4,wood,8,3,4,Osmia across Virginia,USA,Va.,Albemarle,Charlottesville,38.0568,-78.6615,43558,1,327,0,Trap Nest,,n,CTM,N
Hymenoptera-Apiformes,Megachilidae,Osmia,cornifrons,female,adult,yes,JF;24;;;,24,1,,A. naganensis,66.7,wood,8,3,3,Osmia across Virginia,USA,Va.,Albemarle,Charlottesville,38.0568,-78.6615,43558,1,328,1,Trap Nest,,n,CTM,N
Hymenoptera-Apiformes,Megachilidae,Osmia,cornifrons,male,adult,yes,JM;24;;;,24,1,,NA,55.5,wood,8,3,2,Osmia across Virginia,USA,Va.,Albemarle,Charlottesville,38.0568,-78.6615,43558,1,329,0,Trap Nest,,n,CTM,N
Hymenoptera-Apiformes,Megachilidae,Osmia,cornifrons,male,adult,yes,JM;24;;;,24,1,,NA,31.9,wood,8,3,1,Osmia across Virginia,USA,Va.,Albemarle,Charlottesville,38.0568,-78.6615,43558,1,330,0,Trap Nest,,n,CTM,N
,,,.,,,,nothing inside cocoon;25;;;,25,NA,,NA,NA,wood,6,3,10,Osmia across Virginia,USA,Va.,Fairfax,FairfaxStation,38.7812,-77.319,43033,1,331,0,Trap Nest,,n,TCY,N
,,,.,,,,nothing inside cocoon;25;;;,25,NA,,NA,NA,wood,6,3,9,Osmia across Virginia,USA,Va.,Fairfax,FairfaxStation,38.7812,-77.319,43033,1,332,0,Trap Nest,,n,TCY,N
Hymenoptera-Apiformes,Megachilidae,Osmia,taurus,male,adult,yes,JM;25;;;,25,1,,NA,40.9,wood,6,3,8,Osmia across Virginia,USA,Va.,Fairfax,FairfaxStation,38.7812,-77.319,43558,1,333,0,Trap Nest,,n,TCY,N
Hymenoptera-Apiformes,Megachilidae,Osmia,taurus,male,adult,yes,JM;25;;;,25,1,,NA,40.6,wood,6,3,7,Osmia across Virginia,USA,Va.,Fairfax,FairfaxStation,38.7812,-77.319,43558,1,334,0,Trap Nest,,n,TCY,N
Hymenoptera-Apiformes,Megachilidae,Osmia,taurus,male,adult,yes,JM;25;;;,25,1,,NA,40.8,wood,6,3,6,Osmia across Virginia,USA,Va.,Fairfax,FairfaxStation,38.7812,-77.319,43558,1,335,0,Trap Nest,,n,TCY,N
Hymenoptera-Apiformes,Megachilidae,Osmia,taurus,male,adult,yes,JM;25;;;,25,1,,NA,54.1,wood,6,3,5,Osmia across Virginia,USA,Va.,Fairfax,FairfaxStation,38.7812,-77.319,43558,1,336,0,Trap Nest,,n,TCY,N
Hymenoptera-Apiformes,Megachilidae,Osmia,taurus,male,adult,yes,JM;25;;;,25,1,,NA,52.7,wood,6,3,4,Osmia across Virginia,USA,Va.,Fairfax,FairfaxStation,38.7812,-77.319,43558,1,337,0,Trap Nest,,n,TCY,N
,,,.,,pupa,no,pupa; cadaver hole in pupal case; cadaver hole in pupal case;25;25;,25,1,,A. fusiformis,18.3,wood,6,3,3,Osmia across Virginia,USA,Va.,Fairfax,FairfaxStation,38.7812,-77.319,43033,1,338,1,Trap Nest,,n,TCY,N
,,,.,,,,;25;;;,25,1,,A. fusiformis,NA,wood,6,3,2,Osmia across Virginia,USA,Va.,Fairfax,FairfaxStation,38.7812,-77.319,43033,1,339,1,Trap Nest,,n,TCY,N
,,,taurus,,,,tiny adult wasps; 12 dead in tube;25;;,25,NA,,NA,3.9,wood,6,3,1,Osmia across Virginia,USA,Va.,Fairfax,FairfaxStation,38.7812,-77.319,43033,1,340,0,Trap Nest,,n,TCY,N
Hymenoptera-Apiformes,Megachilidae,Osmia,cornifrons,female,adult,yes,JF;26;;;,26,NA,,NA,64.8,wood,6,1,9,Osmia across Virginia,USA,Va.,Frederick,Middletown,39.0142,-78.2983,43558,1,341,0,Trap Nest,,n,LVA,A
Hymenoptera-Apiformes,Megachilidae,Osmia,cornifrons,male,adult,yes,JM;26;;;,26,1,,NA,49.9,wood,6,1,8,Osmia across Virginia,USA,Va.,Frederick,Middletown,39.0142,-78.2983,43558,1,342,0,Trap Nest,,n,LVA,A
Hymenoptera-Apiformes,Megachilidae,Osmia,cornifrons,male,adult,yes,JM;26;;;,26,NA,,NA,50.5,wood,6,1,7,Osmia across Virginia,USA,Va.,Frederick,Middletown,39.0142,-78.2983,43558,1,343,0,Trap Nest,,n,LVA,A
Hymenoptera-Apiformes,Megachilidae,Osmia,cornifrons,male,adult,yes,JM;26;;;,26,NA,,NA,52.7,wood,6,1,6,Osmia across Virginia,USA,Va.,Frederick,Middletown,39.0142,-78.2983,43558,1,344,0,Trap Nest,,n,LVA,A
Hymenoptera-Apiformes,Megachilidae,Osmia,cornifrons,male,adult,yes,JM; feisty;26;;,26,NA,,NA,45.9,wood,6,1,5,Osmia across Virginia,USA,Va.,Frederick,Middletown,39.0142,-78.2983,43558,1,345,0,Trap Nest,,n,LVA,A
Hymenoptera-Apiformes,Megachilidae,Osmia,cornifrons,male,adult,yes,JM;26;;;,26,1,,NA,52.7,wood,6,1,4,Osmia across Virginia,USA,Va.,Frederick,Middletown,39.0142,-78.2983,43558,1,346,0,Trap Nest,,n,LVA,A
Hymenoptera-Apiformes,Megachilidae,Osmia,cornifrons,male,adult,yes,JM;26;;;,26,NA,,NA,50,wood,6,1,3,Osmia across Virginia,USA,Va.,Frederick,Middletown,39.0142,-78.2983,43558,1,347,0,Trap Nest,,n,LVA,A
Hymenoptera-Apiformes,Megachilidae,Osmia,cornifrons,male,adult,yes,JM;26;;;,26,NA,,NA,48.6,wood,6,1,2,Osmia across Virginia,USA,Va.,Frederick,Middletown,39.0142,-78.2983,43558,1,348,0,Trap Nest,,n,LVA,A
Hymenoptera-Apiformes,Megachilidae,Osmia,cornifrons,male,adult,yes,JM;26;;;,26,NA,,NA,41.2,wood,6,1,1,Osmia across Virginia,USA,Va.,Frederick,Middletown,39.0142,-78.2983,43558,1,349,0,Trap Nest,,n,LVA,A
Hymenoptera-Apiformes,Megachilidae,Osmia,lignaria,female,adult,yes,Female BOB;27;;;,27,1,,NA,78.2,wood,6,1,9,Osmia across Virginia,USA,Va.,Albemarle,Charlottesville,38.156987,-78.437576,43558,1,375,0,Trap Nest,,y,CMC,N
,,,.,,,,dead remains;28;;;,28,NA,,NA,NA,wood,8,1,7,Osmia across Virginia,USA,Va.,Albemarle,Charlottesville,38.020158,-78.634339,43447,1,350,0,Trap Nest,,y,CBM,N
,,,.,,,,dead remains;28;;;,28,NA,,NA,NA,wood,8,1,6,Osmia across Virginia,USA,Va.,Albemarle,Charlottesville,38.020158,-78.634339,43447,1,351,0,Trap Nest,,y,CBM,N
,,,.,,,,dead remains;28;;;,28,NA,,NA,NA,wood,8,1,5,Osmia across Virginia,USA,Va.,Albemarle,Charlottesville,38.020158,-78.634339,43447,1,352,0,Trap Nest,,y,CBM,N
,,,.,,,,dead remains;28;;;,28,NA,,NA,NA,wood,8,1,4,Osmia across Virginia,USA,Va.,Albemarle,Charlottesville,38.020158,-78.634339,43447,1,353,0,Trap Nest,,y,CBM,N
,,,.,,,,dead remains;28;;;,28,NA,,NA,NA,wood,8,1,3,Osmia across Virginia,USA,Va.,Albemarle,Charlottesville,38.020158,-78.634339,43447,1,354,0,Trap Nest,,y,CBM,N
,,,.,,,,dead remains;28;;;,28,NA,,NA,NA,wood,8,1,2,Osmia across Virginia,USA,Va.,Albemarle,Charlottesville,38.020158,-78.634339,43447,1,355,0,Trap Nest,,y,CBM,N
,,,.,,,,dead remains;28;;;,28,NA,,NA,NA,wood,8,1,1,Osmia across Virginia,USA,Va.,Albemarle,Charlottesville,38.020158,-78.634339,43447,1,356,0,Trap Nest,,y,CBM,N
Hymenoptera-Apiformes,Megachilidae,Osmia,taurus,female,adult,yes,JF;29;;;,29,1,,NA,33.5,wood,8,3,12,Osmia across Virginia,USA,Va.,Augusta,Swoope,38.1174,-79.2307,43558,1,357,1,Trap Nest,,n,SDD,A
,,,.,,pupa,no,pupa;  cadaver;29;;;,29,1,K358Asco_R,A. fusiformis,7.2,wood,8,3,11,Osmia across Virginia,USA,Va.,Augusta,Swoope,38.1174,-79.2307,43033,1,358,1,Trap Nest,,n,SDD,A
Hymenoptera-Apiformes,Megachilidae,Osmia,taurus,female,adult,yes,JF;29;;;,29,NA,,NA,83.2,wood,8,3,10,Osmia across Virginia,USA,Va.,Augusta,Swoope,38.1174,-79.2307,43558,1,359,0,Trap Nest,,n,SDD,A
Hymenoptera-Apiformes,Megachilidae,Osmia,taurus,female,adult,yes,JF;29;;;,29,1,,NA,37.4,wood,8,3,9,Osmia across Virginia,USA,Va.,Augusta,Swoope,38.1174,-79.2307,43558,1,360,0,Trap Nest,,n,SDD,A
Hymenoptera-Apiformes,Megachilidae,Osmia,taurus,female,adult,yes,JF;29;;;,29,NA,,NA,91.7,wood,8,3,8,Osmia across Virginia,USA,Va.,Augusta,Swoope,38.1174,-79.2307,43558,1,361,0,Trap Nest,,n,SDD,A
Hymenoptera-Apiformes,Megachilidae,Osmia,taurus,female,adult,yes,JF;29;;;,29,NA,,NA,94.4,wood,8,3,7,Osmia across Virginia,USA,Va.,Augusta,Swoope,38.1174,-79.2307,43558,1,362,0,Trap Nest,,n,SDD,A
Hymenoptera-Apiformes,Megachilidae,Osmia,taurus,female,adult,yes,JF;29;;;,29,NA,,NA,103.4,wood,8,3,6,Osmia across Virginia,USA,Va.,Augusta,Swoope,38.1174,-79.2307,43558,1,363,0,Trap Nest,,n,SDD,A
Hymenoptera-Apiformes,Megachilidae,Osmia,taurus,female,adult,yes,JF; stubborn;29;;,29,1,,NA,97.8,wood,8,3,5,Osmia across Virginia,USA,Va.,Augusta,Swoope,38.1174,-79.2307,43558,1,364,0,Trap Nest,,n,SDD,A
Hymenoptera-Apiformes,Megachilidae,Osmia,taurus,female,adult,yes,JF; sluggish;29;;,29,NA,,NA,107.8,wood,8,3,4,Osmia across Virginia,USA,Va.,Augusta,Swoope,38.1174,-79.2307,43558,1,365,0,Trap Nest,,n,SDD,A
Hymenoptera-Apiformes,Megachilidae,Osmia,taurus,female,adult,yes,JF;29;;;,29,1,,NA,92,wood,8,3,3,Osmia across Virginia,USA,Va.,Augusta,Swoope,38.1174,-79.2307,43558,1,366,0,Trap Nest,,n,SDD,A
Hymenoptera-Apiformes,Megachilidae,Osmia,taurus,male,adult,yes,JM;29;;;,29,NA,,NA,55.6,wood,8,3,2,Osmia across Virginia,USA,Va.,Augusta,Swoope,38.1174,-79.2307,43558,1,367,0,Trap Nest,,n,SDD,A
Hymenoptera-Apiformes,Megachilidae,Osmia,taurus,male,adult,yes,JM;29;;;,29,1,,NA,58.5,wood,8,3,1,Osmia across Virginia,USA,Va.,Augusta,Swoope,38.1174,-79.2307,43558,1,368,0,Trap Nest,,n,SDD,A
Hymenoptera-Apiformes,Megachilidae,Osmia,cornifrons,female,adult,yes,JF;30;;;,30,1,,NA,77.9,wood,8,2,6,Osmia across Virginia,USA,Va.,Fairfax,GreatFalls,39.004,-77.2959,43558,1,369,0,Trap Nest,,n,YWM,D
Hymenoptera-Apiformes,Megachilidae,Osmia,cornifrons,female,adult,yes,JF;30;;;,30,1,,NA,80,wood,8,2,5,Osmia across Virginia,USA,Va.,Fairfax,GreatFalls,39.004,-77.2959,43558,1,370,0,Trap Nest,,n,YWM,D
Hymenoptera-Apiformes,Megachilidae,Osmia,cornifrons,female,adult,yes,JF;30;;;,30,1,,NA,89.8,wood,8,2,4,Osmia across Virginia,USA,Va.,Fairfax,GreatFalls,39.004,-77.2959,43558,1,371,0,Trap Nest,,n,YWM,D
Hymenoptera-Apiformes,Megachilidae,Osmia,cornifrons,male,adult,yes,JM;30;;;,30,1,,NA,50.5,wood,8,2,3,Osmia across Virginia,USA,Va.,Fairfax,GreatFalls,39.004,-77.2959,43558,1,372,0,Trap Nest,,n,YWM,D
Hymenoptera-Apiformes,Megachilidae,Osmia,cornifrons,male,adult,yes,JM;30;;;,30,1,,NA,52.8,wood,8,2,2,Osmia across Virginia,USA,Va.,Fairfax,GreatFalls,39.004,-77.2959,43558,1,373,0,Trap Nest,,n,YWM,D
Hymenoptera-Apiformes,Megachilidae,Osmia,cornifrons,male,adult,yes,JM; damaged;30;;,30,1,,NA,46.2,wood,8,2,1,Osmia across Virginia,USA,Va.,Fairfax,GreatFalls,39.004,-77.2959,43558,1,374,0,Trap Nest,,n,YWM,D
Hymenoptera-Apiformes,Megachilidae,Osmia,lignaria,male,adult,yes,BOB male;27;;;,27,1,,NA,47.9,wood,6,1,8,Osmia across Virginia,USA,Va.,Albemarle,Charlottesville,38.156987,-78.437576,43558,1,376,0,Trap Nest,,y,CMC,N
Hymenoptera-Apiformes,Megachilidae,Osmia,lignaria,male,adult,yes,Female BOB;27;;;,27,1,,NA,80.9,wood,6,1,7,Osmia across Virginia,USA,Va.,Albemarle,Charlottesville,38.156987,-78.437576,43558,1,377,0,Trap Nest,,y,CMC,N
Hymenoptera-Apiformes,Megachilidae,Osmia,lignaria,male,adult,yes,BOB male;27;;;,27,1,,NA,54.6,wood,6,1,6,Osmia across Virginia,USA,Va.,Albemarle,Charlottesville,38.156987,-78.437576,43558,1,378,0,Trap Nest,,y,CMC,N
Hymenoptera-Apiformes,Megachilidae,Osmia,lignaria,male,adult,yes,BOB male; torn wing;27;;,27,1,,NA,54.6,wood,6,1,5,Osmia across Virginia,USA,Va.,Albemarle,Charlottesville,38.156987,-78.437576,43558,1,379,0,Trap Nest,,y,CMC,N
Hymenoptera-Apiformes,Megachilidae,Osmia,lignaria,male,adult,yes,BOB male;27;;;,27,1,,NA,52,wood,6,1,4,Osmia across Virginia,USA,Va.,Albemarle,Charlottesville,38.156987,-78.437576,43558,1,380,0,Trap Nest,,y,CMC,N
Hymenoptera-Apiformes,Megachilidae,Osmia,lignaria,male,adult,yes,BOB male;27;;;,27,1,,NA,46.4,wood,6,1,3,Osmia across Virginia,USA,Va.,Albemarle,Charlottesville,38.156987,-78.437576,43558,1,381,0,Trap Nest,,y,CMC,N
Hymenoptera-Apiformes,Megachilidae,Osmia,lignaria,male,adult,yes,BOB male;27;;;,27,1,,NA,52.3,wood,6,1,2,Osmia across Virginia,USA,Va.,Albemarle,Charlottesville,38.156987,-78.437576,43558,1,382,0,Trap Nest,,y,CMC,N
Hymenoptera-Apiformes,Megachilidae,Osmia,lignaria,male,adult,yes,BOB male;27;;;,27,1,,NA,44.8,wood,6,1,1,Osmia across Virginia,USA,Va.,Albemarle,Charlottesville,38.156987,-78.437576,43558,1,383,0,Trap Nest,,y,CMC,N
Hymenoptera-Apiformes,Megachilidae,Osmia,lignaria,female,adult,yes,Female BOB;31;;;,31,1,,NA,72,wood,8,3,9,Osmia across Virginia,USA,Va.,Albemarle,Charlottesville,38.156987,-78.437576,43558,1,384,0,Trap Nest,,y,CMC,N
Hymenoptera-Apiformes,Megachilidae,Osmia,lignaria,female,adult,yes,Female BOB;31;;;,31,1,,NA,106.4,wood,8,3,8,Osmia across Virginia,USA,Va.,Albemarle,Charlottesville,38.156987,-78.437576,43558,1,385,0,Trap Nest,,y,CMC,N
Hymenoptera-Apiformes,Megachilidae,Osmia,lignaria,female,adult,yes,Female BOB;31;;;,31,1,,NA,102.8,wood,8,3,7,Osmia across Virginia,USA,Va.,Albemarle,Charlottesville,38.156987,-78.437576,43558,1,386,0,Trap Nest,,y,CMC,N
Hymenoptera-Apiformes,Megachilidae,Osmia,lignaria,female,adult,yes,Female BOB;31;;;,31,1,,NA,123,wood,8,3,6,Osmia across Virginia,USA,Va.,Albemarle,Charlottesville,38.156987,-78.437576,43558,1,387,0,Trap Nest,,y,CMC,N
Hymenoptera-Apiformes,Megachilidae,Osmia,lignaria,female,adult,yes,Female BOB;31;;;,31,1,,NA,108,wood,8,3,5,Osmia across Virginia,USA,Va.,Albemarle,Charlottesville,38.156987,-78.437576,43558,1,388,0,Trap Nest,,y,CMC,N
Hymenoptera-Apiformes,Megachilidae,Osmia,lignaria,female,adult,yes,Female BOB;31;;;,31,1,,NA,104.2,wood,8,3,4,Osmia across Virginia,USA,Va.,Albemarle,Charlottesville,38.156987,-78.437576,43558,1,389,0,Trap Nest,,y,CMC,N
Hymenoptera-Apiformes,Megachilidae,Osmia,lignaria,male,adult,yes,BOB male;31;;;,31,1,,NA,61.3,wood,8,3,3,Osmia across Virginia,USA,Va.,Albemarle,Charlottesville,38.156987,-78.437576,43558,1,390,0,Trap Nest,,y,CMC,N
Hymenoptera-Apiformes,Megachilidae,Osmia,lignaria,male,adult,yes,BOB male;31;;;,31,1,,NA,78.5,wood,8,3,2,Osmia across Virginia,USA,Va.,Albemarle,Charlottesville,38.156987,-78.437576,43558,1,391,0,Trap Nest,,y,CMC,N
Hymenoptera-Apiformes,Megachilidae,Osmia,lignaria,male,adult,yes,BOB male;31;;;,31,1,,NA,56.4,wood,8,3,1,Osmia across Virginia,USA,Va.,Albemarle,Charlottesville,38.156987,-78.437576,43558,1,392,0,Trap Nest,,y,CMC,N
Hymenoptera-Apiformes,Megachilidae,Osmia,taurus,male,adult,yes,JM;32;;;,32,1,,NA,61.9,wood,6,2,11,Osmia across Virginia,USA,Va.,Fairfax,GreatFalls,39.004,-77.2959,43558,1,393,0,Trap Nest,,n,YWM,D
Hymenoptera-Apiformes,Megachilidae,Osmia,taurus,male,adult,yes,JM;32;;;,32,1,,NA,58.7,wood,6,2,10,Osmia across Virginia,USA,Va.,Fairfax,GreatFalls,39.004,-77.2959,43558,1,394,0,Trap Nest,,n,YWM,D
Hymenoptera-Apiformes,Megachilidae,Osmia,taurus,male,adult,yes,JM;32;;;,32,1,,NA,63.5,wood,6,2,9,Osmia across Virginia,USA,Va.,Fairfax,GreatFalls,39.004,-77.2959,43558,1,395,0,Trap Nest,,n,YWM,D
Hymenoptera-Apiformes,Megachilidae,Osmia,taurus,male,adult,yes,JM;32;;;,32,1,,NA,56.8,wood,6,2,8,Osmia across Virginia,USA,Va.,Fairfax,GreatFalls,39.004,-77.2959,43558,1,396,0,Trap Nest,,n,YWM,D
Hymenoptera-Apiformes,Megachilidae,Osmia,taurus,male,adult,yes,JM; damaged;32;;,32,1,,NA,56.7,wood,6,2,7,Osmia across Virginia,USA,Va.,Fairfax,GreatFalls,39.004,-77.2959,43558,1,397,0,Trap Nest,,n,YWM,D
Hymenoptera-Apiformes,Megachilidae,Osmia,taurus,male,adult,yes,JM;32;;;,32,1,,NA,57.8,wood,6,2,6,Osmia across Virginia,USA,Va.,Fairfax,GreatFalls,39.004,-77.2959,43558,1,398,0,Trap Nest,,n,YWM,D
Hymenoptera-Apiformes,Megachilidae,Osmia,taurus,male,adult,yes,JM;32;;;,32,1,,NA,59.1,wood,6,2,5,Osmia across Virginia,USA,Va.,Fairfax,GreatFalls,39.004,-77.2959,43558,1,399,0,Trap Nest,,n,YWM,D
Hymenoptera-Apiformes,Megachilidae,Osmia,taurus,male,adult,yes,JM;32;;;,32,1,,NA,59.4,wood,6,2,4,Osmia across Virginia,USA,Va.,Fairfax,GreatFalls,39.004,-77.2959,43558,1,400,0,Trap Nest,,n,YWM,D
Hymenoptera-Apiformes,Megachilidae,Osmia,taurus,male,adult,yes,JM;32;;;,32,1,,NA,50.7,wood,6,2,3,Osmia across Virginia,USA,Va.,Fairfax,GreatFalls,39.004,-77.2959,43558,1,401,0,Trap Nest,,n,YWM,D
Hymenoptera-Apiformes,Megachilidae,Osmia,taurus,male,adult,yes,JM;32;;;,32,1,,NA,55.9,wood,6,2,2,Osmia across Virginia,USA,Va.,Fairfax,GreatFalls,39.004,-77.2959,43558,1,402,0,Trap Nest,,n,YWM,D
Hymenoptera-Apiformes,Megachilidae,Osmia,taurus,male,adult,yes,JM;32;;;,32,1,,NA,58.4,wood,6,2,1,Osmia across Virginia,USA,Va.,Fairfax,GreatFalls,39.004,-77.2959,43558,1,403,0,Trap Nest,,n,YWM,D
Hymenoptera-Apiformes,Megachilidae,Osmia,taurus,female,adult,yes,JF;33;;;,33,1,,NA,72.6,wood,8,1,5,Osmia across Virginia,USA,Va.,Albemarle,Charlottesville,38.0654,-78.6638,43558,1,404,0,Trap Nest,,n,TNT,D
Hymenoptera-Apiformes,Megachilidae,Osmia,taurus,male,adult,yes,JM;33;;;,33,1,,NA,78.7,wood,8,1,4,Osmia across Virginia,USA,Va.,Albemarle,Charlottesville,38.0654,-78.6638,43558,1,405,0,Trap Nest,,n,TNT,D
Hymenoptera-Apiformes,Megachilidae,Osmia,lignaria,female,adult,yes,Female BOB;33;;;,33,1,,NA,67.6,wood,8,1,3,Osmia across Virginia,USA,Va.,Albemarle,Charlottesville,38.0654,-78.6638,43558,1,406,0,Trap Nest,Osmia taurus to Osmia lignaria,n,TNT,D
Hymenoptera-Apiformes,Megachilidae,Osmia,lignaria,female,adult,yes,Female BOB;33;;;,33,1,,NA,75.1,wood,8,1,2,Osmia across Virginia,USA,Va.,Albemarle,Charlottesville,38.0654,-78.6638,43558,1,407,0,Trap Nest,,n,TNT,D
,,,.,,,,cadaver in pollen;33;;;,33,1,,NA,138.2,wood,8,1,1,Osmia across Virginia,USA,Va.,Albemarle,Charlottesville,38.0654,-78.6638,43033,1,408,0,Trap Nest,,n,TNT,D
Hymenoptera-Apiformes,Megachilidae,Osmia,cornifrons,female,adult,yes,JF;34;;;,34,1,,NA,62.6,wood,6,3,10,Osmia across Virginia,USA,Va.,Albemarle,Charlottesville,38.0654,-78.6638,43558,1,409,0,Trap Nest,,n,TNT,D
Hymenoptera-Apiformes,Megachilidae,Osmia,cornifrons,female,adult,yes,JF;34;;;,34,1,,NA,80.5,wood,6,3,9,Osmia across Virginia,USA,Va.,Albemarle,Charlottesville,38.0654,-78.6638,43558,1,410,0,Trap Nest,,n,TNT,D
Hymenoptera-Apiformes,Megachilidae,Osmia,cornifrons,female,adult,yes,JF;34;;;,34,1,,NA,65.8,wood,6,3,8,Osmia across Virginia,USA,Va.,Albemarle,Charlottesville,38.0654,-78.6638,43558,1,411,0,Trap Nest,,n,TNT,D
Hymenoptera-Apiformes,Megachilidae,Osmia,cornifrons,female,adult,yes,JF;34;;;,34,1,,NA,65.3,wood,6,3,7,Osmia across Virginia,USA,Va.,Albemarle,Charlottesville,38.0654,-78.6638,43558,1,412,0,Trap Nest,,n,TNT,D
Hymenoptera-Apiformes,Megachilidae,Osmia,cornifrons,female,adult,yes,JF;34;;;,34,1,,NA,66.8,wood,6,3,6,Osmia across Virginia,USA,Va.,Albemarle,Charlottesville,38.0654,-78.6638,43558,1,413,0,Trap Nest,,n,TNT,D
Hymenoptera-Apiformes,Megachilidae,Osmia,cornifrons,female,adult,yes,JF;34;;;,34,1,,NA,67.5,wood,6,3,5,Osmia across Virginia,USA,Va.,Albemarle,Charlottesville,38.0654,-78.6638,43558,1,414,0,Trap Nest,,n,TNT,D
Hymenoptera-Apiformes,Megachilidae,Osmia,cornifrons,female,adult,yes,JF;34;;;,34,1,,NA,63.2,wood,6,3,4,Osmia across Virginia,USA,Va.,Albemarle,Charlottesville,38.0654,-78.6638,43558,1,415,0,Trap Nest,,n,TNT,D
Hymenoptera-Apiformes,Megachilidae,Osmia,cornifrons,male,adult,yes,JM;34;;;,34,1,,NA,45.8,wood,6,3,3,Osmia across Virginia,USA,Va.,Albemarle,Charlottesville,38.0654,-78.6638,43558,1,416,0,Trap Nest,,n,TNT,D
Hymenoptera-Apiformes,Megachilidae,Osmia,cornifrons,male,adult,yes,JM;34;;;,34,1,,NA,44,wood,6,3,2,Osmia across Virginia,USA,Va.,Albemarle,Charlottesville,38.0654,-78.6638,43558,1,417,0,Trap Nest,,n,TNT,D
Hymenoptera-Apiformes,Megachilidae,Osmia,cornifrons,male,adult,yes,JM;34;;;,34,1,,NA,46.6,wood,6,3,1,Osmia across Virginia,USA,Va.,Albemarle,Charlottesville,38.0654,-78.6638,43558,1,418,0,Trap Nest,,n,TNT,D
Hymenoptera-Apiformes,Megachilidae,Osmia,cornifrons,female,adult,yes,JF;35;;;,35,1,,NA,64.5,wood,8,3,12,Osmia across Virginia,USA,Va.,Albemarle,Charlottesville,38.0654,-78.6638,43558,1,419,0,Trap Nest,,n,TNT,D
Hymenoptera-Apiformes,Megachilidae,Osmia,cornifrons,female,adult,yes,JF;35;;;,35,1,K420Asco_R,A. subglobosa,82.5,wood,8,3,11,Osmia across Virginia,USA,Va.,Albemarle,Charlottesville,38.0654,-78.6638,43558,1,420,1,Trap Nest,,n,TNT,D
Hymenoptera-Apiformes,Megachilidae,Osmia,cornifrons,female,adult,yes,JF;35;;;,35,1,,NA,74.6,wood,8,3,10,Osmia across Virginia,USA,Va.,Albemarle,Charlottesville,38.0654,-78.6638,43558,1,421,0,Trap Nest,,n,TNT,D
Hymenoptera-Apiformes,Megachilidae,Osmia,cornifrons,female,adult,yes,JF; usurp?;35;;,35,1,K422Asco_R,A. subglobosa,86.6,wood,8,3,9,Osmia across Virginia,USA,Va.,Albemarle,Charlottesville,38.0654,-78.6638,43558,1,422,1,Trap Nest,,n,TNT,D
Hymenoptera-Apiformes,Megachilidae,Osmia,lignaria,female,adult,yes,Female BOB;35;;;,35,1,K423Asco_R,A. subglobosa,78,wood,8,3,8,Osmia across Virginia,USA,Va.,Albemarle,Charlottesville,38.0654,-78.6638,43558,1,423,1,Trap Nest,Osmia cornifrons to Osmia lignaria,n,TNT,D
Hymenoptera-Apiformes,Megachilidae,Osmia,lignaria,female,adult,yes,Female BOB;35;;;,35,1,K424Asco_R,A. subglobosa,85.9,wood,8,3,7,Osmia across Virginia,USA,Va.,Albemarle,Charlottesville,38.0654,-78.6638,43558,1,424,1,Trap Nest,,n,TNT,D
Hymenoptera-Apiformes,Megachilidae,Osmia,lignaria,female,adult,yes,Female BOB;35;;;,35,1,,NA,92.6,wood,8,3,6,Osmia across Virginia,USA,Va.,Albemarle,Charlottesville,38.0654,-78.6638,43558,1,425,0,Trap Nest,,n,TNT,D
Hymenoptera-Apiformes,Megachilidae,Osmia,lignaria,female,adult,yes,Female BOB; feisty;35;;,35,1,K426Asco_R,A. subglobosa,84,wood,8,3,5,Osmia across Virginia,USA,Va.,Albemarle,Charlottesville,38.0654,-78.6638,43558,1,426,1,Trap Nest,,n,TNT,D
Hymenoptera-Apiformes,Megachilidae,Osmia,lignaria,female,adult,yes,Female BOB;35;;;,35,1,K427Asco_R,A. subglobosa,73.3,wood,8,3,4,Osmia across Virginia,USA,Va.,Albemarle,Charlottesville,38.0654,-78.6638,43558,1,427,1,Trap Nest,,n,TNT,D
Hymenoptera-Apiformes,Megachilidae,Osmia,lignaria,male,adult,yes,BOB male;35;;;,35,1,K428Asco_R,A. subglobosa,43.9,wood,8,3,3,Osmia across Virginia,USA,Va.,Albemarle,Charlottesville,38.0654,-78.6638,43558,1,428,1,Trap Nest,,n,TNT,D
Hymenoptera-Apiformes,Megachilidae,Osmia,lignaria,male,adult,yes,BOB male;35;;;,35,1,,NA,53.7,wood,8,3,2,Osmia across Virginia,USA,Va.,Albemarle,Charlottesville,38.0654,-78.6638,43558,1,429,0,Trap Nest,,n,TNT,D
Hymenoptera-Apiformes,Megachilidae,Osmia,lignaria,male,adult,yes,BOB male;35;;;,35,1,,NA,51.7,wood,8,3,1,Osmia across Virginia,USA,Va.,Albemarle,Charlottesville,38.0654,-78.6638,43558,1,430,0,Trap Nest,,n,TNT,D
,,,.,,,,delete from database;36;;;,36,NA,,NA,NA,wood,6,2,20,Osmia across Virginia,USA,Va.,Montgomery,Blacksburg,37.2404,-80.4053,43038,1,431,0,Trap Nest,,n,LTG,N
,,,.,,,,dirt;36;;;,36,1,,NA,7.1,wood,6,2,19,Osmia across Virginia,USA,Va.,Montgomery,Blacksburg,37.2404,-80.4053,43038,1,432,0,Trap Nest,,n,LTG,N
,,,.,,,,pollen/dirt/hard mass;36;;;,36,1,,NA,23.2,wood,6,2,18,Osmia across Virginia,USA,Va.,Montgomery,Blacksburg,37.2404,-80.4053,43038,1,433,0,Trap Nest,,n,LTG,N
,,,.,,,,dirt;36;;;,36,1,,NA,14.6,wood,6,2,17,Osmia across Virginia,USA,Va.,Montgomery,Blacksburg,37.2404,-80.4053,43038,1,434,0,Trap Nest,,n,LTG,N
,,,.,,,,pollen/dirt/silky cocoon;36;;;,36,1,,NA,38.5,wood,6,2,16,Osmia across Virginia,USA,Va.,Montgomery,Blacksburg,37.2404,-80.4053,43038,1,435,0,Trap Nest,,n,LTG,N
,,,.,,,,pollen/dirt;36;;;,36,1,,NA,45.4,wood,6,2,15,Osmia across Virginia,USA,Va.,Montgomery,Blacksburg,37.2404,-80.4053,43038,1,436,0,Trap Nest,,n,LTG,N
,,,.,,,,pollen/dirt;36;;;,36,1,,NA,26.7,wood,6,2,14,Osmia across Virginia,USA,Va.,Montgomery,Blacksburg,37.2404,-80.4053,43038,1,437,0,Trap Nest,,n,LTG,N
,,,.,,,,pollen/dirt;36;;;,36,1,,NA,36.1,wood,6,2,13,Osmia across Virginia,USA,Va.,Montgomery,Blacksburg,37.2404,-80.4053,43038,1,438,0,Trap Nest,,n,LTG,N
,,,.,,,,pollen/dirt;36;;;,36,1,K439Asco_R,A. naganensis,NA,wood,6,2,12,Osmia across Virginia,USA,Va.,Montgomery,Blacksburg,37.2404,-80.4053,43038,1,439,1,Trap Nest,,n,LTG,N
Hymenoptera-Apiformes,Megachilidae,Osmia,georgica,female,adult,yes,female O. georgica;36;;;,36,1,,NA,14.1,wood,6,2,11,Osmia across Virginia,USA,Va.,Montgomery,Blacksburg,37.2404,-80.4053,43558,1,440,0,Trap Nest,,n,LTG,N
,,,.,,,no,pollen mass;36;;;,36,1,K441Asco_R,A. naganensis,42.9,wood,6,2,10,Osmia across Virginia,USA,Va.,Montgomery,Blacksburg,37.2404,-80.4053,43038,1,441,1,Trap Nest,,n,LTG,N
Hymenoptera-Apiformes,Megachilidae,Osmia,georgica,female,adult,yes,female O. georgica;36;;;,36,1,K442Asco_R,A. subglobosa,24,wood,6,2,9,Osmia across Virginia,USA,Va.,Montgomery,Blacksburg,37.2404,-80.4053,43558,1,442,1,Trap Nest,,n,LTG,N
Hymenoptera-Apiformes,Megachilidae,Osmia,georgica,female,adult,yes,female O. georgica;36;;;,36,1,,NA,22.8,wood,6,2,8,Osmia across Virginia,USA,Va.,Montgomery,Blacksburg,37.2404,-80.4053,43558,1,443,0,Trap Nest,,n,LTG,N
Hymenoptera-Apiformes,Megachilidae,Osmia,georgica,male,adult,yes,leaf pulp partition; male O. georgica;36;;,36,1,,NA,17.4,wood,6,2,7,Osmia across Virginia,USA,Va.,Montgomery,Blacksburg,37.2404,-80.4053,43558,1,444,0,Trap Nest,,n,LTG,N
Hymenoptera-Apiformes,Megachilidae,Osmia,georgica,male,adult,yes,leaf pulp partition; male O. georgica;36;;,36,1,K445Asco_R,A. naganensis,18.9,wood,6,2,6,Osmia across Virginia,USA,Va.,Montgomery,Blacksburg,37.2404,-80.4053,43558,1,445,1,Trap Nest,,n,LTG,N
Hymenoptera-Apiformes,Megachilidae,Osmia,georgica,male,adult,yes,leaf pulp partition; male O. georgica;36;;,36,1,,NA,18,wood,6,2,5,Osmia across Virginia,USA,Va.,Montgomery,Blacksburg,37.2404,-80.4053,43558,1,446,0,Trap Nest,,n,LTG,N
Hymenoptera-Apiformes,Megachilidae,Osmia,georgica,male,adult,yes,leaf pulp partition; male O. georgica;36;;,36,1,K447Asco_R,A. naganensis,18.2,wood,6,2,4,Osmia across Virginia,USA,Va.,Montgomery,Blacksburg,37.2404,-80.4053,43558,1,447,1,Trap Nest,,n,LTG,N
Hymenoptera-Apiformes,Megachilidae,Osmia,georgica,male,adult,yes,leaf pulp partition; male O. georgica;36;;,36,1,K448Asco_R,A. naganensis,19.4,wood,6,2,3,Osmia across Virginia,USA,Va.,Montgomery,Blacksburg,37.2404,-80.4053,43558,1,448,1,Trap Nest,,n,LTG,N
Hymenoptera-Apiformes,Megachilidae,Osmia,georgica,male,adult,yes,leaf pulp partition; male O. georgica;36;;,36,1,K449Asco_R,A. naganensis,17.7,wood,6,2,2,Osmia across Virginia,USA,Va.,Montgomery,Blacksburg,37.2404,-80.4053,43558,1,449,1,Trap Nest,,n,LTG,N
Hymenoptera-Apiformes,Megachilidae,Osmia,georgica,male,adult,yes,leaf pulp partition; male O. georgica;36;;,36,1,K450Asco_R,A. naganensis,17.9,wood,6,2,1,Osmia across Virginia,USA,Va.,Montgomery,Blacksburg,37.2404,-80.4053,43558,1,450,1,Trap Nest,,n,LTG,N
Hymenoptera-Apiformes,Megachilidae,Osmia,lignaria,female,adult,yes,female BOB;37;;;,37,1,K451Asco_R,A. naganensis,124.6,wood,8,2,6,Osmia across Virginia,USA,Va.,Albemarle,Charlottesville,38.0568,-78.6615,43558,1,451,1,Trap Nest,,n,CTM,N
Hymenoptera-Apiformes,Megachilidae,Osmia,lignaria,female,adult,yes,female BOB;37;;;,37,1,,NA,113.2,wood,8,2,5,Osmia across Virginia,USA,Va.,Albemarle,Charlottesville,38.0568,-78.6615,43558,1,452,0,Trap Nest,,n,CTM,N
,,,.,,,,pollen;37;;;,37,1,K453Asco_R,A. subglobosa,76.3,wood,8,2,4,Osmia across Virginia,USA,Va.,Albemarle,Charlottesville,38.0568,-78.6615,43038,1,453,1,Trap Nest,,n,CTM,N
Hymenoptera-Apiformes,Megachilidae,Osmia,lignaria,male,adult,yes,BOB male;37;;;,37,1,K454Asco_R,A. naganensis,67.9,wood,8,2,3,Osmia across Virginia,USA,Va.,Albemarle,Charlottesville,38.0568,-78.6615,43558,1,454,1,Trap Nest,,n,CTM,N
Hymenoptera-Apiformes,Megachilidae,Osmia,lignaria,male,adult,yes,BOB male;37;;;,37,1,,NA,66.3,wood,8,2,2,Osmia across Virginia,USA,Va.,Albemarle,Charlottesville,38.0568,-78.6615,43558,1,455,0,Trap Nest,,n,CTM,N
Hymenoptera-Apiformes,Megachilidae,Osmia,lignaria,male,pupa,no,dead undeveloped pupa;37;;;,37,1,,NA,53.8,wood,8,2,1,Osmia across Virginia,USA,Va.,Albemarle,Charlottesville,38.0568,-78.6615,43558,1,456,0,Trap Nest,,n,CTM,N
Hymenoptera-Apiformes,Megachilidae,Osmia,cornifrons,female,adult,yes,JF; tiny;38;;,38,1,,NA,21.8,wood,8,3,14,Osmia across Virginia,USA,Va., ,Harrisonburg,38.4446,-78.8879,43558,1,457,0,Trap Nest,,n,SWG,D
,,,.,,,no,pollen mass;38;;;,38,1,,A. subglobosa,69.9,wood,8,3,13,Osmia across Virginia,USA,Va., ,Harrisonburg,38.4446,-78.8879,43040,1,458,1,Trap Nest,,n,SWG,D
,,,.,,,no,pollen mass;38;;;,38,1,,A. subglobosa,89.8,wood,8,3,12,Osmia across Virginia,USA,Va., ,Harrisonburg,38.4446,-78.8879,43040,1,459,1,Trap Nest,,n,SWG,D
,,,.,,,no,pollen mass;38;;;,38,1,,A. subglobosa,81,wood,8,3,11,Osmia across Virginia,USA,Va., ,Harrisonburg,38.4446,-78.8879,43040,1,460,1,Trap Nest,,n,SWG,D
Hymenoptera-Apiformes,Megachilidae,Osmia,cornifrons,female,,,;38;;;,38,1,,NA,NA,wood,8,3,10,Osmia across Virginia,USA,Va., ,Harrisonburg,38.4446,-78.8879,43558,1,461,0,Trap Nest,,n,SWG,D
,,,.,female,adult,yes,JF (vial empty on receipt -THR);38;;; cornifrons nest,38,NA,,NA,91.5,wood,8,3,9,Osmia across Virginia,USA,Va., ,Harrisonburg,38.4446,-78.8879,43049,1,462,0,Trap Nest,,n,SWG,D
Hymenoptera-Apiformes,Megachilidae,Osmia,cornifrons,male,adult,yes,JM;38;;;,38,1,,NA,52.6,wood,8,3,8,Osmia across Virginia,USA,Va., ,Harrisonburg,38.4446,-78.8879,43558,1,463,0,Trap Nest,,n,SWG,D
Hymenoptera-Apiformes,Megachilidae,Osmia,cornifrons,male,adult,yes,JM;38;;;,38,1,,NA,54.8,wood,8,3,7,Osmia across Virginia,USA,Va., ,Harrisonburg,38.4446,-78.8879,43558,1,464,0,Trap Nest,,n,SWG,D
Hymenoptera-Apiformes,Megachilidae,Osmia,cornifrons,male,pupa,no,pupal cadaver;38;;;,38,1,K465Asco_R,A. subglobosa,65.5,wood,8,3,6,Osmia across Virginia,USA,Va., ,Harrisonburg,38.4446,-78.8879,43558,1,465,1,Trap Nest,,n,SWG,D
Hymenoptera-Apiformes,Megachilidae,Osmia,cornifrons,male,adult,yes,JM;38;;;,38,1,,NA,57.2,wood,8,3,5,Osmia across Virginia,USA,Va., ,Harrisonburg,38.4446,-78.8879,43558,1,466,0,Trap Nest,,n,SWG,D
,,,.,,,,larval cadaver;38;;;,38,1,,NA,43.3,wood,8,3,4,Osmia across Virginia,USA,Va., ,Harrisonburg,38.4446,-78.8879,43040,1,467,0,Trap Nest,,n,SWG,D
Hymenoptera-Apiformes,Megachilidae,Osmia,cornifrons,male,adult,yes,JM;38;;;,38,1,K468Asco_R,A. fusiformis,50,wood,8,3,3,Osmia across Virginia,USA,Va., ,Harrisonburg,38.4446,-78.8879,43558,1,468,1,Trap Nest,,n,SWG,D
Hymenoptera-Apiformes,Megachilidae,Osmia,cornifrons,male,adult,yes,JM;38;;;,38,1,,NA,56,wood,8,3,2,Osmia across Virginia,USA,Va., ,Harrisonburg,38.4446,-78.8879,43558,1,469,0,Trap Nest,,n,SWG,D
Hymenoptera-Apiformes,Megachilidae,Osmia,cornifrons,male,adult,yes,JM;38;;;,38,1,,NA,51,wood,8,3,1,Osmia across Virginia,USA,Va., ,Harrisonburg,38.4446,-78.8879,43558,1,470,0,Trap Nest,,n,SWG,D
Hymenoptera-Apiformes,Megachilidae,Osmia,taurus,female,adult,yes,JF;39;;;,39,1,,NA,103,wood,8,2,10,Osmia across Virginia,USA,Va.,Westmoreland,Montross,38.103348,-76.665496,43558,1,471,0,Trap Nest,,y,BWB,N
Hymenoptera-Apiformes,Megachilidae,Osmia,taurus,female,adult,yes,JF;39;;;,39,1,,NA,104,wood,8,2,9,Osmia across Virginia,USA,Va.,Westmoreland,Montross,38.103348,-76.665496,43558,1,472,0,Trap Nest,,y,BWB,N
Hymenoptera-Apiformes,Megachilidae,Osmia,taurus,female,adult,yes,JF;39;;;,39,1,,NA,90.7,wood,8,2,8,Osmia across Virginia,USA,Va.,Westmoreland,Montross,38.103348,-76.665496,43558,1,473,0,Trap Nest,,y,BWB,N
Hymenoptera-Apiformes,Megachilidae,Osmia,taurus,female,adult,yes,JF;39;;;,39,1,,NA,105.4,wood,8,2,7,Osmia across Virginia,USA,Va.,Westmoreland,Montross,38.103348,-76.665496,43558,1,474,0,Trap Nest,,y,BWB,N
Hymenoptera-Apiformes,Megachilidae,Osmia,taurus,female,adult,yes,JF;39;;;,39,1,,NA,97.2,wood,8,2,6,Osmia across Virginia,USA,Va.,Westmoreland,Montross,38.103348,-76.665496,43558,1,475,0,Trap Nest,,y,BWB,N
Hymenoptera-Apiformes,Megachilidae,Osmia,taurus,female,adult,yes,JF;39;;;,39,1,,NA,92.7,wood,8,2,5,Osmia across Virginia,USA,Va.,Westmoreland,Montross,38.103348,-76.665496,43558,1,476,0,Trap Nest,,y,BWB,N
Hymenoptera-Apiformes,Megachilidae,Osmia,taurus,male,adult,yes,JM;39;;;,39,1,,NA,57.8,wood,8,2,4,Osmia across Virginia,USA,Va.,Westmoreland,Montross,38.103348,-76.665496,43558,1,477,0,Trap Nest,,y,BWB,N
Hymenoptera-Apiformes,Megachilidae,Osmia,taurus,male,adult,yes,JM;39;;;,39,1,,NA,58.6,wood,8,2,3,Osmia across Virginia,USA,Va.,Westmoreland,Montross,38.103348,-76.665496,43558,1,478,0,Trap Nest,,y,BWB,N
Hymenoptera-Apiformes,Megachilidae,Osmia,taurus,male,adult,yes,JM;39;;;,39,1,,NA,61.3,wood,8,2,2,Osmia across Virginia,USA,Va.,Westmoreland,Montross,38.103348,-76.665496,43558,1,479,0,Trap Nest,,y,BWB,N
,,,.,,,no,pollen mass;39;;;,39,NA,,NA,106.1,wood,8,2,1,Osmia across Virginia,USA,Va.,Westmoreland,Montross,38.103348,-76.665496,43447,1,480,0,Trap Nest,,y,BWB,N
Hymenoptera-Apiformes,Megachilidae,Osmia,cornifrons,female,adult,yes,JF;40;;;,40,1,,NA,65.3,wood,8,2,6,Osmia across Virginia,USA,Va., ,Harrisonburg,38.4446,-78.8879,43558,1,481,0,Trap Nest,,n,SWG,D
Hymenoptera-Apiformes,Megachilidae,Osmia,cornifrons,male,adult,yes,JM;40;;;,40,1,,NA,72.5,wood,8,2,5,Osmia across Virginia,USA,Va., ,Harrisonburg,38.4446,-78.8879,43558,1,482,0,Trap Nest,,n,SWG,D
Hymenoptera-Apiformes,Megachilidae,Osmia,cornifrons,female,adult,yes,JF;40;;;,40,1,,NA,63.9,wood,8,2,4,Osmia across Virginia,USA,Va., ,Harrisonburg,38.4446,-78.8879,43558,1,483,0,Trap Nest,,n,SWG,D
Hymenoptera-Apiformes,Megachilidae,Osmia,cornifrons,male,adult,yes,JM;40;;;,40,1,,NA,49.5,wood,8,2,3,Osmia across Virginia,USA,Va., ,Harrisonburg,38.4446,-78.8879,43558,1,484,0,Trap Nest,,n,SWG,D
Hymenoptera-Apiformes,Megachilidae,Osmia,cornifrons,male,adult,yes,JM;40;;;,40,1,,NA,44.1,wood,8,2,2,Osmia across Virginia,USA,Va., ,Harrisonburg,38.4446,-78.8879,43558,1,485,0,Trap Nest,,n,SWG,D
,,,.,,pupa,no,pupal cadaver;40;;;,40,1,K486Asco_R,A. subglobosa,30.1,wood,8,2,1,Osmia across Virginia,USA,Va., ,Harrisonburg,38.4446,-78.8879,43040,1,486,1,Trap Nest,,n,SWG,D
Hymenoptera-Apiformes,Megachilidae,Osmia,taurus,male,adult,yes,JM;41;;;,41,1,,NA,48.9,wood,6,1,6,Osmia across Virginia,USA,Va.,Frederick,Cross Junction,39.4344,-78.3129,43558,1,487,0,Trap Nest,,n,VIH,N
Hymenoptera-Apiformes,Megachilidae,Osmia,taurus,male,adult,yes,JM;41;;;,41,1,,NA,54.9,wood,6,1,5,Osmia across Virginia,USA,Va.,Frederick,Cross Junction,39.4344,-78.3129,43558,1,488,0,Trap Nest,,n,VIH,N
Hymenoptera-Apiformes,Megachilidae,Osmia,taurus,male,adult,yes,JM;41;;;,41,1,,NA,50.3,wood,6,1,4,Osmia across Virginia,USA,Va.,Frederick,Cross Junction,39.4344,-78.3129,43558,1,489,0,Trap Nest,,n,VIH,N
Hymenoptera-Apiformes,Megachilidae,Osmia,taurus,male,adult,yes,JM;41;;;,41,1,,NA,43.2,wood,6,1,3,Osmia across Virginia,USA,Va.,Frederick,Cross Junction,39.4344,-78.3129,43558,1,490,0,Trap Nest,,n,VIH,N
Hymenoptera-Apiformes,Megachilidae,Osmia,taurus,male,adult,yes,JM;41;;;,41,1,,NA,54,wood,6,1,2,Osmia across Virginia,USA,Va.,Frederick,Cross Junction,39.4344,-78.3129,43558,1,491,0,Trap Nest,,n,VIH,N
Hymenoptera-Apiformes,Megachilidae,Osmia,taurus,male,adult,yes,JM;41;;;,41,NA,,NA,52,wood,6,1,1,Osmia across Virginia,USA,Va.,Frederick,Cross Junction,39.4344,-78.3129,43558,1,492,0,Trap Nest,,n,VIH,N
,,,.,,,no,pollen mass; taurus nest;42;;;,42,1,,A. fusiformis,33.1,wood,8,1,12,Osmia across Virginia,USA,Va.,Montgomery,Blacksburg,37.2625,-80.3903,43433,1,493,1,Trap Nest,,n,TYT,A
,,,.,,,no,pollen mass or cadaver?; taurus nest;42;;;,42,1,,A. fusiformis,45.4,wood,8,1,11,Osmia across Virginia,USA,Va.,Montgomery,Blacksburg,37.2625,-80.3903,43433,1,494,1,Trap Nest,,n,TYT,A
,,,.,,,,cadaver; taurus nest;42;;;,42,1,,A. fusiformis,88.2,wood,8,1,10,Osmia across Virginia,USA,Va.,Montgomery,Blacksburg,37.2625,-80.3903,43433,1,495,1,Trap Nest,,n,TYT,A
Hymenoptera-Apiformes,Megachilidae,Osmia,taurus,female,adult,yes,JF;42;;;,42,1,,NA,100.4,wood,8,1,9,Osmia across Virginia,USA,Va.,Montgomery,Blacksburg,37.2625,-80.3903,43558,1,496,0,Trap Nest,,n,TYT,A
Hymenoptera-Apiformes,Megachilidae,Osmia,taurus,female,adult,yes,JF;42;;;,42,NA,,NA,99.5,wood,8,1,8,Osmia across Virginia,USA,Va.,Montgomery,Blacksburg,37.2625,-80.3903,43558,1,497,0,Trap Nest,,n,TYT,A
Hymenoptera-Apiformes,Megachilidae,Osmia,taurus,female,adult,yes,dead adult JF;42;;;,42,NA,,NA,84.4,wood,8,1,7,Osmia across Virginia,USA,Va.,Montgomery,Blacksburg,37.2625,-80.3903,43558,1,498,0,Trap Nest,,n,TYT,A
Hymenoptera-Apiformes,Megachilidae,Osmia,taurus,female,adult,yes,JF;42;;;,42,NA,,NA,84.6,wood,8,1,6,Osmia across Virginia,USA,Va.,Montgomery,Blacksburg,37.2625,-80.3903,43558,1,499,0,Trap Nest,,n,TYT,A
Hymenoptera-Apiformes,Megachilidae,Osmia,taurus,female,adult,yes,JF;42;;;,42,NA,,NA,89.3,wood,8,1,5,Osmia across Virginia,USA,Va.,Montgomery,Blacksburg,37.2625,-80.3903,43558,1,500,0,Trap Nest,,n,TYT,A
Hymenoptera-Apiformes,Megachilidae,Osmia,taurus,male,adult,yes,JM;42;;;,42,1,,NA,56.4,wood,8,1,4,Osmia across Virginia,USA,Va.,Montgomery,Blacksburg,37.2625,-80.3903,43558,1,501,0,Trap Nest,,n,TYT,A
Hymenoptera-Apiformes,Megachilidae,Osmia,taurus,male,adult,yes,JM;42;;;,42,NA,,NA,52.9,wood,8,1,3,Osmia across Virginia,USA,Va.,Montgomery,Blacksburg,37.2625,-80.3903,43558,1,502,0,Trap Nest,,n,TYT,A
,,,.,,,,pollen; taurus nest;42;;;,42,NA,,NA,21,wood,8,1,2,Osmia across Virginia,USA,Va.,Montgomery,Blacksburg,37.2625,-80.3903,43433,1,503,0,Trap Nest,,n,TYT,A
,,,.,,,,cadaver with spores inside small cocoon;42;;;,42,NA,,NA,10.4,wood,8,1,1,Osmia across Virginia,USA,Va.,Montgomery,Blacksburg,37.2625,-80.3903,43040,1,504,0,Trap Nest,,n,TYT,A
Hymenoptera-Apiformes,Megachilidae,Osmia,taurus,female,adult,yes,JF; sluggish;43;;,43,NA,,NA,80.3,wood,8,2,7,Osmia across Virginia,USA,Va.,Clarke,Berryville,39.1496,-77.9849,43558,1,505,0,Trap Nest,,n,KID,D
Hymenoptera-Apiformes,Megachilidae,Osmia,taurus,male,adult,yes,JM;43;;;,43,1,,NA,56.1,wood,8,2,6,Osmia across Virginia,USA,Va.,Clarke,Berryville,39.1496,-77.9849,43558,1,506,0,Trap Nest,,n,KID,D
Hymenoptera-Apiformes,Megachilidae,Osmia,taurus,male,adult,yes,JM;43;;;,43,1,,NA,56,wood,8,2,5,Osmia across Virginia,USA,Va.,Clarke,Berryville,39.1496,-77.9849,43558,1,507,0,Trap Nest,,n,KID,D
Hymenoptera-Apiformes,Megachilidae,Osmia,taurus,male,adult,yes,JM; sluggish;43;;,43,NA,,NA,57.1,wood,8,2,4,Osmia across Virginia,USA,Va.,Clarke,Berryville,39.1496,-77.9849,43558,1,508,0,Trap Nest,,n,KID,D
Hymenoptera-Apiformes,Megachilidae,Osmia,taurus,male,adult,yes,JM;43;;;,43,NA,,NA,51.4,wood,8,2,3,Osmia across Virginia,USA,Va.,Clarke,Berryville,39.1496,-77.9849,43558,1,509,0,Trap Nest,,n,KID,D
Hymenoptera-Apiformes,Megachilidae,Osmia,taurus,male,adult,yes,JM;43;;;,43,NA,,NA,52.8,wood,8,2,2,Osmia across Virginia,USA,Va.,Clarke,Berryville,39.1496,-77.9849,43558,1,510,0,Trap Nest,,n,KID,D
Hymenoptera-Apiformes,Megachilidae,Osmia,taurus,male,adult,yes,JM;43;;;,43,NA,,NA,54.6,wood,8,2,1,Osmia across Virginia,USA,Va.,Clarke,Berryville,39.1496,-77.9849,43558,1,511,0,Trap Nest,,n,KID,D
Hymenoptera-Apiformes,Megachilidae,Osmia,cornifrons,female,,,female adult cadaver; underdeveloped;44;;,44,1,,A. fusiformis,16.9,wood,6,3,11,Osmia across Virginia,USA,Va.,Augusta,Churchville,38.273218,-79.092286,43558,1,512,1,Trap Nest,,y,ALY,N
Hymenoptera-Apiformes,Megachilidae,Osmia,cornifrons,male,adult,yes,JM; extremely feisty;44;;,44,1,,NA,52.5,wood,6,3,10,Osmia across Virginia,USA,Va.,Augusta,Churchville,38.273218,-79.092286,43558,1,513,0,Trap Nest,,y,ALY,N
Hymenoptera-Apiformes,Megachilidae,Osmia,cornifrons,male,adult,yes,JM; feisty;44;;,44,NA,,NA,35.7,wood,6,3,9,Osmia across Virginia,USA,Va.,Augusta,Churchville,38.273218,-79.092286,43558,1,514,0,Trap Nest,,y,ALY,N
,,,.,,,no,pollen mass;44;;;,44,NA,,NA,49,wood,6,3,8,Osmia across Virginia,USA,Va.,Augusta,Churchville,38.273218,-79.092286,43447,1,515,0,Trap Nest,,y,ALY,N
Hymenoptera-Apiformes,Megachilidae,Osmia,cornifrons,male,adult,yes,JM;44;;;,44,1,,NA,27.5,wood,6,3,7,Osmia across Virginia,USA,Va.,Augusta,Churchville,38.273218,-79.092286,43558,1,516,0,Trap Nest,,y,ALY,N
,,,.,,,no,pollen mass;44;;;,44,NA,,NA,50.9,wood,6,3,6,Osmia across Virginia,USA,Va.,Augusta,Churchville,38.273218,-79.092286,43447,1,517,0,Trap Nest,,y,ALY,N
Hymenoptera-Apiformes,Megachilidae,Osmia,cornifrons,male,adult,yes,JM;44;;;,44,1,,NA,43.2,wood,6,3,5,Osmia across Virginia,USA,Va.,Augusta,Churchville,38.273218,-79.092286,43558,1,518,0,Trap Nest,,y,ALY,N
Hymenoptera-Apiformes,Megachilidae,Osmia,cornifrons,male,adult,yes,JM;44;;;,44,1,,NA,41.2,wood,6,3,4,Osmia across Virginia,USA,Va.,Augusta,Churchville,38.273218,-79.092286,43558,1,519,0,Trap Nest,,y,ALY,N
Hymenoptera-Apiformes,Megachilidae,Osmia,cornifrons,male,adult,yes,JM;44;;;,44,1,,NA,48.8,wood,6,3,3,Osmia across Virginia,USA,Va.,Augusta,Churchville,38.273218,-79.092286,43558,1,520,1,Trap Nest,,y,ALY,N
,,,.,,,no,pollen mass;44;;;,44,NA,,NA,67.6,wood,6,3,2,Osmia across Virginia,USA,Va.,Augusta,Churchville,38.273218,-79.092286,43447,1,521,0,Trap Nest,,y,ALY,N
Hymenoptera-Apiformes,Megachilidae,Osmia,cornifrons,male,adult,yes,JM;44;;;,44,1,,NA,32.4,wood,6,3,1,Osmia across Virginia,USA,Va.,Augusta,Churchville,38.273218,-79.092286,43558,1,522,0,Trap Nest,,y,ALY,N
Hymenoptera-Apiformes,Megachilidae,Osmia,lignaria,female,adult,yes,female BOB;45;;;,45,1,,NA,102.4,wood,8,3,13,Osmia across Virginia,USA,Va.,Page,Rileyville,38.7677,-78.4041,43558,1,523,0,Trap Nest,,n,CDJ,N
Hymenoptera-Apiformes,Megachilidae,Osmia,lignaria,female,adult,yes,female BOB;45;;;,45,1,,NA,98.3,wood,8,3,12,Osmia across Virginia,USA,Va.,Page,Rileyville,38.7677,-78.4041,43558,1,524,0,Trap Nest,,n,CDJ,N
Hymenoptera-Apiformes,Megachilidae,Osmia,lignaria,female,adult,yes,female BOB;45;;;,45,1,,NA,110.4,wood,8,3,11,Osmia across Virginia,USA,Va.,Page,Rileyville,38.7677,-78.4041,43558,1,525,0,Trap Nest,,n,CDJ,N
Hymenoptera-Apiformes,Megachilidae,Osmia,lignaria,female,adult,yes,female BOB;45;;;,45,1,,NA,104,wood,8,3,10,Osmia across Virginia,USA,Va.,Page,Rileyville,38.7677,-78.4041,43558,1,526,0,Trap Nest,,n,CDJ,N
Hymenoptera-Apiformes,Megachilidae,Osmia,lignaria,female,adult,yes,female BOB;45;;;,45,1,,NA,94.1,wood,8,3,9,Osmia across Virginia,USA,Va.,Page,Rileyville,38.7677,-78.4041,43558,1,527,0,Trap Nest,,n,CDJ,N
Hymenoptera-Apiformes,Megachilidae,Osmia,lignaria,female,adult,yes,female BOB;45;;;,45,1,,NA,109.1,wood,8,3,8,Osmia across Virginia,USA,Va.,Page,Rileyville,38.7677,-78.4041,43558,1,528,0,Trap Nest,,n,CDJ,N
Hymenoptera-Apiformes,Megachilidae,Osmia,lignaria,female,adult,yes,female BOB;45;;;,45,1,,NA,103.4,wood,8,3,7,Osmia across Virginia,USA,Va.,Page,Rileyville,38.7677,-78.4041,43558,1,529,0,Trap Nest,,n,CDJ,N
Hymenoptera-Apiformes,Megachilidae,Osmia,lignaria,male,adult,yes,BOB male;45;;;,45,1,,NA,51.5,wood,8,3,6,Osmia across Virginia,USA,Va.,Page,Rileyville,38.7677,-78.4041,43558,1,530,0,Trap Nest,,n,CDJ,N
Hymenoptera-Apiformes,Megachilidae,Osmia,lignaria,male,,,BOB cadaver adult; underdeveloped;45;;,45,1,,NA,65.1,wood,8,3,5,Osmia across Virginia,USA,Va.,Page,Rileyville,38.7677,-78.4041,43558,1,531,0,Trap Nest,,n,CDJ,N
Hymenoptera-Apiformes,Megachilidae,Osmia,lignaria,male,adult,yes,BOB male;45;;;,45,1,,NA,43.4,wood,8,3,4,Osmia across Virginia,USA,Va.,Page,Rileyville,38.7677,-78.4041,43558,1,532,0,Trap Nest,,n,CDJ,N
Hymenoptera-Apiformes,Megachilidae,Osmia,lignaria,male,adult,yes,BOB male;45;;;,45,1,,NA,47.7,wood,8,3,3,Osmia across Virginia,USA,Va.,Page,Rileyville,38.7677,-78.4041,43558,1,533,0,Trap Nest,,n,CDJ,N
Hymenoptera-Apiformes,Megachilidae,Osmia,lignaria,male,adult,yes,BOB male;45;;;,45,1,,NA,46,wood,8,3,2,Osmia across Virginia,USA,Va.,Page,Rileyville,38.7677,-78.4041,43558,1,534,0,Trap Nest,,n,CDJ,N
Hymenoptera-Apiformes,Megachilidae,Osmia,lignaria,male,adult,yes,BOB male;45;;;,45,1,,NA,44.2,wood,8,3,1,Osmia across Virginia,USA,Va.,Page,Rileyville,38.7677,-78.4041,43558,1,535,0,Trap Nest,,n,CDJ,N
Hymenoptera-Apiformes,Megachilidae,Osmia,lignaria,male,pupa,no,lots of bugs inside; pupal cadaver;46;;,46,1,,A. naganensis,41.9,wood,8,2,10,Osmia across Virginia,USA,Va.,Page,Rileyville,38.7677,-78.4041,43558,1,536,1,Trap Nest,,n,CDJ,N
Hymenoptera-Apiformes,Megachilidae,Osmia,lignaria,male,adult,yes,BOB male;46;;;,46,1,,NA,50.1,wood,8,2,9,Osmia across Virginia,USA,Va.,Page,Rileyville,38.7677,-78.4041,43558,1,537,0,Trap Nest,,n,CDJ,N
Hymenoptera-Apiformes,Megachilidae,Osmia,lignaria,female,adult,yes,female BOB;46;;;,46,1,,NA,74.5,wood,8,2,8,Osmia across Virginia,USA,Va.,Page,Rileyville,38.7677,-78.4041,43558,1,538,0,Trap Nest,,n,CDJ,N
Hymenoptera-Apiformes,Megachilidae,Osmia,lignaria,male,adult,yes,BOB male;46;;;,46,1,,A. fusiformis,43.5,wood,8,2,7,Osmia across Virginia,USA,Va.,Page,Rileyville,38.7677,-78.4041,43558,1,539,1,Trap Nest,,n,CDJ,N
Hymenoptera-Apiformes,Megachilidae,Osmia,lignaria,female,adult,yes,female BOB;46;;;,46,1,,NA,80.9,wood,8,2,6,Osmia across Virginia,USA,Va.,Page,Rileyville,38.7677,-78.4041,43558,1,540,0,Trap Nest,,n,CDJ,N
Hymenoptera-Apiformes,Megachilidae,Osmia,lignaria,female,adult,yes,female BOB;46;;;,46,1,,NA,86.1,wood,8,2,5,Osmia across Virginia,USA,Va.,Page,Rileyville,38.7677,-78.4041,43558,1,541,0,Trap Nest,,n,CDJ,N
Hymenoptera-Apiformes,Megachilidae,Osmia,lignaria,male,adult,yes,BOB male;46;;;,46,1,,NA,52.9,wood,8,2,4,Osmia across Virginia,USA,Va.,Page,Rileyville,38.7677,-78.4041,43558,1,542,0,Trap Nest,,n,CDJ,N
Hymenoptera-Apiformes,Megachilidae,Osmia,lignaria,male,adult,yes,BOB male;46;;;,46,1,,NA,49.6,wood,8,2,3,Osmia across Virginia,USA,Va.,Page,Rileyville,38.7677,-78.4041,43558,1,543,0,Trap Nest,,n,CDJ,N
Hymenoptera-Apiformes,Megachilidae,Osmia,lignaria,male,adult,yes,BOB male;46;;;,46,1,,NA,55.4,wood,8,2,2,Osmia across Virginia,USA,Va.,Page,Rileyville,38.7677,-78.4041,43558,1,544,0,Trap Nest,,n,CDJ,N
Hymenoptera-Apiformes,Megachilidae,Osmia,lignaria,male,adult,yes,BOB male;46;;;,46,1,,NA,38.3,wood,8,2,1,Osmia across Virginia,USA,Va.,Page,Rileyville,38.7677,-78.4041,43558,1,545,0,Trap Nest,,n,CDJ,N
Hymenoptera-Apiformes,Megachilidae,Osmia,taurus,male,adult,yes,JM; feisty;47;;,47,NA,,NA,48.1,wood,8,1,12,Osmia across Virginia,USA,Va.,Fairfax,Alexandria,38.744335,-77.053325,43558,1,546,0,Trap Nest,,y,SVN,D
Hymenoptera-Apiformes,Megachilidae,Osmia,taurus,female,adult,yes,JF;47;;;,47,1,,NA,95.2,wood,8,1,11,Osmia across Virginia,USA,Va.,Fairfax,Alexandria,38.744335,-77.053325,43558,1,547,0,Trap Nest,,y,SVN,D
Hymenoptera-Apiformes,Megachilidae,Osmia,taurus,female,adult,yes,JF;47;;;,47,NA,,NA,94.9,wood,8,1,10,Osmia across Virginia,USA,Va.,Fairfax,Alexandria,38.744335,-77.053325,43558,1,548,0,Trap Nest,,y,SVN,D
Hymenoptera-Apiformes,Megachilidae,Osmia,taurus,female,adult,yes,JF;47;;;,47,NA,,NA,93.7,wood,8,1,9,Osmia across Virginia,USA,Va.,Fairfax,Alexandria,38.744335,-77.053325,43558,1,549,0,Trap Nest,,y,SVN,D
Hymenoptera-Apiformes,Megachilidae,Osmia,taurus,female,adult,yes,JF;47;;;,47,1,,NA,90.4,wood,8,1,8,Osmia across Virginia,USA,Va.,Fairfax,Alexandria,38.744335,-77.053325,43558,1,550,1,Trap Nest,,y,SVN,D
Hymenoptera-Apiformes,Megachilidae,Osmia,taurus,female,adult,yes,JF;47;;;,47,NA,,NA,97.4,wood,8,1,7,Osmia across Virginia,USA,Va.,Fairfax,Alexandria,38.744335,-77.053325,43558,1,551,0,Trap Nest,,y,SVN,D
Hymenoptera-Apiformes,Megachilidae,Osmia,taurus,female,adult,yes,JF;47;;;,47,NA,,NA,100.9,wood,8,1,6,Osmia across Virginia,USA,Va.,Fairfax,Alexandria,38.744335,-77.053325,43558,1,552,0,Trap Nest,,y,SVN,D
Hymenoptera-Apiformes,Megachilidae,Osmia,taurus,female,adult,yes,JF;47;;;,47,1,,A. fusiformis,108.3,wood,8,1,5,Osmia across Virginia,USA,Va.,Fairfax,Alexandria,38.744335,-77.053325,43558,1,553,1,Trap Nest,,y,SVN,D
Hymenoptera-Apiformes,Megachilidae,Osmia,taurus,male,adult,yes,JM;47;;;,47,1,,NA,65.9,wood,8,1,4,Osmia across Virginia,USA,Va.,Fairfax,Alexandria,38.744335,-77.053325,43558,1,554,0,Trap Nest,,y,SVN,D
Hymenoptera-Apiformes,Megachilidae,Osmia,taurus,male,adult,yes,JM; big;47;;,47,1,,A. fusiformis,59.6,wood,8,1,3,Osmia across Virginia,USA,Va.,Fairfax,Alexandria,38.744335,-77.053325,43558,1,555,1,Trap Nest,,y,SVN,D
Hymenoptera-Apiformes,Megachilidae,Osmia,taurus,male,adult,yes,JM; big;47;;,47,NA,,NA,66.5,wood,8,1,2,Osmia across Virginia,USA,Va.,Fairfax,Alexandria,38.744335,-77.053325,43558,1,556,0,Trap Nest,,y,SVN,D
Hymenoptera-Apiformes,Megachilidae,Osmia,taurus,male,adult,yes,JM;47;;;,47,NA,,NA,62.6,wood,8,1,1,Osmia across Virginia,USA,Va.,Fairfax,Alexandria,38.744335,-77.053325,43558,1,557,0,Trap Nest,,y,SVN,D
Hymenoptera-Apiformes,Megachilidae,Osmia,taurus,male,adult,yes,JM;48;;;,48,1,,NA,44.4,wood,8,2,15,Osmia across Virginia,USA,Va.,Fairfax,Alexandria,38.744335,-77.053325,43558,1,558,0,Trap Nest,,y,SVN,D
Hymenoptera-Apiformes,Megachilidae,Osmia,taurus,male,adult,yes,JM;48;;;,48,1,,A. fusiformis,49.4,wood,8,2,14,Osmia across Virginia,USA,Va.,Fairfax,Alexandria,38.744335,-77.053325,43558,1,559,1,Trap Nest,,y,SVN,D
Hymenoptera-Apiformes,Megachilidae,Osmia,taurus,male,adult,yes,JM;48;;;,48,NA,,NA,48.9,wood,8,2,13,Osmia across Virginia,USA,Va.,Fairfax,Alexandria,38.744335,-77.053325,43558,1,560,0,Trap Nest,,y,SVN,D
Hymenoptera-Apiformes,Megachilidae,Osmia,taurus,male,adult,no,cadaver of adult JM;48;;;,48,NA,,NA,39.6,wood,8,2,12,Osmia across Virginia,USA,Va.,Fairfax,Alexandria,38.744335,-77.053325,43558,1,561,0,Trap Nest,,y,SVN,D
Hymenoptera-Apiformes,Megachilidae,Osmia,taurus,female,adult,yes,JF;48;;;,48,1,,NA,69.9,wood,8,2,11,Osmia across Virginia,USA,Va.,Fairfax,Alexandria,38.744335,-77.053325,43558,1,562,0,Trap Nest,,y,SVN,D
Hymenoptera-Apiformes,Megachilidae,Osmia,taurus,female,adult,yes,JF;48;;;,48,NA,,NA,82.9,wood,8,2,10,Osmia across Virginia,USA,Va.,Fairfax,Alexandria,38.744335,-77.053325,43558,1,563,0,Trap Nest,,y,SVN,D
Hymenoptera-Apiformes,Megachilidae,Osmia,taurus,female,adult,yes,JF;48;;;,48,1,,A. fusiformis,84,wood,8,2,9,Osmia across Virginia,USA,Va.,Fairfax,Alexandria,38.744335,-77.053325,43558,1,564,1,Trap Nest,,y,SVN,D
Hymenoptera-Apiformes,Megachilidae,Osmia,taurus,female,adult,yes,JF;48;;;,48,NA,,NA,79.1,wood,8,2,8,Osmia across Virginia,USA,Va.,Fairfax,Alexandria,38.744335,-77.053325,43558,1,565,0,Trap Nest,,y,SVN,D
Hymenoptera-Apiformes,Megachilidae,Osmia,taurus,male,adult,yes,JM;48;;;,48,NA,,NA,40.2,wood,8,2,7,Osmia across Virginia,USA,Va.,Fairfax,Alexandria,38.744335,-77.053325,43558,1,566,0,Trap Nest,,y,SVN,D
Hymenoptera-Apiformes,Megachilidae,Osmia,taurus,female,adult,yes,JF;48;;;,48,1,,NA,82.1,wood,8,2,6,Osmia across Virginia,USA,Va.,Fairfax,Alexandria,38.744335,-77.053325,43558,1,567,0,Trap Nest,,y,SVN,D
Hymenoptera-Apiformes,Megachilidae,Osmia,taurus,male,adult,yes,JM;48;;;,48,1,,NA,65.3,wood,8,2,5,Osmia across Virginia,USA,Va.,Fairfax,Alexandria,38.744335,-77.053325,43558,1,568,1,Trap Nest,,y,SVN,D
Hymenoptera-Apiformes,Megachilidae,Osmia,taurus,male,adult,yes,JM;48;;;,48,NA,,NA,58.9,wood,8,2,4,Osmia across Virginia,USA,Va.,Fairfax,Alexandria,38.744335,-77.053325,43558,1,569,0,Trap Nest,,y,SVN,D
Hymenoptera-Apiformes,Megachilidae,Osmia,taurus,male,adult,yes,JM;48;;;,48,NA,,NA,58.8,wood,8,2,3,Osmia across Virginia,USA,Va.,Fairfax,Alexandria,38.744335,-77.053325,43558,1,570,0,Trap Nest,,y,SVN,D
Hymenoptera-Apiformes,Megachilidae,Osmia,taurus,male,adult,yes,JM;48;;;,48,1,,NA,58,wood,8,2,2,Osmia across Virginia,USA,Va.,Fairfax,Alexandria,38.744335,-77.053325,43558,1,571,1,Trap Nest,,y,SVN,D
Hymenoptera-Apiformes,Megachilidae,Osmia,taurus,male,adult,yes,JM;48;;;,48,NA,,NA,61.8,wood,8,2,1,Osmia across Virginia,USA,Va.,Fairfax,Alexandria,38.744335,-77.053325,43558,1,572,0,Trap Nest,,y,SVN,D
,,,.,,,,DIRT;60;;;,60,NA,,NA,NA,wood,8,1,8,Osmia across Virginia,USA,Va.,Culpeper,Rixeyville,38.6071,-77.9777,43132,1,713,0,Trap Nest,,n,DWH,N
Hymenoptera-Apiformes,Megachilidae,Osmia,cornifrons,female,,,;61;;;,61,NA,,NA,NA,wood,6,1,7,Osmia across Virginia,USA,Md.,Montgomery,Cabin John,38.969555,-77.176369,43558,1,687,0,Trap Nest,,y,LLB,N
Hymenoptera-Apiformes,Megachilidae,Osmia,cornifrons,female,adult,yes,jf;61;;;,61,1,,NA,56.3,wood,6,1,6,Osmia across Virginia,USA,Md.,Montgomery,Cabin John,38.969555,-77.176369,43558,1,688,0,Trap Nest,,y,LLB,N
,,,.,,,,larval cadaver?; cornifrons nest;61;;;,61,1,,A. naganensis,52.8,wood,6,1,5,Osmia across Virginia,USA,Md.,Montgomery,Cabin John,38.969555,-77.176369,43447,1,689,1,Trap Nest,,y,LLB,N
Hymenoptera-Apiformes,Megachilidae,Osmia,cornifrons,male,adult,yes,jm;61;;;,61,1,,NA,52.5,wood,6,1,4,Osmia across Virginia,USA,Md.,Montgomery,Cabin John,38.969555,-77.176369,43558,1,690,0,Trap Nest,,y,LLB,N
Hymenoptera-Apiformes,Megachilidae,Osmia,cornifrons,male,adult,yes,jm;61;;;,61,1,,NA,48,wood,6,1,3,Osmia across Virginia,USA,Md.,Montgomery,Cabin John,38.969555,-77.176369,43558,1,691,0,Trap Nest,,y,LLB,N
Hymenoptera-Apiformes,Megachilidae,Osmia,cornifrons,male,adult,yes,jm;61;;;,61,1,,NA,49.8,wood,6,1,2,Osmia across Virginia,USA,Md.,Montgomery,Cabin John,38.969555,-77.176369,43558,1,692,0,Trap Nest,,y,LLB,N
Hymenoptera-Apiformes,Megachilidae,Osmia,cornifrons,male,adult,yes,jm;61;;;,61,1,,NA,44.4,wood,6,1,1,Osmia across Virginia,USA,Md.,Montgomery,Cabin John,38.969555,-77.176369,43558,1,693,0,Trap Nest,,y,LLB,N
,,,.,,,no,pollen mass?;62;;;,62,NA,,NA,13.9,wood,6,3,5,Osmia across Virginia,USA,Md.,Montgomery,Chevy Chase,39.002806,-77.067297,43447,1,694,0,Trap Nest,,y,HBE,D
Hymenoptera-Apiformes,Megachilidae,Osmia,cornifrons,female,adult,yes,jf;62;;;,62,1,,NA,46.5,wood,6,3,4,Osmia across Virginia,USA,Md.,Montgomery,Chevy Chase,39.002806,-77.067297,43558,1,695,0,Trap Nest,,y,HBE,D
Hymenoptera-Apiformes,Megachilidae,Osmia,cornifrons,male,adult,yes,jm;62;;;,62,1,,NA,38.8,wood,6,3,3,Osmia across Virginia,USA,Md.,Montgomery,Chevy Chase,39.002806,-77.067297,43558,1,696,0,Trap Nest,,y,HBE,D
,,,.,,,no,pollen mass;62;;;,62,NA,,NA,44,wood,6,3,2,Osmia across Virginia,USA,Md.,Montgomery,Chevy Chase,39.002806,-77.067297,43447,1,697,0,Trap Nest,,y,HBE,D
Hymenoptera-Apiformes,Megachilidae,Osmia,cornifrons,male,adult,yes,jm;62;;;,62,1,,NA,37.8,wood,6,3,1,Osmia across Virginia,USA,Md.,Montgomery,Chevy Chase,39.002806,-77.067297,43558,1,698,0,Trap Nest,,y,HBE,D
,,,.,,,,cadaver?;63;;;,63,1,,NA,NA,wood,6,3,11,Osmia across Virginia,USA,Va.,Fairfax,Fairfax,38.8051,-77.3065,43130,1,699,0,Trap Nest,,n,MOL,D
Hymenoptera-Apiformes,Megachilidae,Osmia,cornifrons,male,adult,yes,jm;63;;;,63,1,,NA,16.6,wood,6,3,10,Osmia across Virginia,USA,Va.,Fairfax,Fairfax,38.8051,-77.3065,43558,1,700,0,Trap Nest,,n,MOL,D
Hymenoptera-Apiformes,Megachilidae,Osmia,cornifrons,male,adult,yes,jm;63;;;,63,1,,NA,33.2,wood,6,3,9,Osmia across Virginia,USA,Va.,Fairfax,Fairfax,38.8051,-77.3065,43558,1,701,0,Trap Nest,,n,MOL,D
Hymenoptera-Apiformes,Megachilidae,Osmia,cornifrons,male,adult,yes,jm;63;;;,63,1,,NA,39.9,wood,6,3,8,Osmia across Virginia,USA,Va.,Fairfax,Fairfax,38.8051,-77.3065,43558,1,702,0,Trap Nest,,n,MOL,D
Hymenoptera-Apiformes,Megachilidae,Osmia,cornifrons,male,adult,yes,jm;63;;;,63,1,,NA,44.4,wood,6,3,7,Osmia across Virginia,USA,Va.,Fairfax,Fairfax,38.8051,-77.3065,43558,1,703,0,Trap Nest,,n,MOL,D
Hymenoptera-Apiformes,Megachilidae,Osmia,cornifrons,male,adult,yes,jm;63;;;,63,1,,NA,46.9,wood,6,3,6,Osmia across Virginia,USA,Va.,Fairfax,Fairfax,38.8051,-77.3065,43558,1,704,1,Trap Nest,,n,MOL,D
,,,.,,,,;63;;;,63,NA,,NA,NA,wood,6,3,5,Osmia across Virginia,USA,Va.,Fairfax,Fairfax,38.8051,-77.3065,43130,1,705,0,Trap Nest,,n,MOL,D
,,,.,,,,pollen mites;63;;;,63,NA,,NA,NA,wood,6,3,4,Osmia across Virginia,USA,Va.,Fairfax,Fairfax,38.8051,-77.3065,43130,1,706,0,Trap Nest,,n,MOL,D
,,,.,,,,pollen mites;63;;;,63,NA,,NA,NA,wood,6,3,3,Osmia across Virginia,USA,Va.,Fairfax,Fairfax,38.8051,-77.3065,43130,1,707,0,Trap Nest,,n,MOL,D
Hymenoptera-Apiformes,Megachilidae,Osmia,cornifrons,male,adult,yes,jm;63;;;,63,1,,A. fusiformis,48.3,wood,6,3,2,Osmia across Virginia,USA,Va.,Fairfax,Fairfax,38.8051,-77.3065,43558,1,708,1,Trap Nest,,n,MOL,D
Hymenoptera-Apiformes,Megachilidae,Osmia,cornifrons,male,adult,yes,jm;63;;;,63,1,,NA,48.1,wood,6,3,1,Osmia across Virginia,USA,Va.,Fairfax,Fairfax,38.8051,-77.3065,43558,1,709,0,Trap Nest,,n,MOL,D
,,,.,,,,cadaver? fungal;64;;;,64,1,,NA,NA,wood,8,1,3,Osmia across Virginia,USA,Va.,Augusta,Swoope,38.1174,-79.2307,43144,1,710,1,Trap Nest,,n,SDD,A
,,,.,,,,cadaver? fungal;64;;;,64,1,,NA,NA,wood,8,1,2,Osmia across Virginia,USA,Va.,Augusta,Swoope,38.1174,-79.2307,43144,1,711,0,Trap Nest,,n,SDD,A
,,,.,,,,cadaver? Fungal;64;;;,64,1,,NA,NA,wood,8,1,1,Osmia across Virginia,USA,Va.,Augusta,Swoope,38.1174,-79.2307,43144,1,712,1,Trap Nest,,n,SDD,A
,,,.,,,,dirt;60;;;,60,NA,,NA,NA,wood,8,1,7,Osmia across Virginia,USA,Va.,Culpeper,Rixeyville,38.6071,-77.9777,43132,1,714,0,Trap Nest,,n,DWH,N
Hymenoptera-Apiformes,Megachilidae,Osmia,taurus,female,adult,yes,JF;60;;;,60,1,,NA,38.3,wood,8,1,6,Osmia across Virginia,USA,Va.,Culpeper,Rixeyville,38.6071,-77.9777,43558,1,715,0,Trap Nest,,n,DWH,N
Hymenoptera-Apiformes,Megachilidae,Osmia,taurus,female,,,adult cadaver female;60;;;,60,1,,NA,19.5,wood,8,1,5,Osmia across Virginia,USA,Va.,Culpeper,Rixeyville,38.6071,-77.9777,43558,1,716,0,Trap Nest,,n,DWH,N
Hymenoptera-Apiformes,Megachilidae,Osmia,taurus,female,adult,yes,jf sterilization prob;60;;;,60,NA,,NA,62.7,wood,8,1,4,Osmia across Virginia,USA,Va.,Culpeper,Rixeyville,38.6071,-77.9777,43558,1,717,0,Trap Nest,,n,DWH,N
Hymenoptera-Apiformes,Megachilidae,Osmia,taurus,male,adult,yes,jm; sterilization prob;60;;,60,NA,,NA,45.2,wood,8,1,3,Osmia across Virginia,USA,Va.,Culpeper,Rixeyville,38.6071,-77.9777,43558,1,718,0,Trap Nest,,n,DWH,N
Hymenoptera-Apiformes,Megachilidae,Osmia,taurus,male,adult,yes,jm;60;;;,60,1,,NA,40.8,wood,8,1,2,Osmia across Virginia,USA,Va.,Culpeper,Rixeyville,38.6071,-77.9777,43558,1,719,0,Trap Nest,,n,DWH,N
Hymenoptera-Apiformes,Megachilidae,Osmia,taurus,male,adult,yes,JM;60;;;,60,1,,NA,32.4,wood,8,1,1,Osmia across Virginia,USA,Va.,Culpeper,Rixeyville,38.6071,-77.9777,43558,1,720,0,Trap Nest,,n,DWH,N
Hymenoptera-Apiformes,Megachilidae,Osmia,taurus,female,adult,yes,JF;65;;;,65,1,,NA,72.3,wood,8,1,3,Osmia across Virginia,USA,Va.,Wythe,Wytheville,36.875414,-81.078391,43558,1,721,0,Trap Nest,,y,HIM,N
Hymenoptera-Apiformes,Megachilidae,Osmia,taurus,female,adult,yes,JF;65;;;,65,1,,NA,67,wood,8,1,2,Osmia across Virginia,USA,Va.,Wythe,Wytheville,36.875414,-81.078391,43558,1,722,0,Trap Nest,,y,HIM,N
,,,.,,pupa,no,fungal/moldy; pupal cadaver;65;;,65,NA,,NA,21.5,wood,8,1,1,Osmia across Virginia,USA,Va.,Wythe,Wytheville,36.875414,-81.078391,43447,1,723,0,Trap Nest,,y,HIM,N
Hymenoptera-Apiformes,Megachilidae,Osmia,lignaria,female,adult,yes,bob female;66;;;,66,1,,NA,154,wood,8,2,12,Osmia across Virginia,USA,, ,Winchester,39.191,-78.165,43558,1,724,0,Trap Nest,,n,WTW,D
Hymenoptera-Apiformes,Megachilidae,Osmia,lignaria,female,adult,yes,bob female;66;;;,66,1,,NA,127.1,wood,8,2,11,Osmia across Virginia,USA,, ,Winchester,39.191,-78.165,43558,1,725,0,Trap Nest,,n,WTW,D
Hymenoptera-Apiformes,Megachilidae,Osmia,lignaria,female,adult,yes,bob female;66;;;,66,1,,NA,114.2,wood,8,2,10,Osmia across Virginia,USA,, ,Winchester,39.191,-78.165,43558,1,726,0,Trap Nest,,n,WTW,D
,,,.,,pupa,no,pupal cadaver;66;;;,66,1,,NA,83.7,wood,8,2,9,Osmia across Virginia,USA,, ,Winchester,39.191,-78.165,43132,1,727,0,Trap Nest,,n,WTW,D
Hymenoptera-Apiformes,Megachilidae,Osmia,lignaria,female,adult,yes,bob female;66;;;,66,1,,NA,106.1,wood,8,2,8,Osmia across Virginia,USA,, ,Winchester,39.191,-78.165,43558,1,728,0,Trap Nest,,n,WTW,D
Hymenoptera-Apiformes,Megachilidae,Osmia,lignaria,female,adult,yes,bob female;66;;;,66,1,,NA,99.1,wood,8,2,7,Osmia across Virginia,USA,, ,Winchester,39.191,-78.165,43558,1,729,0,Trap Nest,,n,WTW,D
Hymenoptera-Apiformes,Megachilidae,Osmia,lignaria,female,adult,yes,bob female;66;;;,66,1,,A. fusiformis,86.1,wood,8,2,6,Osmia across Virginia,USA,, ,Winchester,39.191,-78.165,43558,1,730,1,Trap Nest,,n,WTW,D
Hymenoptera-Apiformes,Megachilidae,Osmia,lignaria,female,adult,yes,bob female;66;;;,66,1,,NA,76.1,wood,8,2,5,Osmia across Virginia,USA,, ,Winchester,39.191,-78.165,43558,1,731,1,Trap Nest,,n,WTW,D
Hymenoptera-Apiformes,Megachilidae,Osmia,lignaria,male,adult,yes,bob male;66;;;,66,1,,A. fusiformis,49.3,wood,8,2,4,Osmia across Virginia,USA,, ,Winchester,39.191,-78.165,43558,1,732,1,Trap Nest,,n,WTW,D
Hymenoptera-Apiformes,Megachilidae,Osmia,lignaria,male,adult,yes,bob male;66;;;,66,1,,A. fusiformis,48.3,wood,8,2,3,Osmia across Virginia,USA,, ,Winchester,39.191,-78.165,43558,1,733,1,Trap Nest,,n,WTW,D
Hymenoptera-wasps,Chrysididae,,lignaria,,,,cuckoo wasp; Chrysididae; lignaria nest;66;;,66,1,,NA,31.9,wood,8,2,2,Osmia across Virginia,USA,, ,Winchester,39.191,-78.165,43433,1,734,1,Trap Nest,,n,WTW,D
Hymenoptera-Apiformes,Megachilidae,Osmia,lignaria,male,adult,yes,BOB male;66;;;,66,1,,NA,46.2,wood,8,2,1,Osmia across Virginia,USA,, ,Winchester,39.191,-78.165,43558,1,735,0,Trap Nest,,n,WTW,D
,,,.,,,no,pollen mass;66;;;,66,NA,,NA,NA,wood,8,2,13,Osmia across Virginia,USA,, ,Winchester,39.191,-78.165,43144,13,736,0,Trap Nest,,n,WTW,D
Hymenoptera-Apiformes,Megachilidae,Osmia,taurus,female,adult,yes,jf;67;;;,67,1,,NA,85.3,wood,8,2,15,Osmia across Virginia,USA,Va.,Fairfax,Annandale,38.8556,-77.2355,43558,1,737,0,Trap Nest,,n,LLI,D
Hymenoptera-Apiformes,Megachilidae,Osmia,taurus,female,adult,yes,jf;67;;;,67,1,,NA,90,wood,8,2,14,Osmia across Virginia,USA,Va.,Fairfax,Annandale,38.8556,-77.2355,43558,1,738,0,Trap Nest,,n,LLI,D
Hymenoptera-Apiformes,Megachilidae,Osmia,taurus,female,adult,yes,jf;67;;;,67,1,,NA,77.8,wood,8,2,13,Osmia across Virginia,USA,Va.,Fairfax,Annandale,38.8556,-77.2355,43558,1,739,0,Trap Nest,,n,LLI,D
Hymenoptera-Apiformes,Megachilidae,Osmia,taurus,female,adult,yes,jf;67;;;,67,1,,A. fusiformis,79.6,wood,8,2,12,Osmia across Virginia,USA,Va.,Fairfax,Annandale,38.8556,-77.2355,43558,1,740,1,Trap Nest,,n,LLI,D
Hymenoptera-Apiformes,Megachilidae,Osmia,taurus,female,adult,yes,jf;67;;;,67,1,,NA,104.9,wood,8,2,11,Osmia across Virginia,USA,Va.,Fairfax,Annandale,38.8556,-77.2355,43558,1,741,0,Trap Nest,,n,LLI,D
Hymenoptera-Apiformes,Megachilidae,Osmia,taurus,female,adult,yes,jf;67;;;,67,1,,NA,103.2,wood,8,2,10,Osmia across Virginia,USA,Va.,Fairfax,Annandale,38.8556,-77.2355,43558,1,742,0,Trap Nest,,n,LLI,D
Hymenoptera-Apiformes,Megachilidae,Osmia,taurus,female,adult,yes,jf;67;;;,67,1,,A. fusiformis,95.2,wood,8,2,9,Osmia across Virginia,USA,Va.,Fairfax,Annandale,38.8556,-77.2355,43558,1,743,1,Trap Nest,,n,LLI,D
Hymenoptera-Apiformes,Megachilidae,Osmia,taurus,female,adult,yes,jf;67;;;,67,1,,NA,77.2,wood,8,2,8,Osmia across Virginia,USA,Va.,Fairfax,Annandale,38.8556,-77.2355,43558,1,744,0,Trap Nest,,n,LLI,D
Hymenoptera-Apiformes,Megachilidae,Osmia,taurus,male,adult,yes,jm;67;;;,67,1,,NA,57.9,wood,8,2,7,Osmia across Virginia,USA,Va.,Fairfax,Annandale,38.8556,-77.2355,43558,1,745,0,Trap Nest,,n,LLI,D
Hymenoptera-Apiformes,Megachilidae,Osmia,taurus,male,adult,yes,jm;67;;;,67,1,,NA,53.9,wood,8,2,6,Osmia across Virginia,USA,Va.,Fairfax,Annandale,38.8556,-77.2355,43558,1,746,0,Trap Nest,,n,LLI,D
Hymenoptera-Apiformes,Megachilidae,Osmia,taurus,male,adult,yes,jm;67;;;,67,1,,A. fusiformis,51.1,wood,8,2,5,Osmia across Virginia,USA,Va.,Fairfax,Annandale,38.8556,-77.2355,43558,1,747,1,Trap Nest,,n,LLI,D
Hymenoptera-Apiformes,Megachilidae,Osmia,taurus,male,adult,yes,jm;67;;;,67,1,,NA,53.3,wood,8,2,4,Osmia across Virginia,USA,Va.,Fairfax,Annandale,38.8556,-77.2355,43558,1,748,0,Trap Nest,,n,LLI,D
Hymenoptera-Apiformes,Megachilidae,Osmia,taurus,male,adult,yes,jm;67;;;,67,1,,NA,49.7,wood,8,2,3,Osmia across Virginia,USA,Va.,Fairfax,Annandale,38.8556,-77.2355,43558,1,749,0,Trap Nest,,n,LLI,D
Hymenoptera-Apiformes,Megachilidae,Osmia,taurus,male,adult,yes,jm;67;;;,67,1,,NA,49.5,wood,8,2,2,Osmia across Virginia,USA,Va.,Fairfax,Annandale,38.8556,-77.2355,43558,1,750,0,Trap Nest,,n,LLI,D
Hymenoptera-Apiformes,Megachilidae,Osmia,taurus,male,adult,yes,jm;67;;;,67,1,,NA,50.7,wood,8,2,1,Osmia across Virginia,USA,Va.,Fairfax,Annandale,38.8556,-77.2355,43558,1,751,0,Trap Nest,,n,LLI,D
Hymenoptera-Apiformes,Megachilidae,Osmia,taurus,female,adult,yes,JF;65;;;,65,1,,NA,77.9,wood,8,1,4,Osmia across Virginia,USA,Va.,Wythe,Wytheville,36.875414,-81.078391,43558,1,752,0,Trap Nest,,y,HIM,N
,,,.,,,,;68;;;,68,NA,,NA,NA,wood,6,3,8,Osmia across Virginia,USA,Va.,Montgomery,Blacksburg,37.2234,-80.3922,43136,1,753,0,Trap Nest,,n,TLW,D
,,,.,,,,;68;;;,68,NA,,NA,NA,wood,6,3,7,Osmia across Virginia,USA,Va.,Montgomery,Blacksburg,37.2234,-80.3922,43136,1,754,0,Trap Nest,,n,TLW,D
,,,.,,,,;68;;;,68,NA,,NA,NA,wood,6,3,6,Osmia across Virginia,USA,Va.,Montgomery,Blacksburg,37.2234,-80.3922,43136,1,755,0,Trap Nest,,n,TLW,D
,,,.,,,,;68;;;,68,NA,,NA,NA,wood,6,3,5,Osmia across Virginia,USA,Va.,Montgomery,Blacksburg,37.2234,-80.3922,43136,1,756,0,Trap Nest,,n,TLW,D
,,,.,,,,;68;;;,68,NA,,NA,NA,wood,6,3,4,Osmia across Virginia,USA,Va.,Montgomery,Blacksburg,37.2234,-80.3922,43136,1,757,0,Trap Nest,,n,TLW,D
,,,.,,,,;68;;;,68,NA,,NA,NA,wood,6,3,3,Osmia across Virginia,USA,Va.,Montgomery,Blacksburg,37.2234,-80.3922,43136,1,758,0,Trap Nest,,n,TLW,D
,,,.,,,,;68;;;,68,NA,,NA,NA,wood,6,3,2,Osmia across Virginia,USA,Va.,Montgomery,Blacksburg,37.2234,-80.3922,43136,1,759,0,Trap Nest,,n,TLW,D
,,,.,,,,;68;;;,68,NA,,NA,NA,wood,6,3,1,Osmia across Virginia,USA,Va.,Montgomery,Blacksburg,37.2234,-80.3922,43136,1,760,0,Trap Nest,,n,TLW,D
,,,.,,,,pollen provision;69;;;,69,NA,,NA,NA,wood,8,2,13,Osmia across Virginia,USA,Va., ,Charlottesville,38.0216,-78.4906,43137,1,761,0,Trap Nest,,n,LJS,D
Hymenoptera-Apiformes,Megachilidae,Osmia,taurus,male,adult,yes,jm;69;;;,69,1,,NA,24,wood,8,2,12,Osmia across Virginia,USA,Va., ,Charlottesville,38.0216,-78.4906,43558,1,762,0,Trap Nest,,n,LJS,D
Hymenoptera-Apiformes,Megachilidae,Osmia,taurus,male,pupa,no,pupal cadaver; jm?;69;;,69,1,,NA,7.7,wood,8,2,11,Osmia across Virginia,USA,Va., ,Charlottesville,38.0216,-78.4906,43558,1,763,0,Trap Nest,,n,LJS,D
Hymenoptera-Apiformes,Megachilidae,Osmia,taurus,male,,,;69;;;,69,1,,NA,NA,wood,8,2,10,Osmia across Virginia,USA,Va., ,Charlottesville,38.0216,-78.4906,43558,1,764,0,Trap Nest,,n,LJS,D
Hymenoptera-Apiformes,Megachilidae,Osmia,taurus,male,adult,no,cadaver; adult; jm;69;,69,1,,NA,10.4,wood,8,2,9,Osmia across Virginia,USA,Va., ,Charlottesville,38.0216,-78.4906,43558,1,765,0,Trap Nest,,n,LJS,D
Hymenoptera-Apiformes,Megachilidae,Osmia,taurus,male,pupa,no,pupal cadaver;69;;;,69,1,,NA,8.3,wood,8,2,8,Osmia across Virginia,USA,Va., ,Charlottesville,38.0216,-78.4906,43558,1,766,0,Trap Nest,,n,LJS,D
Hymenoptera-Apiformes,Megachilidae,Osmia,taurus,male,adult,yes,jm;69;;;,69,1,,NA,25,wood,8,2,7,Osmia across Virginia,USA,Va., ,Charlottesville,38.0216,-78.4906,43558,1,767,0,Trap Nest,,n,LJS,D
,,,.,,,,pollen provision;69;;;,69,NA,,NA,NA,wood,8,2,6,Osmia across Virginia,USA,Va., ,Charlottesville,38.0216,-78.4906,43137,1,768,0,Trap Nest,,n,LJS,D
,,,.,,,,pollen provision;69;;;,69,NA,,NA,NA,wood,8,2,5,Osmia across Virginia,USA,Va., ,Charlottesville,38.0216,-78.4906,43137,1,769,0,Trap Nest,,n,LJS,D
Hymenoptera-Apiformes,Megachilidae,Osmia,taurus,male,adult,yes,jm;69;;;,69,1,,NA,29.2,wood,8,2,4,Osmia across Virginia,USA,Va., ,Charlottesville,38.0216,-78.4906,43558,1,770,0,Trap Nest,,n,LJS,D
Hymenoptera-Apiformes,Megachilidae,Osmia,taurus,male,adult,yes,jm;69;;;,69,1,,NA,36.8,wood,8,2,3,Osmia across Virginia,USA,Va., ,Charlottesville,38.0216,-78.4906,43558,1,771,0,Trap Nest,,n,LJS,D
Hymenoptera-Apiformes,Megachilidae,Osmia,taurus,male,adult,yes,jm;69;;;,69,1,,NA,38.9,wood,8,2,2,Osmia across Virginia,USA,Va., ,Charlottesville,38.0216,-78.4906,43558,1,772,0,Trap Nest,,n,LJS,D
Hymenoptera-Apiformes,Megachilidae,Osmia,taurus,male,adult,yes,jm;69;;;,69,1,,A. fusiformis,40.2,wood,8,2,1,Osmia across Virginia,USA,Va., ,Charlottesville,38.0216,-78.4906,43558,1,773,1,Trap Nest,,n,LJS,D
Hymenoptera-Apiformes,Megachilidae,Osmia,taurus,female,adult,yes,jf;70;;;,70,1,,NA,35.3,wood,8,1,14,Osmia across Virginia,USA,Va., ,Charlottesville,38.0216,-78.4906,43558,1,774,0,Trap Nest,,n,LJS,D
Hymenoptera-Apiformes,Megachilidae,Osmia,taurus,female,adult,yes,jf;70;;;,70,1,,NA,43.5,wood,8,1,13,Osmia across Virginia,USA,Va., ,Charlottesville,38.0216,-78.4906,43558,1,775,0,Trap Nest,,n,LJS,D
Hymenoptera-Apiformes,Megachilidae,Osmia,taurus,female,adult,yes,jf; super lethargic small;70;;,70,1,,NA,40.9,wood,8,1,12,Osmia across Virginia,USA,Va., ,Charlottesville,38.0216,-78.4906,43558,1,776,0,Trap Nest,,n,LJS,D
Hymenoptera-Apiformes,Megachilidae,Osmia,taurus,female,adult,yes,jf; super lethargic small;70;;,70,1,,NA,36.9,wood,8,1,11,Osmia across Virginia,USA,Va., ,Charlottesville,38.0216,-78.4906,43558,1,777,0,Trap Nest,,n,LJS,D
Hymenoptera-Apiformes,Megachilidae,Osmia,taurus,female,adult,yes,jf; small!;70;;,70,1,,NA,29.9,wood,8,1,10,Osmia across Virginia,USA,Va., ,Charlottesville,38.0216,-78.4906,43558,1,778,0,Trap Nest,,n,LJS,D
Hymenoptera-Apiformes,Megachilidae,Osmia,taurus,female,adult,yes,jf;70;;;,70,1,,NA,33.3,wood,8,1,9,Osmia across Virginia,USA,Va., ,Charlottesville,38.0216,-78.4906,43558,1,779,0,Trap Nest,,n,LJS,D
Hymenoptera-Apiformes,Megachilidae,Osmia,taurus,male,adult,yes,jm;70;;;,70,1,,NA,22,wood,8,1,8,Osmia across Virginia,USA,Va., ,Charlottesville,38.0216,-78.4906,43558,1,780,0,Trap Nest,,n,LJS,D
Hymenoptera-Apiformes,Megachilidae,Osmia,taurus,male,adult,yes,jm;70;;;,70,1,,NA,25.7,wood,8,1,7,Osmia across Virginia,USA,Va., ,Charlottesville,38.0216,-78.4906,43558,1,781,0,Trap Nest,,n,LJS,D
Hymenoptera-Apiformes,Megachilidae,Osmia,taurus,male,adult,yes,jm;70;;;,70,1,,NA,45,wood,8,1,6,Osmia across Virginia,USA,Va., ,Charlottesville,38.0216,-78.4906,43558,1,782,0,Trap Nest,,n,LJS,D
,,,.,,,no,pollen mass;70;;;,70,NA,,NA,NA,wood,8,1,5,Osmia across Virginia,USA,Va., ,Charlottesville,38.0216,-78.4906,43137,1,783,0,Trap Nest,,n,LJS,D
Hymenoptera-Apiformes,Megachilidae,Osmia,taurus,male,adult,yes,jm;70;;;,70,1,,A. fusiformis,53.6,wood,8,1,4,Osmia across Virginia,USA,Va., ,Charlottesville,38.0216,-78.4906,43558,1,784,1,Trap Nest,,n,LJS,D
Hymenoptera-Apiformes,Megachilidae,Osmia,taurus,male,adult,yes,jm;70;;;,70,1,,A. fusiformis,51.4,wood,8,1,3,Osmia across Virginia,USA,Va., ,Charlottesville,38.0216,-78.4906,43558,1,785,1,Trap Nest,,n,LJS,D
Hymenoptera-Apiformes,Megachilidae,Osmia,taurus,male,adult,yes,jm;70;;;,70,1,,NA,45.7,wood,8,1,2,Osmia across Virginia,USA,Va., ,Charlottesville,38.0216,-78.4906,43558,1,786,0,Trap Nest,,n,LJS,D
Hymenoptera-Apiformes,Megachilidae,Osmia,taurus,male,adult,yes,jm;70;;;,70,1,,NA,53.7,wood,8,1,1,Osmia across Virginia,USA,Va., ,Charlottesville,38.0216,-78.4906,43558,1,787,0,Trap Nest,,n,LJS,D
Hymenoptera-Apiformes,Megachilidae,Osmia,lignaria,male,adult,yes,bob male;71;;;,71,1,,NA,45.8,wood,8,3,2,Osmia across Virginia,USA,, ,Winchester,39.191,-78.165,43558,1,788,0,Trap Nest,,n,WTW,D
Hymenoptera-Apiformes,Megachilidae,Osmia,lignaria,female,adult,yes,female bob;71;;;,71,1,,NA,103.6,wood,8,3,8,Osmia across Virginia,USA,, ,Winchester,39.191,-78.165,43558,1,789,0,Trap Nest,,n,WTW,D
Hymenoptera-Apiformes,Megachilidae,Osmia,lignaria,female,adult,yes,bob female;71;;;,71,1,,NA,95.9,wood,8,3,7,Osmia across Virginia,USA,, ,Winchester,39.191,-78.165,43558,1,790,0,Trap Nest,,n,WTW,D
Hymenoptera-Apiformes,Megachilidae,Osmia,lignaria,female,adult,yes,female bob;71;;;,71,NA,,NA,88.3,wood,8,3,6,Osmia across Virginia,USA,, ,Winchester,39.191,-78.165,43558,1,791,0,Trap Nest,,n,WTW,D
Hymenoptera-Apiformes,Megachilidae,Osmia,lignaria,.,pupa,no,pupal cadaver; bob;71;;,71,1,,NA,46.8,wood,8,3,5,Osmia across Virginia,USA,, ,Winchester,39.191,-78.165,43138,1,792,0,Trap Nest,,n,WTW,D
Hymenoptera-Apiformes,Megachilidae,Osmia,lignaria,male,adult,yes,bob male;71;;;,71,1,,NA,62.4,wood,8,3,4,Osmia across Virginia,USA,, ,Winchester,39.191,-78.165,43558,1,793,0,Trap Nest,,n,WTW,D
Hymenoptera-Apiformes,Megachilidae,Osmia,lignaria,male,adult,yes,bob male;71;;;,71,1,,NA,55.3,wood,8,3,3,Osmia across Virginia,USA,, ,Winchester,39.191,-78.165,43558,1,794,0,Trap Nest,,n,WTW,D
,,,.,,,,should be id 795;71;;;,71,NA,,NA,NA,wood,8,3,2,Osmia across Virginia,USA,, ,Winchester,39.191,-78.165,43382,1,0,0,Trap Nest,,n,WTW,D
Hymenoptera-Apiformes,Megachilidae,Osmia,lignaria,male,adult,yes,bob male;71;;;,71,1,,NA,52.9,wood,8,3,1,Osmia across Virginia,USA,, ,Winchester,39.191,-78.165,43558,1,796,0,Trap Nest,,n,WTW,D
Hymenoptera-Apiformes,Megachilidae,Osmia,taurus,female,adult,yes,jf;72;;;,72,1,,NA,54.6,wood,8,3,13,Osmia across Virginia,USA,Va.,Fairfax,Annandale,38.8556,-77.2355,43558,1,797,0,Trap Nest,,n,LLI,D
Hymenoptera-Apiformes,Megachilidae,Osmia,taurus,male,adult,yes,jm;72;;;,72,1,,A. fusiformis,56.6,wood,8,3,12,Osmia across Virginia,USA,Va.,Fairfax,Annandale,38.8556,-77.2355,43558,1,798,1,Trap Nest,,n,LLI,D
Hymenoptera-Apiformes,Megachilidae,Osmia,taurus,female,adult,yes,jf;72;;;,72,1,,NA,88.4,wood,8,3,11,Osmia across Virginia,USA,Va.,Fairfax,Annandale,38.8556,-77.2355,43558,1,799,0,Trap Nest,,n,LLI,D
Hymenoptera-Apiformes,Megachilidae,Osmia,taurus,female,adult,yes,jf;72;;;,72,1,,NA,93.9,wood,8,3,10,Osmia across Virginia,USA,Va.,Fairfax,Annandale,38.8556,-77.2355,43558,1,800,0,Trap Nest,,n,LLI,D
Hymenoptera-Apiformes,Megachilidae,Osmia,taurus,female,adult,yes,jf;72;;;,72,1,,A. fusiformis,90.4,wood,8,3,9,Osmia across Virginia,USA,Va.,Fairfax,Annandale,38.8556,-77.2355,43558,1,801,1,Trap Nest,,n,LLI,D
Hymenoptera-Apiformes,Megachilidae,Osmia,taurus,female,adult,yes,jf;72;;;,72,1,,NA,96.9,wood,8,3,8,Osmia across Virginia,USA,Va.,Fairfax,Annandale,38.8556,-77.2355,43558,1,802,0,Trap Nest,,n,LLI,D
Hymenoptera-Apiformes,Megachilidae,Osmia,taurus,female,adult,yes,jf;72;;;,72,1,,NA,99.5,wood,8,3,7,Osmia across Virginia,USA,Va.,Fairfax,Annandale,38.8556,-77.2355,43558,1,803,0,Trap Nest,,n,LLI,D
Hymenoptera-Apiformes,Megachilidae,Osmia,taurus,male,adult,yes,jm;72;;;,72,1,,NA,77.4,wood,8,3,6,Osmia across Virginia,USA,Va.,Fairfax,Annandale,38.8556,-77.2355,43558,1,804,0,Trap Nest,,n,LLI,D
Hymenoptera-Apiformes,Megachilidae,Osmia,taurus,male,adult,yes,jm;72;;;,72,1,,NA,61.6,wood,8,3,5,Osmia across Virginia,USA,Va.,Fairfax,Annandale,38.8556,-77.2355,43558,1,805,0,Trap Nest,,n,LLI,D
Hymenoptera-Apiformes,Megachilidae,Osmia,taurus,male,adult,yes,jm;72;;;,72,1,,NA,61.3,wood,8,3,4,Osmia across Virginia,USA,Va.,Fairfax,Annandale,38.8556,-77.2355,43558,1,806,0,Trap Nest,,n,LLI,D
Hymenoptera-Apiformes,Megachilidae,Osmia,taurus,male,adult,yes,jm; broke out on floor;72;;,72,NA,,NA,54.9,wood,8,3,3,Osmia across Virginia,USA,Va.,Fairfax,Annandale,38.8556,-77.2355,43558,1,807,0,Trap Nest,,n,LLI,D
Hymenoptera-Apiformes,Megachilidae,Osmia,taurus,male,adult,yes,jm;72;;;,72,1,,NA,50.8,wood,8,3,2,Osmia across Virginia,USA,Va.,Fairfax,Annandale,38.8556,-77.2355,43558,1,808,0,Trap Nest,,n,LLI,D
Hymenoptera-Apiformes,Megachilidae,Osmia,taurus,male,adult,yes,jm;72;;;,72,1,,NA,54.5,wood,8,3,1,Osmia across Virginia,USA,Va.,Fairfax,Annandale,38.8556,-77.2355,43558,1,809,0,Trap Nest,,n,LLI,D
Hymenoptera-Apiformes,Megachilidae,Osmia,lignaria,female,adult,yes,bob female;73;;;,73,1,,NA,73.1,wood,8,1,10,Osmia across Virginia,USA,Va.,Greene,Stanardsville,38.293871,-78.516525,43447,1,810,0,Trap Nest,,y,WCH,A
Hymenoptera-Apiformes,Megachilidae,Osmia,lignaria,male,adult,yes,bob male;73;;;,73,NA,,NA,39.4,wood,8,1,9,Osmia across Virginia,USA,Va.,Greene,Stanardsville,38.293871,-78.516525,43447,1,811,0,Trap Nest,,y,WCH,A
Hymenoptera-Apiformes,Megachilidae,Osmia,lignaria,male,adult,yes,bob male;73;;;,73,1,,NA,48.7,wood,8,1,8,Osmia across Virginia,USA,Va.,Greene,Stanardsville,38.293871,-78.516525,43447,1,812,0,Trap Nest,,y,WCH,A
Hymenoptera-Apiformes,Megachilidae,Osmia,lignaria,female,adult,yes,bob female;73;;;,73,1,,NA,76.3,wood,8,1,7,Osmia across Virginia,USA,Va.,Greene,Stanardsville,38.293871,-78.516525,43447,1,813,0,Trap Nest,,y,WCH,A
,,,.,,,,pollen debris?;73;;;,73,NA,,NA,NA,wood,8,1,6,Osmia across Virginia,USA,Va.,Greene,Stanardsville,38.293871,-78.516525,43447,1,814,0,Trap Nest,,y,WCH,A
Hymenoptera-Apiformes,Megachilidae,Osmia,lignaria,male,adult,yes,bob male;73;;;,73,1,,NA,47.2,wood,8,1,5,Osmia across Virginia,USA,Va.,Greene,Stanardsville,38.293871,-78.516525,43447,1,815,0,Trap Nest,,y,WCH,A
,,,.,,,,debris?;73;;;,73,NA,,NA,NA,wood,8,1,4,Osmia across Virginia,USA,Va.,Greene,Stanardsville,38.293871,-78.516525,43447,1,816,0,Trap Nest,,y,WCH,A
Hymenoptera-Apiformes,Megachilidae,Osmia,lignaria,male,adult,yes,bob male;73;;;,73,1,,NA,50.9,wood,8,1,3,Osmia across Virginia,USA,Va.,Greene,Stanardsville,38.293871,-78.516525,43447,1,817,0,Trap Nest,,y,WCH,A
Hymenoptera-Apiformes,Megachilidae,Osmia,lignaria,male,adult,yes,bob male;73;;;,73,1,,NA,53.5,wood,8,1,2,Osmia across Virginia,USA,Va.,Greene,Stanardsville,38.293871,-78.516525,43447,1,818,0,Trap Nest,,y,WCH,A
Hymenoptera-Apiformes,Megachilidae,Osmia,lignaria,male,adult,yes,bob male;73;;;,73,1,,NA,51.7,wood,8,1,1,Osmia across Virginia,USA,Va.,Greene,Stanardsville,38.293871,-78.516525,43447,1,819,0,Trap Nest,,y,WCH,A
Hymenoptera-Apiformes,Megachilidae,Osmia,georgica,male,adult,yes,JM?;74;;;,74,1,,NA,16,wood,6,1,19,Osmia across Virginia,USA,Va.,Montgomery,Elliston,37.2676,-80.2664,43558,1,820,0,Trap Nest,,n,WOS,N
Hymenoptera-Apiformes,Megachilidae,Osmia,georgica,female,adult,yes,female o. georgica or JF?;74;;;,74,1,,NA,19.8,wood,6,1,18,Osmia across Virginia,USA,Va.,Montgomery,Elliston,37.2676,-80.2664,43558,1,821,0,Trap Nest,,n,WOS,N
Hymenoptera-Apiformes,Megachilidae,Osmia,georgica,male,adult,yes,JM;74;;;,74,1,,NA,26.1,wood,6,1,17,Osmia across Virginia,USA,Va.,Montgomery,Elliston,37.2676,-80.2664,43558,1,822,0,Trap Nest,,n,WOS,N
Hymenoptera-Apiformes,Megachilidae,Osmia,georgica,female,adult,yes,JF;74;;;,74,1,,NA,28.3,wood,6,1,16,Osmia across Virginia,USA,Va.,Montgomery,Elliston,37.2676,-80.2664,43558,1,823,0,Trap Nest,,n,WOS,N
Hymenoptera-Apiformes,Megachilidae,Osmia,georgica,female,adult,yes,JF;74;;;,74,1,,NA,31,wood,6,1,15,Osmia across Virginia,USA,Va.,Montgomery,Elliston,37.2676,-80.2664,43558,1,824,0,Trap Nest,,n,WOS,N
Hymenoptera-Apiformes,Megachilidae,Osmia,georgica,male,adult,yes,JM; usurper?;74;;,74,1,,NA,26.7,wood,6,1,14,Osmia across Virginia,USA,Va.,Montgomery,Elliston,37.2676,-80.2664,43558,1,825,0,Trap Nest,,n,WOS,N
Hymenoptera-Apiformes,Megachilidae,Osmia,georgica,female,adult,yes,O. georgica female; usurped by Japanese??;74;;,74,1,,NA,32.3,wood,6,1,13,Osmia across Virginia,USA,Va.,Montgomery,Elliston,37.2676,-80.2664,43558,1,826,0,Trap Nest,,n,WOS,N
Hymenoptera-Apiformes,Megachilidae,Osmia,georgica,male,adult,yes,JM; usurped by o. georgica?;74;;,74,1,,A. naganensis,30.6,wood,6,1,12,Osmia across Virginia,USA,Va.,Montgomery,Elliston,37.2676,-80.2664,43558,1,827,1,Trap Nest,,n,WOS,N
Hymenoptera-Apiformes,Megachilidae,Osmia,georgica,male,adult,yes,JM; usurped by o. georgica?;74;;,74,1,,NA,34,wood,6,1,11,Osmia across Virginia,USA,Va.,Montgomery,Elliston,37.2676,-80.2664,43558,1,828,0,Trap Nest,,n,WOS,N
Hymenoptera-Apiformes,Megachilidae,Osmia,georgica,male,adult,yes,JM; usurped by o. georgica?;74;;,74,1,,NA,33.2,wood,6,1,10,Osmia across Virginia,USA,Va.,Montgomery,Elliston,37.2676,-80.2664,43558,1,829,0,Trap Nest,,n,WOS,N
Hymenoptera-Apiformes,Megachilidae,Osmia,georgica,female,adult,yes,O. georgica female?;74;;;,74,1,,NA,34.4,wood,6,1,9,Osmia across Virginia,USA,Va.,Montgomery,Elliston,37.2676,-80.2664,43558,1,830,0,Trap Nest,,n,WOS,N
Hymenoptera-Apiformes,Megachilidae,Osmia,georgica,male,adult,yes,o. georgica male?;74;;;,74,1,,NA,34.7,wood,6,1,8,Osmia across Virginia,USA,Va.,Montgomery,Elliston,37.2676,-80.2664,43558,1,831,0,Trap Nest,,n,WOS,N
Hymenoptera-Apiformes,Megachilidae,Osmia,georgica,male,adult,yes,o. georgica male?;74;;;,74,1,,A. naganensis,21.8,wood,6,1,7,Osmia across Virginia,USA,Va.,Montgomery,Elliston,37.2676,-80.2664,43558,1,832,1,Trap Nest,,n,WOS,N
Hymenoptera-Apiformes,Megachilidae,Osmia,georgica,male,adult,yes,o. georgica male?;74;;;,74,1,,NA,20.5,wood,6,1,6,Osmia across Virginia,USA,Va.,Montgomery,Elliston,37.2676,-80.2664,43558,1,833,0,Trap Nest,,n,WOS,N
Hymenoptera-Apiformes,Megachilidae,Osmia,georgica,male,adult,yes,o. georgica male?;74;;;,74,1,,A. naganensis,20.7,wood,6,1,5,Osmia across Virginia,USA,Va.,Montgomery,Elliston,37.2676,-80.2664,43558,1,834,1,Trap Nest,,n,WOS,N
Hymenoptera-Apiformes,Megachilidae,Osmia,georgica,male,adult,yes,o. georgica male?;74;;;,74,1,,NA,24.9,wood,6,1,4,Osmia across Virginia,USA,Va.,Montgomery,Elliston,37.2676,-80.2664,43558,1,835,1,Trap Nest,,n,WOS,N
Hymenoptera-Apiformes,Megachilidae,Osmia,georgica,male,adult,yes,o. georgica male?;74;;;,74,1,,NA,22.3,wood,6,1,3,Osmia across Virginia,USA,Va.,Montgomery,Elliston,37.2676,-80.2664,43558,1,836,0,Trap Nest,,n,WOS,N
Hymenoptera-Apiformes,Megachilidae,Osmia,georgica,male,adult,yes,o. georgica male?;74;;;,74,1,,A. naganensis,21.9,wood,6,1,2,Osmia across Virginia,USA,Va.,Montgomery,Elliston,37.2676,-80.2664,43558,1,837,1,Trap Nest,,n,WOS,N
Hymenoptera-Apiformes,Megachilidae,Osmia,georgica,male,adult,yes,o. georgica male?;74;;;,74,1,,NA,19.2,wood,6,1,1,Osmia across Virginia,USA,Va.,Montgomery,Elliston,37.2676,-80.2664,43558,1,838,1,Trap Nest,,n,WOS,N
Hymenoptera-Apiformes,Megachilidae,Osmia,cornifrons,female,adult,yes,JF;75;;;,75,1,,NA,67.1,wood,6,3,5,Osmia across Virginia,USA,Md.,Montgomery,Cabin John,38.969555,-77.176369,43558,1,839,0,Trap Nest,,y,LLB,N
Hymenoptera-Apiformes,Megachilidae,Osmia,cornifrons,female,adult,yes,JF;75;;;,75,1,,NA,66,wood,6,3,4,Osmia across Virginia,USA,Md.,Montgomery,Cabin John,38.969555,-77.176369,43558,1,840,0,Trap Nest,,y,LLB,N
Hymenoptera-Apiformes,Megachilidae,Osmia,cornifrons,male,adult,yes,JM;75;;;,75,NA,,NA,51.1,wood,6,3,3,Osmia across Virginia,USA,Md.,Montgomery,Cabin John,38.969555,-77.176369,43558,1,841,0,Trap Nest,,y,LLB,N
Hymenoptera-Apiformes,Megachilidae,Osmia,cornifrons,male,adult,yes,JM;75;;;,75,1,,NA,50.8,wood,6,3,2,Osmia across Virginia,USA,Md.,Montgomery,Cabin John,38.969555,-77.176369,43558,1,842,0,Trap Nest,,y,LLB,N
Hymenoptera-Apiformes,Megachilidae,Osmia,cornifrons,male,adult,yes,JM;75;;;,75,1,,NA,49.2,wood,6,3,1,Osmia across Virginia,USA,Md.,Montgomery,Cabin John,38.969555,-77.176369,43558,1,843,0,Trap Nest,,y,LLB,N
Hymenoptera-Apiformes,Megachilidae,Osmia,lignaria,female,adult,yes,female BOB; sacr?;76;;,76,1,,NA,82.9,wood,6,1,11,Osmia across Virginia,USA,Va.,Fairfax,Alexandria,38.744335,-77.053325,43447,1,844,0,Trap Nest,,y,SVN,D
Hymenoptera-Apiformes,Megachilidae,Osmia,lignaria,female,adult,yes,female BOB;76;;;,76,1,,NA,77,wood,6,1,10,Osmia across Virginia,USA,Va.,Fairfax,Alexandria,38.744335,-77.053325,43558,1,845,0,Trap Nest,,y,SVN,D
Hymenoptera-Apiformes,Megachilidae,Osmia,lignaria,male,adult,yes,male BOB;76;;;,76,1,,NA,63,wood,6,1,9,Osmia across Virginia,USA,Va.,Fairfax,Alexandria,38.744335,-77.053325,43558,1,846,0,Trap Nest,,y,SVN,D
Hymenoptera-Apiformes,Megachilidae,Osmia,lignaria,male,adult,yes,male BOB;76;;;,76,1,,NA,54.9,wood,6,1,8,Osmia across Virginia,USA,Va.,Fairfax,Alexandria,38.744335,-77.053325,43558,1,847,0,Trap Nest,,y,SVN,D
Hymenoptera-Apiformes,Megachilidae,Osmia,lignaria,male,adult,yes,BOB male; some frass on it;76;;,76,1,,NA,54,wood,6,1,7,Osmia across Virginia,USA,Va.,Fairfax,Alexandria,38.744335,-77.053325,43558,1,848,0,Trap Nest,,y,SVN,D
Hymenoptera-Apiformes,Megachilidae,Osmia,lignaria,male,adult,yes,BOB male; usurp by Japanes;76;;,76,1,,NA,47.9,wood,6,1,6,Osmia across Virginia,USA,Va.,Fairfax,Alexandria,38.744335,-77.053325,43558,1,849,0,Trap Nest,,y,SVN,D
Hymenoptera-Apiformes,Megachilidae,Osmia,lignaria,male,adult,yes,BOB male; usurp by Japanese; many mites on thorax;76;;,76,1,,NA,45.8,wood,6,1,5,Osmia across Virginia,USA,Va.,Fairfax,Alexandria,38.744335,-77.053325,43558,1,850,0,Trap Nest,,y,SVN,D
Hymenoptera-Apiformes,Megachilidae,Osmia,lignaria,male,adult,yes,BOB male; usurp by Japanese; mites on thorax;76;;,76,1,,NA,50,wood,6,1,4,Osmia across Virginia,USA,Va.,Fairfax,Alexandria,38.744335,-77.053325,43558,1,851,0,Trap Nest,,y,SVN,D
Hymenoptera-Apiformes,Megachilidae,Osmia,taurus,male,adult,yes,JM usurping BOBs;76;;;,76,1,,NA,43.2,wood,6,1,3,Osmia across Virginia,USA,Va.,Fairfax,Alexandria,38.744335,-77.053325,43558,1,852,0,Trap Nest,Osmia lignaria to Osmia taurus,y,SVN,D
Hymenoptera-Apiformes,Megachilidae,Osmia,taurus,male,adult,yes,JM;76;;;,76,1,,NA,39.2,wood,6,1,2,Osmia across Virginia,USA,Va.,Fairfax,Alexandria,38.744335,-77.053325,43558,1,853,0,Trap Nest,,y,SVN,D
Hymenoptera-Apiformes,Megachilidae,Osmia,taurus,male,adult,yes,JM;76;;;,76,1,,NA,38,wood,6,1,1,Osmia across Virginia,USA,Va.,Fairfax,Alexandria,38.744335,-77.053325,43558,1,854,0,Trap Nest,,y,SVN,D
Hymenoptera-Apiformes,Megachilidae,Osmia,taurus,male,adult,yes,JM;77;;;,77,1,,NA,33,wood,6,1,9,Osmia across Virginia,USA,Va.,Greene,Stanardsville,38.293871,-78.516525,43558,1,855,0,Trap Nest,,y,WCH,A
Hymenoptera-Apiformes,Megachilidae,Osmia,taurus,male,adult,no,adult cadaver; JM;77;;,77,1,,NA,23.4,wood,6,1,8,Osmia across Virginia,USA,Va.,Greene,Stanardsville,38.293871,-78.516525,43558,1,856,0,Trap Nest,,y,WCH,A
Hymenoptera-Apiformes,Megachilidae,Osmia,taurus,male,adult,no,adult cadaver; JM;77;;,77,1,,NA,16.5,wood,6,1,7,Osmia across Virginia,USA,Va.,Greene,Stanardsville,38.293871,-78.516525,43558,1,857,0,Trap Nest,,y,WCH,A
Hymenoptera-Apiformes,Megachilidae,Osmia,taurus,male,,,;77;;;,77,1,,NA,NA,wood,6,1,6,Osmia across Virginia,USA,Va.,Greene,Stanardsville,38.293871,-78.516525,43558,1,858,0,Trap Nest,,y,WCH,A
,,,.,,pupa,no,larval/pupal cadaver; chalky; fungal?;77;,77,1,,NA,30.7,wood,6,1,5,Osmia across Virginia,USA,Va.,Greene,Stanardsville,38.293871,-78.516525,43447,1,859,0,Trap Nest,,y,WCH,A
Hymenoptera-Apiformes,Megachilidae,Osmia,taurus,male,adult,no,adult cadaver; JM;77;;,77,1,,NA,20.1,wood,6,1,4,Osmia across Virginia,USA,Va.,Greene,Stanardsville,38.293871,-78.516525,43558,1,860,0,Trap Nest,,y,WCH,A
Hymenoptera-Apiformes,Megachilidae,Osmia,taurus,male,adult,no,adult cadaver; JM;77;;,77,1,,NA,16.5,wood,6,1,3,Osmia across Virginia,USA,Va.,Greene,Stanardsville,38.293871,-78.516525,43558,1,861,0,Trap Nest,,y,WCH,A
Hymenoptera-Apiformes,Megachilidae,Osmia,taurus,male,adult,no,adult cadaver; JM;77;;,77,1,,NA,18.4,wood,6,1,2,Osmia across Virginia,USA,Va.,Greene,Stanardsville,38.293871,-78.516525,43558,1,862,0,Trap Nest,,y,WCH,A
Hymenoptera-Apiformes,Megachilidae,Osmia,taurus,male,adult,no,adult cadaver; JM;77;;,77,1,,NA,10.7,wood,6,1,1,Osmia across Virginia,USA,Va.,Greene,Stanardsville,38.293871,-78.516525,43558,1,863,0,Trap Nest,,y,WCH,A
,,,.,,,,pollen provision/leaf plp;78;;;,78,NA,,NA,NA,wood,6,1,5,Osmia across Virginia,USA,Va.,Albemarle,Charlottesville,38.0905,-78.5861,43143,1,864,0,Trap Nest,,n,LYB,N
,,,.,,,,pollen provision/leaf plp;78;;;,78,1,,A. subglobosa,NA,wood,6,1,4,Osmia across Virginia,USA,Va.,Albemarle,Charlottesville,38.0905,-78.5861,43143,1,865,1,Trap Nest,,n,LYB,N
,,,.,,,,pollen provision/leaf plp;78;;;,78,NA,,NA,NA,wood,6,1,3,Osmia across Virginia,USA,Va.,Albemarle,Charlottesville,38.0905,-78.5861,43143,1,866,0,Trap Nest,,n,LYB,N
,,,.,,,,pollen provision/leaf plp;78;;;,78,NA,,NA,NA,wood,6,1,2,Osmia across Virginia,USA,Va.,Albemarle,Charlottesville,38.0905,-78.5861,43143,1,867,0,Trap Nest,,n,LYB,N
,,,.,,,,pollen provision/leaf plp;78;;;,78,NA,,NA,NA,wood,6,1,1,Osmia across Virginia,USA,Va.,Albemarle,Charlottesville,38.0905,-78.5861,43143,1,868,0,Trap Nest,,n,LYB,N
Hymenoptera-Apiformes,Megachilidae,Osmia,cornifrons,female,adult,yes,JF;26;;;,26,1,,NA,63,wood,6,1,10,Osmia across Virginia,USA,Va.,Frederick,Middletown,39.0142,-78.2983,43558,1,869,0,Trap Nest,,n,LVA,A
Hymenoptera-Apiformes,Megachilidae,Osmia,cornifrons,female,adult,yes,JF;26;;;,26,1,,NA,59.3,wood,6,1,9,Osmia across Virginia,USA,Va.,Frederick,Middletown,39.0142,-78.2983,43558,1,870,0,Trap Nest,,n,LVA,A
,,,.,,,,;26;;;,26,NA,,NA,NA,wood,6,1,8,Osmia across Virginia,USA,Va.,Frederick,Middletown,39.0142,-78.2983,43144,1,871,0,Trap Nest,,n,LVA,A
,,,.,,,,;26;;;,26,NA,,NA,NA,wood,6,1,7,Osmia across Virginia,USA,Va.,Frederick,Middletown,39.0142,-78.2983,43144,1,872,0,Trap Nest,,n,LVA,A
,,,.,,,,;26;;;,26,NA,,NA,NA,wood,6,1,6,Osmia across Virginia,USA,Va.,Frederick,Middletown,39.0142,-78.2983,43144,1,873,0,Trap Nest,,n,LVA,A
,,,.,,,,;26;;;,26,NA,,NA,NA,wood,6,1,5,Osmia across Virginia,USA,Va.,Frederick,Middletown,39.0142,-78.2983,43144,1,874,0,Trap Nest,,n,LVA,A
,,,.,,,,;26;;;,26,NA,,NA,NA,wood,6,1,4,Osmia across Virginia,USA,Va.,Frederick,Middletown,39.0142,-78.2983,43144,1,875,0,Trap Nest,,n,LVA,A
Hymenoptera-Apiformes,Megachilidae,Osmia,cornifrons,male,adult,yes,JM;26;;;,26,1,,NA,43.9,wood,6,1,3,Osmia across Virginia,USA,Va.,Frederick,Middletown,39.0142,-78.2983,43558,1,876,0,Trap Nest,,n,LVA,A
Hymenoptera-Apiformes,Megachilidae,Osmia,cornifrons,male,adult,yes,JM;26;;;,26,1,,NA,43.7,wood,6,1,2,Osmia across Virginia,USA,Va.,Frederick,Middletown,39.0142,-78.2983,43558,1,877,0,Trap Nest,,n,LVA,A
,,,.,,,,;26;;;,26,NA,,NA,NA,wood,6,1,1,Osmia across Virginia,USA,Va.,Frederick,Middletown,39.0142,-78.2983,43144,1,878,0,Trap Nest,,n,LVA,A
Hymenoptera-Apiformes,Megachilidae,Osmia,lignaria,female,adult,yes,BOB female;79;;;,79,1,,NA,60.9,wood,6,2,6,Osmia across Virginia,USA,Va.,Fairfax,Alexandria,38.744335,-77.053325,43558,1,879,0,Trap Nest,,y,SVN,D
Hymenoptera-Apiformes,Megachilidae,Osmia,lignaria,female,adult,yes,BOB female;79;;;,79,1,,NA,54.3,wood,6,2,5,Osmia across Virginia,USA,Va.,Fairfax,Alexandria,38.744335,-77.053325,43558,1,880,0,Trap Nest,,y,SVN,D
Hymenoptera-Apiformes,Megachilidae,Osmia,lignaria,male,pupa,no,adult/pupal cadaver BOB male;79;;;,79,1,,NA,23.2,wood,6,2,4,Osmia across Virginia,USA,Va.,Fairfax,Alexandria,38.744335,-77.053325,43558,1,881,0,Trap Nest,,y,SVN,D
,,,.,,,,;79;;;,79,NA,,NA,NA,wood,6,2,3,Osmia across Virginia,USA,Va.,Fairfax,Alexandria,38.744335,-77.053325,43447,1,882,0,Trap Nest,,y,SVN,D
,,,.,,,,;79;;;,79,NA,,NA,NA,wood,6,2,2,Osmia across Virginia,USA,Va.,Fairfax,Alexandria,38.744335,-77.053325,43447,1,883,0,Trap Nest,,y,SVN,D
,,,.,,,,;79;;;,79,NA,,NA,NA,wood,6,2,1,Osmia across Virginia,USA,Va.,Fairfax,Alexandria,38.744335,-77.053325,43447,1,884,0,Trap Nest,,y,SVN,D
Hymenoptera-Apiformes,Megachilidae,Osmia,georgica,female,adult,yes,O. georgica female;80;;;,80,1,,A. naganensis,35.6,wood,6,2,17,Osmia across Virginia,USA,Va.,Shenandoah,Maurertown,38.925185,-78.434918,43558,1,885,1,Trap Nest,,y,SIW,A
Hymenoptera-Apiformes,Megachilidae,Osmia,georgica,female,adult,yes,O. georgica female;80;;;,80,1,,A. naganensis,38.5,wood,6,2,16,Osmia across Virginia,USA,Va.,Shenandoah,Maurertown,38.925185,-78.434918,43558,1,886,1,Trap Nest,,y,SIW,A
Hymenoptera-Apiformes,Megachilidae,Osmia,georgica,female,adult,yes,O. georgica female;80;;;,80,1,,NA,20.4,wood,6,2,15,Osmia across Virginia,USA,Va.,Shenandoah,Maurertown,38.925185,-78.434918,43558,1,887,0,Trap Nest,,y,SIW,A
Hymenoptera-Apiformes,Megachilidae,Osmia,georgica,female,adult,yes,O. georgica female;80;;;,80,1,,A. naganensis,31.5,wood,6,2,14,Osmia across Virginia,USA,Va.,Shenandoah,Maurertown,38.925185,-78.434918,43558,1,888,1,Trap Nest,,y,SIW,A
Hymenoptera-Apiformes,Megachilidae,Osmia,georgica,female,adult,yes,O. georgica female;80;;;,80,1,,A. duoformis,33.4,wood,6,2,13,Osmia across Virginia,USA,Va.,Shenandoah,Maurertown,38.925185,-78.434918,43558,1,889,1,Trap Nest,,y,SIW,A
Hymenoptera-Apiformes,Megachilidae,Osmia,georgica,female,adult,yes,O. georgica female;80;;;,80,1,,A. naganensis,35.9,wood,6,2,12,Osmia across Virginia,USA,Va.,Shenandoah,Maurertown,38.925185,-78.434918,43558,1,890,1,Trap Nest,,y,SIW,A
Hymenoptera-Apiformes,Megachilidae,Osmia,georgica,female,adult,yes,O. georgica female;80;;;,80,1,,A. naganensis,31.9,wood,6,2,11,Osmia across Virginia,USA,Va.,Shenandoah,Maurertown,38.925185,-78.434918,43558,1,891,1,Trap Nest,,y,SIW,A
Hymenoptera-Apiformes,Megachilidae,Osmia,georgica,female,adult,yes,O. georgica female;80;;;,80,1,,A. naganensis,41.8,wood,6,2,10,Osmia across Virginia,USA,Va.,Shenandoah,Maurertown,38.925185,-78.434918,43558,1,892,1,Trap Nest,,y,SIW,A
Hymenoptera-Apiformes,Megachilidae,Osmia,georgica,female,adult,yes,O. georgica female;80;;;,80,1,,A. naganensis,41.8,wood,6,2,9,Osmia across Virginia,USA,Va.,Shenandoah,Maurertown,38.925185,-78.434918,43558,1,893,1,Trap Nest,,y,SIW,A
Hymenoptera-Apiformes,Megachilidae,Osmia,georgica,female,adult,yes,O. georgica female;80;;;,80,1,,A. naganensis,35.4,wood,6,2,8,Osmia across Virginia,USA,Va.,Shenandoah,Maurertown,38.925185,-78.434918,43558,1,894,1,Trap Nest,,y,SIW,A
Hymenoptera-Apiformes,Megachilidae,Osmia,georgica,female,adult,yes,O. georgica female;80;;;,80,1,,A. naganensis,31.7,wood,6,2,7,Osmia across Virginia,USA,Va.,Shenandoah,Maurertown,38.925185,-78.434918,43558,1,895,1,Trap Nest,,y,SIW,A
Hymenoptera-Apiformes,Megachilidae,Osmia,georgica,female,adult,yes,O. georgica female;80;;;,80,1,,A. naganensis,29.9,wood,6,2,6,Osmia across Virginia,USA,Va.,Shenandoah,Maurertown,38.925185,-78.434918,43558,1,896,1,Trap Nest,,y,SIW,A
Hymenoptera-Apiformes,Megachilidae,Osmia,georgica,female,adult,yes,O. georgica female;80;;;,80,1,,A. naganensis,30.7,wood,6,2,5,Osmia across Virginia,USA,Va.,Shenandoah,Maurertown,38.925185,-78.434918,43558,1,897,1,Trap Nest,,y,SIW,A
Hymenoptera-Apiformes,Megachilidae,Osmia,georgica,male,adult,yes,O. georgica male;80;;;,80,1,,A. naganensis,19.4,wood,6,2,4,Osmia across Virginia,USA,Va.,Shenandoah,Maurertown,38.925185,-78.434918,43558,1,898,1,Trap Nest,,y,SIW,A
,,,.,,,,;80;;;,80,NA,,NA,NA,wood,6,2,3,Osmia across Virginia,USA,Va.,Shenandoah,Maurertown,38.925185,-78.434918,43447,1,899,0,Trap Nest,,y,SIW,A
,,,.,,,,;80;;;,80,NA,,NA,NA,wood,6,2,2,Osmia across Virginia,USA,Va.,Shenandoah,Maurertown,38.925185,-78.434918,43447,1,900,0,Trap Nest,,y,SIW,A
,,,.,,,,;80;;;,80,NA,,NA,NA,wood,6,2,1,Osmia across Virginia,USA,Va.,Shenandoah,Maurertown,38.925185,-78.434918,43447,1,901,0,Trap Nest,,y,SIW,A
Hymenoptera-Apiformes,Megachilidae,Osmia,taurus,male,adult,yes,JM very small;81;;;,81,1,,NA,14.9,wood,6,3,10,Osmia across Virginia,USA,Va.,Fairfax,Alexandria,38.744335,-77.053325,43558,1,902,0,Trap Nest,,y,SVN,D
Hymenoptera-Apiformes,Megachilidae,Osmia,taurus,male,adult,yes,JM;81;;;,81,1,,NA,43.4,wood,6,3,9,Osmia across Virginia,USA,Va.,Fairfax,Alexandria,38.744335,-77.053325,43558,1,903,0,Trap Nest,,y,SVN,D
Hymenoptera-Apiformes,Megachilidae,Osmia,taurus,male,adult,yes,JM;81;;;,81,NA,,NA,42.6,wood,6,3,8,Osmia across Virginia,USA,Va.,Fairfax,Alexandria,38.744335,-77.053325,43558,1,904,0,Trap Nest,,y,SVN,D
Hymenoptera-Apiformes,Megachilidae,Osmia,taurus,male,adult,yes,JM sacrificed;81;;;,81,1,,NA,49.5,wood,6,3,7,Osmia across Virginia,USA,Va.,Fairfax,Alexandria,38.744335,-77.053325,43558,1,905,0,Trap Nest,,y,SVN,D
Hymenoptera-Apiformes,Megachilidae,Osmia,taurus,male,adult,yes,JM;81;;;,81,1,,NA,48.5,wood,6,3,6,Osmia across Virginia,USA,Va.,Fairfax,Alexandria,38.744335,-77.053325,43558,1,906,0,Trap Nest,,y,SVN,D
Hymenoptera-Apiformes,Megachilidae,Osmia,taurus,male,adult,yes,JM;81;;;,81,1,,NA,47,wood,6,3,5,Osmia across Virginia,USA,Va.,Fairfax,Alexandria,38.744335,-77.053325,43558,1,907,0,Trap Nest,,y,SVN,D
Hymenoptera-Apiformes,Megachilidae,Osmia,taurus,male,adult,yes,JM;81;;;,81,1,,NA,41.9,wood,6,3,4,Osmia across Virginia,USA,Va.,Fairfax,Alexandria,38.744335,-77.053325,43558,1,908,0,Trap Nest,,y,SVN,D
Hymenoptera-Apiformes,Megachilidae,Osmia,taurus,male,adult,yes,JM sacrificed;81;;;,81,1,,NA,52.6,wood,6,3,3,Osmia across Virginia,USA,Va.,Fairfax,Alexandria,38.744335,-77.053325,43558,1,909,0,Trap Nest,,y,SVN,D
Hymenoptera-Apiformes,Megachilidae,Osmia,taurus,male,adult,yes,JM;81;;;,81,1,,NA,48.1,wood,6,3,2,Osmia across Virginia,USA,Va.,Fairfax,Alexandria,38.744335,-77.053325,43558,1,910,0,Trap Nest,,y,SVN,D
Hymenoptera-Apiformes,Megachilidae,Osmia,taurus,male,adult,yes,JM;81;;;,81,1,,NA,49.3,wood,6,3,1,Osmia across Virginia,USA,Va.,Fairfax,Alexandria,38.744335,-77.053325,43558,1,911,0,Trap Nest,,y,SVN,D
Hymenoptera-Apiformes,Megachilidae,Osmia,georgica,female,adult,yes,female o. georgica;82;;;,82,1,,NA,26.2,wood,6,2,22,Osmia across Virginia,USA,Va.,Madison,Madison,38.3655,-78.2202,43558,1,912,0,Trap Nest,,n,TOW,N
Hymenoptera-Apiformes,Megachilidae,Osmia,georgica,female,adult,yes,female o. georgica;82;;;,82,NA,,NA,27.8,wood,6,2,21,Osmia across Virginia,USA,Va.,Madison,Madison,38.3655,-78.2202,43558,1,913,0,Trap Nest,,n,TOW,N
Hymenoptera-Apiformes,Megachilidae,Osmia,georgica,female,adult,yes,female o. georgica;82;;;,82,1,,NA,29.9,wood,6,2,20,Osmia across Virginia,USA,Va.,Madison,Madison,38.3655,-78.2202,43558,1,914,0,Trap Nest,,n,TOW,N
Hymenoptera-Apiformes,Megachilidae,Osmia,georgica,female,adult,yes,female o. georgica;82;;;,82,1,,A. fusiformis,32,wood,6,2,19,Osmia across Virginia,USA,Va.,Madison,Madison,38.3655,-78.2202,43558,1,915,1,Trap Nest,,n,TOW,N
Hymenoptera-Apiformes,Megachilidae,Osmia,georgica,female,adult,yes,female o. georgica;82;;;,82,1,,NA,37,wood,6,2,18,Osmia across Virginia,USA,Va.,Madison,Madison,38.3655,-78.2202,43558,1,916,0,Trap Nest,,n,TOW,N
Hymenoptera-Apiformes,Megachilidae,Osmia,georgica,female,adult,yes,female o. georgica;82;;;,82,1,,A. fusiformis,33.2,wood,6,2,17,Osmia across Virginia,USA,Va.,Madison,Madison,38.3655,-78.2202,43558,1,917,1,Trap Nest,,n,TOW,N
Hymenoptera-Apiformes,Megachilidae,Osmia,georgica,female,adult,yes,female o. georgica;82;;;,82,1,,NA,38.2,wood,6,2,16,Osmia across Virginia,USA,Va.,Madison,Madison,38.3655,-78.2202,43558,1,918,0,Trap Nest,,n,TOW,N
Hymenoptera-Apiformes,Megachilidae,Osmia,georgica,female,adult,yes,female o. georgica;82;;;,82,1,,A. fusiformis,37.3,wood,6,2,15,Osmia across Virginia,USA,Va.,Madison,Madison,38.3655,-78.2202,43558,1,919,1,Trap Nest,,n,TOW,N
Hymenoptera-Apiformes,Megachilidae,Osmia,georgica,female,adult,yes,female o. georgica;82;;;,82,1,,A. fusiformis,39.5,wood,6,2,14,Osmia across Virginia,USA,Va.,Madison,Madison,38.3655,-78.2202,43558,1,920,1,Trap Nest,,n,TOW,N
Hymenoptera-Apiformes,Megachilidae,Osmia,georgica,female,adult,yes,female o. georgica;82;;;,82,1,,A. fusiformis,33.9,wood,6,2,13,Osmia across Virginia,USA,Va.,Madison,Madison,38.3655,-78.2202,43558,1,921,1,Trap Nest,,n,TOW,N
Hymenoptera-Apiformes,Megachilidae,Osmia,georgica,female,adult,yes,female o. georgica;82;;;,82,1,,NA,30.9,wood,6,2,12,Osmia across Virginia,USA,Va.,Madison,Madison,38.3655,-78.2202,43558,1,922,0,Trap Nest,,n,TOW,N
Hymenoptera-Apiformes,Megachilidae,Osmia,georgica,female,adult,yes,female o. georgica;82;;;,82,1,,NA,30.9,wood,6,2,11,Osmia across Virginia,USA,Va.,Madison,Madison,38.3655,-78.2202,43558,1,923,0,Trap Nest,,n,TOW,N
Hymenoptera-Apiformes,Megachilidae,Osmia,georgica,female,adult,yes,female o. georgica;82;;;,82,1,,NA,30.3,wood,6,2,10,Osmia across Virginia,USA,Va.,Madison,Madison,38.3655,-78.2202,43145,1,924,0,Trap Nest,,n,TOW,N
Hymenoptera-Apiformes,Megachilidae,Osmia,georgica,female,adult,yes,female o. georgica;82;;;,82,1,,NA,30.2,wood,6,2,9,Osmia across Virginia,USA,Va.,Madison,Madison,38.3655,-78.2202,43558,1,925,0,Trap Nest,,n,TOW,N
Hymenoptera-Apiformes,Megachilidae,Osmia,georgica,female,adult,yes,female o. georgica;82;;;,82,1,,NA,31.1,wood,6,2,8,Osmia across Virginia,USA,Va.,Madison,Madison,38.3655,-78.2202,43145,1,926,0,Trap Nest,,n,TOW,N
Hymenoptera-Apiformes,Megachilidae,Osmia,georgica,female,adult,yes,female o. georgica;82;;;,82,1,,NA,31.2,wood,6,2,7,Osmia across Virginia,USA,Va.,Madison,Madison,38.3655,-78.2202,43145,1,927,0,Trap Nest,,n,TOW,N
Hymenoptera-Apiformes,Megachilidae,Osmia,georgica,female,adult,yes,male O. georgica?;82;;;,82,1,,A. naganensis,26.6,wood,6,2,6,Osmia across Virginia,USA,Va.,Madison,Madison,38.3655,-78.2202,43558,1,928,1,Trap Nest,,n,TOW,N
Hymenoptera-Apiformes,Megachilidae,Osmia,georgica,female,adult,yes,male O. georgica?;82;;;,82,1,,NA,14,wood,6,2,5,Osmia across Virginia,USA,Va.,Madison,Madison,38.3655,-78.2202,43145,1,929,0,Trap Nest,,n,TOW,N
Hymenoptera-Apiformes,Megachilidae,Osmia,georgica,female,adult,yes,male O. georgica?;82;;;,82,NA,,NA,17.2,wood,6,2,4,Osmia across Virginia,USA,Va.,Madison,Madison,38.3655,-78.2202,43558,1,930,0,Trap Nest,,n,TOW,N
Hymenoptera-Apiformes,Megachilidae,Osmia,georgica,female,adult,yes,male O. georgica?;82;;;,82,1,,NA,17.7,wood,6,2,3,Osmia across Virginia,USA,Va.,Madison,Madison,38.3655,-78.2202,43145,1,931,0,Trap Nest,,n,TOW,N
Hymenoptera-Apiformes,Megachilidae,Osmia,georgica,female,adult,yes,male O. georgica?;82;;;,82,1,,A. naganensis,17.8,wood,6,2,2,Osmia across Virginia,USA,Va.,Madison,Madison,38.3655,-78.2202,43558,1,932,1,Trap Nest,,n,TOW,N
Hymenoptera-Apiformes,Megachilidae,Osmia,georgica,female,adult,yes,male O. georgica?;82;;;,82,1,,NA,16.2,wood,6,2,1,Osmia across Virginia,USA,Va.,Madison,Madison,38.3655,-78.2202,43145,1,933,0,Trap Nest,,n,TOW,N
,,,.,,,,samp/sac;83;;;,83,NA,,NA,NA,wood,8,2,12,Osmia across Virginia,USA,Va., ,Winchester,39.1854,-78.1709,43152,1,934,0,Trap Nest,,n,HMH,D
Hymenoptera-Apiformes,Megachilidae,Osmia,taurus,female,adult,yes,JF;83;;;,83,1,,NA,81.8,wood,8,2,11,Osmia across Virginia,USA,Va., ,Winchester,39.1854,-78.1709,43558,1,935,0,Trap Nest,,n,HMH,D
Hymenoptera-Apiformes,Megachilidae,Osmia,taurus,female,adult,yes,JF;83;;;,83,1,,A. fusiformis,91.8,wood,8,2,10,Osmia across Virginia,USA,Va., ,Winchester,39.1854,-78.1709,43558,1,936,1,Trap Nest,,n,HMH,D
Hymenoptera-Apiformes,Megachilidae,Osmia,taurus,female,adult,yes,JF (big!);83;;;,83,NA,,NA,82.4,wood,8,2,9,Osmia across Virginia,USA,Va., ,Winchester,39.1854,-78.1709,43558,1,937,0,Trap Nest,,n,HMH,D
Hymenoptera-Apiformes,Megachilidae,Osmia,taurus,male,adult,yes,JM;83;;;,83,1,,NA,66,wood,8,2,8,Osmia across Virginia,USA,Va., ,Winchester,39.1854,-78.1709,43558,1,938,0,Trap Nest,,n,HMH,D
,,,.,,,,pollen mites?;83;;;,83,NA,,NA,NA,wood,8,2,7,Osmia across Virginia,USA,Va., ,Winchester,39.1854,-78.1709,43152,1,939,0,Trap Nest,,n,HMH,D
Hymenoptera-Apiformes,Megachilidae,Osmia,taurus,male,adult,yes,JM;83;;;,83,1,,A. fusiformis,44.3,wood,8,2,6,Osmia across Virginia,USA,Va., ,Winchester,39.1854,-78.1709,43558,1,940,1,Trap Nest,,n,HMH,D
Hymenoptera-Apiformes,Megachilidae,Osmia,taurus,male,adult,yes,JM;83;;;,83,1,,NA,47.3,wood,8,2,5,Osmia across Virginia,USA,Va., ,Winchester,39.1854,-78.1709,43558,1,941,0,Trap Nest,,n,HMH,D
Hymenoptera-Apiformes,Megachilidae,Osmia,taurus,male,adult,yes,JM;83;;;,83,1,,NA,39.1,wood,8,2,4,Osmia across Virginia,USA,Va., ,Winchester,39.1854,-78.1709,43558,1,942,0,Trap Nest,,n,HMH,D
Hymenoptera-Apiformes,Megachilidae,Osmia,taurus,male,adult,yes,JM;83;;;,83,1,,NA,44.1,wood,8,2,3,Osmia across Virginia,USA,Va., ,Winchester,39.1854,-78.1709,43558,1,943,0,Trap Nest,,n,HMH,D
Hymenoptera-Apiformes,Megachilidae,Osmia,taurus,male,adult,yes,JM;83;;;,83,1,,NA,42,wood,8,2,2,Osmia across Virginia,USA,Va., ,Winchester,39.1854,-78.1709,43558,1,944,0,Trap Nest,,n,HMH,D
,,,.,,,,sample/sac;83;;;,83,NA,,NA,NA,wood,8,2,1,Osmia across Virginia,USA,Va., ,Winchester,39.1854,-78.1709,43152,1,945,0,Trap Nest,,n,HMH,D
Hymenoptera-Apiformes,Megachilidae,Osmia,taurus,male,adult,yes,already sampled (JM) ;84;;;,84,NA,,NA,NA,wood,8,2,13,Osmia across Virginia,USA,Va.,Richmond,Rmondcity,37.5349,-77.5766,43558,1,946,0,Trap Nest,,n,LHF,D
Hymenoptera-Apiformes,Megachilidae,Osmia,taurus,female,adult,yes,JF;84;;;,84,1,,NA,91.3,wood,8,2,12,Osmia across Virginia,USA,Va.,Richmond,Rmondcity,37.5349,-77.5766,43558,1,947,0,Trap Nest,,n,LHF,D
Hymenoptera-Apiformes,Megachilidae,Osmia,taurus,male,adult,yes,JM;84;;;,84,1,,A. naganensis,80.6,wood,8,2,11,Osmia across Virginia,USA,Va.,Richmond,Rmondcity,37.5349,-77.5766,43558,1,948,1,Trap Nest,,n,LHF,D
Hymenoptera-Apiformes,Megachilidae,Osmia,taurus,female,adult,yes,JF;84;;;,84,NA,,NA,80.9,wood,8,2,10,Osmia across Virginia,USA,Va.,Richmond,Rmondcity,37.5349,-77.5766,43558,1,949,0,Trap Nest,,n,LHF,D
Hymenoptera-Apiformes,Megachilidae,Osmia,taurus,male,adult,yes,JM;84;;;,84,1,,NA,74.8,wood,8,2,9,Osmia across Virginia,USA,Va.,Richmond,Rmondcity,37.5349,-77.5766,43558,1,950,0,Trap Nest,,n,LHF,D
Hymenoptera-Apiformes,Megachilidae,Osmia,taurus,male,adult,yes,JM;84;;;,84,1,,NA,79,wood,8,2,8,Osmia across Virginia,USA,Va.,Richmond,Rmondcity,37.5349,-77.5766,43558,1,951,0,Trap Nest,,n,LHF,D
Hymenoptera-Apiformes,Megachilidae,Osmia,taurus,male,adult,yes,JM;84;;;,84,1,,NA,78.6,wood,8,2,7,Osmia across Virginia,USA,Va.,Richmond,Rmondcity,37.5349,-77.5766,43558,1,952,0,Trap Nest,,n,LHF,D
Hymenoptera-Apiformes,Megachilidae,Osmia,taurus,male,adult,yes,JM;84;;;,84,1,,NA,93.1,wood,8,2,6,Osmia across Virginia,USA,Va.,Richmond,Rmondcity,37.5349,-77.5766,43558,1,953,1,Trap Nest,,n,LHF,D
Hymenoptera-Apiformes,Megachilidae,Osmia,taurus,male,adult,yes,different sp? JM? Usurpation?;84;;;,84,1,,NA,83.7,wood,8,2,5,Osmia across Virginia,USA,Va.,Richmond,Rmondcity,37.5349,-77.5766,43558,1,954,0,Trap Nest,,n,LHF,D
Hymenoptera-Apiformes,Megachilidae,Osmia,taurus,female,adult,yes,JF;84;;;,84,1,,NA,71.5,wood,8,2,4,Osmia across Virginia,USA,Va.,Richmond,Rmondcity,37.5349,-77.5766,43558,1,955,0,Trap Nest,,n,LHF,D
Hymenoptera-Apiformes,Megachilidae,Osmia,taurus,male,adult,yes,JM;84;;;,84,1,,NA,50.6,wood,8,2,3,Osmia across Virginia,USA,Va.,Richmond,Rmondcity,37.5349,-77.5766,43558,1,956,0,Trap Nest,,n,LHF,D
Hymenoptera-Apiformes,Megachilidae,Osmia,taurus,male,adult,yes,JM;84;;;,84,1,,NA,52.5,wood,8,2,2,Osmia across Virginia,USA,Va.,Richmond,Rmondcity,37.5349,-77.5766,43558,1,957,0,Trap Nest,,n,LHF,D
Hymenoptera-Apiformes,Megachilidae,Osmia,taurus,male,adult,yes,already sampled (JM) ;84;;;,84,NA,,NA,NA,wood,8,2,1,Osmia across Virginia,USA,Va.,Richmond,Rmondcity,37.5349,-77.5766,43558,1,958,0,Trap Nest,,n,LHF,D
Hymenoptera-Apiformes,Megachilidae,Osmia,cornifrons,female,adult,yes,JF;85;;;,85,1,,NA,82.4,wood,8,3,13,Osmia across Virginia,USA,Va.,Clarke,White Post,39.059141,-78.117788,43558,1,959,0,Trap Nest,,y,TMH,A
Hymenoptera-Apiformes,Megachilidae,Osmia,cornifrons,female,adult,yes,JF;85;;;,85,1,,NA,75.1,wood,8,3,12,Osmia across Virginia,USA,Va.,Clarke,White Post,39.059141,-78.117788,43558,1,960,0,Trap Nest,,y,TMH,A
Hymenoptera-Apiformes,Megachilidae,Osmia,cornifrons,female,adult,yes,JF;85;;;,85,NA,,NA,77.4,wood,8,3,11,Osmia across Virginia,USA,Va.,Clarke,White Post,39.059141,-78.117788,43558,1,961,0,Trap Nest,,y,TMH,A
Hymenoptera-Apiformes,Megachilidae,Osmia,cornifrons,female,adult,yes,JF huge sacrificed;85;;;,85,NA,,NA,71.9,wood,8,3,10,Osmia across Virginia,USA,Va.,Clarke,White Post,39.059141,-78.117788,43558,1,962,0,Trap Nest,,y,TMH,A
Hymenoptera-Apiformes,Megachilidae,Osmia,cornifrons,female,adult,yes,JF huge sacrificed;85;;;,85,NA,,NA,80.2,wood,8,3,9,Osmia across Virginia,USA,Va.,Clarke,White Post,39.059141,-78.117788,43558,1,963,0,Trap Nest,,y,TMH,A
Hymenoptera-Apiformes,Megachilidae,Osmia,cornifrons,female,adult,yes,JF huge;85;;;,85,1,,NA,78.3,wood,8,3,8,Osmia across Virginia,USA,Va.,Clarke,White Post,39.059141,-78.117788,43558,1,964,0,Trap Nest,,y,TMH,A
Hymenoptera-Apiformes,Megachilidae,Osmia,cornifrons,female,adult,yes,JF huge;85;;;,85,1,,NA,78.4,wood,8,3,7,Osmia across Virginia,USA,Va.,Clarke,White Post,39.059141,-78.117788,43558,1,965,0,Trap Nest,,y,TMH,A
Hymenoptera-Apiformes,Megachilidae,Osmia,cornifrons,male,adult,yes,JM;85;;;,85,1,,NA,47.7,wood,8,3,6,Osmia across Virginia,USA,Va.,Clarke,White Post,39.059141,-78.117788,43558,1,966,0,Trap Nest,,y,TMH,A
Hymenoptera-Apiformes,Megachilidae,Osmia,cornifrons,male,adult,yes,JM;85;;;,85,1,,NA,40.6,wood,8,3,5,Osmia across Virginia,USA,Va.,Clarke,White Post,39.059141,-78.117788,43558,1,967,0,Trap Nest,,y,TMH,A
Hymenoptera-Apiformes,Megachilidae,Osmia,cornifrons,male,adult,yes,JM;85;;;,85,1,,NA,42.8,wood,8,3,4,Osmia across Virginia,USA,Va.,Clarke,White Post,39.059141,-78.117788,43558,1,968,0,Trap Nest,,y,TMH,A
Hymenoptera-Apiformes,Megachilidae,Osmia,cornifrons,male,adult,yes,JM;85;;;,85,1,,NA,41.4,wood,8,3,3,Osmia across Virginia,USA,Va.,Clarke,White Post,39.059141,-78.117788,43558,1,969,0,Trap Nest,,y,TMH,A
Hymenoptera-Apiformes,Megachilidae,Osmia,cornifrons,male,adult,yes,JM;85;;;,85,1,,NA,47.7,wood,8,3,2,Osmia across Virginia,USA,Va.,Clarke,White Post,39.059141,-78.117788,43558,1,970,0,Trap Nest,,y,TMH,A
Hymenoptera-Apiformes,Megachilidae,Osmia,cornifrons,male,adult,yes,JM;85;;;,85,1,,NA,44.3,wood,8,3,1,Osmia across Virginia,USA,Va.,Clarke,White Post,39.059141,-78.117788,43558,1,971,0,Trap Nest,,y,TMH,A
,,,.,,,no,fungal;86;;;,86,NA,,NA,NA,wood,6,1,9,Osmia across Virginia,USA,Va.,Montgomery,Blacksburg,37.2234,-80.3922,43157,1,972,0,Trap Nest,,n,TLW,D
,,,.,,,no,fungal cadaver;86;;;,86,1,,NA,NA,wood,6,1,8,Osmia across Virginia,USA,Va.,Montgomery,Blacksburg,37.2234,-80.3922,43157,1,973,0,Trap Nest,,n,TLW,D
,,,.,,,no,fungal cadaver;86;;;,86,1,,NA,NA,wood,6,1,7,Osmia across Virginia,USA,Va.,Montgomery,Blacksburg,37.2234,-80.3922,43157,1,974,0,Trap Nest,,n,TLW,D
,,,.,,,no,fungal cadaver;86;;;,86,1,,NA,NA,wood,6,1,6,Osmia across Virginia,USA,Va.,Montgomery,Blacksburg,37.2234,-80.3922,43157,1,975,1,Trap Nest,,n,TLW,D
,,,.,,,no,fungal;86;;;,86,NA,,NA,NA,wood,6,1,5,Osmia across Virginia,USA,Va.,Montgomery,Blacksburg,37.2234,-80.3922,43157,1,976,0,Trap Nest,,n,TLW,D
,,,.,,,no,fungal cadaver;86;;;,86,1,,NA,NA,wood,6,1,4,Osmia across Virginia,USA,Va.,Montgomery,Blacksburg,37.2234,-80.3922,43157,1,977,0,Trap Nest,,n,TLW,D
,,,.,,,no,fungal cadaver;86;;;,86,1,,NA,NA,wood,6,1,3,Osmia across Virginia,USA,Va.,Montgomery,Blacksburg,37.2234,-80.3922,43157,1,978,0,Trap Nest,,n,TLW,D
,,,.,,,no,fungal;86;;;,86,NA,,NA,NA,wood,6,1,2,Osmia across Virginia,USA,Va.,Montgomery,Blacksburg,37.2234,-80.3922,43157,1,979,0,Trap Nest,,n,TLW,D
,,,.,,,no,fungal;86;;;,86,NA,,NA,NA,wood,6,1,1,Osmia across Virginia,USA,Va.,Montgomery,Blacksburg,37.2234,-80.3922,43157,1,980,0,Trap Nest,,n,TLW,D
Hymenoptera-Apiformes,Megachilidae,Osmia,lignaria,female,adult,yes,already sampled (BOB) usurped;87;;;,87,NA,,NA,NA,wood,6,2,10,Osmia across Virginia,USA,Va., ,Winchester,39.1854,-78.1709,43558,1,981,0,Trap Nest,,n,HMH,D
Hymenoptera-Apiformes,Megachilidae,Osmia,lignaria,female,adult,yes,BOB female usurped;87;;;,87,1,,NA,70.2,wood,6,2,9,Osmia across Virginia,USA,Va., ,Winchester,39.1854,-78.1709,43558,1,982,0,Trap Nest,,n,HMH,D
Hymenoptera-Apiformes,Megachilidae,Osmia,cornifrons,female,adult,yes,JF;87;;;,87,1,,NA,86,wood,6,2,8,Osmia across Virginia,USA,Va., ,Winchester,39.1854,-78.1709,43558,1,983,0,Trap Nest,Osmia lignaria to Osmia cornifrons,n,HMH,D
Hymenoptera-Apiformes,Megachilidae,Osmia,cornifrons,female,adult,yes,JF;87;;;,87,1,,NA,77,wood,6,2,7,Osmia across Virginia,USA,Va., ,Winchester,39.1854,-78.1709,43558,1,984,0,Trap Nest,,n,HMH,D
Hymenoptera-Apiformes,Megachilidae,Osmia,cornifrons,female,adult,yes,JF;87;;;,87,1,,NA,67.2,wood,6,2,6,Osmia across Virginia,USA,Va., ,Winchester,39.1854,-78.1709,43558,1,985,0,Trap Nest,,n,HMH,D
Hymenoptera-Apiformes,Megachilidae,Osmia,cornifrons,male,adult,yes,JM;87;;;,87,1,,NA,45.9,wood,6,2,5,Osmia across Virginia,USA,Va., ,Winchester,39.1854,-78.1709,43558,1,986,0,Trap Nest,,n,HMH,D
Hymenoptera-Apiformes,Megachilidae,Osmia,cornifrons,male,adult,yes,JM;87;;;,87,1,,NA,43.6,wood,6,2,4,Osmia across Virginia,USA,Va., ,Winchester,39.1854,-78.1709,43558,1,987,0,Trap Nest,,n,HMH,D
Hymenoptera-Apiformes,Megachilidae,Osmia,cornifrons,male,adult,yes,JM;87;;;,87,1,,NA,45.8,wood,6,2,3,Osmia across Virginia,USA,Va., ,Winchester,39.1854,-78.1709,43558,1,988,0,Trap Nest,,n,HMH,D
,,,.,,,no,pollen mites;87;;;,87,NA,,NA,NA,wood,6,2,2,Osmia across Virginia,USA,Va., ,Winchester,39.1854,-78.1709,43158,1,989,0,Trap Nest,,n,HMH,D
Hymenoptera-Apiformes,Megachilidae,Osmia,cornifrons,male,adult,yes,already sampled (JM) ;87;;;,87,NA,,NA,NA,wood,6,2,1,Osmia across Virginia,USA,Va., ,Winchester,39.1854,-78.1709,43558,1,990,0,Trap Nest,,n,HMH,D
Hymenoptera-Apiformes,Megachilidae,Osmia,cornifrons,female,adult,yes,already sampled (JF);88;;;,88,NA,,NA,NA,wood,6,1,6,Osmia across Virginia,USA,Va., ,Winchester,39.1854,-78.1709,43558,1,991,0,Trap Nest,,n,HMH,D
,,,.,,,,;88;;;,88,NA,,NA,NA,wood,6,1,5,Osmia across Virginia,USA,Va., ,Winchester,39.1854,-78.1709,43158,1,992,0,Trap Nest,,n,HMH,D
Hymenoptera-Apiformes,Megachilidae,Osmia,cornifrons,female,adult,yes,JF;88;;;,88,1,,NA,64,wood,6,1,4,Osmia across Virginia,USA,Va., ,Winchester,39.1854,-78.1709,43558,1,993,0,Trap Nest,,n,HMH,D
Hymenoptera-Apiformes,Megachilidae,Osmia,cornifrons,male,adult,yes,already sampled (JM) ;88;;;,88,NA,,NA,NA,wood,6,1,3,Osmia across Virginia,USA,Va., ,Winchester,39.1854,-78.1709,43558,1,994,0,Trap Nest,,n,HMH,D
,,,.,,,,;88;;;,88,NA,,NA,NA,wood,6,1,2,Osmia across Virginia,USA,Va., ,Winchester,39.1854,-78.1709,43158,1,995,0,Trap Nest,,n,HMH,D
,,,.,,,,;88;;;,88,NA,,NA,NA,wood,6,1,1,Osmia across Virginia,USA,Va., ,Winchester,39.1854,-78.1709,43158,1,996,0,Trap Nest,,n,HMH,D
,,,.,,,,;89;;;,89,NA,,NA,NA,wood,6,2,13,Osmia across Virginia,USA,Va.,Loudon,Ashburn,39.0221,-77.4981,43158,1,997,0,Trap Nest,,n,RTR,D
Hymenoptera-Apiformes,Megachilidae,Osmia,taurus,male,adult,yes,JM;89;;;,89,1,,NA,44.7,wood,6,2,12,Osmia across Virginia,USA,Va.,Loudon,Ashburn,39.0221,-77.4981,43558,1,998,1,Trap Nest,,n,RTR,D
Hymenoptera-Apiformes,Megachilidae,Osmia,taurus,male,adult,yes,JM;89;;;,89,1,,NA,53.2,wood,6,2,11,Osmia across Virginia,USA,Va.,Loudon,Ashburn,39.0221,-77.4981,43558,1,999,0,Trap Nest,,n,RTR,D
Hymenoptera-Apiformes,Megachilidae,Osmia,taurus,male,adult,yes,JM;89;;;,89,1,,A. naganensis,50.3,wood,6,2,10,Osmia across Virginia,USA,Va.,Loudon,Ashburn,39.0221,-77.4981,43558,1,1000,1,Trap Nest,,n,RTR,D
Hymenoptera-Apiformes,Megachilidae,Osmia,taurus,male,adult,yes,JM;89;;;,89,1,,NA,49.3,wood,6,2,9,Osmia across Virginia,USA,Va.,Loudon,Ashburn,39.0221,-77.4981,43558,1,1001,1,Trap Nest,,n,RTR,D
Hymenoptera-Apiformes,Megachilidae,Osmia,taurus,male,adult,yes,JM;89;;;,89,1,,NA,40.3,wood,6,2,8,Osmia across Virginia,USA,Va.,Loudon,Ashburn,39.0221,-77.4981,43558,1,1002,0,Trap Nest,,n,RTR,D
Hymenoptera-Apiformes,Megachilidae,Osmia,taurus,male,adult,yes,JM;89;;;,89,1,,NA,52,wood,6,2,7,Osmia across Virginia,USA,Va.,Loudon,Ashburn,39.0221,-77.4981,43558,1,1003,0,Trap Nest,,n,RTR,D
Hymenoptera-Apiformes,Megachilidae,Osmia,taurus,male,adult,yes,JM;89;;;,89,1,,NA,51.7,wood,6,2,6,Osmia across Virginia,USA,Va.,Loudon,Ashburn,39.0221,-77.4981,43558,1,1004,0,Trap Nest,,n,RTR,D
Hymenoptera-Apiformes,Megachilidae,Osmia,taurus,male,adult,yes,JM;89;;;,89,1,,NA,38.6,wood,6,2,5,Osmia across Virginia,USA,Va.,Loudon,Ashburn,39.0221,-77.4981,43558,1,1005,0,Trap Nest,,n,RTR,D
Hymenoptera-Apiformes,Megachilidae,Osmia,taurus,male,adult,yes,JM;89;;;,89,1,,NA,46.3,wood,6,2,4,Osmia across Virginia,USA,Va.,Loudon,Ashburn,39.0221,-77.4981,43558,1,1006,0,Trap Nest,,n,RTR,D
Hymenoptera-Apiformes,Megachilidae,Osmia,taurus,male,adult,yes,JM;89;;;,89,1,,NA,41.3,wood,6,2,3,Osmia across Virginia,USA,Va.,Loudon,Ashburn,39.0221,-77.4981,43558,1,1007,0,Trap Nest,,n,RTR,D
Hymenoptera-Apiformes,Megachilidae,Osmia,taurus,male,adult,yes,JM;89;;;,89,1,,NA,44.1,wood,6,2,2,Osmia across Virginia,USA,Va.,Loudon,Ashburn,39.0221,-77.4981,43558,1,1008,0,Trap Nest,,n,RTR,D
,,,.,,,,;89;;;,89,NA,,NA,NA,wood,6,2,1,Osmia across Virginia,USA,Va.,Loudon,Ashburn,39.0221,-77.4981,43158,1,1009,0,Trap Nest,,n,RTR,D
,,,.,,,no,detritus maybe fungal;90;;;,90,NA,,NA,NA,wood,6,2,3,Osmia across Virginia,USA,Va.,Montgomery,Blacksburg,37.2234,-80.3922,43158,1,1010,0,Trap Nest,,n,TLW,D
,,,.,,,no,detritus maybe fungal;90;;;,90,NA,,NA,NA,wood,6,2,2,Osmia across Virginia,USA,Va.,Montgomery,Blacksburg,37.2234,-80.3922,43158,1,1011,0,Trap Nest,,n,TLW,D
,,,.,,,no,detritus maybe fungal;90;;;,90,NA,,NA,NA,wood,6,2,1,Osmia across Virginia,USA,Va.,Montgomery,Blacksburg,37.2234,-80.3922,43158,1,1012,0,Trap Nest,,n,TLW,D
,,,.,,,no,detritus maybe fungal;91;;;,91,NA,,NA,NA,wood,6,2,3,Osmia across Virginia,USA,Md.,Montgomery,Cabin John,38.969555,-77.176369,43447,1,1013,0,Trap Nest,,y,LLB,N
,,,.,,,no,detritus maybe fungal;91;;;,91,NA,,NA,NA,wood,6,2,2,Osmia across Virginia,USA,Md.,Montgomery,Cabin John,38.969555,-77.176369,43447,1,1014,0,Trap Nest,,y,LLB,N
,,,.,,,no,detritus maybe fungal;91;;;,91,NA,,NA,NA,wood,6,2,1,Osmia across Virginia,USA,Md.,Montgomery,Cabin John,38.969555,-77.176369,43447,1,1015,0,Trap Nest,,y,LLB,N
,,,.,,,,;92;;;,92,NA,,NA,NA,wood,8,1,12,Osmia across Virginia,USA,Va.,Frederick,Cross Junction,39.3204,-78.2933,43447,1,1016,0,Trap Nest,,y,TVM,N
Hymenoptera-Apiformes,Megachilidae,Osmia,taurus,female,adult,no,adult cadaver JF;92;;;,92,1,,NA,36.3,wood,8,1,11,Osmia across Virginia,USA,Va.,Frederick,Cross Junction,39.3204,-78.2933,43558,1,1017,0,Trap Nest,,y,TVM,N
Hymenoptera-Apiformes,Megachilidae,Osmia,taurus,female,adult,yes,JF;92;;;,92,1,,NA,60,wood,8,1,10,Osmia across Virginia,USA,Va.,Frederick,Cross Junction,39.3204,-78.2933,43558,1,1018,0,Trap Nest,,y,TVM,N
Hymenoptera-Apiformes,Megachilidae,Osmia,taurus,female,adult,yes,JF;92;;;,92,1,,NA,63.3,wood,8,1,9,Osmia across Virginia,USA,Va.,Frederick,Cross Junction,39.3204,-78.2933,43558,1,1019,0,Trap Nest,,y,TVM,N
Hymenoptera-Apiformes,Megachilidae,Osmia,taurus,female,adult,yes,JF;92;;;,92,1,,NA,64,wood,8,1,8,Osmia across Virginia,USA,Va.,Frederick,Cross Junction,39.3204,-78.2933,43558,1,1020,0,Trap Nest,,y,TVM,N
Hymenoptera-Apiformes,Megachilidae,Osmia,taurus,female,adult,yes,JF;92;;;,92,1,,A. fusiformis,68.4,wood,8,1,7,Osmia across Virginia,USA,Va.,Frederick,Cross Junction,39.3204,-78.2933,43558,1,1021,1,Trap Nest,,y,TVM,N
Hymenoptera-Apiformes,Megachilidae,Osmia,taurus,female,adult,yes,JF;92;;;,92,1,,A. fusiformis,88.8,wood,8,1,6,Osmia across Virginia,USA,Va.,Frederick,Cross Junction,39.3204,-78.2933,43558,1,1022,1,Trap Nest,,y,TVM,N
Hymenoptera-Apiformes,Megachilidae,Osmia,taurus,female,adult,yes,JF;92;;;,92,1,,NA,102.1,wood,8,1,5,Osmia across Virginia,USA,Va.,Frederick,Cross Junction,39.3204,-78.2933,43558,1,1023,0,Trap Nest,,y,TVM,N
Hymenoptera-Apiformes,Megachilidae,Osmia,taurus,female,adult,yes,JF;92;;;,92,1,,NA,77.8,wood,8,1,4,Osmia across Virginia,USA,Va.,Frederick,Cross Junction,39.3204,-78.2933,43558,1,1024,0,Trap Nest,,y,TVM,N
Hymenoptera-Apiformes,Megachilidae,Osmia,taurus,male,adult,yes,JM;92;;;,92,1,,NA,54.8,wood,8,1,3,Osmia across Virginia,USA,Va.,Frederick,Cross Junction,39.3204,-78.2933,43558,1,1025,0,Trap Nest,,y,TVM,N
Hymenoptera-Apiformes,Megachilidae,Osmia,taurus,male,adult,yes,JM;92;;;,92,1,,NA,53.1,wood,8,1,2,Osmia across Virginia,USA,Va.,Frederick,Cross Junction,39.3204,-78.2933,43558,1,1026,0,Trap Nest,,y,TVM,N
Hymenoptera-Apiformes,Megachilidae,Osmia,taurus,male,adult,yes,JM;92;;;,92,1,,NA,32.4,wood,8,1,1,Osmia across Virginia,USA,Va.,Frederick,Cross Junction,39.3204,-78.2933,43558,1,1027,0,Trap Nest,,y,TVM,N
,,,.,,,no,detritus maybe fungal;93;;;,93,NA,,NA,NA,wood,6,1,6,Osmia across Virginia,USA,Va.,Albemarle,Charlottesville,38.064353,-78.529516,43447,1,1028,0,Trap Nest,,y,GTL,N
,,,.,,,no,detritus maybe fungal;93;;;,93,NA,,NA,NA,wood,6,1,5,Osmia across Virginia,USA,Va.,Albemarle,Charlottesville,38.064353,-78.529516,43447,1,1029,0,Trap Nest,,y,GTL,N
,,,.,,,no,detritus maybe fungal;93;;;,93,NA,,NA,NA,wood,6,1,4,Osmia across Virginia,USA,Va.,Albemarle,Charlottesville,38.064353,-78.529516,43447,1,1030,0,Trap Nest,,y,GTL,N
,,,.,,,no,EXS detritus maybe fungal;93;;;,93,NA,,NA,NA,wood,6,1,3,Osmia across Virginia,USA,Va.,Albemarle,Charlottesville,38.064353,-78.529516,43447,1,1031,0,Trap Nest,,y,GTL,N
,,,.,,,no,detritus maybe fungal;93;;;,93,NA,,NA,NA,wood,6,1,2,Osmia across Virginia,USA,Va.,Albemarle,Charlottesville,38.064353,-78.529516,43447,1,1032,0,Trap Nest,,y,GTL,N
,,,.,,,no,detritus maybe fungal;93;;;,93,NA,,NA,NA,wood,6,1,1,Osmia across Virginia,USA,Va.,Albemarle,Charlottesville,38.064353,-78.529516,43447,1,1033,0,Trap Nest,,y,GTL,N
,,,.,,larva,no,fungal larval cadver; taurus nest;94;;;,94,1,,A. fusiformis,NA,wood,8,1,13,Osmia across Virginia,USA,Va.,Clarke,Bluemont,39.1292,-77.8604,43433,1,1034,1,Trap Nest,,n,TVS,N
,,,.,,larva,no,fungal larval cadver; taurus nest;94;;;,94,1,,A. fusiformis,NA,wood,8,1,12,Osmia across Virginia,USA,Va.,Clarke,Bluemont,39.1292,-77.8604,43433,1,1035,1,Trap Nest,,n,TVS,N
,,,.,,larva,no,fungal larval cadver; taurus nest;94;;;,94,1,,A. fusiformis,NA,wood,8,1,11,Osmia across Virginia,USA,Va.,Clarke,Bluemont,39.1292,-77.8604,43433,1,1036,1,Trap Nest,,n,TVS,N
,,,.,,larva,no,larval cadaver; chalky; taurus nest;94;;,94,1,,A. fusiformis,NA,wood,8,1,10,Osmia across Virginia,USA,Va.,Clarke,Bluemont,39.1292,-77.8604,43433,1,1037,1,Trap Nest,,n,TVS,N
,,,.,,larva,no,fungal larval cadver; taurus nest;94;;;,94,1,,A. fusiformis,NA,wood,8,1,9,Osmia across Virginia,USA,Va.,Clarke,Bluemont,39.1292,-77.8604,43433,1,1038,1,Trap Nest,,n,TVS,N
,,,.,,,no,detritus maybe fungal;94;;;,94,NA,,NA,NA,wood,8,1,8,Osmia across Virginia,USA,Va.,Clarke,Bluemont,39.1292,-77.8604,43158,1,1039,0,Trap Nest,,n,TVS,N
,,,.,,,no,detritus maybe fungal;94;;;,94,NA,,NA,NA,wood,8,1,7,Osmia across Virginia,USA,Va.,Clarke,Bluemont,39.1292,-77.8604,43158,1,1040,0,Trap Nest,,n,TVS,N
,,,.,,larva,no,larval cadaver; chalky;94;;,94,1,,NA,NA,wood,8,1,6,Osmia across Virginia,USA,Va.,Clarke,Bluemont,39.1292,-77.8604,43158,1,1041,0,Trap Nest,,n,TVS,N
,,,.,,,no,dead detritus?;94;;;,94,NA,,NA,NA,wood,8,1,5,Osmia across Virginia,USA,Va.,Clarke,Bluemont,39.1292,-77.8604,43158,1,1042,0,Trap Nest,,n,TVS,N
,,,.,,,no,dead detritus?;94;;;,94,NA,,NA,NA,wood,8,1,4,Osmia across Virginia,USA,Va.,Clarke,Bluemont,39.1292,-77.8604,43158,1,1043,0,Trap Nest,,n,TVS,N
,,,.,,,no,dead detritus?;94;;;,94,NA,,NA,NA,wood,8,1,3,Osmia across Virginia,USA,Va.,Clarke,Bluemont,39.1292,-77.8604,43158,1,1044,0,Trap Nest,,n,TVS,N
,,,.,,,no,dead detritus?;94;;;,94,NA,,NA,NA,wood,8,1,2,Osmia across Virginia,USA,Va.,Clarke,Bluemont,39.1292,-77.8604,43158,1,1045,0,Trap Nest,,n,TVS,N
Hymenoptera-Apiformes,Megachilidae,Osmia,taurus,male,adult,no,Japanese adult cadaver; fungal;94;;,94,1,,NA,5.6,wood,8,1,1,Osmia across Virginia,USA,Va.,Clarke,Bluemont,39.1292,-77.8604,43558,1,1046,0,Trap Nest,,n,TVS,N
Hymenoptera-Apiformes,Megachilidae,Osmia,taurus,male,adult,yes,already sampled (JM) ;95;;;,95,NA,,NA,NA,wood,8,3,12,Osmia across Virginia,USA,Va.,Albemarle,Charlottesville,38.064353,-78.529516,43558,1,1047,0,Trap Nest,,y,GTL,N
Hymenoptera-Apiformes,Megachilidae,Osmia,taurus,male,adult,yes,JM sacrificed;95;;;,95,NA,,NA,60.1,wood,8,3,11,Osmia across Virginia,USA,Va.,Albemarle,Charlottesville,38.064353,-78.529516,43558,1,1048,0,Trap Nest,,y,GTL,N
Hymenoptera-Apiformes,Megachilidae,Osmia,taurus,male,adult,yes,JM;95;;;,95,1,,NA,66.7,wood,8,3,10,Osmia across Virginia,USA,Va.,Albemarle,Charlottesville,38.064353,-78.529516,43558,1,1049,0,Trap Nest,,y,GTL,N
Hymenoptera-Apiformes,Megachilidae,Osmia,taurus,male,adult,yes,JM;95;;;,95,1,,A. fusiformis,60.1,wood,8,3,9,Osmia across Virginia,USA,Va.,Albemarle,Charlottesville,38.064353,-78.529516,43558,1,1050,1,Trap Nest,,y,GTL,N
Hymenoptera-Apiformes,Megachilidae,Osmia,taurus,male,adult,yes,JM;95;;;,95,1,,NA,57,wood,8,3,8,Osmia across Virginia,USA,Va.,Albemarle,Charlottesville,38.064353,-78.529516,43558,1,1051,0,Trap Nest,,y,GTL,N
Hymenoptera-Apiformes,Megachilidae,Osmia,taurus,male,adult,yes,JM;95;;;,95,1,,A. fusiformis,63,wood,8,3,7,Osmia across Virginia,USA,Va.,Albemarle,Charlottesville,38.064353,-78.529516,43558,1,1052,1,Trap Nest,,y,GTL,N
Hymenoptera-Apiformes,Megachilidae,Osmia,taurus,male,adult,yes,JM;95;;;,95,1,,NA,59.6,wood,8,3,6,Osmia across Virginia,USA,Va.,Albemarle,Charlottesville,38.064353,-78.529516,43558,1,1053,0,Trap Nest,,y,GTL,N
Hymenoptera-Apiformes,Megachilidae,Osmia,taurus,male,adult,yes,JM sacrificed;95;;;,95,NA,,NA,66.2,wood,8,3,5,Osmia across Virginia,USA,Va.,Albemarle,Charlottesville,38.064353,-78.529516,43558,1,1054,0,Trap Nest,,y,GTL,N
Hymenoptera-Apiformes,Megachilidae,Osmia,taurus,male,adult,yes,JM;95;;;,95,1,,NA,74.1,wood,8,3,4,Osmia across Virginia,USA,Va.,Albemarle,Charlottesville,38.064353,-78.529516,43558,1,1055,0,Trap Nest,,y,GTL,N
Hymenoptera-Apiformes,Megachilidae,Osmia,taurus,male,adult,yes,JM;95;;;,95,1,,NA,44.1,wood,8,3,3,Osmia across Virginia,USA,Va.,Albemarle,Charlottesville,38.064353,-78.529516,43558,1,1056,0,Trap Nest,,y,GTL,N
Hymenoptera-Apiformes,Megachilidae,Osmia,taurus,male,adult,yes,JM;95;;;,95,1,,NA,69,wood,8,3,2,Osmia across Virginia,USA,Va.,Albemarle,Charlottesville,38.064353,-78.529516,43558,1,1057,0,Trap Nest,,y,GTL,N
Hymenoptera-Apiformes,Megachilidae,Osmia,taurus,male,adult,yes,already sampled (JM) ;95;;;,95,NA,,NA,NA,wood,8,3,1,Osmia across Virginia,USA,Va.,Albemarle,Charlottesville,38.064353,-78.529516,43558,1,1058,0,Trap Nest,,y,GTL,N
Hymenoptera-Apiformes,Megachilidae,Osmia,lignaria,female,adult,yes,already sampled BOB female;96;;;,96,NA,,NA,NA,wood,8,1,4,Osmia across Virginia,USA,Va.,Albemarle,Charlottesville,38.0568,-78.6615,43558,1,1059,0,Trap Nest,,n,CTM,N
Hymenoptera-Apiformes,Megachilidae,Osmia,cornifrons,male,adult,yes,JM;96;;;,96,1,,NA,64.2,wood,8,1,3,Osmia across Virginia,USA,Va.,Albemarle,Charlottesville,38.0568,-78.6615,43558,1,1060,0,Trap Nest,Osmia lignaria to Osmia cornifrons,n,CTM,N
Hymenoptera-Apiformes,Megachilidae,Osmia,cornifrons,male,adult,yes,JM;96;;;,96,NA,,NA,42.8,wood,8,1,2,Osmia across Virginia,USA,Va.,Albemarle,Charlottesville,38.0568,-78.6615,43558,1,1061,0,Trap Nest,,n,CTM,N
Hymenoptera-Apiformes,Megachilidae,Osmia,cornifrons,male,adult,yes,already sampled (JM) ;96;;;,96,NA,,NA,NA,wood,8,1,1,Osmia across Virginia,USA,Va.,Albemarle,Charlottesville,38.0568,-78.6615,43558,1,1062,0,Trap Nest,,n,CTM,N
Hymenoptera-Apiformes,Megachilidae,Osmia,lignaria,female,adult,yes,already sampled;97;;;,97,1,,NA,NA,wood,8,2,11,Osmia across Virginia,USA,Va.,Albemarle,Charlottesville,38.156987,-78.437576,43558,1,1063,0,Trap Nest,,y,CMC,N
Hymenoptera-Apiformes,Megachilidae,Osmia,lignaria,female,adult,yes,BOB female sacrificed;97;;;,97,NA,,NA,96.4,wood,8,2,10,Osmia across Virginia,USA,Va.,Albemarle,Charlottesville,38.156987,-78.437576,43558,1,1064,0,Trap Nest,,y,CMC,N
Hymenoptera-Apiformes,Megachilidae,Osmia,lignaria,female,adult,yes,BOB female;97;;;,97,1,,NA,93.4,wood,8,2,9,Osmia across Virginia,USA,Va.,Albemarle,Charlottesville,38.156987,-78.437576,43558,1,1065,0,Trap Nest,,y,CMC,N
Hymenoptera-Apiformes,Megachilidae,Osmia,lignaria,female,adult,yes,BOB female sacrificed;97;;;,97,NA,,NA,95.1,wood,8,2,8,Osmia across Virginia,USA,Va.,Albemarle,Charlottesville,38.156987,-78.437576,43558,1,1066,0,Trap Nest,,y,CMC,N
Hymenoptera-Apiformes,Megachilidae,Osmia,lignaria,male,adult,yes,BOB male;97;;;,97,1,,NA,51.1,wood,8,2,7,Osmia across Virginia,USA,Va.,Albemarle,Charlottesville,38.156987,-78.437576,43558,1,1067,0,Trap Nest,,y,CMC,N
Hymenoptera-Apiformes,Megachilidae,Osmia,lignaria,male,adult,yes,BOB male sacrificed;97;;;,97,NA,,NA,47.6,wood,8,2,6,Osmia across Virginia,USA,Va.,Albemarle,Charlottesville,38.156987,-78.437576,43558,1,1068,0,Trap Nest,,y,CMC,N
Hymenoptera-Apiformes,Megachilidae,Osmia,lignaria,male,adult,yes,BOB male;97;;;,97,1,,NA,42.4,wood,8,2,5,Osmia across Virginia,USA,Va.,Albemarle,Charlottesville,38.156987,-78.437576,43558,1,1069,0,Trap Nest,,y,CMC,N
Hymenoptera-Apiformes,Megachilidae,Osmia,lignaria,male,adult,yes,BOB male;97;;;,97,1,,NA,48,wood,8,2,4,Osmia across Virginia,USA,Va.,Albemarle,Charlottesville,38.156987,-78.437576,43558,1,1070,0,Trap Nest,,y,CMC,N
Hymenoptera-Apiformes,Megachilidae,Osmia,lignaria,male,adult,yes,BOB male sacrificed;97;;;,97,NA,,NA,51.2,wood,8,2,3,Osmia across Virginia,USA,Va.,Albemarle,Charlottesville,38.156987,-78.437576,43558,1,1071,0,Trap Nest,,y,CMC,N
Hymenoptera-Apiformes,Megachilidae,Osmia,lignaria,male,adult,yes,BOB male;97;;;,97,1,,NA,48.2,wood,8,2,2,Osmia across Virginia,USA,Va.,Albemarle,Charlottesville,38.156987,-78.437576,43558,1,1072,0,Trap Nest,,y,CMC,N
Hymenoptera-Apiformes,Megachilidae,Osmia,lignaria,male,adult,yes,already sampled (BOB male);97;;;,97,NA,,NA,NA,wood,8,2,1,Osmia across Virginia,USA,Va.,Albemarle,Charlottesville,38.156987,-78.437576,43558,1,1073,0,Trap Nest,,y,CMC,N
,,,.,,,,;98;;;,98,NA,,NA,NA,wood,6,2,8,Osmia across Virginia,USA,Va.,Frederick,Cross Junction,39.4344,-78.3129,43160,1,1074,0,Trap Nest,,n,VIH,N
Hymenoptera-Apiformes,Megachilidae,Osmia,taurus,male,adult,yes,JM;98;;;,98,1,,NA,53.8,wood,6,2,7,Osmia across Virginia,USA,Va.,Frederick,Cross Junction,39.4344,-78.3129,43558,1,1075,0,Trap Nest,,n,VIH,N
Hymenoptera-Apiformes,Megachilidae,Osmia,taurus,male,adult,yes,JM;98;;;,98,1,,NA,48.7,wood,6,2,6,Osmia across Virginia,USA,Va.,Frederick,Cross Junction,39.4344,-78.3129,43558,1,1076,0,Trap Nest,,n,VIH,N
Hymenoptera-Apiformes,Megachilidae,Osmia,taurus,male,adult,yes,JM;98;;;,98,1,,NA,44.7,wood,6,2,5,Osmia across Virginia,USA,Va.,Frederick,Cross Junction,39.4344,-78.3129,43558,1,1077,0,Trap Nest,,n,VIH,N
Hymenoptera-Apiformes,Megachilidae,Osmia,taurus,male,adult,yes,JM;98;;;,98,1,,NA,41.1,wood,6,2,4,Osmia across Virginia,USA,Va.,Frederick,Cross Junction,39.4344,-78.3129,43558,1,1078,0,Trap Nest,,n,VIH,N
Hymenoptera-Apiformes,Megachilidae,Osmia,taurus,male,adult,yes,JM;98;;;,98,1,,NA,37.5,wood,6,2,3,Osmia across Virginia,USA,Va.,Frederick,Cross Junction,39.4344,-78.3129,43558,1,1079,0,Trap Nest,,n,VIH,N
Hymenoptera-Apiformes,Megachilidae,Osmia,taurus,male,adult,yes,JM;98;;;,98,1,,NA,36.5,wood,6,2,2,Osmia across Virginia,USA,Va.,Frederick,Cross Junction,39.4344,-78.3129,43558,1,1080,0,Trap Nest,,n,VIH,N
Hymenoptera-Apiformes,Megachilidae,Osmia,taurus,male,,,already sampled;98;;;,98,NA,,NA,NA,wood,6,2,1,Osmia across Virginia,USA,Va.,Frederick,Cross Junction,39.4344,-78.3129,43558,1,1081,0,Trap Nest,,n,VIH,N
,,,.,,,no,fungal debris;99;;;,99,NA,,NA,NA,wood,8,3,3,Osmia across Virginia,USA,Va.,Frederick,Cross Junction,39.4344,-78.3129,43177,1,1297,0,Trap Nest,,n,VIH,N
,,,.,,,no,fungal debris;99;;;,99,NA,,NA,NA,wood,8,3,4,Osmia across Virginia,USA,Va.,Frederick,Cross Junction,39.4344,-78.3129,43177,1,1296,0,Trap Nest,,n,VIH,N
Hymenoptera-Apiformes,Megachilidae,Osmia,cornifrons,female,adult,yes,JF very lethargic;101;;;,101,1,,NA,55.9,wood,6,1,11,Osmia across Virginia,USA,Va.,Albemarle,Charlottesville,38.0568,-78.6615,43558,1,1083,0,Trap Nest,,n,CTM,N
Hymenoptera-Apiformes,Megachilidae,Osmia,cornifrons,female,adult,yes,already sampled (JF);101;;;,101,NA,,NA,NA,wood,6,1,10,Osmia across Virginia,USA,Va.,Albemarle,Charlottesville,38.0568,-78.6615,43558,1,1084,0,Trap Nest,,n,CTM,N
Hymenoptera-Apiformes,Megachilidae,Osmia,cornifrons,female,adult,yes,JF;101;;;,101,1,,NA,62.3,wood,6,1,9,Osmia across Virginia,USA,Va.,Albemarle,Charlottesville,38.0568,-78.6615,43558,1,1085,0,Trap Nest,,n,CTM,N
Hymenoptera-Apiformes,Megachilidae,Osmia,cornifrons,female,adult,yes,JF;101;;;,101,1,,NA,56.3,wood,6,1,8,Osmia across Virginia,USA,Va.,Albemarle,Charlottesville,38.0568,-78.6615,43558,1,1086,0,Trap Nest,,n,CTM,N
Hymenoptera-Apiformes,Megachilidae,Osmia,cornifrons,female,adult,yes,JF;101;;;,101,1,,NA,59.8,wood,6,1,7,Osmia across Virginia,USA,Va.,Albemarle,Charlottesville,38.0568,-78.6615,43558,1,1087,0,Trap Nest,,n,CTM,N
Hymenoptera-Apiformes,Megachilidae,Osmia,cornifrons,male,adult,yes,JM (crawled around bench);101;;;,101,NA,,NA,40.4,wood,6,1,6,Osmia across Virginia,USA,Va.,Albemarle,Charlottesville,38.0568,-78.6615,43558,1,1088,0,Trap Nest,,n,CTM,N
Hymenoptera-Apiformes,Megachilidae,Osmia,cornifrons,male,adult,yes,JM;101;;;,101,1,,NA,39.1,wood,6,1,5,Osmia across Virginia,USA,Va.,Albemarle,Charlottesville,38.0568,-78.6615,43558,1,1089,0,Trap Nest,,n,CTM,N
Hymenoptera-Apiformes,Megachilidae,Osmia,cornifrons,male,adult,yes,JM;101;;;,101,1,,NA,43.7,wood,6,1,4,Osmia across Virginia,USA,Va.,Albemarle,Charlottesville,38.0568,-78.6615,43558,1,1090,0,Trap Nest,,n,CTM,N
Hymenoptera-Apiformes,Megachilidae,Osmia,cornifrons,male,adult,yes,JM;101;;;,101,1,,NA,44.9,wood,6,1,3,Osmia across Virginia,USA,Va.,Albemarle,Charlottesville,38.0568,-78.6615,43558,1,1091,0,Trap Nest,,n,CTM,N
Hymenoptera-Apiformes,Megachilidae,Osmia,cornifrons,male,adult,yes,JM;101;;;,101,1,,NA,42.7,wood,6,1,2,Osmia across Virginia,USA,Va.,Albemarle,Charlottesville,38.0568,-78.6615,43558,1,1092,0,Trap Nest,,n,CTM,N
Hymenoptera-Apiformes,Megachilidae,Osmia,cornifrons,male,adult,yes,already sampled (JM) ;101;;;,101,NA,,NA,NA,wood,6,1,1,Osmia across Virginia,USA,Va.,Albemarle,Charlottesville,38.0568,-78.6615,43558,1,1093,0,Trap Nest,,n,CTM,N
Hymenoptera-Apiformes,Megachilidae,Osmia,taurus,male,adult,yes,already sampled (JM) ;102;;;,102,NA,,NA,NA,wood,6,3,10,Osmia across Virginia,USA,Va.,Albemarle,Charlottesville,38.020158,-78.634339,43558,1,1094,0,Trap Nest,,y,CBM,N
Hymenoptera-Apiformes,Megachilidae,Osmia,taurus,male,adult,yes,JM;102;;;,102,1,,A. fusiformis,36.9,wood,6,3,9,Osmia across Virginia,USA,Va.,Albemarle,Charlottesville,38.020158,-78.634339,43558,1,1095,1,Trap Nest,,y,CBM,N
Hymenoptera-Apiformes,Megachilidae,Osmia,taurus,male,adult,yes,JM;102;;;,102,1,,A. fusiformis,36.7,wood,6,3,8,Osmia across Virginia,USA,Va.,Albemarle,Charlottesville,38.020158,-78.634339,43558,1,1096,1,Trap Nest,,y,CBM,N
Hymenoptera-Apiformes,Megachilidae,Osmia,taurus,male,adult,yes,JM;102;;;,102,1,,NA,41.9,wood,6,3,7,Osmia across Virginia,USA,Va.,Albemarle,Charlottesville,38.020158,-78.634339,43558,1,1097,0,Trap Nest,,y,CBM,N
Hymenoptera-Apiformes,Megachilidae,Osmia,taurus,male,adult,yes,JM;102;;;,102,1,,NA,66.2,wood,6,3,6,Osmia across Virginia,USA,Va.,Albemarle,Charlottesville,38.020158,-78.634339,43558,1,1098,0,Trap Nest,,y,CBM,N
Hymenoptera-Apiformes,Megachilidae,Osmia,taurus,male,adult,yes,JM;102;;;,102,1,,NA,62.1,wood,6,3,5,Osmia across Virginia,USA,Va.,Albemarle,Charlottesville,38.020158,-78.634339,43558,1,1099,0,Trap Nest,,y,CBM,N
Hymenoptera-Apiformes,Megachilidae,Osmia,taurus,male,adult,yes,JM;102;;;,102,1,,NA,53.3,wood,6,3,4,Osmia across Virginia,USA,Va.,Albemarle,Charlottesville,38.020158,-78.634339,43558,1,1100,1,Trap Nest,,y,CBM,N
Hymenoptera-Apiformes,Megachilidae,Osmia,taurus,male,adult,yes,JM;102;;;,102,1,,NA,55.1,wood,6,3,3,Osmia across Virginia,USA,Va.,Albemarle,Charlottesville,38.020158,-78.634339,43558,1,1101,0,Trap Nest,,y,CBM,N
Hymenoptera-Apiformes,Megachilidae,Osmia,taurus,male,adult,yes,JM;102;;;,102,1,,NA,52.4,wood,6,3,2,Osmia across Virginia,USA,Va.,Albemarle,Charlottesville,38.020158,-78.634339,43558,1,1102,0,Trap Nest,,y,CBM,N
Hymenoptera-Apiformes,Megachilidae,Osmia,taurus,male,adult,yes,already sampled (JM) ;102;;;,102,NA,,NA,NA,wood,6,3,1,Osmia across Virginia,USA,Va.,Albemarle,Charlottesville,38.020158,-78.634339,43558,1,1103,0,Trap Nest,,y,CBM,N
,,,.,,,,;103;;;,103,NA,,NA,NA,wood,6,2,12,Osmia across Virginia,USA,Va.,Augusta,Churchville,38.273218,-79.092286,43447,1,1104,0,Trap Nest,,y,ALY,N
Hymenoptera-Apiformes,Megachilidae,Osmia,taurus,male,adult,yes,JM;103;;;,103,1,,NA,39.8,wood,6,2,11,Osmia across Virginia,USA,Va.,Augusta,Churchville,38.273218,-79.092286,43558,1,1105,0,Trap Nest,,y,ALY,N
,,,.,,,no,pollen mass;103;;;,103,NA,,NA,NA,wood,6,2,10,Osmia across Virginia,USA,Va.,Augusta,Churchville,38.273218,-79.092286,43447,1,1106,0,Trap Nest,,y,ALY,N
Hymenoptera-Apiformes,Megachilidae,Osmia,taurus,male,adult,yes,JM;103;;;,103,1,,NA,39.9,wood,6,2,9,Osmia across Virginia,USA,Va.,Augusta,Churchville,38.273218,-79.092286,43558,1,1107,0,Trap Nest,,y,ALY,N
,,,.,,larva,no,larval cadaver;103;;;,103,1,,NA,28.4,wood,6,2,8,Osmia across Virginia,USA,Va.,Augusta,Churchville,38.273218,-79.092286,43447,1,1108,0,Trap Nest,,y,ALY,N
Hymenoptera-Apiformes,Megachilidae,Osmia,taurus,male,adult,yes,JM;103;;;,103,1,,NA,38,wood,6,2,7,Osmia across Virginia,USA,Va.,Augusta,Churchville,38.273218,-79.092286,43558,1,1109,0,Trap Nest,,y,ALY,N
Hymenoptera-Apiformes,Megachilidae,Osmia,taurus,male,adult,yes,JM;103;;;,103,1,,NA,44.8,wood,6,2,6,Osmia across Virginia,USA,Va.,Augusta,Churchville,38.273218,-79.092286,43558,1,1110,0,Trap Nest,,y,ALY,N
Hymenoptera-Apiformes,Megachilidae,Osmia,taurus,male,adult,yes,JM;103;;;,103,1,,NA,37.2,wood,6,2,5,Osmia across Virginia,USA,Va.,Augusta,Churchville,38.273218,-79.092286,43558,1,1111,0,Trap Nest,,y,ALY,N
Hymenoptera-Apiformes,Megachilidae,Osmia,taurus,male,adult,yes,JM;103;;;,103,1,,NA,35,wood,6,2,4,Osmia across Virginia,USA,Va.,Augusta,Churchville,38.273218,-79.092286,43558,1,1112,0,Trap Nest,,y,ALY,N
Hymenoptera-Apiformes,Megachilidae,Osmia,taurus,male,adult,yes,JM;103;;;,103,1,,NA,39.2,wood,6,2,3,Osmia across Virginia,USA,Va.,Augusta,Churchville,38.273218,-79.092286,43558,1,1113,0,Trap Nest,,y,ALY,N
Hymenoptera-Apiformes,Megachilidae,Osmia,taurus,male,,,already sampled;103;;;,103,NA,,NA,NA,wood,6,2,2,Osmia across Virginia,USA,Va.,Augusta,Churchville,38.273218,-79.092286,43558,1,1114,0,Trap Nest,,y,ALY,N
,,,.,,,no,pollen mass;103;;;,103,NA,,NA,NA,wood,6,2,1,Osmia across Virginia,USA,Va.,Augusta,Churchville,38.273218,-79.092286,43447,1,1115,0,Trap Nest,,y,ALY,N
,,,.,,,no,fungal mass EXS;104;;;,104,NA,,NA,NA,wood,6,2,7,Osmia across Virginia,USA,Va.,Fairfax,Fairfax City,38.8391,-77.289,43171,1,1116,0,Trap Nest,,n,TTH,D
,,,.,,,no,fungal mass EXS;104;;;,104,NA,,NA,NA,wood,6,2,6,Osmia across Virginia,USA,Va.,Fairfax,Fairfax City,38.8391,-77.289,43171,1,1117,0,Trap Nest,,n,TTH,D
,,,.,,,no,fungal mass EXS;104;;;,104,NA,,NA,NA,wood,6,2,5,Osmia across Virginia,USA,Va.,Fairfax,Fairfax City,38.8391,-77.289,43171,1,1118,0,Trap Nest,,n,TTH,D
Hymenoptera-Apiformes,Megachilidae,Osmia,taurus,male,adult,no,adult cadaver JM?;104;;;,104,1,,NA,10,wood,6,2,4,Osmia across Virginia,USA,Va.,Fairfax,Fairfax City,38.8391,-77.289,43558,1,1119,0,Trap Nest,,n,TTH,D
,,,.,,,no,fungal mass EXS;104;;;,104,NA,,NA,NA,wood,6,2,3,Osmia across Virginia,USA,Va.,Fairfax,Fairfax City,38.8391,-77.289,43171,1,1120,0,Trap Nest,,n,TTH,D
,,,.,,,no,fungal mass EXS;104;;;,104,NA,,NA,NA,wood,6,2,2,Osmia across Virginia,USA,Va.,Fairfax,Fairfax City,38.8391,-77.289,43171,1,1121,0,Trap Nest,,n,TTH,D
,,,.,,pupa,no,pupal cadaver;104;;;,104,1,,NA,3.2,wood,6,2,1,Osmia across Virginia,USA,Va.,Fairfax,Fairfax City,38.8391,-77.289,43171,1,1122,0,Trap Nest,,n,TTH,D
Hymenoptera-Apiformes,Megachilidae,Osmia,taurus,female,,,already sampled;105;;;,105,NA,,NA,NA,wood,8,1,10,Osmia across Virginia,USA,Va.,Frederick,Cross,39.3373,-78.3146,43558,1,1123,0,Trap Nest,,n,HBT,N
Hymenoptera-Apiformes,Megachilidae,Osmia,taurus,male,adult,yes,JM;105;;;,105,1,,NA,72.9,wood,8,1,9,Osmia across Virginia,USA,Va.,Frederick,Cross,39.3373,-78.3146,43558,1,1124,0,Trap Nest,,n,HBT,N
Hymenoptera-Apiformes,Megachilidae,Osmia,taurus,female,adult,yes,JF;105;;;,105,1,,NA,94.5,wood,8,1,8,Osmia across Virginia,USA,Va.,Frederick,Cross,39.3373,-78.3146,43558,1,1125,0,Trap Nest,,n,HBT,N
,,,.,,larva,no,gooey larval cadaver; huge; black; taurus nest;105;;;,105,1,,NA,94.9,wood,8,1,7,Osmia across Virginia,USA,Va.,Frederick,Cross,39.3373,-78.3146,43433,1,1126,1,Trap Nest,,n,HBT,N
Hymenoptera-Apiformes,Megachilidae,Osmia,taurus,male,adult,yes,JM lethargic;105;;;,105,1,,NA,88.7,wood,8,1,6,Osmia across Virginia,USA,Va.,Frederick,Cross,39.3373,-78.3146,43558,1,1127,0,Trap Nest,,n,HBT,N
Hymenoptera-Apiformes,Megachilidae,Osmia,cornifrons,female,adult,yes,JF lethargic;105;;;,105,1,,NA,52.9,wood,8,1,5,Osmia across Virginia,USA,Va.,Frederick,Cross,39.3373,-78.3146,43558,1,1128,0,Trap Nest,,n,HBT,N
,,,.,,,,already sampled;105;;;,105,NA,,NA,NA,wood,8,1,4,Osmia across Virginia,USA,Va.,Frederick,Cross,39.3373,-78.3146,43171,1,1129,0,Trap Nest,,n,HBT,N
,,,.,,,no,pollen mass;105;;;,105,NA,,NA,NA,wood,8,1,3,Osmia across Virginia,USA,Va.,Frederick,Cross,39.3373,-78.3146,43171,1,1130,0,Trap Nest,,n,HBT,N
,,,.,,,no,pollen mass;105;;;,105,NA,,NA,NA,wood,8,1,2,Osmia across Virginia,USA,Va.,Frederick,Cross,39.3373,-78.3146,43171,1,1131,0,Trap Nest,,n,HBT,N
,,,.,,,no,dark pollen mass;105;;;,105,NA,,NA,NA,wood,8,1,1,Osmia across Virginia,USA,Va.,Frederick,Cross,39.3373,-78.3146,43171,1,1132,0,Trap Nest,,n,HBT,N
,,,.,,,,already sampled;106;;;,106,NA,,NA,NA,wood,8,1,10,Osmia across Virginia,USA,Va.,Clarke,Berryville,39.1496,-77.9849,43171,1,1133,0,Trap Nest,,n,KID,D
,,,.,,,no,fungal dead mass EXS;106;;;,106,NA,,NA,NA,wood,8,1,9,Osmia across Virginia,USA,Va.,Clarke,Berryville,39.1496,-77.9849,43171,1,1134,0,Trap Nest,,n,KID,D
,,,.,,,no,fungal dead mass EXS;106;;;,106,NA,,NA,NA,wood,8,1,8,Osmia across Virginia,USA,Va.,Clarke,Berryville,39.1496,-77.9849,43171,1,1135,0,Trap Nest,,n,KID,D
,,,.,,,no,fungal dead mass EXS;106;;;,106,NA,,NA,NA,wood,8,1,7,Osmia across Virginia,USA,Va.,Clarke,Berryville,39.1496,-77.9849,43171,1,1136,0,Trap Nest,,n,KID,D
,,,.,,,no,fungal dead mass EXS;106;;;,106,NA,,NA,NA,wood,8,1,6,Osmia across Virginia,USA,Va.,Clarke,Berryville,39.1496,-77.9849,43171,1,1137,0,Trap Nest,,n,KID,D
,,,.,,,no,fungal dead mass EXS;106;;;,106,NA,,NA,NA,wood,8,1,5,Osmia across Virginia,USA,Va.,Clarke,Berryville,39.1496,-77.9849,43171,1,1138,0,Trap Nest,,n,KID,D
,,,.,,,no,fungal dead mass EXS;106;;;,106,NA,,NA,NA,wood,8,1,4,Osmia across Virginia,USA,Va.,Clarke,Berryville,39.1496,-77.9849,43171,1,1139,0,Trap Nest,,n,KID,D
,,,.,,,no,fungal dead mass EXS;106;;;,106,NA,,NA,NA,wood,8,1,3,Osmia across Virginia,USA,Va.,Clarke,Berryville,39.1496,-77.9849,43171,1,1140,0,Trap Nest,,n,KID,D
Hymenoptera-Apiformes,Megachilidae,Osmia,cornifrons,male,adult,yes,JM (SURROUNDED by lots of fungus);106;;;,106,1,,NA,37.5,wood,8,1,2,Osmia across Virginia,USA,Va.,Clarke,Berryville,39.1496,-77.9849,43558,1,1141,0,Trap Nest,,n,KID,D
,,,.,,,,already sampled;106;;;,106,NA,,NA,NA,wood,8,1,1,Osmia across Virginia,USA,Va.,Clarke,Berryville,39.1496,-77.9849,43171,1,1142,0,Trap Nest,,n,KID,D
,,,.,,,no,fungal dead mass EXS;107;;;,107,NA,,NA,NA,wood,6,3,4,Osmia across Virginia,USA,Va.,Albemarle,Charlottesville,38.064353,-78.529516,43447,1,1143,0,Trap Nest,,y,GTL,N
,,,.,,,no,fungal dead mass EXS;107;;;,107,NA,,NA,NA,wood,6,3,3,Osmia across Virginia,USA,Va.,Albemarle,Charlottesville,38.064353,-78.529516,43447,1,1144,0,Trap Nest,,y,GTL,N
,,,.,,,no,fungal dead mass EXS;107;;;,107,NA,,NA,NA,wood,6,3,2,Osmia across Virginia,USA,Va.,Albemarle,Charlottesville,38.064353,-78.529516,43447,1,1145,0,Trap Nest,,y,GTL,N
,,,.,,,no,cadaver in pollen? EXS;107;;;,107,1,,NA,NA,wood,6,3,1,Osmia across Virginia,USA,Va.,Albemarle,Charlottesville,38.064353,-78.529516,43447,1,1146,1,Trap Nest,,y,GTL,N
Hymenoptera-Apiformes,Megachilidae,Osmia,taurus,male,adult,yes,already sampled (JM) ;109;;;,109,NA,,NA,NA,wood,6,1,11,Osmia across Virginia,USA,Va.,Richmond,Rmondcity,37.5349,-77.5766,43172,1,1152,0,Trap Nest,,n,LHF,D
Hymenoptera-Apiformes,Megachilidae,Osmia,taurus,male,adult,yes,JM;109;;;,109,1,,A. major,43.2,wood,6,1,10,Osmia across Virginia,USA,Va.,Richmond,Rmondcity,37.5349,-77.5766,43558,1,1153,1,Trap Nest,,n,LHF,D
Hymenoptera-Apiformes,Megachilidae,Osmia,taurus,male,adult,yes,JM;109;;;,109,1,,NA,37.7,wood,6,1,9,Osmia across Virginia,USA,Va.,Richmond,Rmondcity,37.5349,-77.5766,43558,1,1154,0,Trap Nest,,n,LHF,D
Hymenoptera-Apiformes,Megachilidae,Osmia,taurus,male,adult,yes,JM;109;;;,109,1,,A. fusiformis,40.7,wood,6,1,8,Osmia across Virginia,USA,Va.,Richmond,Rmondcity,37.5349,-77.5766,43558,1,1155,1,Trap Nest,,n,LHF,D
Hymenoptera-Apiformes,Megachilidae,Osmia,taurus,male,adult,yes,JM;109;;;,109,1,,NA,40.1,wood,6,1,7,Osmia across Virginia,USA,Va.,Richmond,Rmondcity,37.5349,-77.5766,43558,1,1156,0,Trap Nest,,n,LHF,D
Hymenoptera-Apiformes,Megachilidae,Osmia,taurus,male,adult,yes,JM;109;;;,109,1,,NA,58.5,wood,6,1,6,Osmia across Virginia,USA,Va.,Richmond,Rmondcity,37.5349,-77.5766,43558,1,1157,0,Trap Nest,,n,LHF,D
Hymenoptera-Apiformes,Megachilidae,Osmia,taurus,male,adult,yes,JM;109;;;,109,1,,NA,54.3,wood,6,1,5,Osmia across Virginia,USA,Va.,Richmond,Rmondcity,37.5349,-77.5766,43558,1,1158,1,Trap Nest,,n,LHF,D
Hymenoptera-Apiformes,Megachilidae,Osmia,taurus,male,adult,yes,JM;109;;;,109,1,,NA,56.5,wood,6,1,4,Osmia across Virginia,USA,Va.,Richmond,Rmondcity,37.5349,-77.5766,43558,1,1159,0,Trap Nest,,n,LHF,D
Hymenoptera-Apiformes,Megachilidae,Osmia,taurus,male,adult,yes,JM;109;;;,109,1,,NA,52.4,wood,6,1,3,Osmia across Virginia,USA,Va.,Richmond,Rmondcity,37.5349,-77.5766,43558,1,1160,0,Trap Nest,,n,LHF,D
Hymenoptera-Apiformes,Megachilidae,Osmia,taurus,male,adult,yes,jm;109;;;,109,1,,NA,46.9,wood,6,1,2,Osmia across Virginia,USA,Va.,Richmond,Rmondcity,37.5349,-77.5766,43558,1,1161,0,Trap Nest,,n,LHF,D
Hymenoptera-Apiformes,Megachilidae,Osmia,taurus,male,adult,yes,already sampled (JM) ;109;;;,109,NA,,NA,NA,wood,6,1,1,Osmia across Virginia,USA,Va.,Richmond,Rmondcity,37.5349,-77.5766,43172,1,1162,0,Trap Nest,,n,LHF,D
Hymenoptera-Apiformes,Megachilidae,Osmia,taurus,female,adult,yes,already sampled (JF);110;;;,110,NA,,NA,NA,wood,8,3,18,Osmia across Virginia,USA,Va.,Albemarle,Greenwood,38.038905,-78.792201,43447,1,1163,0,Trap Nest,taurus_cornifrons,y,HCA,A
,,,.,,,,empty delete from db;110;;;,110,NA,,NA,NA,wood,8,3,17,Osmia across Virginia,USA,Va.,Albemarle,Greenwood,38.038905,-78.792201,43447,1,1164,0,Trap Nest,taurus_cornifrons,y,HCA,A
Hymenoptera-Apiformes,Megachilidae,Osmia,taurus,female,adult,yes,JF;110;;;,110,1,,NA,90.5,wood,8,3,16,Osmia across Virginia,USA,Va.,Albemarle,Greenwood,38.038905,-78.792201,43558,1,1165,0,Trap Nest,taurus_cornifrons,y,HCA,A
Hymenoptera-Apiformes,Megachilidae,Osmia,taurus,female,adult,yes,JF;110;;;,110,1,,NA,84.2,wood,8,3,15,Osmia across Virginia,USA,Va.,Albemarle,Greenwood,38.038905,-78.792201,43558,1,1166,0,Trap Nest,taurus_cornifrons,y,HCA,A
Hymenoptera-Apiformes,Megachilidae,Osmia,taurus,female,adult,yes,JF;110;;;,110,1,,NA,78.8,wood,8,3,14,Osmia across Virginia,USA,Va.,Albemarle,Greenwood,38.038905,-78.792201,43558,1,1167,0,Trap Nest,taurus_cornifrons,y,HCA,A
Hymenoptera-Apiformes,Megachilidae,Osmia,taurus,female,adult,yes,JF;110;;;,110,1,,NA,80,wood,8,3,13,Osmia across Virginia,USA,Va.,Albemarle,Greenwood,38.038905,-78.792201,43558,1,1168,0,Trap Nest,taurus_cornifrons,y,HCA,A
Hymenoptera-Apiformes,Megachilidae,Osmia,cornifrons,female,adult,yes,JF;110;;;,110,1,,NA,75.8,wood,8,3,12,Osmia across Virginia,USA,Va.,Albemarle,Greenwood,38.038905,-78.792201,43558,1,1169,0,Trap Nest,taurus_cornifrons,y,HCA,A
Hymenoptera-Apiformes,Megachilidae,Osmia,cornifrons,male,adult,yes,JM;110;;;,110,1,,NA,38.3,wood,8,3,11,Osmia across Virginia,USA,Va.,Albemarle,Greenwood,38.038905,-78.792201,43558,1,1170,0,Trap Nest,taurus_cornifrons,y,HCA,A
Hymenoptera-Apiformes,Megachilidae,Osmia,cornifrons,male,adult,yes,JM;110;;;,110,1,,NA,41.9,wood,8,3,10,Osmia across Virginia,USA,Va.,Albemarle,Greenwood,38.038905,-78.792201,43558,1,1171,0,Trap Nest,taurus_cornifrons,y,HCA,A
Hymenoptera-Apiformes,Megachilidae,Osmia,cornifrons,male,adult,yes,JM;110;;;,110,1,,NA,51.2,wood,8,3,9,Osmia across Virginia,USA,Va.,Albemarle,Greenwood,38.038905,-78.792201,43558,1,1172,0,Trap Nest,taurus_cornifrons,y,HCA,A
Hymenoptera-Apiformes,Megachilidae,Osmia,cornifrons,male,adult,yes,JM;110;;;,110,1,,NA,52.5,wood,8,3,8,Osmia across Virginia,USA,Va.,Albemarle,Greenwood,38.038905,-78.792201,43558,1,1173,0,Trap Nest,taurus_cornifrons,y,HCA,A
Hymenoptera-Apiformes,Megachilidae,Osmia,cornifrons,male,adult,yes,JM;110;;;,110,1,,NA,50,wood,8,3,7,Osmia across Virginia,USA,Va.,Albemarle,Greenwood,38.038905,-78.792201,43558,1,1174,0,Trap Nest,taurus_cornifrons,y,HCA,A
Hymenoptera-Apiformes,Megachilidae,Osmia,cornifrons,male,adult,yes,JM;110;;;,110,1,,NA,48,wood,8,3,6,Osmia across Virginia,USA,Va.,Albemarle,Greenwood,38.038905,-78.792201,43558,1,1175,0,Trap Nest,taurus_cornifrons,y,HCA,A
Hymenoptera-Apiformes,Megachilidae,Osmia,cornifrons,male,adult,yes,JM;110;;;,110,1,,NA,49.9,wood,8,3,5,Osmia across Virginia,USA,Va.,Albemarle,Greenwood,38.038905,-78.792201,43558,1,1176,0,Trap Nest,taurus_cornifrons,y,HCA,A
Hymenoptera-Apiformes,Megachilidae,Osmia,cornifrons,male,adult,yes,JM;110;;;,110,1,,NA,50.7,wood,8,3,4,Osmia across Virginia,USA,Va.,Albemarle,Greenwood,38.038905,-78.792201,43558,1,1177,0,Trap Nest,taurus_cornifrons,y,HCA,A
Hymenoptera-Apiformes,Megachilidae,Osmia,cornifrons,male,adult,yes,JM;110;;;,110,1,,NA,39,wood,8,3,3,Osmia across Virginia,USA,Va.,Albemarle,Greenwood,38.038905,-78.792201,43558,1,1178,0,Trap Nest,taurus_cornifrons,y,HCA,A
Hymenoptera-Apiformes,Megachilidae,Osmia,cornifrons,male,adult,yes,JM;110;;;,110,1,,NA,42.8,wood,8,3,2,Osmia across Virginia,USA,Va.,Albemarle,Greenwood,38.038905,-78.792201,43558,1,1179,0,Trap Nest,taurus_cornifrons,y,HCA,A
Hymenoptera-Apiformes,Megachilidae,Osmia,cornifrons,male,adult,yes,already sampled (JM) ;110;;;,110,NA,,NA,NA,wood,8,3,1,Osmia across Virginia,USA,Va.,Albemarle,Greenwood,38.038905,-78.792201,43447,1,1180,0,Trap Nest,taurus_cornifrons,y,HCA,A
,,,.,,,,;111;;;,111,NA,,NA,NA,wood,6,3,13,Osmia across Virginia,USA,Va.,Clarke,Berryville,39.1496,-77.9849,43172,1,1181,0,Trap Nest,,n,KID,D
,,,.,,,,;111;;;,111,NA,,NA,NA,wood,6,3,12,Osmia across Virginia,USA,Va.,Clarke,Berryville,39.1496,-77.9849,43172,1,1182,0,Trap Nest,,n,KID,D
,,,.,,,,;111;;;,111,NA,,NA,NA,wood,6,3,11,Osmia across Virginia,USA,Va.,Clarke,Berryville,39.1496,-77.9849,43172,1,1183,0,Trap Nest,,n,KID,D
,,,.,,,,already sampled;111;;;,111,NA,,NA,NA,wood,6,3,10,Osmia across Virginia,USA,Va.,Clarke,Berryville,39.1496,-77.9849,43172,1,1184,0,Trap Nest,,n,KID,D
,,,.,,larva,no,larval cadaver covered in mites; taurus nest;111;;;,111,1,,NA,27.9,wood,6,3,9,Osmia across Virginia,USA,Va.,Clarke,Berryville,39.1496,-77.9849,43433,1,1185,1,Trap Nest,,n,KID,D
,,,.,,larva,no,larval cadaver covered in mites; taurus nest;111;;;,111,1,,A. celerrima,15.4,wood,6,3,8,Osmia across Virginia,USA,Va.,Clarke,Berryville,39.1496,-77.9849,43433,1,1186,1,Trap Nest,,n,KID,D
,,,.,,,,;111;;;,111,NA,,NA,NA,wood,6,3,7,Osmia across Virginia,USA,Va.,Clarke,Berryville,39.1496,-77.9849,43172,1,1187,0,Trap Nest,,n,KID,D
,,,.,,larva,no,larval cadaver covered in mites; taurus nest;111;;;,111,1,,A. aggregata/subcuticularis,15.4,wood,6,3,6,Osmia across Virginia,USA,Va.,Clarke,Berryville,39.1496,-77.9849,43433,1,1188,1,Trap Nest,,n,KID,D
,,,.,,,,;111;;;,111,NA,,NA,NA,wood,6,3,5,Osmia across Virginia,USA,Va.,Clarke,Berryville,39.1496,-77.9849,43172,1,1189,0,Trap Nest,,n,KID,D
,,,.,,larva,no,larval cadaver covered in mites; taurus nest;111;;;,111,1,,A. aggregata/subcuticularis,9,wood,6,3,4,Osmia across Virginia,USA,Va.,Clarke,Berryville,39.1496,-77.9849,43433,1,1190,1,Trap Nest,,n,KID,D
,,,.,,,,;111;;;,111,NA,,NA,NA,wood,6,3,3,Osmia across Virginia,USA,Va.,Clarke,Berryville,39.1496,-77.9849,43172,1,1191,0,Trap Nest,,n,KID,D
,,,.,,,,;111;;;,111,NA,,NA,NA,wood,6,3,2,Osmia across Virginia,USA,Va.,Clarke,Berryville,39.1496,-77.9849,43172,1,1192,0,Trap Nest,,n,KID,D
Hymenoptera-Apiformes,Megachilidae,Osmia,taurus,male,adult,yes,JM;already sampled;111;;;,111,NA,,NA,NA,wood,6,3,1,Osmia across Virginia,USA,Va.,Clarke,Berryville,39.1496,-77.9849,43558,1,1193,0,Trap Nest,,n,KID,D
Hymenoptera-Apiformes,Megachilidae,Osmia,cornifrons,female,adult,yes,JF;112;;;,112,1,,A. fusiformis,55.8,wood,6,2,11,Osmia across Virginia,USA,Va.,Shenandoah,Strasburg,39.0326,-78.3744,43558,1,1194,1,Trap Nest,,n,GSD,A
Hymenoptera-Apiformes,Megachilidae,Osmia,cornifrons,female,adult,yes,JF;112;;;,112,1,,NA,50.2,wood,6,2,10,Osmia across Virginia,USA,Va.,Shenandoah,Strasburg,39.0326,-78.3744,43558,1,1195,0,Trap Nest,,n,GSD,A
Hymenoptera-Apiformes,Megachilidae,Osmia,cornifrons,female,adult,yes,JF;112;;;,112,1,,NA,59.6,wood,6,2,9,Osmia across Virginia,USA,Va.,Shenandoah,Strasburg,39.0326,-78.3744,43558,1,1196,0,Trap Nest,,n,GSD,A
Hymenoptera-Apiformes,Megachilidae,Osmia,cornifrons,male,adult,yes,JM;112;;;,112,1,,NA,39.4,wood,6,2,8,Osmia across Virginia,USA,Va.,Shenandoah,Strasburg,39.0326,-78.3744,43558,1,1197,0,Trap Nest,,n,GSD,A
Hymenoptera-Apiformes,Megachilidae,Osmia,cornifrons,male,adult,yes,jm;112;;;,112,1,,A. fusiformis,39.7,wood,6,2,7,Osmia across Virginia,USA,Va.,Shenandoah,Strasburg,39.0326,-78.3744,43558,1,1198,1,Trap Nest,,n,GSD,A
Hymenoptera-Apiformes,Megachilidae,Osmia,cornifrons,male,adult,yes,JM; crawled over table;112;;,112,NA,,NA,37.9,wood,6,2,6,Osmia across Virginia,USA,Va.,Shenandoah,Strasburg,39.0326,-78.3744,43558,1,1199,0,Trap Nest,,n,GSD,A
Hymenoptera-Apiformes,Megachilidae,Osmia,cornifrons,male,adult,yes,jm;112;;;,112,1,,NA,41.1,wood,6,2,5,Osmia across Virginia,USA,Va.,Shenandoah,Strasburg,39.0326,-78.3744,43558,1,1200,0,Trap Nest,,n,GSD,A
Hymenoptera-Apiformes,Megachilidae,Osmia,cornifrons,male,adult,yes,jm;112;;;,112,1,,A. fusiformis,40,wood,6,2,4,Osmia across Virginia,USA,Va.,Shenandoah,Strasburg,39.0326,-78.3744,43558,1,1201,1,Trap Nest,,n,GSD,A
Hymenoptera-Apiformes,Megachilidae,Osmia,cornifrons,male,adult,yes,JM;112;;;,112,1,,NA,46.8,wood,6,2,3,Osmia across Virginia,USA,Va.,Shenandoah,Strasburg,39.0326,-78.3744,43558,1,1202,0,Trap Nest,,n,GSD,A
Hymenoptera-Apiformes,Megachilidae,Osmia,cornifrons,male,adult,yes,JM;112;;;,112,1,,NA,52,wood,6,2,2,Osmia across Virginia,USA,Va.,Shenandoah,Strasburg,39.0326,-78.3744,43558,1,1203,0,Trap Nest,,n,GSD,A
Hymenoptera-Apiformes,Megachilidae,Osmia,cornifrons,male,adult,yes,JM;112;;;,112,1,,NA,41.5,wood,6,2,1,Osmia across Virginia,USA,Va.,Shenandoah,Strasburg,39.0326,-78.3744,43558,1,1204,0,Trap Nest,,n,GSD,A
,,,.,,,no,fungal debris EXS;113;;;,113,NA,,NA,NA,wood,8,2,11,Osmia across Virginia,USA,Md.,Montgomery,Chevy Chase,39.002806,-77.067297,43447,1,1205,0,Trap Nest,,y,HBE,D
,,,.,,,no,fungal debris EXS;113;;;,113,NA,,NA,NA,wood,8,2,10,Osmia across Virginia,USA,Md.,Montgomery,Chevy Chase,39.002806,-77.067297,43447,1,1206,0,Trap Nest,,y,HBE,D
,,,.,,,no,fungal debris EXS;113;;;,113,NA,,NA,NA,wood,8,2,9,Osmia across Virginia,USA,Md.,Montgomery,Chevy Chase,39.002806,-77.067297,43447,1,1207,0,Trap Nest,,y,HBE,D
,,,.,,larva,no,larval cadaver EXS;113;;;,113,1,,NA,3.6,wood,8,2,8,Osmia across Virginia,USA,Md.,Montgomery,Chevy Chase,39.002806,-77.067297,43447,1,1208,0,Trap Nest,,y,HBE,D
,,,.,,,no,fungal debris EXS;113;;;,113,NA,,NA,NA,wood,8,2,7,Osmia across Virginia,USA,Md.,Montgomery,Chevy Chase,39.002806,-77.067297,43447,1,1209,0,Trap Nest,,y,HBE,D
,,,.,,pupa,no,chalky cadaver EXS; pictures; in cocoon;113;,113,1,,A. naganensis,91,wood,8,2,6,Osmia across Virginia,USA,Md.,Montgomery,Chevy Chase,39.002806,-77.067297,43447,1,1210,1,Trap Nest,,y,HBE,D
,,,.,,adult,no,adult cadaver; not osmia? EXS;113;;,113,1,,NA,6.2,wood,8,2,5,Osmia across Virginia,USA,Md.,Montgomery,Chevy Chase,39.002806,-77.067297,43447,1,1211,0,Trap Nest,,y,HBE,D
,,,.,,,no,fungal debris EXS;113;;;,113,NA,,NA,NA,wood,8,2,4,Osmia across Virginia,USA,Md.,Montgomery,Chevy Chase,39.002806,-77.067297,43447,1,1212,0,Trap Nest,,y,HBE,D
,,,.,,,no,fungal debris EXS;113;;;,113,NA,,NA,NA,wood,8,2,3,Osmia across Virginia,USA,Md.,Montgomery,Chevy Chase,39.002806,-77.067297,43447,1,1213,0,Trap Nest,,y,HBE,D
,,,.,,larva,no,larval cadaver EXS;113;;;,113,1,,A. callicarpa,24,wood,8,2,2,Osmia across Virginia,USA,Md.,Montgomery,Chevy Chase,39.002806,-77.067297,43447,1,1214,1,Trap Nest,,y,HBE,D
,,,.,,larva,no,larval cadaver EXS;113;;;,113,1,,A. fusiformis,15,wood,8,2,1,Osmia across Virginia,USA,Md.,Montgomery,Chevy Chase,39.002806,-77.067297,43447,1,1215,1,Trap Nest,,y,HBE,D
,,,.,,,,already sampled;114;;;,114,NA,,NA,NA,wood,6,3,7,Osmia across Virginia,USA,Va.,Frederick,Cross Junction,39.4344,-78.3129,43173,1,1216,0,Trap Nest,,n,VIH,N
Hymenoptera-Apiformes,Megachilidae,Osmia,taurus,male,adult,yes,JM with pasty powder on abdomen segments and mandibles?;114;;;,114,1,,NA,32.4,wood,6,3,6,Osmia across Virginia,USA,Va.,Frederick,Cross Junction,39.4344,-78.3129,43558,1,1217,0,Trap Nest,,n,VIH,N
Hymenoptera-Apiformes,Megachilidae,Osmia,taurus,male,adult,yes,JM;114;;;,114,1,,NA,49.2,wood,6,3,5,Osmia across Virginia,USA,Va.,Frederick,Cross Junction,39.4344,-78.3129,43558,1,1218,0,Trap Nest,,n,VIH,N
Hymenoptera-Apiformes,Megachilidae,Osmia,taurus,male,adult,yes,JM;114;;;,114,1,,NA,49.1,wood,6,3,4,Osmia across Virginia,USA,Va.,Frederick,Cross Junction,39.4344,-78.3129,43558,1,1219,0,Trap Nest,,n,VIH,N
Hymenoptera-Apiformes,Megachilidae,Osmia,taurus,male,adult,yes,JM;114;;;,114,1,,NA,47.1,wood,6,3,3,Osmia across Virginia,USA,Va.,Frederick,Cross Junction,39.4344,-78.3129,43558,1,1220,0,Trap Nest,,n,VIH,N
Hymenoptera-Apiformes,Megachilidae,Osmia,taurus,male,adult,yes,JM;114;;;,114,1,,NA,52.3,wood,6,3,2,Osmia across Virginia,USA,Va.,Frederick,Cross Junction,39.4344,-78.3129,43558,1,1221,0,Trap Nest,,n,VIH,N
,,,.,,,,already sampled;114;;;,114,NA,,NA,NA,wood,6,3,1,Osmia across Virginia,USA,Va.,Frederick,Cross Junction,39.4344,-78.3129,43173,1,1222,0,Trap Nest,,n,VIH,N
,,,.,,larva,no,larval cadaver? EXS;115;;;,115,1,,NA,10.6,wood,8,2,14,Osmia across Virginia,USA,Va.,Montgomery,Blacksburg,37.2404,-80.4053,43173,1,1223,1,Trap Nest,,n,LTG,N
,,,.,,larva,no,larval cadaver? EXS;115;;;,115,1,,A. proliperda,2.8,wood,8,2,13,Osmia across Virginia,USA,Va.,Montgomery,Blacksburg,37.2404,-80.4053,43173,1,1224,1,Trap Nest,,n,LTG,N
,,,.,,larva,no,chalky larval cadaver EXS; pictures; in cocoon;115;,115,1,,A. fusiformis,15.8,wood,8,2,12,Osmia across Virginia,USA,Va.,Montgomery,Blacksburg,37.2404,-80.4053,43173,1,1225,1,Trap Nest,,n,LTG,N
,,,.,,larva,no,chalky larval cadaver EXS; pictures; in cocoon;115;,115,1,,NA,10.1,wood,8,2,11,Osmia across Virginia,USA,Va.,Montgomery,Blacksburg,37.2404,-80.4053,43173,1,1226,1,Trap Nest,,n,LTG,N
,,,.,,,no,fungal debris EXS;115;;;,115,1,,A. subglobosa,NA,wood,8,2,10,Osmia across Virginia,USA,Va.,Montgomery,Blacksburg,37.2404,-80.4053,43173,1,1227,1,Trap Nest,,n,LTG,N
,,,.,,,no,fungal debris EXS;115;;;,115,NA,,NA,NA,wood,8,2,9,Osmia across Virginia,USA,Va.,Montgomery,Blacksburg,37.2404,-80.4053,43173,1,1228,0,Trap Nest,,n,LTG,N
,,,.,,,no,fungal debris EXS;115;;;,115,NA,,NA,NA,wood,8,2,8,Osmia across Virginia,USA,Va.,Montgomery,Blacksburg,37.2404,-80.4053,43173,1,1229,0,Trap Nest,,n,LTG,N
,,,.,,,no,fungal debris EXS;115;;;,115,NA,,NA,NA,wood,8,2,7,Osmia across Virginia,USA,Va.,Montgomery,Blacksburg,37.2404,-80.4053,43173,1,1230,0,Trap Nest,,n,LTG,N
,,,.,,,no,fungal debris EXS;115;;;,115,NA,,NA,NA,wood,8,2,6,Osmia across Virginia,USA,Va.,Montgomery,Blacksburg,37.2404,-80.4053,43173,1,1231,0,Trap Nest,,n,LTG,N
,,,.,,,no,fungal debris EXS;115;;;,115,NA,,NA,NA,wood,8,2,5,Osmia across Virginia,USA,Va.,Montgomery,Blacksburg,37.2404,-80.4053,43173,1,1232,0,Trap Nest,,n,LTG,N
,,,.,,,no,fungal debris EXS;115;;;,115,1,,A. proliperda,NA,wood,8,2,4,Osmia across Virginia,USA,Va.,Montgomery,Blacksburg,37.2404,-80.4053,43173,1,1233,1,Trap Nest,,n,LTG,N
,,,.,,,no,fungal debris EXS;115;;;,115,NA,,NA,NA,wood,8,2,3,Osmia across Virginia,USA,Va.,Montgomery,Blacksburg,37.2404,-80.4053,43173,1,1234,0,Trap Nest,,n,LTG,N
,,,.,,,no,fungal debris EXS;115;;;,115,1,,NA,NA,wood,8,2,2,Osmia across Virginia,USA,Va.,Montgomery,Blacksburg,37.2404,-80.4053,43173,1,1235,1,Trap Nest,,n,LTG,N
Hymenoptera-Apiformes,Megachilidae,Osmia,taurus,male,adult,yes,JM;115,115,NA,,NA,NA,wood,8,2,1,Osmia across Virginia,USA,Va.,Montgomery,Blacksburg,37.2404,-80.4053,43173,1,1236,0,Trap Nest,,n,LTG,N
,,,.,,,no,fungal debris EXS;116;;;,116,NA,,NA,NA,wood,8,2,12,Osmia across Virginia,USA,Va.,Fairfax,FairfaxStation,38.7812,-77.319,43173,1,1237,0,Trap Nest,,n,TCY,N
,,,.,,,no,fungal debris EXS;116;;;,116,NA,,NA,NA,wood,8,2,11,Osmia across Virginia,USA,Va.,Fairfax,FairfaxStation,38.7812,-77.319,43173,1,1238,0,Trap Nest,,n,TCY,N
,,,.,,,no,fungal debris EXS;116;;;,116,NA,,NA,NA,wood,8,2,10,Osmia across Virginia,USA,Va.,Fairfax,FairfaxStation,38.7812,-77.319,43173,1,1239,0,Trap Nest,,n,TCY,N
,,,.,,,no,fungal debris EXS;116;;;,116,NA,,NA,NA,wood,8,2,9,Osmia across Virginia,USA,Va.,Fairfax,FairfaxStation,38.7812,-77.319,43173,1,1240,0,Trap Nest,,n,TCY,N
,,,.,,,no,fungal debris EXS;116;;;,116,NA,,NA,NA,wood,8,2,8,Osmia across Virginia,USA,Va.,Fairfax,FairfaxStation,38.7812,-77.319,43173,1,1241,0,Trap Nest,,n,TCY,N
,,,.,,,no,fungal debris EXS;116;;;,116,NA,,NA,NA,wood,8,2,7,Osmia across Virginia,USA,Va.,Fairfax,FairfaxStation,38.7812,-77.319,43173,1,1242,0,Trap Nest,,n,TCY,N
Hymenoptera-Apiformes,Megachilidae,Osmia,taurus,male,adult,no,adult cadaver; JM; picture;116;,116,1,,NA,4.8,wood,8,2,6,Osmia across Virginia,USA,Va.,Fairfax,FairfaxStation,38.7812,-77.319,43173,1,1243,0,Trap Nest,,n,TCY,N
Hymenoptera-Apiformes,Megachilidae,Osmia,taurus,male,adult,no,adult cadaver; picture;116;;,116,1,,A. fusiformis,12.4,wood,8,2,5,Osmia across Virginia,USA,Va.,Fairfax,FairfaxStation,38.7812,-77.319,43558,1,1244,1,Trap Nest,,n,TCY,N
,,,.,,pupa,no,pupal cadaver; chalkbrood; EXS; picture;116,116,1,,NA,6.9,wood,8,2,4,Osmia across Virginia,USA,Va.,Fairfax,FairfaxStation,38.7812,-77.319,43173,1,1245,0,Trap Nest,,n,TCY,N
Hymenoptera-Apiformes,Megachilidae,Osmia,taurus,male,adult,no,adult cadaver; JM;116;;,116,1,,NA,11.5,wood,8,2,3,Osmia across Virginia,USA,Va.,Fairfax,FairfaxStation,38.7812,-77.319,43558,1,1246,1,Trap Nest,,n,TCY,N
Hymenoptera-Apiformes,Megachilidae,Osmia,taurus,male,adult,yes,JM; lethargic;116;;,116,1,,NA,32,wood,8,2,2,Osmia across Virginia,USA,Va.,Fairfax,FairfaxStation,38.7812,-77.319,43558,1,1247,0,Trap Nest,,n,TCY,N
,,,.,,,no,fungal debris; empty cocoon;116;;,116,NA,,NA,NA,wood,8,2,1,Osmia across Virginia,USA,Va.,Fairfax,FairfaxStation,38.7812,-77.319,43173,1,1248,0,Trap Nest,,n,TCY,N
,,,.,,,no,fungal debris EXS;117;;;,117,NA,,NA,NA,wood,6,2,9,Osmia across Virginia,USA,Va.,Greene,Stanardsville,38.293871,-78.516525,43447,1,1249,0,Trap Nest,,y,WCH,A
,,,.,,,no,fungal debris EXS;117;;;,117,NA,,NA,NA,wood,6,2,8,Osmia across Virginia,USA,Va.,Greene,Stanardsville,38.293871,-78.516525,43447,1,1250,0,Trap Nest,,y,WCH,A
,,,.,,,no,fungal debris EXS;117;;;,117,NA,,NA,NA,wood,6,2,7,Osmia across Virginia,USA,Va.,Greene,Stanardsville,38.293871,-78.516525,43447,1,1251,0,Trap Nest,,y,WCH,A
,,,.,,,no,fungal debris EXS;117;;;,117,NA,,NA,NA,wood,6,2,6,Osmia across Virginia,USA,Va.,Greene,Stanardsville,38.293871,-78.516525,43447,1,1252,0,Trap Nest,,y,WCH,A
,,,.,,,no,fungal debris EXS; picture;117;;,117,NA,,NA,NA,wood,6,2,5,Osmia across Virginia,USA,Va.,Greene,Stanardsville,38.293871,-78.516525,43447,1,1253,0,Trap Nest,,y,WCH,A
,,,.,,,no,fungal debris EXS;117;;;,117,NA,,NA,NA,wood,6,2,4,Osmia across Virginia,USA,Va.,Greene,Stanardsville,38.293871,-78.516525,43447,1,1254,0,Trap Nest,,y,WCH,A
,,,.,,,no,fungal debris EXS;117;;;,117,NA,,NA,NA,wood,6,2,3,Osmia across Virginia,USA,Va.,Greene,Stanardsville,38.293871,-78.516525,43447,1,1255,0,Trap Nest,,y,WCH,A
,,,.,,,no,fungal debris EXS;117;;;,117,NA,,NA,NA,wood,6,2,2,Osmia across Virginia,USA,Va.,Greene,Stanardsville,38.293871,-78.516525,43447,1,1256,0,Trap Nest,,y,WCH,A
,,,.,,,no,fungal debris EXS;117;;;,117,NA,,NA,NA,wood,6,2,1,Osmia across Virginia,USA,Va.,Greene,Stanardsville,38.293871,-78.516525,43447,1,1257,0,Trap Nest,,y,WCH,A
,,,.,,,no,fungal debris;118;;;,118,NA,,NA,NA,wood,8,2,10,Osmia across Virginia,USA,Va.,Montgomery,Blacksburg,37.2625,-80.3903,43174,1,1258,0,Trap Nest,,n,TYT,A
,,,.,,,no,fungal debris;118;;;,118,NA,,NA,NA,wood,8,2,9,Osmia across Virginia,USA,Va.,Montgomery,Blacksburg,37.2625,-80.3903,43174,1,1259,0,Trap Nest,,n,TYT,A
,,,.,,,no,fungal debris;118;;;,118,NA,,NA,NA,wood,8,2,8,Osmia across Virginia,USA,Va.,Montgomery,Blacksburg,37.2625,-80.3903,43174,1,1260,0,Trap Nest,,n,TYT,A
,,,.,,,no,fungal (?) debris EXS;118;;;,118,NA,,NA,NA,wood,8,2,7,Osmia across Virginia,USA,Va.,Montgomery,Blacksburg,37.2625,-80.3903,43174,1,1261,0,Trap Nest,,n,TYT,A
Hymenoptera-Apiformes,Megachilidae,Osmia,taurus,male,adult,yes,JM;118;;;,118,1,,NA,39.7,wood,8,2,6,Osmia across Virginia,USA,Va.,Montgomery,Blacksburg,37.2625,-80.3903,43558,1,1262,1,Trap Nest,,n,TYT,A
Hymenoptera-Apiformes,Megachilidae,Osmia,taurus,male,adult,yes,JM;118;;;,118,1,,NA,41.7,wood,8,2,5,Osmia across Virginia,USA,Va.,Montgomery,Blacksburg,37.2625,-80.3903,43558,1,1263,0,Trap Nest,,n,TYT,A
Hymenoptera-Apiformes,Megachilidae,Osmia,taurus,male,adult,yes,JM;118;;;,118,1,,A. fusiformis,42.6,wood,8,2,4,Osmia across Virginia,USA,Va.,Montgomery,Blacksburg,37.2625,-80.3903,43558,1,1264,1,Trap Nest,,n,TYT,A
Hymenoptera-Apiformes,Megachilidae,Osmia,taurus,male,adult,yes,JM;118;;;,118,1,,A. fusiformis,39.9,wood,8,2,3,Osmia across Virginia,USA,Va.,Montgomery,Blacksburg,37.2625,-80.3903,43558,1,1265,1,Trap Nest,,n,TYT,A
,,,.,,,no,pollen;118;;;,118,NA,,NA,NA,wood,8,2,2,Osmia across Virginia,USA,Va.,Montgomery,Blacksburg,37.2625,-80.3903,43174,1,1266,0,Trap Nest,,n,TYT,A
,,,.,,,no,pollen;118;;;,118,NA,,NA,NA,wood,8,2,1,Osmia across Virginia,USA,Va.,Montgomery,Blacksburg,37.2625,-80.3903,43174,1,1267,0,Trap Nest,,n,TYT,A
Hymenoptera-Apiformes,Megachilidae,Osmia,taurus,male,adult,yes,JM;119;;;,119,1,,A. fusiformis,53.1,wood,8,2,7,Osmia across Virginia,USA,Va.,Clarke,White Post,39.059141,-78.117788,43558,1,1268,1,Trap Nest,,y,TMH,A
Hymenoptera-Apiformes,Megachilidae,Osmia,taurus,female,adult,yes,JF;119;;;,119,1,,NA,79.2,wood,8,2,6,Osmia across Virginia,USA,Va.,Clarke,White Post,39.059141,-78.117788,43558,1,1269,0,Trap Nest,,y,TMH,A
Hymenoptera-Apiformes,Megachilidae,Osmia,taurus,female,adult,yes,JF lethargic;119;;;,119,1,,NA,74.9,wood,8,2,5,Osmia across Virginia,USA,Va.,Clarke,White Post,39.059141,-78.117788,43558,1,1270,0,Trap Nest,,y,TMH,A
,,,.,,,no,pollen mass;119;;;,119,NA,,NA,NA,wood,8,2,4,Osmia across Virginia,USA,Va.,Clarke,White Post,39.059141,-78.117788,43447,1,1271,0,Trap Nest,,y,TMH,A
Hymenoptera-Apiformes,Megachilidae,Osmia,taurus,female,adult,yes,JF;119;;;,119,1,,NA,72.2,wood,8,2,3,Osmia across Virginia,USA,Va.,Clarke,White Post,39.059141,-78.117788,43558,1,1272,0,Trap Nest,,y,TMH,A
Hymenoptera-Apiformes,Megachilidae,Osmia,taurus,male,adult,yes,JM;119;;;,119,1,,NA,72.3,wood,8,2,2,Osmia across Virginia,USA,Va.,Clarke,White Post,39.059141,-78.117788,43558,1,1273,0,Trap Nest,,y,TMH,A
Hymenoptera-Apiformes,Megachilidae,Osmia,taurus,male,adult,yes,JM;119;;;,119,1,,NA,53.6,wood,8,2,1,Osmia across Virginia,USA,Va.,Clarke,White Post,39.059141,-78.117788,43558,1,1274,0,Trap Nest,,y,TMH,A
,,,.,,,no,pollen debris;120;;;,120,NA,,NA,NA,wood,6,3,12,Osmia across Virginia,USA,Va., ,Winchester,39.1854,-78.1709,43174,1,1275,0,Trap Nest,,n,HMH,D
,,,.,,,no,pollen debris;120;;;,120,NA,,NA,NA,wood,6,3,11,Osmia across Virginia,USA,Va., ,Winchester,39.1854,-78.1709,43174,1,1276,0,Trap Nest,,n,HMH,D
,,,.,,,,;120;;;,120,NA,,NA,NA,wood,6,3,10,Osmia across Virginia,USA,Va., ,Winchester,39.1854,-78.1709,43174,1,1277,0,Trap Nest,,n,HMH,D
Hymenoptera-Apiformes,Megachilidae,Osmia,cornifrons,female,adult,yes,JF;120;;;,120,1,,NA,NA,wood,6,3,9,Osmia across Virginia,USA,Va., ,Winchester,39.1854,-78.1709,43558,1,1278,0,Trap Nest,,n,HMH,D
Hymenoptera-Apiformes,Megachilidae,Osmia,cornifrons,female,adult,yes,JF;120;;;,120,1,,A. naganensis,67.8,wood,6,3,8,Osmia across Virginia,USA,Va., ,Winchester,39.1854,-78.1709,43558,1,1279,1,Trap Nest,,n,HMH,D
Hymenoptera-Apiformes,Megachilidae,Osmia,cornifrons,male,adult,yes,JM;120;;;,120,1,,A. fusiformis,54.1,wood,6,3,7,Osmia across Virginia,USA,Va., ,Winchester,39.1854,-78.1709,43558,1,1280,1,Trap Nest,,n,HMH,D
Hymenoptera-Apiformes,Megachilidae,Osmia,cornifrons,male,adult,yes,JM;120;;;,120,1,,NA,47.2,wood,6,3,6,Osmia across Virginia,USA,Va., ,Winchester,39.1854,-78.1709,43558,1,1281,0,Trap Nest,,n,HMH,D
Hymenoptera-Apiformes,Megachilidae,Osmia,cornifrons,male,adult,yes,JM;120;;;,120,1,,NA,39.5,wood,6,3,5,Osmia across Virginia,USA,Va., ,Winchester,39.1854,-78.1709,43558,1,1282,0,Trap Nest,,n,HMH,D
Hymenoptera-Apiformes,Megachilidae,Osmia,cornifrons,male,adult,yes,JM;120;;;,120,1,,NA,47,wood,6,3,4,Osmia across Virginia,USA,Va., ,Winchester,39.1854,-78.1709,43558,1,1283,0,Trap Nest,,n,HMH,D
Hymenoptera-Apiformes,Megachilidae,Osmia,cornifrons,male,adult,yes,JM;120;;;,120,1,,NA,43.1,wood,6,3,3,Osmia across Virginia,USA,Va., ,Winchester,39.1854,-78.1709,43558,1,1284,0,Trap Nest,,n,HMH,D
Hymenoptera-Apiformes,Megachilidae,Osmia,cornifrons,male,adult,yes,JM;120;;;,120,1,,NA,37.3,wood,6,3,2,Osmia across Virginia,USA,Va., ,Winchester,39.1854,-78.1709,43558,1,1285,0,Trap Nest,,n,HMH,D
Hymenoptera-Apiformes,Megachilidae,Osmia,cornifrons,male,adult,yes,JM; crawled over table;120;;,120,NA,,NA,37.9,wood,6,3,1,Osmia across Virginia,USA,Va., ,Winchester,39.1854,-78.1709,43174,1,1286,0,Trap Nest,,n,HMH,D
Hymenoptera-Apiformes,Megachilidae,Osmia,taurus,male,adult,yes,JM;121;;;,121,1,,A. fusiformis,30.6,wood,6,2,9,Osmia across Virginia,USA,Va., ,Winchester,39.1607,-78.2175,43558,1,1287,1,Trap Nest,,n,OLS,A
Hymenoptera-Apiformes,Megachilidae,Osmia,taurus,male,adult,yes,JM;121;;;,121,1,,NA,49.3,wood,6,2,8,Osmia across Virginia,USA,Va., ,Winchester,39.1607,-78.2175,43558,1,1288,0,Trap Nest,,n,OLS,A
Hymenoptera-Apiformes,Megachilidae,Osmia,taurus,male,adult,yes,JM;121;;;,121,1,,NA,42.1,wood,6,2,7,Osmia across Virginia,USA,Va., ,Winchester,39.1607,-78.2175,43558,1,1289,0,Trap Nest,,n,OLS,A
Hymenoptera-Apiformes,Megachilidae,Osmia,taurus,male,adult,yes,JM;121;;;,121,1,,NA,48,wood,6,2,6,Osmia across Virginia,USA,Va., ,Winchester,39.1607,-78.2175,43558,1,1290,0,Trap Nest,,n,OLS,A
Hymenoptera-Apiformes,Megachilidae,Osmia,taurus,male,adult,yes,JM;121;;;,121,NA,,NA,34.8,wood,6,2,5,Osmia across Virginia,USA,Va., ,Winchester,39.1607,-78.2175,43558,1,1291,0,Trap Nest,,n,OLS,A
Hymenoptera-Apiformes,Megachilidae,Osmia,taurus,male,adult,no,adult cadaver; JM;121;;,121,1,,NA,12.3,wood,6,2,4,Osmia across Virginia,USA,Va., ,Winchester,39.1607,-78.2175,43558,1,1292,0,Trap Nest,,n,OLS,A
Hymenoptera-Apiformes,Megachilidae,Osmia,taurus,,larva,no,larval cadaver EXS;121;;; taurus nest,121,1,,NA,NA,wood,6,2,3,Osmia across Virginia,USA,Va., ,Winchester,39.1607,-78.2175,43558,1,1293,0,Trap Nest,,n,OLS,A
Hymenoptera-Apiformes,Megachilidae,Osmia,taurus,male,adult,no,adult cadaver; JM;121;;,121,1,,NA,8.7,wood,6,2,2,Osmia across Virginia,USA,Va., ,Winchester,39.1607,-78.2175,43558,1,1294,0,Trap Nest,,n,OLS,A
Hymenoptera-Apiformes,Megachilidae,Osmia,taurus,male,adult,yes,JM;121;;;,121,1,,NA,24.6,wood,6,2,1,Osmia across Virginia,USA,Va., ,Winchester,39.1607,-78.2175,43558,1,1295,0,Trap Nest,,n,OLS,A
,,,.,,,no,fungal debris;99;;;,99,NA,,NA,NA,wood,8,3,2,Osmia across Virginia,USA,Va.,Frederick,Cross Junction,39.4344,-78.3129,43177,1,1298,0,Trap Nest,,n,VIH,N
,,,.,,,no,fungal debris;99;;;,99,NA,,NA,NA,wood,8,3,1,Osmia across Virginia,USA,Va.,Frederick,Cross Junction,39.4344,-78.3129,43177,1,1299,0,Trap Nest,,n,VIH,N
Hymenoptera-Apiformes,Megachilidae,Osmia,taurus,male,adult,yes,already sampled (JM);122;;;,122,NA,,NA,NA,wood,6,2,9,Osmia across Virginia,USA,Va.,Westmoreland,Montross,38.103348,-76.665496,43447,1,1300,0,Trap Nest,,y,BWB,N
Hymenoptera-Apiformes,Megachilidae,Osmia,taurus,male,adult,yes,JM (got on desk);122;;;,122,NA,,NA,45.5,wood,6,2,8,Osmia across Virginia,USA,Va.,Westmoreland,Montross,38.103348,-76.665496,43558,1,1301,0,Trap Nest,,y,BWB,N
,,,.,,,no,pollen mass;122;;;,122,NA,,NA,NA,wood,6,2,7,Osmia across Virginia,USA,Va.,Westmoreland,Montross,38.103348,-76.665496,43447,1,1302,0,Trap Nest,,y,BWB,N
Hymenoptera-Apiformes,Megachilidae,Osmia,taurus,male,adult,yes,jm;122;;;,122,1,,NA,43.1,wood,6,2,6,Osmia across Virginia,USA,Va.,Westmoreland,Montross,38.103348,-76.665496,43558,1,1303,0,Trap Nest,,y,BWB,N
,,,.,,,no,pollen mass;122;;;,122,NA,,NA,NA,wood,6,2,5,Osmia across Virginia,USA,Va.,Westmoreland,Montross,38.103348,-76.665496,43447,1,1304,0,Trap Nest,,y,BWB,N
Hymenoptera-Apiformes,Megachilidae,Osmia,taurus,male,adult,yes,JM;122;;;,122,1,,NA,47.3,wood,6,2,4,Osmia across Virginia,USA,Va.,Westmoreland,Montross,38.103348,-76.665496,43558,1,1305,0,Trap Nest,,y,BWB,N
Hymenoptera-Apiformes,Megachilidae,Osmia,taurus,male,adult,yes,JM;122;;;,122,1,,NA,42,wood,6,2,3,Osmia across Virginia,USA,Va.,Westmoreland,Montross,38.103348,-76.665496,43558,1,1306,0,Trap Nest,,y,BWB,N
Hymenoptera-Apiformes,Megachilidae,Osmia,taurus,male,adult,yes,JM;122;;;,122,1,,NA,46.2,wood,6,2,2,Osmia across Virginia,USA,Va.,Westmoreland,Montross,38.103348,-76.665496,43558,1,1307,0,Trap Nest,,y,BWB,N
Hymenoptera-Apiformes,Megachilidae,Osmia,taurus,male,adult,yes,already sampled (JM);122;;;,122,NA,,NA,NA,wood,6,2,1,Osmia across Virginia,USA,Va.,Westmoreland,Montross,38.103348,-76.665496,43447,1,1308,0,Trap Nest,,y,BWB,N
,,,.,,,,;123;;;,123,NA,,NA,NA,wood,6,3,8,Osmia across Virginia,USA,Va.,Albemarle,Charlottesville,38.0568,-78.6615,43179,1,1309,0,Trap Nest,,n,CTM,N
Hymenoptera-Apiformes,Megachilidae,Osmia,taurus,male,adult,yes,JM;123;;;,123,1,,NA,52.9,wood,6,3,7,Osmia across Virginia,USA,Va.,Albemarle,Charlottesville,38.0568,-78.6615,43558,1,1310,0,Trap Nest,,n,CTM,N
Hymenoptera-Apiformes,Megachilidae,Osmia,taurus,female,adult,yes,already sampled (JF);123;;;,123,NA,,NA,NA,wood,6,3,6,Osmia across Virginia,USA,Va.,Albemarle,Charlottesville,38.0568,-78.6615,43558,1,1311,0,Trap Nest,,n,CTM,N
Hymenoptera-Apiformes,Megachilidae,Osmia,taurus,male,adult,yes,JM;123;;;,123,1,,NA,59.7,wood,6,3,5,Osmia across Virginia,USA,Va.,Albemarle,Charlottesville,38.0568,-78.6615,43558,1,1312,0,Trap Nest,,n,CTM,N
Hymenoptera-Apiformes,Megachilidae,Osmia,taurus,male,adult,yes,JM;123;;;,123,1,,NA,48.6,wood,6,3,4,Osmia across Virginia,USA,Va.,Albemarle,Charlottesville,38.0568,-78.6615,43558,1,1313,0,Trap Nest,,n,CTM,N
Hymenoptera-Apiformes,Megachilidae,Osmia,taurus,male,adult,yes,dropped cocoon on ground; JM;123;;;,123,NA,,NA,53.4,wood,6,3,3,Osmia across Virginia,USA,Va.,Albemarle,Charlottesville,38.0568,-78.6615,43558,1,1314,0,Trap Nest,,n,CTM,N
Hymenoptera-Apiformes,Megachilidae,Osmia,taurus,male,adult,yes,JM;123;;;,123,1,,NA,48.2,wood,6,3,2,Osmia across Virginia,USA,Va.,Albemarle,Charlottesville,38.0568,-78.6615,43558,1,1315,1,Trap Nest,,n,CTM,N
Hymenoptera-Apiformes,Megachilidae,Osmia,taurus,male,adult,yes,already sampled (JM);123;;;,123,NA,,NA,NA,wood,6,3,1,Osmia across Virginia,USA,Va.,Albemarle,Charlottesville,38.0568,-78.6615,43179,1,1316,0,Trap Nest,,n,CTM,N
,,,cornifrons,,,,already sampled (wasp);124;;;,124,NA,,NA,NA,wood,6,3,7,Osmia across Virginia,USA,Va.,Shenandoah,Maurertown,38.935833,-78.516111,43447,1,1317,0,Trap Nest,,y,SGN,A
Hymenoptera-Apiformes,Megachilidae,Osmia,cornifrons,female,adult,yes,JF;124;;;,124,1,,A. naganensis,72.9,wood,6,3,6,Osmia across Virginia,USA,Va.,Shenandoah,Maurertown,38.935833,-78.516111,43558,1,1318,1,Trap Nest,,y,SGN,A
,,,cornifrons,,,,chrysidid wasp; cornifrons nest;124;;;,124,1,,A. naganensis,45.5,wood,6,3,5,Osmia across Virginia,USA,Va.,Shenandoah,Maurertown,38.935833,-78.516111,43447,1,1319,1,Trap Nest,,y,SGN,A
Hymenoptera-Apiformes,Megachilidae,Osmia,cornifrons,female,adult,yes,JF;124;;;,124,1,,NA,66.9,wood,6,3,4,Osmia across Virginia,USA,Va.,Shenandoah,Maurertown,38.935833,-78.516111,43558,1,1320,0,Trap Nest,,y,SGN,A
,,,cornifrons,,,,chrysidid wasp?;124;;;,124,1,,NA,26.9,wood,6,3,3,Osmia across Virginia,USA,Va.,Shenandoah,Maurertown,38.935833,-78.516111,43447,1,1321,0,Trap Nest,,y,SGN,A
Hymenoptera-Apiformes,Megachilidae,Osmia,cornifrons,male,adult,yes,JM;124;;;,124,1,,NA,38.6,wood,6,3,2,Osmia across Virginia,USA,Va.,Shenandoah,Maurertown,38.935833,-78.516111,43558,1,1322,0,Trap Nest,,y,SGN,A
Hymenoptera-Apiformes,Megachilidae,Osmia,cornifrons,male,adult,yes,already sampled (JM);124;;;,124,NA,,NA,NA,wood,6,3,1,Osmia across Virginia,USA,Va.,Shenandoah,Maurertown,38.935833,-78.516111,43447,1,1323,0,Trap Nest,,y,SGN,A
,,,.,,,no,detritus; pollen;126;;,126,NA,,NA,NA,wood,6,3,11,Osmia across Virginia,USA,Va.,Clarke,Bluemont,39.1292,-77.8604,43179,1,1336,0,Trap Nest,,n,TVS,N
,,,.,,,no,detritus; pollen;126;;,126,NA,,NA,NA,wood,6,3,10,Osmia across Virginia,USA,Va.,Clarke,Bluemont,39.1292,-77.8604,43179,1,1337,0,Trap Nest,,n,TVS,N
,,,.,,,no,detritus; pollen;126;;,126,NA,,NA,NA,wood,6,3,9,Osmia across Virginia,USA,Va.,Clarke,Bluemont,39.1292,-77.8604,43179,1,1338,0,Trap Nest,,n,TVS,N
,,,.,,,no,detritus; pollen;126;;,126,NA,,NA,NA,wood,6,3,8,Osmia across Virginia,USA,Va.,Clarke,Bluemont,39.1292,-77.8604,43179,1,1339,0,Trap Nest,,n,TVS,N
,,,.,,,no,detritus; pollen;126;;,126,NA,,NA,NA,wood,6,3,7,Osmia across Virginia,USA,Va.,Clarke,Bluemont,39.1292,-77.8604,43179,1,1340,0,Trap Nest,,n,TVS,N
,,,.,,,no,detritus; pollen;126;;,126,NA,,NA,NA,wood,6,3,6,Osmia across Virginia,USA,Va.,Clarke,Bluemont,39.1292,-77.8604,43179,1,1341,0,Trap Nest,,n,TVS,N
,,,.,,,no,detritus; pollen;126;;,126,NA,,NA,NA,wood,6,3,5,Osmia across Virginia,USA,Va.,Clarke,Bluemont,39.1292,-77.8604,43179,1,1342,0,Trap Nest,,n,TVS,N
,,,.,,,no,detritus; pollen;126;;,126,NA,,NA,NA,wood,6,3,4,Osmia across Virginia,USA,Va.,Clarke,Bluemont,39.1292,-77.8604,43179,1,1343,0,Trap Nest,,n,TVS,N
,,,.,,,no,detritus; pollen;126;;,126,NA,,NA,NA,wood,6,3,3,Osmia across Virginia,USA,Va.,Clarke,Bluemont,39.1292,-77.8604,43179,1,1344,0,Trap Nest,,n,TVS,N
,,,.,,,no,detritus; pollen;126;;,126,NA,,NA,NA,wood,6,3,2,Osmia across Virginia,USA,Va.,Clarke,Bluemont,39.1292,-77.8604,43179,1,1345,0,Trap Nest,,n,TVS,N
,,,.,,,,;126;;;,126,NA,,NA,NA,wood,6,3,1,Osmia across Virginia,USA,Va.,Clarke,Bluemont,39.1292,-77.8604,43179,1,1346,0,Trap Nest,,n,TVS,N
Hymenoptera-Apiformes,Megachilidae,Osmia,taurus,male,adult,yes,JM;127;;;,127,1,,NA,22.8,wood,6,2,8,Osmia across Virginia,USA,Va., ,Charlottesville,38.0216,-78.4906,43558,1,1347,0,Trap Nest,,n,LJS,D
,,,.,,,no,pollen mass;127;;;,127,NA,,NA,NA,wood,6,2,7,Osmia across Virginia,USA,Va., ,Charlottesville,38.0216,-78.4906,43179,1,1348,0,Trap Nest,,n,LJS,D
,,,.,,,no,pollen mass;127;;;,127,NA,,NA,NA,wood,6,2,6,Osmia across Virginia,USA,Va., ,Charlottesville,38.0216,-78.4906,43179,1,1349,0,Trap Nest,,n,LJS,D
Hymenoptera-Apiformes,Megachilidae,Osmia,taurus,male,adult,yes,JM;127;;;,127,1,,NA,38.8,wood,6,2,5,Osmia across Virginia,USA,Va., ,Charlottesville,38.0216,-78.4906,43558,1,1350,0,Trap Nest,,n,LJS,D
Hymenoptera-Apiformes,Megachilidae,Osmia,taurus,male,adult,yes,JM;127;;;,127,1,,NA,24.6,wood,6,2,4,Osmia across Virginia,USA,Va., ,Charlottesville,38.0216,-78.4906,43558,1,1351,0,Trap Nest,,n,LJS,D
,,,.,,pupa,no,soft cocoon; pupal cadaver; pictures;127;,127,1,,NA,10.2,wood,6,2,3,Osmia across Virginia,USA,Va., ,Charlottesville,38.0216,-78.4906,43179,1,1352,0,Trap Nest,,n,LJS,D
Hymenoptera-Apiformes,Megachilidae,Osmia,taurus,male,adult,yes,JM;127;;;,127,1,,NA,23.4,wood,6,2,2,Osmia across Virginia,USA,Va., ,Charlottesville,38.0216,-78.4906,43558,1,1353,0,Trap Nest,,n,LJS,D
Hymenoptera-Apiformes,Megachilidae,Osmia,taurus,male,adult,yes,JM;127;;;,127,1,,NA,31.8,wood,6,2,1,Osmia across Virginia,USA,Va., ,Charlottesville,38.0216,-78.4906,43558,1,1354,0,Trap Nest,,n,LJS,D
,,,.,,,,;128;;;,128,NA,,NA,NA,wood,8,3,12,Osmia across Virginia,USA,Va.,Shenandoah,Maurertown,38.935833,-78.516111,43447,1,1355,0,Trap Nest,,y,SGN,A
,,,.,,,,;128;;;,128,NA,,NA,NA,wood,8,3,11,Osmia across Virginia,USA,Va.,Shenandoah,Maurertown,38.935833,-78.516111,43447,1,1356,0,Trap Nest,,y,SGN,A
,,,.,,,,;128;;;,128,NA,,NA,NA,wood,8,3,10,Osmia across Virginia,USA,Va.,Shenandoah,Maurertown,38.935833,-78.516111,43447,1,1357,0,Trap Nest,,y,SGN,A
,,,.,,,,;128;;;,128,NA,,NA,NA,wood,8,3,9,Osmia across Virginia,USA,Va.,Shenandoah,Maurertown,38.935833,-78.516111,43447,1,1358,0,Trap Nest,,y,SGN,A
,,,.,,,,;128;;;,128,NA,,NA,NA,wood,8,3,8,Osmia across Virginia,USA,Va.,Shenandoah,Maurertown,38.935833,-78.516111,43447,1,1359,0,Trap Nest,,y,SGN,A
Hymenoptera-Apiformes,Megachilidae,Osmia,taurus,male,adult,yes,JM;128;;;,128,1,,NA,40.6,wood,8,3,7,Osmia across Virginia,USA,Va.,Shenandoah,Maurertown,38.935833,-78.516111,43558,1,1360,0,Trap Nest,,y,SGN,A
Hymenoptera-Apiformes,Megachilidae,Osmia,taurus,male,adult,yes,JM;128;;;,128,1,,NA,37.6,wood,8,3,6,Osmia across Virginia,USA,Va.,Shenandoah,Maurertown,38.935833,-78.516111,43558,1,1361,0,Trap Nest,,y,SGN,A
Hymenoptera-Apiformes,Megachilidae,Osmia,taurus,male,adult,yes,JM;128;;;,128,1,,NA,38.4,wood,8,3,5,Osmia across Virginia,USA,Va.,Shenandoah,Maurertown,38.935833,-78.516111,43558,1,1362,0,Trap Nest,,y,SGN,A
Hymenoptera-Apiformes,Megachilidae,Osmia,taurus,male,adult,yes,JM;128;;;,128,1,,NA,35.4,wood,8,3,4,Osmia across Virginia,USA,Va.,Shenandoah,Maurertown,38.935833,-78.516111,43558,1,1363,0,Trap Nest,,y,SGN,A
Hymenoptera-Apiformes,Megachilidae,Osmia,taurus,male,adult,yes,JM; active;128;;,128,1,,A. naganensis,39.6,wood,8,3,3,Osmia across Virginia,USA,Va.,Shenandoah,Maurertown,38.935833,-78.516111,43558,1,1364,1,Trap Nest,,y,SGN,A
Hymenoptera-Apiformes,Megachilidae,Osmia,taurus,male,adult,yes,JM;128;;;,128,1,,NA,38.6,wood,8,3,2,Osmia across Virginia,USA,Va.,Shenandoah,Maurertown,38.935833,-78.516111,43558,1,1365,1,Trap Nest,,y,SGN,A
Hymenoptera-Apiformes,Megachilidae,Osmia,taurus,male,adult,yes,already sampled (JM);128;;;,128,NA,,NA,NA,wood,8,3,1,Osmia across Virginia,USA,Va.,Shenandoah,Maurertown,38.935833,-78.516111,43447,1,1366,0,Trap Nest,,y,SGN,A
,,,.,,,,fungal detritus;130;;;,130,NA,,NA,NA,wood,6,1,7,Osmia across Virginia,USA,Va.,Henry,Bassett,36.763656,-79.967006,43447,1,1378,0,Trap Nest,,y,NSD,N
,,,.,,,,fungal detritus;130;;;,130,NA,,NA,NA,wood,6,1,6,Osmia across Virginia,USA,Va.,Henry,Bassett,36.763656,-79.967006,43447,1,1379,0,Trap Nest,,y,NSD,N
,,,.,,,,fungal detritus;130;;;,130,1,,A. subglobosa,NA,wood,6,1,5,Osmia across Virginia,USA,Va.,Henry,Bassett,36.763656,-79.967006,43447,1,1380,1,Trap Nest,,y,NSD,N
,,,.,,,,fungal detritus;130;;;,130,NA,,NA,NA,wood,6,1,4,Osmia across Virginia,USA,Va.,Henry,Bassett,36.763656,-79.967006,43447,1,1381,0,Trap Nest,,y,NSD,N
,,,.,,,,fungal detritus;130;;;,130,1,,NA,NA,wood,6,1,3,Osmia across Virginia,USA,Va.,Henry,Bassett,36.763656,-79.967006,43447,1,1382,1,Trap Nest,,y,NSD,N
,,,.,,,,fungal detritus;130;;;,130,NA,,NA,NA,wood,6,1,2,Osmia across Virginia,USA,Va.,Henry,Bassett,36.763656,-79.967006,43447,1,1383,0,Trap Nest,,y,NSD,N
,,,.,,,,fungal detritus;130;;;,130,NA,,NA,NA,wood,6,1,1,Osmia across Virginia,USA,Va.,Henry,Bassett,36.763656,-79.967006,43447,1,1384,0,Trap Nest,,y,NSD,N
Hymenoptera-Apiformes,Megachilidae,Osmia,taurus,male,adult,yes,JM;131;;;,131,1,,NA,24.5,wood,6,1,8,Osmia across Virginia,USA,Va.,Fairfax,FairfaxStation,38.7812,-77.319,43558,1,1385,0,Trap Nest,,n,TCY,N
Hymenoptera-Apiformes,Megachilidae,Osmia,taurus,male,adult,yes,JM;131;;;,131,1,,A. fusiformis,24.3,wood,6,1,7,Osmia across Virginia,USA,Va.,Fairfax,FairfaxStation,38.7812,-77.319,43558,1,1386,1,Trap Nest,,n,TCY,N
Hymenoptera-Apiformes,Megachilidae,Osmia,taurus,male,adult,yes,JM;131;;;,131,1,,NA,32.8,wood,6,1,6,Osmia across Virginia,USA,Va.,Fairfax,FairfaxStation,38.7812,-77.319,43558,1,1387,0,Trap Nest,,n,TCY,N
Hymenoptera-Apiformes,Megachilidae,Osmia,taurus,male,adult,yes,Jm;131;;;,131,1,,NA,46,wood,6,1,5,Osmia across Virginia,USA,Va.,Fairfax,FairfaxStation,38.7812,-77.319,43558,1,1388,0,Trap Nest,,n,TCY,N
Hymenoptera-Apiformes,Megachilidae,Osmia,taurus,male,adult,yes,JM;131;;;,131,1,,NA,58,wood,6,1,4,Osmia across Virginia,USA,Va.,Fairfax,FairfaxStation,38.7812,-77.319,43558,1,1389,0,Trap Nest,,n,TCY,N
,,,.,,pupa,no,pupal cadaver (chalkbrood?);131;;;,131,1,,NA,49.1,wood,6,1,3,Osmia across Virginia,USA,Va.,Fairfax,FairfaxStation,38.7812,-77.319,43181,1,1390,0,Trap Nest,,n,TCY,N
Hymenoptera-Apiformes,Megachilidae,Osmia,taurus,male,adult,yes,JM;131;;;,131,1,,NA,61.8,wood,6,1,2,Osmia across Virginia,USA,Va.,Fairfax,FairfaxStation,38.7812,-77.319,43558,1,1391,0,Trap Nest,,n,TCY,N
,,,.,,larva,no,larval cadaver chalkbrood?;131;;;,131,1,,NA,44,wood,6,1,1,Osmia across Virginia,USA,Va.,Fairfax,FairfaxStation,38.7812,-77.319,43181,1,1392,0,Trap Nest,,n,TCY,N
,,,.,,,,delete from db - not a cell;133;;;,133,NA,,NA,NA,wood,8,1,13,Osmia across Virginia,USA,Va.,Fairfax,Fairfax,38.8051,-77.3065,43181,1,1403,0,Trap Nest,,n,MOL,D
Hymenoptera-Apiformes,Megachilidae,Osmia,cornifrons,female,adult,yes,JF; diabolical;133;;;,133,1,,NA,66.6,wood,8,1,12,Osmia across Virginia,USA,Va.,Fairfax,Fairfax,38.8051,-77.3065,43558,1,1404,0,Trap Nest,,n,MOL,D
Hymenoptera-Apiformes,Megachilidae,Osmia,cornifrons,female,adult,yes,JF;133;;;,133,1,,NA,69.8,wood,8,1,11,Osmia across Virginia,USA,Va.,Fairfax,Fairfax,38.8051,-77.3065,43558,1,1405,1,Trap Nest,,n,MOL,D
Hymenoptera-Apiformes,Megachilidae,Osmia,cornifrons,female,adult,yes,JF;133;;;,133,1,,NA,48.9,wood,8,1,10,Osmia across Virginia,USA,Va.,Fairfax,Fairfax,38.8051,-77.3065,43558,1,1406,0,Trap Nest,,n,MOL,D
Hymenoptera-Apiformes,Megachilidae,Osmia,cornifrons,female,adult,yes,JF;133;;;,133,1,,A. fusiformis,68.5,wood,8,1,9,Osmia across Virginia,USA,Va.,Fairfax,Fairfax,38.8051,-77.3065,43558,1,1407,1,Trap Nest,,n,MOL,D
Hymenoptera-Apiformes,Megachilidae,Osmia,cornifrons,female,adult,yes,JF;133;;;,133,1,,A. naganensis,79.4,wood,8,1,8,Osmia across Virginia,USA,Va.,Fairfax,Fairfax,38.8051,-77.3065,43558,1,1408,1,Trap Nest,,n,MOL,D
Hymenoptera-Apiformes,Megachilidae,Osmia,cornifrons,female,adult,yes,JF;133;;;,133,1,,NA,71.8,wood,8,1,7,Osmia across Virginia,USA,Va.,Fairfax,Fairfax,38.8051,-77.3065,43558,1,1409,0,Trap Nest,,n,MOL,D
Hymenoptera-Apiformes,Megachilidae,Osmia,cornifrons,female,adult,yes,JF;133;;;,133,1,,A. fusiformis,57.3,wood,8,1,6,Osmia across Virginia,USA,Va.,Fairfax,Fairfax,38.8051,-77.3065,43558,1,1410,1,Trap Nest,,n,MOL,D
Hymenoptera-Apiformes,Megachilidae,Osmia,cornifrons,male,adult,yes,JM;133;;;,133,1,,NA,38.4,wood,8,1,5,Osmia across Virginia,USA,Va.,Fairfax,Fairfax,38.8051,-77.3065,43558,1,1411,0,Trap Nest,,n,MOL,D
Hymenoptera-Apiformes,Megachilidae,Osmia,cornifrons,male,adult,yes,JM;133;;;,133,1,,NA,30.7,wood,8,1,4,Osmia across Virginia,USA,Va.,Fairfax,Fairfax,38.8051,-77.3065,43558,1,1412,0,Trap Nest,,n,MOL,D
Hymenoptera-Apiformes,Megachilidae,Osmia,cornifrons,male,adult,yes,JM;133;;;,133,1,,NA,33.6,wood,8,1,3,Osmia across Virginia,USA,Va.,Fairfax,Fairfax,38.8051,-77.3065,43558,1,1413,0,Trap Nest,,n,MOL,D
Hymenoptera-Apiformes,Megachilidae,Osmia,cornifrons,male,adult,yes,JM (crawled on desk);133;;;,133,NA,,NA,35.2,wood,8,1,2,Osmia across Virginia,USA,Va.,Fairfax,Fairfax,38.8051,-77.3065,43558,1,1414,0,Trap Nest,,n,MOL,D
Hymenoptera-Apiformes,Megachilidae,Osmia,cornifrons,male,adult,yes,JM;133;;;,133,1,,NA,37.7,wood,8,1,1,Osmia across Virginia,USA,Va.,Fairfax,Fairfax,38.8051,-77.3065,43558,1,1415,0,Trap Nest,,n,MOL,D
Hymenoptera-Apiformes,Megachilidae,Osmia,lignaria,.,pupa,no,from a BOB nest; pupal cadaver - earwig infested;134;;,134,1,,NA,20.2,wood,6,3,2,Osmia across Virginia,USA,Va.,Rockingham,Elkton,38.4091,-78.6134,43181,1,1417,0,Trap Nest,,n,BIL,D
Hymenoptera-Apiformes,Megachilidae,Osmia,lignaria,male,adult,yes,male BOB. Nest earwig infested;134;;;,134,1,,NA,34.1,wood,6,3,1,Osmia across Virginia,USA,Va.,Rockingham,Elkton,38.4091,-78.6134,43558,1,1418,0,Trap Nest,,n,BIL,D
Hymenoptera-Apiformes,Megachilidae,Osmia,cornifrons,male,adult,yes,JM;137;;;,137,1,,NA,38,wood,8,3,6,Osmia across Virginia,USA,Va.,Fairfax,GreatFalls,39.004,-77.2959,43558,1,1449,0,Trap Nest,,n,YWM,D
Hymenoptera-Apiformes,Megachilidae,Osmia,cornifrons,male,adult,yes,JM;137;;;,137,1,,NA,39.4,wood,8,3,5,Osmia across Virginia,USA,Va.,Fairfax,GreatFalls,39.004,-77.2959,43558,1,1450,0,Trap Nest,,n,YWM,D
Hymenoptera-Apiformes,Megachilidae,Osmia,cornifrons,male,adult,yes,JM;137;;;,137,1,,NA,36.2,wood,8,3,4,Osmia across Virginia,USA,Va.,Fairfax,GreatFalls,39.004,-77.2959,43558,1,1451,0,Trap Nest,,n,YWM,D
Hymenoptera-Apiformes,Megachilidae,Osmia,cornifrons,male,adult,yes,JM;137;;;,137,1,,NA,34.8,wood,8,3,3,Osmia across Virginia,USA,Va.,Fairfax,GreatFalls,39.004,-77.2959,43558,1,1452,1,Trap Nest,,n,YWM,D
Hymenoptera-Apiformes,Megachilidae,Osmia,cornifrons,male,adult,yes,JM;137;;;,137,1,,NA,40.7,wood,8,3,2,Osmia across Virginia,USA,Va.,Fairfax,GreatFalls,39.004,-77.2959,43558,1,1453,1,Trap Nest,,n,YWM,D
Hymenoptera-Apiformes,Megachilidae,Osmia,cornifrons,male,adult,yes,JM;137;;;,137,1,,NA,37.3,wood,8,3,1,Osmia across Virginia,USA,Va.,Fairfax,GreatFalls,39.004,-77.2959,43558,1,1454,0,Trap Nest,,n,YWM,D
Hymenoptera-Apiformes,Megachilidae,Osmia,cornifrons,female,adult,yes,JF;138;;;,138,1,,NA,68.7,wood,8,1,7,Osmia across Virginia,USA,Md.,Montgomery,Bethesda,38.9582,-77.0981,43558,1,1455,0,Trap Nest,,n,MMD,D
Hymenoptera-Apiformes,Megachilidae,Osmia,cornifrons,female,adult,yes,JF; lethargic?;138;;,138,1,,NA,47.2,wood,8,1,6,Osmia across Virginia,USA,Md.,Montgomery,Bethesda,38.9582,-77.0981,43558,1,1456,0,Trap Nest,,n,MMD,D
Hymenoptera-Apiformes,Megachilidae,Osmia,cornifrons,male,adult,yes,JM;138;;;,138,1,,NA,53.7,wood,8,1,5,Osmia across Virginia,USA,Md.,Montgomery,Bethesda,38.9582,-77.0981,43558,1,1457,0,Trap Nest,,n,MMD,D
,,,.,,,,dead bee parts; dust;138;;,138,1,,NA,NA,wood,8,1,4,Osmia across Virginia,USA,Md.,Montgomery,Bethesda,38.9582,-77.0981,43185,1,1458,0,Trap Nest,,n,MMD,D
Hymenoptera-Apiformes,Megachilidae,Osmia,cornifrons,male,adult,yes,started chewing @ cocoon; manually extracted; JM;138;,138,NA,,NA,34.4,wood,8,1,3,Osmia across Virginia,USA,Md.,Montgomery,Bethesda,38.9582,-77.0981,43558,1,1459,0,Trap Nest,,n,MMD,D
Hymenoptera-Apiformes,Megachilidae,Osmia,cornifrons,male,adult,yes,chewed and emerged out of own cocoon! JM video;138;;;,138,NA,,NA,39.8,wood,8,1,2,Osmia across Virginia,USA,Md.,Montgomery,Bethesda,38.9582,-77.0981,43558,1,1460,0,Trap Nest,,n,MMD,D
Hymenoptera-Apiformes,Megachilidae,Osmia,cornifrons,male,adult,yes,chewed and emerged out of own cocoon! JM video;138;;;,138,NA,,NA,42.1,wood,8,1,1,Osmia across Virginia,USA,Md.,Montgomery,Bethesda,38.9582,-77.0981,43558,1,1461,0,Trap Nest,,n,MMD,D
Hymenoptera-Apiformes,Megachilidae,Osmia,taurus,male,adult,yes,JM;140;;;,140,NA,,NA,49.7,wood,6,2,9,Osmia across Virginia,USA,Va.,Arlington,Arlington,38.8984,-77.1012,43558,1,1472,0,Trap Nest,,n,NRM,D
Hymenoptera-Apiformes,Megachilidae,Osmia,taurus,male,adult,yes,JM;140;;;,140,1,,NA,40.4,wood,6,2,8,Osmia across Virginia,USA,Va.,Arlington,Arlington,38.8984,-77.1012,43558,1,1473,0,Trap Nest,,n,NRM,D
Hymenoptera-Apiformes,Megachilidae,Osmia,taurus,,pupa,no,pupal cadaver;140;;;,140,1,,NA,33.3,wood,6,2,7,Osmia across Virginia,USA,Va.,Arlington,Arlington,38.8984,-77.1012,43558,1,1474,0,Trap Nest,,n,NRM,D
Hymenoptera-Apiformes,Megachilidae,Osmia,taurus,male,adult,yes,JM;140;;;,140,1,,NA,48.2,wood,6,2,6,Osmia across Virginia,USA,Va.,Arlington,Arlington,38.8984,-77.1012,43558,1,1475,0,Trap Nest,,n,NRM,D
Hymenoptera-Apiformes,Megachilidae,Osmia,taurus,,,no,pollen mass;140;;;,140,NA,,NA,NA,wood,6,2,5,Osmia across Virginia,USA,Va.,Arlington,Arlington,38.8984,-77.1012,43558,1,1476,0,Trap Nest,,n,NRM,D
Hymenoptera-Apiformes,Megachilidae,Osmia,taurus,male,adult,yes,JM;140;;;,140,1,,NA,50.6,wood,6,2,4,Osmia across Virginia,USA,Va.,Arlington,Arlington,38.8984,-77.1012,43185,1,1477,0,Trap Nest,,n,NRM,D
Hymenoptera-Apiformes,Megachilidae,Osmia,taurus,male,adult,yes,JM;140;;;,140,1,,NA,52.1,wood,6,2,3,Osmia across Virginia,USA,Va.,Arlington,Arlington,38.8984,-77.1012,43558,1,1478,0,Trap Nest,,n,NRM,D
Hymenoptera-Apiformes,Megachilidae,Osmia,taurus,male,adult,yes,JM;140;;;,140,1,,NA,48.2,wood,6,2,2,Osmia across Virginia,USA,Va.,Arlington,Arlington,38.8984,-77.1012,43558,1,1479,0,Trap Nest,,n,NRM,D
Hymenoptera-Apiformes,Megachilidae,Osmia,taurus,male,adult,yes,JM;140;;;,140,1,,NA,49,wood,6,2,1,Osmia across Virginia,USA,Va.,Arlington,Arlington,38.8984,-77.1012,43558,1,1480,0,Trap Nest,,n,NRM,D
Hymenoptera-Apiformes,Megachilidae,Osmia,georgica,.,,,;141;;;,141,1,,NA,NA,wood,6,2,19,Osmia across Virginia,USA,Va.,Montgomery,Blacksburg,37.2404,-80.4053,43558,1,1481,0,Trap Nest,,n,LER,D
Hymenoptera-Apiformes,Megachilidae,Osmia,georgica,female,adult,yes,female o. georgica;141;;;,141,NA,,NA,27.5,wood,6,2,18,Osmia across Virginia,USA,Va.,Montgomery,Blacksburg,37.2404,-80.4053,43558,1,1482,0,Trap Nest,,n,LER,D
Hymenoptera-Apiformes,Megachilidae,Osmia,georgica,female,adult,yes,female o. georgica;141;;;,141,1,,A. naganensis,25.6,wood,6,2,17,Osmia across Virginia,USA,Va.,Montgomery,Blacksburg,37.2404,-80.4053,43558,1,1483,1,Trap Nest,,n,LER,D
Hymenoptera-Apiformes,Megachilidae,Osmia,georgica,male,adult,yes,male O. georgica ;141;;;,141,1,,NA,27.5,wood,6,2,16,Osmia across Virginia,USA,Va.,Montgomery,Blacksburg,37.2404,-80.4053,43558,1,1484,1,Trap Nest,,n,LER,D
Hymenoptera-Apiformes,Megachilidae,Osmia,georgica,female,adult,yes,female o. georgica; lethargic;141;;;,141,1,,A. naganensis,34,wood,6,2,15,Osmia across Virginia,USA,Va.,Montgomery,Blacksburg,37.2404,-80.4053,43558,1,1485,1,Trap Nest,,n,LER,D
Hymenoptera-Apiformes,Megachilidae,Osmia,georgica,female,adult,yes,female o. georgica; lethargic;141;;;,141,1,,A. naganensis,37.8,wood,6,2,14,Osmia across Virginia,USA,Va.,Montgomery,Blacksburg,37.2404,-80.4053,43558,1,1486,1,Trap Nest,,n,LER,D
Hymenoptera-Apiformes,Megachilidae,Osmia,georgica,female,adult,yes,female o. georgica; lethargic;141;;;,141,1,,NA,32.9,wood,6,2,13,Osmia across Virginia,USA,Va.,Montgomery,Blacksburg,37.2404,-80.4053,43558,1,1487,0,Trap Nest,,n,LER,D
Hymenoptera-Apiformes,Megachilidae,Osmia,georgica,female,adult,yes,female o. georgica; lethargic;141;;;,141,1,,A. naganensis,29.9,wood,6,2,12,Osmia across Virginia,USA,Va.,Montgomery,Blacksburg,37.2404,-80.4053,43558,1,1488,1,Trap Nest,,n,LER,D
Hymenoptera-Apiformes,Megachilidae,Osmia,georgica,female,adult,yes,female o. georgica;141;;;,141,1,,NA,33.9,wood,6,2,11,Osmia across Virginia,USA,Va.,Montgomery,Blacksburg,37.2404,-80.4053,43558,1,1489,1,Trap Nest,,n,LER,D
Hymenoptera-Apiformes,Megachilidae,Osmia,georgica,female,adult,yes,female o. georgica;141;;;,141,1,,NA,28.7,wood,6,2,10,Osmia across Virginia,USA,Va.,Montgomery,Blacksburg,37.2404,-80.4053,43558,1,1490,0,Trap Nest,,n,LER,D
Hymenoptera-Apiformes,Megachilidae,Osmia,georgica,female,adult,yes,female o. georgica;141;;;,141,1,,NA,28.4,wood,6,2,9,Osmia across Virginia,USA,Va.,Montgomery,Blacksburg,37.2404,-80.4053,43558,1,1491,0,Trap Nest,,n,LER,D
Hymenoptera-Apiformes,Megachilidae,Osmia,georgica,male,adult,yes,male O. georgica ;141;;;,141,1,,A. naganensis,22,wood,6,2,8,Osmia across Virginia,USA,Va.,Montgomery,Blacksburg,37.2404,-80.4053,43558,1,1492,1,Trap Nest,,n,LER,D
Hymenoptera-Apiformes,Megachilidae,Osmia,georgica,male,adult,yes,male O. georgica ;141;;;,141,1,,NA,19.5,wood,6,2,7,Osmia across Virginia,USA,Va.,Montgomery,Blacksburg,37.2404,-80.4053,43558,1,1493,0,Trap Nest,,n,LER,D
Hymenoptera-Apiformes,Megachilidae,Osmia,georgica,male,adult,yes,male O. georgica ;141;;;,141,1,,A. naganensis,20.9,wood,6,2,6,Osmia across Virginia,USA,Va.,Montgomery,Blacksburg,37.2404,-80.4053,43558,1,1494,1,Trap Nest,,n,LER,D
Hymenoptera-Apiformes,Megachilidae,Osmia,georgica,male,adult,yes,male O. georgica ;141;;;,141,1,,A. naganensis,21.9,wood,6,2,5,Osmia across Virginia,USA,Va.,Montgomery,Blacksburg,37.2404,-80.4053,43558,1,1495,1,Trap Nest,,n,LER,D
Hymenoptera-Apiformes,Megachilidae,Osmia,georgica,male,adult,yes,male O. georgica ;141;;;,141,1,,A. naganensis,21.1,wood,6,2,4,Osmia across Virginia,USA,Va.,Montgomery,Blacksburg,37.2404,-80.4053,43558,1,1496,1,Trap Nest,,n,LER,D
Hymenoptera-Apiformes,Megachilidae,Osmia,georgica,male,adult,yes,male O. georgica ;141;;;,141,1,,NA,19.5,wood,6,2,3,Osmia across Virginia,USA,Va.,Montgomery,Blacksburg,37.2404,-80.4053,43558,1,1497,1,Trap Nest,,n,LER,D
Hymenoptera-Apiformes,Megachilidae,Osmia,georgica,male,adult,yes,male O. georgica ;141;;;,141,1,,A. naganensis,19.8,wood,6,2,2,Osmia across Virginia,USA,Va.,Montgomery,Blacksburg,37.2404,-80.4053,43558,1,1498,1,Trap Nest,,n,LER,D
Hymenoptera-Apiformes,Megachilidae,Osmia,georgica,male,adult,yes,male O. georgica ;141;;;,141,1,,A. naganensis,19.8,wood,6,2,1,Osmia across Virginia,USA,Va.,Montgomery,Blacksburg,37.2404,-80.4053,43558,1,1499,1,Trap Nest,,n,LER,D
Hymenoptera-Apiformes,Megachilidae,Osmia,taurus,male,adult,yes,JM;142;;;,142,1,,NA,50.3,wood,6,1,8,Osmia across Virginia,USA,Va.,Fairfax,GreatFalls,39.004,-77.2959,43558,1,1500,0,Trap Nest,,n,YWM,D
Hymenoptera-Apiformes,Megachilidae,Osmia,taurus,male,adult,yes,JM;142;;;,142,1,,NA,48,wood,6,1,7,Osmia across Virginia,USA,Va.,Fairfax,GreatFalls,39.004,-77.2959,43558,1,1501,0,Trap Nest,,n,YWM,D
Hymenoptera-Apiformes,Megachilidae,Osmia,taurus,male,adult,yes,JM;142;;;,142,NA,,NA,54.1,wood,6,1,6,Osmia across Virginia,USA,Va.,Fairfax,GreatFalls,39.004,-77.2959,43558,1,1502,0,Trap Nest,,n,YWM,D
Hymenoptera-Apiformes,Megachilidae,Osmia,taurus,male,adult,yes,JM;142;;;,142,1,,NA,50.7,wood,6,1,5,Osmia across Virginia,USA,Va.,Fairfax,GreatFalls,39.004,-77.2959,43558,1,1503,0,Trap Nest,,n,YWM,D
Hymenoptera-Apiformes,Megachilidae,Osmia,taurus,male,adult,yes,JM;142;;;,142,1,,NA,49.4,wood,6,1,4,Osmia across Virginia,USA,Va.,Fairfax,GreatFalls,39.004,-77.2959,43558,1,1504,0,Trap Nest,,n,YWM,D
Hymenoptera-Apiformes,Megachilidae,Osmia,taurus,male,adult,yes,JM;142;;;,142,1,,NA,59.6,wood,6,1,3,Osmia across Virginia,USA,Va.,Fairfax,GreatFalls,39.004,-77.2959,43558,1,1505,0,Trap Nest,,n,YWM,D
Hymenoptera-Apiformes,Megachilidae,Osmia,taurus,male,adult,yes,JM;142;;;,142,1,,NA,51.4,wood,6,1,2,Osmia across Virginia,USA,Va.,Fairfax,GreatFalls,39.004,-77.2959,43558,1,1506,0,Trap Nest,,n,YWM,D
Hymenoptera-Apiformes,Megachilidae,Osmia,taurus,male,adult,yes,JM;142;;;,142,1,,A. celerrima,48.5,wood,6,1,1,Osmia across Virginia,USA,Va.,Fairfax,GreatFalls,39.004,-77.2959,43558,1,1507,1,Trap Nest,,n,YWM,D
Hymenoptera-Apiformes,Megachilidae,Osmia,lignaria,female,adult,yes,female BOB;143;;;,143,1,,NA,NA,wood,6,0,8,Osmia across Virginia,USA,, ,Winchester,39.191,-78.165,43558,1,1508,0,Trap Nest,,n,WTW,D
Hymenoptera-Apiformes,Megachilidae,Osmia,lignaria,female,adult,yes,female BOB;143;;;,143,1,,NA,NA,wood,6,0,7,Osmia across Virginia,USA,, ,Winchester,39.191,-78.165,43558,1,1509,0,Trap Nest,,n,WTW,D
Hymenoptera-Apiformes,Megachilidae,Osmia,lignaria,female,adult,yes,BOB female;143;;;,143,1,,NA,64.1,wood,6,0,6,Osmia across Virginia,USA,, ,Winchester,39.191,-78.165,43558,1,1510,0,Trap Nest,,n,WTW,D
Hymenoptera-Apiformes,Megachilidae,Osmia,lignaria,.,adult,yes,;143;;;,143,NA,,NA,NA,wood,6,0,5,Osmia across Virginia,USA,, ,Winchester,39.191,-78.165,43558,1,1511,0,Trap Nest,,n,WTW,D
Hymenoptera-Apiformes,Megachilidae,Osmia,lignaria,male,adult,yes,male BOB;143;;;,143,1,,NA,NA,wood,6,0,4,Osmia across Virginia,USA,, ,Winchester,39.191,-78.165,43558,1,1512,0,Trap Nest,,n,WTW,D
Hymenoptera-Apiformes,Megachilidae,Osmia,lignaria,male,adult,yes,BOB male;143;;;,143,1,,NA,44.6,wood,6,0,3,Osmia across Virginia,USA,, ,Winchester,39.191,-78.165,43558,1,1513,0,Trap Nest,,n,WTW,D
,,,lignaria,.,adult,yes,chrysididae wasp;143;;;,143,1,,NA,NA,wood,6,0,2,Osmia across Virginia,USA,, ,Winchester,39.191,-78.165,43558,1,1514,0,Trap Nest,,n,WTW,D
Hymenoptera-Apiformes,Megachilidae,Osmia,lignaria,male,adult,yes,BOB male;143;;;,143,1,,NA,54.7,wood,6,0,1,Osmia across Virginia,USA,, ,Winchester,39.191,-78.165,43558,1,1515,0,Trap Nest,,n,WTW,D
,,,.,,,,;144;;;,144,NA,,NA,NA,wood,8,2,13,Osmia across Virginia,USA,Va.,Loudon,Leesburg,39.1244,-77.5401,43189,1,1516,0,Trap Nest,,n,GBE,D
Hymenoptera-Apiformes,Megachilidae,Osmia,taurus,female,adult,yes,JF;144;;;,144,NA,,NA,75.6,wood,8,2,12,Osmia across Virginia,USA,Va.,Loudon,Leesburg,39.1244,-77.5401,43558,1,1517,0,Trap Nest,,n,GBE,D
Hymenoptera-Apiformes,Megachilidae,Osmia,taurus,male,adult,yes,JM; usurp?;144;;;,144,1,,NA,79.9,wood,8,2,11,Osmia across Virginia,USA,Va.,Loudon,Leesburg,39.1244,-77.5401,43558,1,1518,0,Trap Nest,,n,GBE,D
Hymenoptera-Apiformes,Megachilidae,Osmia,taurus,female,adult,yes,JF;144;;;,144,1,,NA,95.9,wood,8,2,10,Osmia across Virginia,USA,Va.,Loudon,Leesburg,39.1244,-77.5401,43558,1,1519,0,Trap Nest,,n,GBE,D
Hymenoptera-Apiformes,Megachilidae,Osmia,taurus,female,adult,yes,JF;144;;;,144,1,,NA,74.9,wood,8,2,9,Osmia across Virginia,USA,Va.,Loudon,Leesburg,39.1244,-77.5401,43558,1,1520,0,Trap Nest,,n,GBE,D
Hymenoptera-Apiformes,Megachilidae,Osmia,taurus,male,adult,yes,JM;144;;;,144,1,,NA,86.1,wood,8,2,8,Osmia across Virginia,USA,Va.,Loudon,Leesburg,39.1244,-77.5401,43558,1,1521,0,Trap Nest,,n,GBE,D
Hymenoptera-Apiformes,Megachilidae,Osmia,taurus,male,adult,yes,JM;144;;;,144,1,,NA,87.5,wood,8,2,7,Osmia across Virginia,USA,Va.,Loudon,Leesburg,39.1244,-77.5401,43558,1,1522,1,Trap Nest,,n,GBE,D
Hymenoptera-Apiformes,Megachilidae,Osmia,taurus,male,adult,yes,JM;144;;;,144,1,,NA,53.5,wood,8,2,6,Osmia across Virginia,USA,Va.,Loudon,Leesburg,39.1244,-77.5401,43558,1,1523,0,Trap Nest,,n,GBE,D
Hymenoptera-Apiformes,Megachilidae,Osmia,taurus,male,adult,yes,JM;144;;;,144,1,,NA,59.7,wood,8,2,5,Osmia across Virginia,USA,Va.,Loudon,Leesburg,39.1244,-77.5401,43558,1,1524,0,Trap Nest,,n,GBE,D
Hymenoptera-Apiformes,Megachilidae,Osmia,taurus,female,adult,yes,JF lethargic;144;;;,144,1,,NA,90.5,wood,8,2,4,Osmia across Virginia,USA,Va.,Loudon,Leesburg,39.1244,-77.5401,43558,1,1525,0,Trap Nest,,n,GBE,D
Hymenoptera-Apiformes,Megachilidae,Osmia,taurus,male,adult,yes,JM;144;;;,144,1,,NA,57.6,wood,8,2,3,Osmia across Virginia,USA,Va.,Loudon,Leesburg,39.1244,-77.5401,43558,1,1526,0,Trap Nest,,n,GBE,D
Hymenoptera-Apiformes,Megachilidae,Osmia,taurus,male,adult,yes,JM;144;;;,144,1,,NA,47.9,wood,8,2,2,Osmia across Virginia,USA,Va.,Loudon,Leesburg,39.1244,-77.5401,43558,1,1527,0,Trap Nest,,n,GBE,D
Hymenoptera-Apiformes,Megachilidae,Osmia,taurus,male,adult,yes,JM;144;;;,144,1,,NA,56,wood,8,2,1,Osmia across Virginia,USA,Va.,Loudon,Leesburg,39.1244,-77.5401,43558,1,1528,0,Trap Nest,,n,GBE,D
,,,.,,,no,fungal pollen detritus;145;;;,145,NA,,NA,NA,wood,6,3,6,Osmia across Virginia,USA,Va.,Henry,Bassett,36.749562,-79.961918,43447,1,1529,0,Trap Nest,,y,IOO,D
,,,.,,,no,fungal pollen detritus;145;;;,145,NA,,NA,NA,wood,6,3,5,Osmia across Virginia,USA,Va.,Henry,Bassett,36.749562,-79.961918,43447,1,1530,0,Trap Nest,,y,IOO,D
,,,.,,,no,fungal pollen detritus;145;;;,145,NA,,NA,NA,wood,6,3,4,Osmia across Virginia,USA,Va.,Henry,Bassett,36.749562,-79.961918,43447,1,1531,0,Trap Nest,,y,IOO,D
,,,.,,,no,fungal pollen detritus;145;;;,145,NA,,NA,NA,wood,6,3,3,Osmia across Virginia,USA,Va.,Henry,Bassett,36.749562,-79.961918,43447,1,1532,0,Trap Nest,,y,IOO,D
,,,.,,,no,fungal pollen detritus;145;;;,145,1,,A. subglobosa,NA,wood,6,3,2,Osmia across Virginia,USA,Va.,Henry,Bassett,36.749562,-79.961918,43447,1,1533,1,Trap Nest,,y,IOO,D
,,,.,,,no,fungal pollen detritus;145;;;,145,NA,,NA,NA,wood,6,3,1,Osmia across Virginia,USA,Va.,Henry,Bassett,36.749562,-79.961918,43447,1,1534,0,Trap Nest,,y,IOO,D
,,,.,,adult,yes,already sampled - female o. georgica;146;;;,146,NA,,NA,NA,wood,6,2,20,Osmia across Virginia,USA,Va.,Albemarle,Charlottesville,38.156987,-78.437576,43447,1,1535,0,Trap Nest,,y,CMC,N
Hymenoptera-Apiformes,Megachilidae,Osmia,georgica,female,adult,yes,female o. georgica;146;;;,146,NA,,NA,28.2,wood,6,2,19,Osmia across Virginia,USA,Va.,Albemarle,Charlottesville,38.156987,-78.437576,43558,1,1536,0,Trap Nest,,y,CMC,N
Hymenoptera-Apiformes,Megachilidae,Osmia,georgica,female,adult,yes,female o. georgica;146;;;,146,1,,NA,27.9,wood,6,2,18,Osmia across Virginia,USA,Va.,Albemarle,Charlottesville,38.156987,-78.437576,43558,1,1537,0,Trap Nest,,y,CMC,N
Hymenoptera-Apiformes,Megachilidae,Osmia,georgica,female,adult,no,female o. georgica cadaver;146;;;,146,1,,A. naganensis,6.5,wood,6,2,17,Osmia across Virginia,USA,Va.,Albemarle,Charlottesville,38.156987,-78.437576,43558,1,1538,1,Trap Nest,,y,CMC,N
Hymenoptera-Apiformes,Megachilidae,Osmia,georgica,female,adult,yes,female o. georgica;146;;;,146,1,,A. naganensis,32.4,wood,6,2,16,Osmia across Virginia,USA,Va.,Albemarle,Charlottesville,38.156987,-78.437576,43558,1,1539,1,Trap Nest,,y,CMC,N
Hymenoptera-Apiformes,Megachilidae,Osmia,georgica,female,adult,yes,female o. georgica;146;;;,146,1,,A. naganensis,43.1,wood,6,2,15,Osmia across Virginia,USA,Va.,Albemarle,Charlottesville,38.156987,-78.437576,43558,1,1540,1,Trap Nest,,y,CMC,N
Hymenoptera-Apiformes,Megachilidae,Osmia,georgica,female,adult,yes,female o. georgica;146;;;,146,1,,A. naganensis,36.6,wood,6,2,14,Osmia across Virginia,USA,Va.,Albemarle,Charlottesville,38.156987,-78.437576,43558,1,1541,1,Trap Nest,,y,CMC,N
Hymenoptera-Apiformes,Megachilidae,Osmia,georgica,female,adult,yes,female o. georgica;146;;;,146,1,,A. naganensis,35.2,wood,6,2,13,Osmia across Virginia,USA,Va.,Albemarle,Charlottesville,38.156987,-78.437576,43558,1,1542,1,Trap Nest,,y,CMC,N
Hymenoptera-Apiformes,Megachilidae,Osmia,georgica,female,adult,yes,O. georgica female;146;;;,146,1,,A. naganensis,32.5,wood,6,2,12,Osmia across Virginia,USA,Va.,Albemarle,Charlottesville,38.156987,-78.437576,43558,1,1543,1,Trap Nest,,y,CMC,N
Hymenoptera-Apiformes,Megachilidae,Osmia,georgica,male,adult,yes,already sampled - male O. georgica;146;;;,146,NA,,NA,NA,wood,6,2,11,Osmia across Virginia,USA,Va.,Albemarle,Charlottesville,38.156987,-78.437576,43558,1,1544,0,Trap Nest,,y,CMC,N
Hymenoptera-Apiformes,Megachilidae,Osmia,georgica,male,adult,yes,O. georgica male; leaf pulp partition;146;;;,146,1,,NA,17.8,wood,6,2,10,Osmia across Virginia,USA,Va.,Albemarle,Charlottesville,38.156987,-78.437576,43558,1,1545,0,Trap Nest,,y,CMC,N
Hymenoptera-Apiformes,Megachilidae,Osmia,georgica,male,adult,yes,O. georgica male; leaf pulp partition;146;;;,146,1,,NA,18.3,wood,6,2,9,Osmia across Virginia,USA,Va.,Albemarle,Charlottesville,38.156987,-78.437576,43558,1,1546,0,Trap Nest,,y,CMC,N
Hymenoptera-Apiformes,Megachilidae,Osmia,georgica,male,adult,yes,O. georgica male; leaf pulp partition;146;;;,146,1,,A. naganensis,21.6,wood,6,2,8,Osmia across Virginia,USA,Va.,Albemarle,Charlottesville,38.156987,-78.437576,43558,1,1547,1,Trap Nest,,y,CMC,N
Hymenoptera-Apiformes,Megachilidae,Osmia,georgica,male,adult,yes,O. georgica male; leaf pulp partition;146;;;,146,1,,NA,20.5,wood,6,2,7,Osmia across Virginia,USA,Va.,Albemarle,Charlottesville,38.156987,-78.437576,43558,1,1548,0,Trap Nest,,y,CMC,N
Hymenoptera-Apiformes,Megachilidae,Osmia,georgica,male,adult,yes,O. georgica male; leaf pulp partition;146;;;,146,1,,NA,16.2,wood,6,2,6,Osmia across Virginia,USA,Va.,Albemarle,Charlottesville,38.156987,-78.437576,43558,1,1549,0,Trap Nest,,y,CMC,N
Hymenoptera-Apiformes,Megachilidae,Osmia,georgica,male,adult,yes,O. georgica male; leaf pulp partition;146;;;,146,1,,NA,20.5,wood,6,2,5,Osmia across Virginia,USA,Va.,Albemarle,Charlottesville,38.156987,-78.437576,43558,1,1550,0,Trap Nest,,y,CMC,N
Hymenoptera-Apiformes,Megachilidae,Osmia,georgica,male,adult,yes,O. georgica male; leaf pulp partition;146;;;,146,1,,A. naganensis,18.2,wood,6,2,4,Osmia across Virginia,USA,Va.,Albemarle,Charlottesville,38.156987,-78.437576,43558,1,1551,1,Trap Nest,,y,CMC,N
Hymenoptera-Apiformes,Megachilidae,Osmia,georgica,,,no,pollen mass;146;;;,146,NA,,NA,NA,wood,6,2,3,Osmia across Virginia,USA,Va.,Albemarle,Charlottesville,38.156987,-78.437576,43558,1,1552,0,Trap Nest,,y,CMC,N
Hymenoptera-Apiformes,Megachilidae,Osmia,georgica,male,adult,yes,O. georgica male; leaf pulp partition;146;;;,146,1,,A. naganensis,21.8,wood,6,2,2,Osmia across Virginia,USA,Va.,Albemarle,Charlottesville,38.156987,-78.437576,43558,1,1553,1,Trap Nest,,y,CMC,N
Hymenoptera-Apiformes,Megachilidae,Osmia,georgica,male,adult,yes,O. georgica male; leaf pulp partition;146;;;,146,1,,A. naganensis,22.7,wood,6,2,1,Osmia across Virginia,USA,Va.,Albemarle,Charlottesville,38.156987,-78.437576,43558,1,1554,1,Trap Nest,,y,CMC,N
,,,.,,,,detritus; extra sample;149;;,149,NA,,NA,NA,wood,6,3,11,Osmia across Virginia,USA,Va.,Madison,Madison,38.3712,-78.2244,43198,1,1569,0,Trap Nest,,n,IIF,N
,,,.,,,,detritus; extra sample;149;;,149,NA,,NA,NA,wood,6,3,10,Osmia across Virginia,USA,Va.,Madison,Madison,38.3712,-78.2244,43198,1,1570,0,Trap Nest,,n,IIF,N
Hymenoptera-Apiformes,Megachilidae,Osmia,taurus,male,adult,no,JM cadaver;149;;;,149,1,,NA,15.3,wood,6,3,9,Osmia across Virginia,USA,Va.,Madison,Madison,38.3712,-78.2244,43558,1,1571,0,Trap Nest,,n,IIF,N
Hymenoptera-Apiformes,Megachilidae,Osmia,taurus,male,adult,yes,already sampled (JM);149;;;,149,NA,,NA,NA,wood,6,3,8,Osmia across Virginia,USA,Va.,Madison,Madison,38.3712,-78.2244,43198,1,1572,0,Trap Nest,,n,IIF,N
,,,.,,,,detritus; extra sample;149;;,149,NA,,NA,NA,wood,6,3,7,Osmia across Virginia,USA,Va.,Madison,Madison,38.3712,-78.2244,43198,1,1573,0,Trap Nest,,n,IIF,N
Hymenoptera-Apiformes,Megachilidae,Osmia,taurus,male,adult,no,JM cadaver; extra sample;149;;,149,1,,NA,6,wood,6,3,6,Osmia across Virginia,USA,Va.,Madison,Madison,38.3712,-78.2244,43558,1,1574,0,Trap Nest,,n,IIF,N
Hymenoptera-Apiformes,Megachilidae,Osmia,taurus,male,adult,no,JM cadaver; extra sample;149;;,149,1,,NA,13.4,wood,6,3,5,Osmia across Virginia,USA,Va.,Madison,Madison,38.3712,-78.2244,43558,1,1575,0,Trap Nest,,n,IIF,N
Hymenoptera-Apiformes,Megachilidae,Osmia,taurus,male,adult,yes,JM;149;;;,149,1,,A. naganensis,13.9,wood,6,3,4,Osmia across Virginia,USA,Va.,Madison,Madison,38.3712,-78.2244,43558,1,1576,1,Trap Nest,,n,IIF,N
Hymenoptera-Apiformes,Megachilidae,Osmia,taurus,male,adult,yes,JM;149;;;,149,1,,NA,28.2,wood,6,3,3,Osmia across Virginia,USA,Va.,Madison,Madison,38.3712,-78.2244,43558,1,1577,0,Trap Nest,,n,IIF,N
Hymenoptera-Apiformes,Megachilidae,Osmia,taurus,male,adult,yes,JM;149;;;,149,1,,NA,26.6,wood,6,3,2,Osmia across Virginia,USA,Va.,Madison,Madison,38.3712,-78.2244,43558,1,1578,0,Trap Nest,,n,IIF,N
Hymenoptera-Apiformes,Megachilidae,Osmia,taurus,male,adult,no,already sampled - JM cadaver;149;;;,149,NA,,NA,NA,wood,6,3,1,Osmia across Virginia,USA,Va.,Madison,Madison,38.3712,-78.2244,43198,1,1579,0,Trap Nest,,n,IIF,N
Hymenoptera-Apiformes,Megachilidae,Osmia,taurus,female,adult,yes,already sampled (JF);150;;;,150,NA,,NA,NA,wood,8,1,13,Osmia across Virginia,USA,Va.,Westmoreland,Montross,38.103348,-76.665496,43447,1,1580,0,Trap Nest,,y,BWB,N
Hymenoptera-Apiformes,Megachilidae,Osmia,taurus,female,adult,yes,definitely lethargic JF;150;;;,150,1,,NA,67.7,wood,8,1,12,Osmia across Virginia,USA,Va.,Westmoreland,Montross,38.103348,-76.665496,43558,1,1581,0,Trap Nest,,y,BWB,N
Hymenoptera-Apiformes,Megachilidae,Osmia,taurus,female,adult,yes,lethargic? JF;150;;;,150,1,,NA,71.7,wood,8,1,11,Osmia across Virginia,USA,Va.,Westmoreland,Montross,38.103348,-76.665496,43558,1,1582,0,Trap Nest,,y,BWB,N
Hymenoptera-Apiformes,Megachilidae,Osmia,taurus,female,adult,yes,lethargic? JF;150;;;,150,1,,NA,65.3,wood,8,1,10,Osmia across Virginia,USA,Va.,Westmoreland,Montross,38.103348,-76.665496,43558,1,1583,0,Trap Nest,,y,BWB,N
Hymenoptera-Apiformes,Megachilidae,Osmia,taurus,male,adult,yes,JM;150;;;,150,1,,NA,48.4,wood,8,1,9,Osmia across Virginia,USA,Va.,Westmoreland,Montross,38.103348,-76.665496,43558,1,1584,0,Trap Nest,,y,BWB,N
Hymenoptera-Apiformes,Megachilidae,Osmia,taurus,male,adult,yes,JM on lab bench;150;;;,150,NA,,NA,50.5,wood,8,1,8,Osmia across Virginia,USA,Va.,Westmoreland,Montross,38.103348,-76.665496,43558,1,1585,0,Trap Nest,,y,BWB,N
Hymenoptera-Apiformes,Megachilidae,Osmia,taurus,male,adult,yes,JM;150;;;,150,1,,NA,47.9,wood,8,1,7,Osmia across Virginia,USA,Va.,Westmoreland,Montross,38.103348,-76.665496,43558,1,1586,0,Trap Nest,,y,BWB,N
Hymenoptera-Apiformes,Megachilidae,Osmia,taurus,male,adult,yes,JM;150;;;,150,1,,NA,44,wood,8,1,6,Osmia across Virginia,USA,Va.,Westmoreland,Montross,38.103348,-76.665496,43558,1,1587,0,Trap Nest,,y,BWB,N
Hymenoptera-Apiformes,Megachilidae,Osmia,taurus,male,adult,yes,JM;150;;;,150,1,,NA,46,wood,8,1,5,Osmia across Virginia,USA,Va.,Westmoreland,Montross,38.103348,-76.665496,43558,1,1588,0,Trap Nest,,y,BWB,N
Hymenoptera-Apiformes,Megachilidae,Osmia,taurus,male,adult,yes,JM;150;;;,150,1,,NA,48.9,wood,8,1,4,Osmia across Virginia,USA,Va.,Westmoreland,Montross,38.103348,-76.665496,43558,1,1589,0,Trap Nest,,y,BWB,N
Hymenoptera-Apiformes,Megachilidae,Osmia,taurus,male,adult,yes,JM;150;;;,150,1,,NA,44.1,wood,8,1,3,Osmia across Virginia,USA,Va.,Westmoreland,Montross,38.103348,-76.665496,43558,1,1590,0,Trap Nest,,y,BWB,N
Hymenoptera-Apiformes,Megachilidae,Osmia,taurus,male,adult,yes,JM;150;;;,150,1,,NA,41.5,wood,8,1,2,Osmia across Virginia,USA,Va.,Westmoreland,Montross,38.103348,-76.665496,43558,1,1591,0,Trap Nest,,y,BWB,N
Hymenoptera-Apiformes,Megachilidae,Osmia,taurus,male,adult,yes,already sampled (JM);150;;;,150,NA,,NA,NA,wood,8,1,1,Osmia across Virginia,USA,Va.,Westmoreland,Montross,38.103348,-76.665496,43447,1,1592,0,Trap Nest,,y,BWB,N
Hymenoptera-Apiformes,Megachilidae,Osmia,taurus,male,adult,yes,already sampled (JM);151;;;,151,NA,,NA,NA,wood,6,1,9,Osmia across Virginia,USA,Va.,Westmoreland,Montross,38.103348,-76.665496,43447,1,1593,0,Trap Nest,,y,BWB,N
Hymenoptera-Apiformes,Megachilidae,Osmia,taurus,male,adult,yes,JM;151;;;,151,1,,NA,44.6,wood,6,1,8,Osmia across Virginia,USA,Va.,Westmoreland,Montross,38.103348,-76.665496,43558,1,1594,0,Trap Nest,,y,BWB,N
Hymenoptera-Apiformes,Megachilidae,Osmia,taurus,male,adult,yes,JM;151;;;,151,1,,NA,41.2,wood,6,1,7,Osmia across Virginia,USA,Va.,Westmoreland,Montross,38.103348,-76.665496,43558,1,1595,0,Trap Nest,,y,BWB,N
Hymenoptera-Apiformes,Megachilidae,Osmia,taurus,male,adult,yes,JM;151;;;,151,1,,NA,38.7,wood,6,1,6,Osmia across Virginia,USA,Va.,Westmoreland,Montross,38.103348,-76.665496,43558,1,1596,0,Trap Nest,,y,BWB,N
Hymenoptera-Apiformes,Megachilidae,Osmia,taurus,male,adult,yes,JM;151;;;,151,1,,NA,44.6,wood,6,1,5,Osmia across Virginia,USA,Va.,Westmoreland,Montross,38.103348,-76.665496,43558,1,1597,0,Trap Nest,,y,BWB,N
Hymenoptera-Apiformes,Megachilidae,Osmia,taurus,male,adult,yes,JM;151;;;,151,1,,NA,44.3,wood,6,1,4,Osmia across Virginia,USA,Va.,Westmoreland,Montross,38.103348,-76.665496,43558,1,1598,0,Trap Nest,,y,BWB,N
Hymenoptera-Apiformes,Megachilidae,Osmia,taurus,male,adult,yes,JM;151;;;,151,1,,NA,46.5,wood,6,1,3,Osmia across Virginia,USA,Va.,Westmoreland,Montross,38.103348,-76.665496,43558,1,1599,0,Trap Nest,,y,BWB,N
Hymenoptera-Apiformes,Megachilidae,Osmia,taurus,male,adult,yes,JM;151;;;,151,1,,NA,43.7,wood,6,1,2,Osmia across Virginia,USA,Va.,Westmoreland,Montross,38.103348,-76.665496,43558,1,1600,0,Trap Nest,,y,BWB,N
Hymenoptera-Apiformes,Megachilidae,Osmia,taurus,male,adult,yes,already sampled (JM);151;;;,151,NA,,NA,NA,wood,6,1,1,Osmia across Virginia,USA,Va.,Westmoreland,Montross,38.103348,-76.665496,43447,1,1601,0,Trap Nest,,y,BWB,N
,,,.,,,,detritus; extra sample; fungal;153;,153,NA,,NA,NA,wood,6,3,1,Osmia across Virginia,U.S.A.,Va.,Clarke,Boyce,39.063848,-78.065274,43447,1,1614,0,Trap Nest,,y,CYM,A
Hymenoptera-Apiformes,Megachilidae,Osmia,taurus,male,adult,yes,JM; alive!;153;;,153,1,,NA,32.1,wood,6,3,2,Osmia across Virginia,U.S.A.,Va.,Clarke,Boyce,39.063848,-78.065274,43558,1,1615,0,Trap Nest,,y,CYM,A
Hymenoptera-Apiformes,Megachilidae,Osmia,taurus,male,adult,no,adult cadaver; JM?;153;;,153,1,,NA,9.2,wood,6,3,3,Osmia across Virginia,U.S.A.,Va.,Clarke,Boyce,39.063848,-78.065274,43447,1,1616,0,Trap Nest,,y,CYM,A
,,,.,,,,detritus; extra sample; fungal;153;,153,NA,,NA,NA,wood,6,3,4,Osmia across Virginia,U.S.A.,Va.,Clarke,Boyce,39.063848,-78.065274,43447,1,1617,0,Trap Nest,,y,CYM,A
,,,.,,,,detritus; extra sample; fungal;153;,153,NA,,NA,NA,wood,6,3,5,Osmia across Virginia,U.S.A.,Va.,Clarke,Boyce,39.063848,-78.065274,43447,1,1618,0,Trap Nest,,y,CYM,A
,,,.,,,,detritus; extra sample; fungal;153;,153,NA,,NA,NA,wood,6,3,6,Osmia across Virginia,U.S.A.,Va.,Clarke,Boyce,39.063848,-78.065274,43447,1,1619,0,Trap Nest,,y,CYM,A
,,,.,,,,detritus; extra sample; fungal;153;,153,NA,,NA,NA,wood,6,3,7,Osmia across Virginia,U.S.A.,Va.,Clarke,Boyce,39.063848,-78.065274,43447,1,1620,0,Trap Nest,,y,CYM,A
,,,.,,,,detritus; extra sample; fungal;153;,153,NA,,NA,NA,wood,6,3,8,Osmia across Virginia,U.S.A.,Va.,Clarke,Boyce,39.063848,-78.065274,43447,1,1621,0,Trap Nest,,y,CYM,A
,,,.,,,,detritus; extra sample; fungal;153;,153,NA,,NA,NA,wood,6,3,9,Osmia across Virginia,U.S.A.,Va.,Clarke,Boyce,39.063848,-78.065274,43447,1,1622,0,Trap Nest,,y,CYM,A
Hymenoptera-Apiformes,Megachilidae,Osmia,cornifrons,male,adult,yes,JM;154;;;,154,1,,NA,45.1,wood,6,2,10,Osmia across Virginia,USA,Va.,Fauquier,Hume,38.811907,-78.003824,43558,1,1623,0,Trap Nest,,y,AWR,A
Hymenoptera-Apiformes,Megachilidae,Osmia,cornifrons,male,adult,yes,JM;154;;;,154,NA,,NA,50.3,wood,6,2,9,Osmia across Virginia,USA,Va.,Fauquier,Hume,38.811907,-78.003824,43558,1,1624,0,Trap Nest,,y,AWR,A
Hymenoptera-Apiformes,Megachilidae,Osmia,cornifrons,male,adult,yes,JM;154;;;,154,1,,NA,50.6,wood,6,2,8,Osmia across Virginia,USA,Va.,Fauquier,Hume,38.811907,-78.003824,43558,1,1625,0,Trap Nest,,y,AWR,A
Hymenoptera-Apiformes,Megachilidae,Osmia,cornifrons,male,adult,yes,JM;154;;;,154,1,,NA,50.4,wood,6,2,7,Osmia across Virginia,USA,Va.,Fauquier,Hume,38.811907,-78.003824,43558,1,1626,0,Trap Nest,,y,AWR,A
Hymenoptera-Apiformes,Megachilidae,Osmia,cornifrons,male,adult,yes,JM;154;;;,154,1,,NA,51.3,wood,6,2,6,Osmia across Virginia,USA,Va.,Fauquier,Hume,38.811907,-78.003824,43558,1,1627,0,Trap Nest,,y,AWR,A
Hymenoptera-Apiformes,Megachilidae,Osmia,cornifrons,male,adult,yes,JM;154;;;,154,1,,NA,48.5,wood,6,2,5,Osmia across Virginia,USA,Va.,Fauquier,Hume,38.811907,-78.003824,43558,1,1628,0,Trap Nest,,y,AWR,A
Hymenoptera-Apiformes,Megachilidae,Osmia,cornifrons,male,adult,yes,JM;154;;;,154,1,,NA,44.1,wood,6,2,4,Osmia across Virginia,USA,Va.,Fauquier,Hume,38.811907,-78.003824,43558,1,1629,0,Trap Nest,,y,AWR,A
Hymenoptera-Apiformes,Megachilidae,Osmia,cornifrons,male,adult,yes,JM;154;;;,154,1,,A. naganensis,46.4,wood,6,2,3,Osmia across Virginia,USA,Va.,Fauquier,Hume,38.811907,-78.003824,43558,1,1630,1,Trap Nest,,y,AWR,A
Hymenoptera-Apiformes,Megachilidae,Osmia,cornifrons,male,adult,yes,JM;154;;;,154,1,,NA,40.5,wood,6,2,2,Osmia across Virginia,USA,Va.,Fauquier,Hume,38.811907,-78.003824,43558,1,1631,0,Trap Nest,,y,AWR,A
Hymenoptera-Apiformes,Megachilidae,Osmia,cornifrons,male,adult,yes,JM;154;;;,154,1,,NA,42.7,wood,6,2,1,Osmia across Virginia,USA,Va.,Fauquier,Hume,38.811907,-78.003824,43558,1,1632,0,Trap Nest,,y,AWR,A
Hymenoptera-Apiformes,Megachilidae,Osmia,georgica,,,no,dust inside cocoon;155;;;,155,NA,,NA,NA,wood,6,3,15,Osmia across Virginia,USA,Va.,Albemarle,Charlottesville,38.0905,-78.5861,43558,1,1633,0,Trap Nest,,n,LYB,N
Hymenoptera-Apiformes,Megachilidae,Osmia,georgica,,,no,dust inside cocoon;155;;;,155,NA,,NA,NA,wood,6,3,14,Osmia across Virginia,USA,Va.,Albemarle,Charlottesville,38.0905,-78.5861,43558,1,1634,0,Trap Nest,,n,LYB,N
Hymenoptera-Apiformes,Megachilidae,Osmia,georgica,,pupa,no,pupal cadaver; in cocoon;155;;,155,1,,NA,18.8,wood,6,3,13,Osmia across Virginia,USA,Va.,Albemarle,Charlottesville,38.0905,-78.5861,43558,1,1635,0,Trap Nest,,n,LYB,N
Hymenoptera-Apiformes,Megachilidae,Osmia,georgica,,pupa,no,pupal cadaver; in cocoon;155;;,155,1,,NA,21.9,wood,6,3,12,Osmia across Virginia,USA,Va.,Albemarle,Charlottesville,38.0905,-78.5861,43558,1,1636,0,Trap Nest,,n,LYB,N
Hymenoptera-Apiformes,Megachilidae,Osmia,georgica,female,adult,yes,Female OG;155;;;,155,1,,NA,38.7,wood,6,3,11,Osmia across Virginia,USA,Va.,Albemarle,Charlottesville,38.0905,-78.5861,43558,1,1637,0,Trap Nest,,n,LYB,N
Hymenoptera-Apiformes,Megachilidae,Osmia,georgica,female,adult,yes,Female OG;155;;;,155,1,,NA,40.6,wood,6,3,10,Osmia across Virginia,USA,Va.,Albemarle,Charlottesville,38.0905,-78.5861,43558,1,1638,1,Trap Nest,,n,LYB,N
Hymenoptera-Apiformes,Megachilidae,Osmia,georgica,female,adult,yes,Female OG;155;;;,155,1,,NA,40.8,wood,6,3,9,Osmia across Virginia,USA,Va.,Albemarle,Charlottesville,38.0905,-78.5861,43558,1,1639,0,Trap Nest,,n,LYB,N
Hymenoptera-Apiformes,Megachilidae,Osmia,georgica,female,adult,yes,Female OG;155;;;,155,1,,NA,41.2,wood,6,3,8,Osmia across Virginia,USA,Va.,Albemarle,Charlottesville,38.0905,-78.5861,43558,1,1640,0,Trap Nest,,n,LYB,N
Hymenoptera-Apiformes,Megachilidae,Osmia,georgica,male,adult,yes,Male OG;155;;;,155,1,,NA,36.7,wood,6,3,7,Osmia across Virginia,USA,Va.,Albemarle,Charlottesville,38.0905,-78.5861,43558,1,1641,1,Trap Nest,,n,LYB,N
Hymenoptera-Apiformes,Megachilidae,Osmia,georgica,male,adult,yes,Male OG;155;;;,155,1,,NA,28.2,wood,6,3,6,Osmia across Virginia,USA,Va.,Albemarle,Charlottesville,38.0905,-78.5861,43558,1,1642,1,Trap Nest,,n,LYB,N
Hymenoptera-Apiformes,Megachilidae,Osmia,georgica,male,adult,yes,Male OG;155;;;,155,1,,A. naganensis,20.2,wood,6,3,5,Osmia across Virginia,USA,Va.,Albemarle,Charlottesville,38.0905,-78.5861,43558,1,1643,1,Trap Nest,,n,LYB,N
Hymenoptera-Apiformes,Megachilidae,Osmia,georgica,male,adult,yes,Male OG;155;;;,155,1,,A. naganensis,18.8,wood,6,3,4,Osmia across Virginia,USA,Va.,Albemarle,Charlottesville,38.0905,-78.5861,43558,1,1644,1,Trap Nest,,n,LYB,N
Hymenoptera-Apiformes,Megachilidae,Osmia,georgica,male,adult,yes,Male OG;155;;;,155,1,,NA,20.4,wood,6,3,3,Osmia across Virginia,USA,Va.,Albemarle,Charlottesville,38.0905,-78.5861,43558,1,1645,1,Trap Nest,,n,LYB,N
Hymenoptera-Apiformes,Megachilidae,Osmia,georgica,male,adult,yes,Male OG;155;;;,155,1,,NA,18.3,wood,6,3,2,Osmia across Virginia,USA,Va.,Albemarle,Charlottesville,38.0905,-78.5861,43558,1,1646,1,Trap Nest,,n,LYB,N
Hymenoptera-Apiformes,Megachilidae,Osmia,georgica,male,adult,yes,Male OG;155;;;,155,1,,A. naganensis,16.9,wood,6,3,1,Osmia across Virginia,USA,Va.,Albemarle,Charlottesville,38.0905,-78.5861,43558,1,1647,1,Trap Nest,,n,LYB,N
,,,.,,,,;156;;;,156,NA,,NA,NA,wood,6,1,7,Osmia across Virginia,USA,Va.,Arlington,Arlington,38.8984,-77.1012,43200,1,1648,0,Trap Nest,,n,NRM,D
Hymenoptera-Apiformes,Megachilidae,Osmia,taurus,male,adult,yes,JM;156;;;,156,1,,NA,42.2,wood,6,1,6,Osmia across Virginia,USA,Va.,Arlington,Arlington,38.8984,-77.1012,43558,1,1649,0,Trap Nest,,n,NRM,D
Hymenoptera-Apiformes,Megachilidae,Osmia,taurus,male,adult,yes,JM;156;;;,156,1,,NA,36.9,wood,6,1,5,Osmia across Virginia,USA,Va.,Arlington,Arlington,38.8984,-77.1012,43558,1,1650,0,Trap Nest,,n,NRM,D
Hymenoptera-Apiformes,Megachilidae,Osmia,taurus,male,adult,yes,JM;156;;;,156,1,,NA,38.7,wood,6,1,4,Osmia across Virginia,USA,Va.,Arlington,Arlington,38.8984,-77.1012,43558,1,1651,0,Trap Nest,,n,NRM,D
Hymenoptera-Apiformes,Megachilidae,Osmia,taurus,male,adult,yes,JM;156;;;,156,1,,NA,41.9,wood,6,1,3,Osmia across Virginia,USA,Va.,Arlington,Arlington,38.8984,-77.1012,43558,1,1652,0,Trap Nest,,n,NRM,D
Hymenoptera-Apiformes,Megachilidae,Osmia,taurus,male,adult,yes,JM;156;;;,156,1,,NA,41.1,wood,6,1,2,Osmia across Virginia,USA,Va.,Arlington,Arlington,38.8984,-77.1012,43558,1,1653,0,Trap Nest,,n,NRM,D
Hymenoptera-Apiformes,Megachilidae,Osmia,taurus,male,adult,yes,JM;156;;;,156,1,,NA,43.6,wood,6,1,1,Osmia across Virginia,USA,Va.,Arlington,Arlington,38.8984,-77.1012,43558,1,1654,0,Trap Nest,,n,NRM,D
Hymenoptera-Apiformes,Megachilidae,Osmia,lignaria,female,adult,yes,female BOB;157;;;,157,1,,NA,NA,wood,6,2,8,Osmia across Virginia,USA,Va.,Rockingham,Elkton,38.4091,-78.6134,43558,1,1655,1,Trap Nest,,n,BIL,D
Hymenoptera-Apiformes,Megachilidae,Osmia,lignaria,female,adult,yes,female BOB;157;;;,157,1,,NA,NA,wood,6,2,7,Osmia across Virginia,USA,Va.,Rockingham,Elkton,38.4091,-78.6134,43558,1,1656,0,Trap Nest,,n,BIL,D
Hymenoptera-Apiformes,Megachilidae,Osmia,lignaria,male,adult,yes,male BOB;157;;;,157,1,,NA,NA,wood,6,2,6,Osmia across Virginia,USA,Va.,Rockingham,Elkton,38.4091,-78.6134,43558,1,1657,0,Trap Nest,,n,BIL,D
Hymenoptera-Apiformes,Megachilidae,Osmia,lignaria,male,adult,yes,BOB;157;;;,157,1,,NA,49,wood,6,2,5,Osmia across Virginia,USA,Va.,Rockingham,Elkton,38.4091,-78.6134,43558,1,1658,0,Trap Nest,,n,BIL,D
Hymenoptera-Apiformes,Megachilidae,Osmia,lignaria,male,adult,yes,male BOB;157;;;,157,1,,NA,NA,wood,6,2,4,Osmia across Virginia,USA,Va.,Rockingham,Elkton,38.4091,-78.6134,43558,1,1659,1,Trap Nest,,n,BIL,D
Hymenoptera-Apiformes,Megachilidae,Osmia,lignaria,male,adult,yes,BOB;157;;;,157,1,,NA,NA,wood,6,2,3,Osmia across Virginia,USA,Va.,Rockingham,Elkton,38.4091,-78.6134,43558,1,1660,0,Trap Nest,,n,BIL,D
Hymenoptera-Apiformes,Megachilidae,Osmia,lignaria,male,adult,yes,male BOB;157;;;,157,1,,NA,NA,wood,6,2,2,Osmia across Virginia,USA,Va.,Rockingham,Elkton,38.4091,-78.6134,43558,1,1661,0,Trap Nest,,n,BIL,D
Hymenoptera-Apiformes,Megachilidae,Osmia,lignaria,male,adult,yes,BOB male;157;;;,157,1,,NA,42.6,wood,6,2,1,Osmia across Virginia,USA,Va.,Rockingham,Elkton,38.4091,-78.6134,43558,1,1662,0,Trap Nest,,n,BIL,D
,,,.,,,,;7;;;,7,NA,,NA,NA,wood,8,1,10,Osmia across Virginia,USA,Va.,Montgomery,Blacksburg,37.2234,-80.3922,43200,1,1663,0,Trap Nest,,n,TLW,D
,,,.,,,,;7;;;,7,NA,,NA,NA,wood,8,1,9,Osmia across Virginia,USA,Va.,Montgomery,Blacksburg,37.2234,-80.3922,43200,1,1664,0,Trap Nest,,n,TLW,D
,,,.,,,,;7;;;,7,NA,,NA,NA,wood,8,1,8,Osmia across Virginia,USA,Va.,Montgomery,Blacksburg,37.2234,-80.3922,43200,1,1665,0,Trap Nest,,n,TLW,D
,,,.,,,,;7;;;,7,1,,A. proliperda,NA,wood,8,1,7,Osmia across Virginia,USA,Va.,Montgomery,Blacksburg,37.2234,-80.3922,43200,1,1666,1,Trap Nest,,n,TLW,D
,,,.,,,,;7;;;,7,NA,,NA,NA,wood,8,1,6,Osmia across Virginia,USA,Va.,Montgomery,Blacksburg,37.2234,-80.3922,43200,1,1667,0,Trap Nest,,n,TLW,D
,,,.,,,,;7;;;,7,NA,,NA,NA,wood,8,1,5,Osmia across Virginia,USA,Va.,Montgomery,Blacksburg,37.2234,-80.3922,43200,1,1668,0,Trap Nest,,n,TLW,D
,,,.,,,,;7;;;,7,NA,,NA,NA,wood,8,1,4,Osmia across Virginia,USA,Va.,Montgomery,Blacksburg,37.2234,-80.3922,43200,1,1669,0,Trap Nest,,n,TLW,D
,,,.,,,,;7;;;,7,NA,,NA,NA,wood,8,1,3,Osmia across Virginia,USA,Va.,Montgomery,Blacksburg,37.2234,-80.3922,43200,1,1670,0,Trap Nest,,n,TLW,D
,,,.,,,,;7;;;,7,NA,,NA,NA,wood,8,1,2,Osmia across Virginia,USA,Va.,Montgomery,Blacksburg,37.2234,-80.3922,43200,1,1671,0,Trap Nest,,n,TLW,D
,,,.,,,,;7;;;,7,NA,,NA,NA,wood,8,1,1,Osmia across Virginia,USA,Va.,Montgomery,Blacksburg,37.2234,-80.3922,43200,1,1672,0,Trap Nest,,n,TLW,D
Hymenoptera-Apiformes,Megachilidae,Osmia,taurus,male,adult,yes,JM AS (pair 11);160;;;,160,NA,,NA,NA,wood,6,1,8,Osmia across Virginia,USA,Va.,Albemarle,Charlottesville,37.9602,-78.5161,43373,1,1699,0,Trap Nest,,n,BTH,N
Hymenoptera-Apiformes,Megachilidae,Osmia,taurus,male,adult,nobut,JM;160;;;,160,1,,NA,NA,wood,6,1,7,Osmia across Virginia,USA,Va.,Albemarle,Charlottesville,37.9602,-78.5161,43373,1,1700,0,Trap Nest,,n,BTH,N
Hymenoptera-Apiformes,Megachilidae,Osmia,taurus,male,adult,nobut,JM;160;;;,160,1,,NA,NA,wood,6,1,6,Osmia across Virginia,USA,Va.,Albemarle,Charlottesville,37.9602,-78.5161,43373,1,1701,0,Trap Nest,,n,BTH,N
Hymenoptera-Apiformes,Megachilidae,Osmia,taurus,male,adult,nobut,JM;160;;;,160,1,,NA,NA,wood,6,1,5,Osmia across Virginia,USA,Va.,Albemarle,Charlottesville,37.9602,-78.5161,43373,1,1702,0,Trap Nest,,n,BTH,N
Hymenoptera-Apiformes,Megachilidae,Osmia,taurus,male,adult,nobut,JM;160;;;,160,1,,NA,NA,wood,6,1,4,Osmia across Virginia,USA,Va.,Albemarle,Charlottesville,37.9602,-78.5161,43373,1,1703,0,Trap Nest,,n,BTH,N
Hymenoptera-Apiformes,Megachilidae,Osmia,taurus,male,adult,nobut,JM;160;;;,160,1,,NA,NA,wood,6,1,3,Osmia across Virginia,USA,Va.,Albemarle,Charlottesville,37.9602,-78.5161,43558,1,1704,1,Trap Nest,,n,BTH,N
Hymenoptera-Apiformes,Megachilidae,Osmia,taurus,male,adult,nobut,JM;160;;;,160,1,,NA,NA,wood,6,1,2,Osmia across Virginia,USA,Va.,Albemarle,Charlottesville,37.9602,-78.5161,43373,1,1705,0,Trap Nest,,n,BTH,N
Hymenoptera-Apiformes,Megachilidae,Osmia,taurus,male,adult,yes,JM AS (pair 11);160;;;,160,NA,,NA,NA,wood,6,1,1,Osmia across Virginia,USA,Va.,Albemarle,Charlottesville,37.9602,-78.5161,43373,1,1706,0,Trap Nest,,n,BTH,N
Hymenoptera-Apiformes,Megachilidae,Osmia,taurus,male,adult,yes,JM AS (pair 10);161;;;,161,NA,,NA,NA,wood,6,3,11,Osmia across Virginia,USA,Va.,Albemarle,Charlottesville,37.9602,-78.5161,43373,1,1707,0,Trap Nest,,n,BTH,N
Hymenoptera-Apiformes,Megachilidae,Osmia,taurus,male,adult,nobut,JM;161;;;,161,1,,NA,NA,wood,6,3,10,Osmia across Virginia,USA,Va.,Albemarle,Charlottesville,37.9602,-78.5161,43558,1,1708,1,Trap Nest,,n,BTH,N
Hymenoptera-Apiformes,Megachilidae,Osmia,taurus,male,adult,nobut,JM;161;;;,161,1,,NA,NA,wood,6,3,9,Osmia across Virginia,USA,Va.,Albemarle,Charlottesville,37.9602,-78.5161,43373,1,1709,0,Trap Nest,,n,BTH,N
Hymenoptera-Apiformes,Megachilidae,Osmia,taurus,male,adult,nobut,JM;161;;;,161,1,,A. fusiformis,NA,wood,6,3,8,Osmia across Virginia,USA,Va.,Albemarle,Charlottesville,37.9602,-78.5161,43558,1,1710,1,Trap Nest,,n,BTH,N
Hymenoptera-Apiformes,Megachilidae,Osmia,taurus,male,adult,nobut,JM;161;;;,161,1,,NA,NA,wood,6,3,7,Osmia across Virginia,USA,Va.,Albemarle,Charlottesville,37.9602,-78.5161,43558,1,1711,1,Trap Nest,,n,BTH,N
,,,.,,,,debris;161;;;,161,NA,,NA,NA,wood,6,3,6,Osmia across Virginia,USA,Va.,Albemarle,Charlottesville,37.9602,-78.5161,43373,1,1712,0,Trap Nest,,n,BTH,N
Hymenoptera-Apiformes,Megachilidae,Osmia,taurus,male,adult,nobut,JM;161;;;,161,1,,NA,NA,wood,6,3,5,Osmia across Virginia,USA,Va.,Albemarle,Charlottesville,37.9602,-78.5161,43373,1,1713,0,Trap Nest,,n,BTH,N
Hymenoptera-Apiformes,Megachilidae,Osmia,taurus,male,adult,nobut,JM;161;;;,161,1,,NA,NA,wood,6,3,4,Osmia across Virginia,USA,Va.,Albemarle,Charlottesville,37.9602,-78.5161,43558,1,1714,1,Trap Nest,,n,BTH,N
Hymenoptera-Apiformes,Megachilidae,Osmia,taurus,male,adult,nobut,JM;161;;;,161,1,,NA,NA,wood,6,3,3,Osmia across Virginia,USA,Va.,Albemarle,Charlottesville,37.9602,-78.5161,43373,1,1715,0,Trap Nest,,n,BTH,N
Hymenoptera-Apiformes,Megachilidae,Osmia,taurus,male,adult,nobut,JM;161;;;,161,1,,NA,NA,wood,6,3,2,Osmia across Virginia,USA,Va.,Albemarle,Charlottesville,37.9602,-78.5161,43373,1,1716,0,Trap Nest,,n,BTH,N
Hymenoptera-Apiformes,Megachilidae,Osmia,taurus,male,adult,yes,JM AS (pair 10);161;;;,161,NA,,NA,NA,wood,6,3,1,Osmia across Virginia,USA,Va.,Albemarle,Charlottesville,37.9602,-78.5161,43373,1,1717,0,Trap Nest,,n,BTH,N
Hymenoptera-Apiformes,Megachilidae,Osmia,cornifrons,female,adult,yes,JF AS (pair 12);162;;;,162,NA,,NA,NA,wood,8,2,12,Osmia across Virginia,USA,Va.,Albemarle,Charlottesville,37.9602,-78.5161,43373,1,1718,0,Trap Nest,,n,BTH,N
Hymenoptera-Apiformes,Megachilidae,Osmia,cornifrons,male,adult,nobut,JM;162;;;,162,1,,NA,NA,wood,8,2,11,Osmia across Virginia,USA,Va.,Albemarle,Charlottesville,37.9602,-78.5161,43373,1,1719,0,Trap Nest,,n,BTH,N
,,,.,,pupa,no,fungal pupal cadaver in cocoon; cornifrons nest;162;;;,162,1,,A. fusiformis,NA,wood,8,2,10,Osmia across Virginia,USA,Va.,Albemarle,Charlottesville,37.9602,-78.5161,43433,1,1720,1,Trap Nest,,n,BTH,N
Hymenoptera-Apiformes,Megachilidae,Osmia,cornifrons,female,adult,nobut,JF;162;;;,162,1,,NA,NA,wood,8,2,9,Osmia across Virginia,USA,Va.,Albemarle,Charlottesville,37.9602,-78.5161,43373,1,1721,0,Trap Nest,,n,BTH,N
Hymenoptera-Apiformes,Megachilidae,Osmia,cornifrons,male,adult,nobut,JM;162;;;,162,1,,NA,NA,wood,8,2,8,Osmia across Virginia,USA,Va.,Albemarle,Charlottesville,37.9602,-78.5161,43373,1,1722,0,Trap Nest,,n,BTH,N
Hymenoptera-Apiformes,Megachilidae,Osmia,cornifrons,female,adult,nobut,JF;162;;;,162,1,,NA,NA,wood,8,2,7,Osmia across Virginia,USA,Va.,Albemarle,Charlottesville,37.9602,-78.5161,43373,1,1723,0,Trap Nest,,n,BTH,N
Hymenoptera-Apiformes,Megachilidae,Osmia,cornifrons,male,adult,nobut,JM;162;;;,162,1,,NA,NA,wood,8,2,6,Osmia across Virginia,USA,Va.,Albemarle,Charlottesville,37.9602,-78.5161,43373,1,1724,0,Trap Nest,,n,BTH,N
Hymenoptera-Apiformes,Megachilidae,Osmia,cornifrons,male,adult,nobut,JM;162;;;,162,1,,NA,NA,wood,8,2,5,Osmia across Virginia,USA,Va.,Albemarle,Charlottesville,37.9602,-78.5161,43373,1,1725,0,Trap Nest,,n,BTH,N
Hymenoptera-Apiformes,Megachilidae,Osmia,cornifrons,male,adult,nobut,JM;162;;;,162,1,,NA,NA,wood,8,2,4,Osmia across Virginia,USA,Va.,Albemarle,Charlottesville,37.9602,-78.5161,43558,1,1726,1,Trap Nest,,n,BTH,N
Hymenoptera-Apiformes,Megachilidae,Osmia,cornifrons,male,adult,nobut,JM;162;;;,162,1,,NA,NA,wood,8,2,3,Osmia across Virginia,USA,Va.,Albemarle,Charlottesville,37.9602,-78.5161,43558,1,1727,1,Trap Nest,,n,BTH,N
Hymenoptera-Apiformes,Megachilidae,Osmia,cornifrons,male,adult,nobut,JM;162;;;,162,1,,NA,NA,wood,8,2,2,Osmia across Virginia,USA,Va.,Albemarle,Charlottesville,37.9602,-78.5161,43373,1,1728,0,Trap Nest,,n,BTH,N
Hymenoptera-Apiformes,Megachilidae,Osmia,lignaria,male,adult,yes,BOB AS (pair 12);162;;;,162,NA,,NA,NA,wood,8,2,1,Osmia across Virginia,USA,Va.,Albemarle,Charlottesville,37.9602,-78.5161,43373,1,1729,0,Trap Nest,,n,BTH,N
Hymenoptera-Apiformes,Megachilidae,Osmia,cornifrons,female,adult,nobut,JF;163;;;,163,1,,NA,NA,wood,6,2,11,Osmia across Virginia,USA,Md.,Montgomery,Bethesda,38.9582,-77.0981,43373,1,1730,0,Trap Nest,,n,MMD,D
Hymenoptera-Apiformes,Megachilidae,Osmia,cornifrons,female,adult,nobut,JF;163;;;,163,1,,NA,NA,wood,6,2,10,Osmia across Virginia,USA,Md.,Montgomery,Bethesda,38.9582,-77.0981,43373,1,1731,0,Trap Nest,,n,MMD,D
Hymenoptera-Apiformes,Megachilidae,Osmia,cornifrons,female,adult,nobut,JF;163;;;,163,1,,NA,NA,wood,6,2,9,Osmia across Virginia,USA,Md.,Montgomery,Bethesda,38.9582,-77.0981,43373,1,1732,0,Trap Nest,,n,MMD,D
Hymenoptera-Apiformes,Megachilidae,Osmia,cornifrons,female,adult,nobut,JF;163;;;,163,1,,NA,NA,wood,6,2,8,Osmia across Virginia,USA,Md.,Montgomery,Bethesda,38.9582,-77.0981,43373,1,1733,0,Trap Nest,,n,MMD,D
Hymenoptera-Apiformes,Megachilidae,Osmia,cornifrons,female,adult,nobut,JF;163;;;,163,1,,NA,NA,wood,6,2,7,Osmia across Virginia,USA,Md.,Montgomery,Bethesda,38.9582,-77.0981,43373,1,1734,0,Trap Nest,,n,MMD,D
Hymenoptera-Apiformes,Megachilidae,Osmia,cornifrons,male,adult,nobut,JM;163;;;,163,1,,NA,NA,wood,6,2,6,Osmia across Virginia,USA,Md.,Montgomery,Bethesda,38.9582,-77.0981,43373,1,1735,0,Trap Nest,,n,MMD,D
Hymenoptera-Apiformes,Megachilidae,Osmia,cornifrons,male,adult,nobut,JM;163;;;,163,1,,NA,NA,wood,6,2,5,Osmia across Virginia,USA,Md.,Montgomery,Bethesda,38.9582,-77.0981,43558,1,1736,1,Trap Nest,,n,MMD,D
Hymenoptera-Apiformes,Megachilidae,Osmia,cornifrons,male,adult,nobut,JM;163;;;,163,1,,NA,NA,wood,6,2,4,Osmia across Virginia,USA,Md.,Montgomery,Bethesda,38.9582,-77.0981,43558,1,1737,1,Trap Nest,,n,MMD,D
Hymenoptera-Apiformes,Megachilidae,Osmia,cornifrons,male,adult,nobut,JM;163;;;,163,1,,NA,NA,wood,6,2,3,Osmia across Virginia,USA,Md.,Montgomery,Bethesda,38.9582,-77.0981,43373,1,1738,0,Trap Nest,,n,MMD,D
Hymenoptera-Apiformes,Megachilidae,Osmia,cornifrons,male,adult,nobut,JM;163;;;,163,1,,NA,NA,wood,6,2,2,Osmia across Virginia,USA,Md.,Montgomery,Bethesda,38.9582,-77.0981,43373,1,1739,0,Trap Nest,,n,MMD,D
Hymenoptera-Apiformes,Megachilidae,Osmia,cornifrons,male,adult,nobut,JM;163;;;,163,1,,NA,NA,wood,6,2,1,Osmia across Virginia,USA,Md.,Montgomery,Bethesda,38.9582,-77.0981,43373,1,1740,0,Trap Nest,,n,MMD,D
,,,.,,,no,delete from db;164;;;,164,NA,,NA,NA,wood,6,3,15,Osmia across Virginia,USA,Md.,Montgomery,Bethesda,38.9582,-77.0981,43373,1,1741,0,Trap Nest,,n,MMD,D
,,,.,,,no,delete from db;164;;;,164,NA,,NA,NA,wood,6,3,14,Osmia across Virginia,USA,Md.,Montgomery,Bethesda,38.9582,-77.0981,43373,1,1742,0,Trap Nest,,n,MMD,D
,,,.,,,no,delete from db;164;;;,164,NA,,NA,NA,wood,6,3,13,Osmia across Virginia,USA,Md.,Montgomery,Bethesda,38.9582,-77.0981,43373,1,1743,0,Trap Nest,,n,MMD,D
,,,.,,,no,delete from db;164;;;,164,NA,,NA,NA,wood,6,3,12,Osmia across Virginia,USA,Md.,Montgomery,Bethesda,38.9582,-77.0981,43373,1,1744,0,Trap Nest,,n,MMD,D
Hymenoptera-Apiformes,Megachilidae,Osmia,cornifrons,female,adult,nobut,JF;164;;;,164,1,,NA,NA,wood,6,3,11,Osmia across Virginia,USA,Md.,Montgomery,Bethesda,38.9582,-77.0981,43373,1,1745,0,Trap Nest,,n,MMD,D
Hymenoptera-Apiformes,Megachilidae,Osmia,cornifrons,female,adult,nobut,JF;164;;;,164,1,,NA,NA,wood,6,3,10,Osmia across Virginia,USA,Md.,Montgomery,Bethesda,38.9582,-77.0981,43373,1,1746,0,Trap Nest,,n,MMD,D
Hymenoptera-Apiformes,Megachilidae,Osmia,cornifrons,female,adult,nobut,JF;164;;;,164,1,,NA,NA,wood,6,3,9,Osmia across Virginia,USA,Md.,Montgomery,Bethesda,38.9582,-77.0981,43373,1,1747,0,Trap Nest,,n,MMD,D
Hymenoptera-Apiformes,Megachilidae,Osmia,cornifrons,female,adult,nobut,JF;164;;;,164,1,,NA,NA,wood,6,3,8,Osmia across Virginia,USA,Md.,Montgomery,Bethesda,38.9582,-77.0981,43373,1,1748,0,Trap Nest,,n,MMD,D
Hymenoptera-Apiformes,Megachilidae,Osmia,cornifrons,female,adult,nobut,JF;164;;;,164,1,,NA,NA,wood,6,3,7,Osmia across Virginia,USA,Md.,Montgomery,Bethesda,38.9582,-77.0981,43373,1,1749,0,Trap Nest,,n,MMD,D
Hymenoptera-Apiformes,Megachilidae,Osmia,cornifrons,female,adult,nobut,JF;164;;;,164,1,,NA,NA,wood,6,3,6,Osmia across Virginia,USA,Md.,Montgomery,Bethesda,38.9582,-77.0981,43373,1,1750,0,Trap Nest,,n,MMD,D
,,,.,,,no,pollen mites;164;;;,164,NA,,NA,NA,wood,6,3,5,Osmia across Virginia,USA,Md.,Montgomery,Bethesda,38.9582,-77.0981,43373,1,1751,0,Trap Nest,,n,MMD,D
,,,.,,,no,pollen mites;164;;;,164,NA,,NA,NA,wood,6,3,4,Osmia across Virginia,USA,Md.,Montgomery,Bethesda,38.9582,-77.0981,43373,1,1752,0,Trap Nest,,n,MMD,D
,,,.,,,no,pollen mites;164;;;,164,NA,,NA,NA,wood,6,3,3,Osmia across Virginia,USA,Md.,Montgomery,Bethesda,38.9582,-77.0981,43373,1,1753,0,Trap Nest,,n,MMD,D
,,,.,,,no,pollen mites;164;;;,164,NA,,NA,NA,wood,6,3,2,Osmia across Virginia,USA,Md.,Montgomery,Bethesda,38.9582,-77.0981,43373,1,1754,0,Trap Nest,,n,MMD,D
,,,.,,,no,pollen mites;164;;;,164,NA,,NA,NA,wood,6,3,1,Osmia across Virginia,USA,Md.,Montgomery,Bethesda,38.9582,-77.0981,43373,1,1755,0,Trap Nest,,n,MMD,D
Hymenoptera-Apiformes,Megachilidae,Osmia,taurus,male,adult,yes,JM; already sampled;165;;,165,NA,,NA,NA,wood,6,1,4,Osmia across Virginia,USA,Va.,Clarke,Berryville,39.1496,-77.9849,43373,1,1756,0,Trap Nest,,n,KID,D
Hymenoptera-Apiformes,Megachilidae,Osmia,taurus,male,adult,nobut,JM;165;;;,165,1,,NA,NA,wood,6,1,3,Osmia across Virginia,USA,Va.,Clarke,Berryville,39.1496,-77.9849,43558,1,1757,1,Trap Nest,,n,KID,D
Hymenoptera-Apiformes,Megachilidae,Osmia,taurus,male,adult,nobut,JM;165;;;,165,1,,NA,NA,wood,6,1,2,Osmia across Virginia,USA,Va.,Clarke,Berryville,39.1496,-77.9849,43373,1,1758,0,Trap Nest,,n,KID,D
Hymenoptera-Apiformes,Megachilidae,Osmia,taurus,male,adult,yes,JM; already sampled;165;;,165,NA,,NA,NA,wood,6,1,1,Osmia across Virginia,USA,Va.,Clarke,Berryville,39.1496,-77.9849,43373,1,1759,0,Trap Nest,,n,KID,D
Hymenoptera-Apiformes,Megachilidae,Osmia,cornifrons,female,adult,yes,JF; already sampled pair 1;166;;,166,NA,,NA,NA,wood,6,2,10,Osmia across Virginia,USA,Va.,Clarke,Berryville,39.1496,-77.9849,43373,1,1760,0,Trap Nest,,n,KID,D
Hymenoptera-Apiformes,Megachilidae,Osmia,cornifrons,female,adult,nobut,JF;166;;;,166,1,,NA,NA,wood,6,2,9,Osmia across Virginia,USA,Va.,Clarke,Berryville,39.1496,-77.9849,43373,1,1761,0,Trap Nest,,n,KID,D
Hymenoptera-Apiformes,Megachilidae,Osmia,cornifrons,female,adult,nobut,JF;166;;;,166,1,,NA,NA,wood,6,2,8,Osmia across Virginia,USA,Va.,Clarke,Berryville,39.1496,-77.9849,43373,1,1762,0,Trap Nest,,n,KID,D
Hymenoptera-Apiformes,Megachilidae,Osmia,cornifrons,female,adult,nobut,JF;166;;;,166,1,,NA,NA,wood,6,2,7,Osmia across Virginia,USA,Va.,Clarke,Berryville,39.1496,-77.9849,43373,1,1763,0,Trap Nest,,n,KID,D
,,,.,,,no,pollen mites;166;;; cornifrons nest,166,NA,,NA,NA,wood,6,2,6,Osmia across Virginia,USA,Va.,Clarke,Berryville,39.1496,-77.9849,43373,1,1764,0,Trap Nest,,n,KID,D
,,,.,,,no,pollen mites;166;;; cornifrons nest,166,NA,,NA,NA,wood,6,2,5,Osmia across Virginia,USA,Va.,Clarke,Berryville,39.1496,-77.9849,43373,1,1765,0,Trap Nest,,n,KID,D
,,,.,,,no,pollen mites;166;;; cornifrons nest,166,NA,,NA,NA,wood,6,2,4,Osmia across Virginia,USA,Va.,Clarke,Berryville,39.1496,-77.9849,43373,1,1766,0,Trap Nest,,n,KID,D
,,,.,,,no,pollen mites;166;;; cornifrons nest,166,NA,,NA,NA,wood,6,2,3,Osmia across Virginia,USA,Va.,Clarke,Berryville,39.1496,-77.9849,43373,1,1767,0,Trap Nest,,n,KID,D
,,,.,,,no,pollen mites;166;;; cornifrons nest,166,NA,,NA,NA,wood,6,2,2,Osmia across Virginia,USA,Va.,Clarke,Berryville,39.1496,-77.9849,43373,1,1768,0,Trap Nest,,n,KID,D
,,Sapyga,cornifrons,,adult,yes,sapygid wasp; already sampled pair 1;166;; cornifrons nest,166,NA,,NA,NA,wood,6,2,1,Osmia across Virginia,USA,Va.,Clarke,Berryville,39.1496,-77.9849,43373,1,1769,0,Trap Nest,,n,KID,D
,,,.,,,,fungal detritus;167;;;,167,NA,,NA,NA,wood,6,1,9,Osmia across Virginia,USA,Va.,Montgomery,Blacksburg,37.2625,-80.3903,43373,1,1770,0,Trap Nest,,n,TYT,A
,,,.,,,,fungal detritus;167;;;,167,NA,,NA,NA,wood,6,1,8,Osmia across Virginia,USA,Va.,Montgomery,Blacksburg,37.2625,-80.3903,43373,1,1771,0,Trap Nest,,n,TYT,A
,,,.,,,,fungal detritus;167;;;,167,NA,,NA,NA,wood,6,1,7,Osmia across Virginia,USA,Va.,Montgomery,Blacksburg,37.2625,-80.3903,43373,1,1772,0,Trap Nest,,n,TYT,A
,,,.,,,,fungal detritus;167;;;,167,NA,,NA,NA,wood,6,1,6,Osmia across Virginia,USA,Va.,Montgomery,Blacksburg,37.2625,-80.3903,43373,1,1773,0,Trap Nest,,n,TYT,A
,,,.,,,,fungal detritus;167;;;,167,NA,,NA,NA,wood,6,1,5,Osmia across Virginia,USA,Va.,Montgomery,Blacksburg,37.2625,-80.3903,43373,1,1774,0,Trap Nest,,n,TYT,A
,,,.,,,,fungal detritus;167;;;,167,NA,,NA,NA,wood,6,1,4,Osmia across Virginia,USA,Va.,Montgomery,Blacksburg,37.2625,-80.3903,43373,1,1775,0,Trap Nest,,n,TYT,A
Hymenoptera-Apiformes,Megachilidae,Osmia,taurus,male,adult,nobut,JM;167;;;,167,1,,NA,NA,wood,6,1,3,Osmia across Virginia,USA,Va.,Montgomery,Blacksburg,37.2625,-80.3903,43373,1,1776,0,Trap Nest,,n,TYT,A
Hymenoptera-Apiformes,Megachilidae,Osmia,taurus,male,adult,nobut,JM;167;;;,167,1,,NA,NA,wood,6,1,2,Osmia across Virginia,USA,Va.,Montgomery,Blacksburg,37.2625,-80.3903,43373,1,1777,0,Trap Nest,,n,TYT,A
,,,.,,,,delete from db;167;;;,167,NA,,NA,NA,wood,6,1,1,Osmia across Virginia,USA,Va.,Montgomery,Blacksburg,37.2625,-80.3903,43373,1,1778,0,Trap Nest,,n,TYT,A
,,,.,,,,fungal detritus;168;;;,168,NA,,NA,NA,wood,6,2,10,Osmia across Virginia,USA,Va.,Montgomery,Blacksburg,37.2625,-80.3903,43373,1,1779,0,Trap Nest,,n,TYT,A
,,,.,,,,fungal detritus;168;;;,168,NA,,NA,NA,wood,6,2,9,Osmia across Virginia,USA,Va.,Montgomery,Blacksburg,37.2625,-80.3903,43373,1,1780,0,Trap Nest,,n,TYT,A
,,,.,,,,fungal detritus;168;;;,168,NA,,NA,NA,wood,6,2,8,Osmia across Virginia,USA,Va.,Montgomery,Blacksburg,37.2625,-80.3903,43373,1,1781,0,Trap Nest,,n,TYT,A
,,,.,,,,fungal detritus;168;;;,168,NA,,NA,NA,wood,6,2,7,Osmia across Virginia,USA,Va.,Montgomery,Blacksburg,37.2625,-80.3903,43373,1,1782,0,Trap Nest,,n,TYT,A
,,,.,,,,fungal detritus;168;;;,168,NA,,NA,NA,wood,6,2,6,Osmia across Virginia,USA,Va.,Montgomery,Blacksburg,37.2625,-80.3903,43373,1,1783,0,Trap Nest,,n,TYT,A
,,,.,,,,fungal detritus;168;;;,168,NA,,NA,NA,wood,6,2,5,Osmia across Virginia,USA,Va.,Montgomery,Blacksburg,37.2625,-80.3903,43373,1,1784,0,Trap Nest,,n,TYT,A
,,,.,,,,fungal detritus;168;;;,168,NA,,NA,NA,wood,6,2,4,Osmia across Virginia,USA,Va.,Montgomery,Blacksburg,37.2625,-80.3903,43373,1,1785,0,Trap Nest,,n,TYT,A
Hymenoptera-Apiformes,Megachilidae,Osmia,taurus,male,adult,nobut,JM;168;;;,168,1,,NA,NA,wood,6,2,3,Osmia across Virginia,USA,Va.,Montgomery,Blacksburg,37.2625,-80.3903,43373,1,1786,0,Trap Nest,,n,TYT,A
Hymenoptera-Apiformes,Megachilidae,Osmia,taurus,male,adult,nobut,JM;168;;;,168,1,,NA,NA,wood,6,2,2,Osmia across Virginia,USA,Va.,Montgomery,Blacksburg,37.2625,-80.3903,43373,1,1787,0,Trap Nest,,n,TYT,A
Hymenoptera-Apiformes,Megachilidae,Osmia,taurus,male,adult,nobut,JM;168;;;,168,1,,NA,NA,wood,6,2,1,Osmia across Virginia,USA,Va.,Montgomery,Blacksburg,37.2625,-80.3903,43373,1,1788,0,Trap Nest,,n,TYT,A
,,,.,,,no,fungal detritus;169;;;,169,NA,,NA,NA,wood,8,3,10,Osmia across Virginia,USA,Va.,Montgomery,Blacksburg,37.2625,-80.3903,43373,1,1789,0,Trap Nest,,n,TYT,A
,,,.,,,no,fungal detritus;169;;;,169,NA,,NA,NA,wood,8,3,9,Osmia across Virginia,USA,Va.,Montgomery,Blacksburg,37.2625,-80.3903,43373,1,1790,0,Trap Nest,,n,TYT,A
,,,.,,,no,fungal detritus;169;;;,169,NA,,NA,NA,wood,8,3,8,Osmia across Virginia,USA,Va.,Montgomery,Blacksburg,37.2625,-80.3903,43373,1,1791,0,Trap Nest,,n,TYT,A
,,,.,,,no,fungal detritus;169;;;,169,NA,,NA,NA,wood,8,3,7,Osmia across Virginia,USA,Va.,Montgomery,Blacksburg,37.2625,-80.3903,43373,1,1792,0,Trap Nest,,n,TYT,A
,,,.,,,no,fungal detritus;169;;;,169,NA,,NA,NA,wood,8,3,6,Osmia across Virginia,USA,Va.,Montgomery,Blacksburg,37.2625,-80.3903,43373,1,1793,0,Trap Nest,,n,TYT,A
,,,.,,,no,fungal detritus;169;;;,169,NA,,NA,NA,wood,8,3,5,Osmia across Virginia,USA,Va.,Montgomery,Blacksburg,37.2625,-80.3903,43373,1,1794,0,Trap Nest,,n,TYT,A
,,,.,,,no,fungal detritus;169;;;,169,NA,,NA,NA,wood,8,3,4,Osmia across Virginia,USA,Va.,Montgomery,Blacksburg,37.2625,-80.3903,43373,1,1795,0,Trap Nest,,n,TYT,A
,,,.,,,no,fungal detritus;169;;;,169,NA,,NA,NA,wood,8,3,3,Osmia across Virginia,USA,Va.,Montgomery,Blacksburg,37.2625,-80.3903,43373,1,1796,0,Trap Nest,,n,TYT,A
,,,.,,,no,fungal detritus;169;;;,169,NA,,NA,NA,wood,8,3,2,Osmia across Virginia,USA,Va.,Montgomery,Blacksburg,37.2625,-80.3903,43373,1,1797,0,Trap Nest,,n,TYT,A
,,,.,,,no,fungal detritus;169;;;,169,NA,,NA,NA,wood,8,3,1,Osmia across Virginia,USA,Va.,Montgomery,Blacksburg,37.2625,-80.3903,43373,1,1798,0,Trap Nest,,n,TYT,A
,,,.,,,no,fungal detritus;170;;;,170,NA,,NA,NA,wood,8,3,5,Osmia across Virginia,USA,Va.,Albemarle,Charlottesville,38.020158,-78.634339,43447,1,1799,0,Trap Nest,,y,CBM,N
,,,.,,,no,fungal detritus;170;;;,170,NA,,NA,NA,wood,8,3,4,Osmia across Virginia,USA,Va.,Albemarle,Charlottesville,38.020158,-78.634339,43447,1,1800,0,Trap Nest,,y,CBM,N
,,,.,,,no,fungal detritus;170;;;,170,NA,,NA,NA,wood,8,3,3,Osmia across Virginia,USA,Va.,Albemarle,Charlottesville,38.020158,-78.634339,43447,1,1801,0,Trap Nest,,y,CBM,N
,,,.,,,no,fungal detritus;170;;;,170,1,,A. fusiformis,NA,wood,8,3,2,Osmia across Virginia,USA,Va.,Albemarle,Charlottesville,38.020158,-78.634339,43447,1,1802,1,Trap Nest,,y,CBM,N
,,,.,,,no,fungal detritus;170;;;,170,NA,,NA,NA,wood,8,3,1,Osmia across Virginia,USA,Va.,Albemarle,Charlottesville,38.020158,-78.634339,43447,1,1803,0,Trap Nest,,y,CBM,N
Hymenoptera-Apiformes,Megachilidae,Osmia,cornifrons,female,adult,nobut,JF;171;;;,171,1,,NA,NA,wood,8,1,15,Osmia across Virginia,USA,Va.,Fairfax,GreatFalls,39.004,-77.2959,43373,1,1804,0,Trap Nest,,n,YWM,D
Hymenoptera-Apiformes,Megachilidae,Osmia,cornifrons,female,adult,nobut,JF;171;;;,171,1,,NA,NA,wood,8,1,14,Osmia across Virginia,USA,Va.,Fairfax,GreatFalls,39.004,-77.2959,43373,1,1805,0,Trap Nest,,n,YWM,D
Hymenoptera-Apiformes,Megachilidae,Osmia,cornifrons,female,adult,nobut,JF;171;;;,171,1,,NA,NA,wood,8,1,13,Osmia across Virginia,USA,Va.,Fairfax,GreatFalls,39.004,-77.2959,43373,1,1806,0,Trap Nest,,n,YWM,D
Hymenoptera-Apiformes,Megachilidae,Osmia,cornifrons,female,adult,nobut,JF;171;;;,171,1,,NA,NA,wood,8,1,12,Osmia across Virginia,USA,Va.,Fairfax,GreatFalls,39.004,-77.2959,43558,1,1807,1,Trap Nest,,n,YWM,D
Hymenoptera-Apiformes,Megachilidae,Osmia,cornifrons,female,adult,nobut,JF;171;;;,171,1,,NA,NA,wood,8,1,11,Osmia across Virginia,USA,Va.,Fairfax,GreatFalls,39.004,-77.2959,43373,1,1808,0,Trap Nest,,n,YWM,D
Hymenoptera-Apiformes,Megachilidae,Osmia,cornifrons,female,adult,nobut,JF;171;;;,171,1,,NA,NA,wood,8,1,10,Osmia across Virginia,USA,Va.,Fairfax,GreatFalls,39.004,-77.2959,43558,1,1809,1,Trap Nest,,n,YWM,D
,,,.,,,no,pollen detritus;171;;;,171,NA,,NA,NA,wood,8,1,9,Osmia across Virginia,USA,Va.,Fairfax,GreatFalls,39.004,-77.2959,43373,1,1810,0,Trap Nest,,n,YWM,D
,,,.,,,no,pollen detritus;171;;;,171,NA,,NA,NA,wood,8,1,8,Osmia across Virginia,USA,Va.,Fairfax,GreatFalls,39.004,-77.2959,43373,1,1811,0,Trap Nest,,n,YWM,D
Hymenoptera-Apiformes,Megachilidae,Osmia,cornifrons,female,adult,nobut,JF;171;;;,171,1,,NA,NA,wood,8,1,7,Osmia across Virginia,USA,Va.,Fairfax,GreatFalls,39.004,-77.2959,43373,1,1812,0,Trap Nest,,n,YWM,D
,,,.,,,no,pollen detritus;171;;;,171,NA,,NA,NA,wood,8,1,6,Osmia across Virginia,USA,Va.,Fairfax,GreatFalls,39.004,-77.2959,43373,1,1813,0,Trap Nest,,n,YWM,D
,,,.,,,no,pollen detritus;171;;;,171,NA,,NA,NA,wood,8,1,5,Osmia across Virginia,USA,Va.,Fairfax,GreatFalls,39.004,-77.2959,43373,1,1814,0,Trap Nest,,n,YWM,D
Hymenoptera-Apiformes,Megachilidae,Osmia,cornifrons,female,adult,nobut,JF;171;;;,171,1,,NA,NA,wood,8,1,4,Osmia across Virginia,USA,Va.,Fairfax,GreatFalls,39.004,-77.2959,43558,1,1815,1,Trap Nest,,n,YWM,D
Hymenoptera-Apiformes,Megachilidae,Osmia,cornifrons,female,adult,nobut,JF;171;;;,171,1,,NA,NA,wood,8,1,3,Osmia across Virginia,USA,Va.,Fairfax,GreatFalls,39.004,-77.2959,43558,1,1816,1,Trap Nest,,n,YWM,D
Hymenoptera-Apiformes,Megachilidae,Osmia,cornifrons,female,adult,nobut,JF;171;;;,171,1,,NA,NA,wood,8,1,2,Osmia across Virginia,USA,Va.,Fairfax,GreatFalls,39.004,-77.2959,43373,1,1817,0,Trap Nest,,n,YWM,D
Hymenoptera-Apiformes,Megachilidae,Osmia,cornifrons,male,adult,nobut,JM;171;;;,171,1,,NA,NA,wood,8,1,1,Osmia across Virginia,USA,Va.,Fairfax,GreatFalls,39.004,-77.2959,43373,1,1818,0,Trap Nest,,n,YWM,D
,,,.,,,no,moldy fungal detritus;172;;;,172,NA,,NA,NA,wood,6,3,7,Osmia across Virginia,USA,Va.,Henry,Bassett,36.763656,-79.967006,43447,1,1819,0,Trap Nest,,y,NSD,N
,,,.,,,no,moldy fungal detritus;172;;;,172,NA,,NA,NA,wood,6,3,6,Osmia across Virginia,USA,Va.,Henry,Bassett,36.763656,-79.967006,43447,1,1820,0,Trap Nest,,y,NSD,N
,,,.,,,no,moldy fungal detritus;172;;;,172,NA,,NA,NA,wood,6,3,5,Osmia across Virginia,USA,Va.,Henry,Bassett,36.763656,-79.967006,43447,1,1821,0,Trap Nest,,y,NSD,N
,,,.,,,no,moldy fungal detritus;172;;;,172,NA,,NA,NA,wood,6,3,4,Osmia across Virginia,USA,Va.,Henry,Bassett,36.763656,-79.967006,43447,1,1822,0,Trap Nest,,y,NSD,N
,,,.,,,no,moldy fungal detritus;172;;;,172,1,,A. subglobosa,NA,wood,6,3,3,Osmia across Virginia,USA,Va.,Henry,Bassett,36.763656,-79.967006,43447,1,1823,1,Trap Nest,,y,NSD,N
,,,.,,,no,moldy fungal detritus;172;;;,172,NA,,NA,NA,wood,6,3,2,Osmia across Virginia,USA,Va.,Henry,Bassett,36.763656,-79.967006,43447,1,1824,0,Trap Nest,,y,NSD,N
,,,.,,,no,moldy fungal detritus;172;;;,172,NA,,NA,NA,wood,6,3,1,Osmia across Virginia,USA,Va.,Henry,Bassett,36.763656,-79.967006,43447,1,1825,0,Trap Nest,,y,NSD,N
Hymenoptera-Apiformes,Megachilidae,Osmia,taurus,male,adult,nobut,JM;173;;;,173,1,,NA,NA,wood,6,3,2,Osmia across Virginia,USA,Va.,Powhatan,Powhatan,37.672254,-77.927387,43447,1,1826,0,Trap Nest,,y,THM,N
Hymenoptera-Apiformes,Megachilidae,Osmia,taurus,male,adult,nobut,JM;173;;;,173,1,,NA,NA,wood,6,3,1,Osmia across Virginia,USA,Va.,Powhatan,Powhatan,37.672254,-77.927387,43447,1,1827,0,Trap Nest,,y,THM,N
Hymenoptera-Apiformes,Megachilidae,Osmia,georgica,female,adult,nobut,OG female;174;;;,174,1,,NA,NA,wood,6,1,3,Osmia across Virginia,USA,Va.,Montgomery,Blacksburg,37.2404,-80.4053,43373,1,1828,0,Trap Nest,,n,LER,D
Hymenoptera-Apiformes,Megachilidae,Osmia,georgica,female,adult,nobut,OG male;174;;;,174,1,,NA,NA,wood,6,1,2,Osmia across Virginia,USA,Va.,Montgomery,Blacksburg,37.2404,-80.4053,43373,1,1829,0,Trap Nest,,n,LER,D
,,,.,,pupa,no,pupal cadaver in cocoon; smelly;174;; georgica nest,174,1,,NA,NA,wood,6,1,1,Osmia across Virginia,USA,Va.,Montgomery,Blacksburg,37.2404,-80.4053,43373,1,1830,0,Trap Nest,,n,LER,D
,,,.,,,no,fungal detritus;175;;;,175,NA,,NA,NA,wood,8,2,5,Osmia across Virginia,USA,Va.,Augusta,Churchville,38.273218,-79.092286,43447,1,1831,0,Trap Nest,,y,ALY,N
,,,.,,,no,fungal detritus;175;;;,175,NA,,NA,NA,wood,8,2,4,Osmia across Virginia,USA,Va.,Augusta,Churchville,38.273218,-79.092286,43447,1,1832,0,Trap Nest,,y,ALY,N
,,,.,,,no,fungal detritus;175;;;,175,NA,,NA,NA,wood,8,2,3,Osmia across Virginia,USA,Va.,Augusta,Churchville,38.273218,-79.092286,43447,1,1833,0,Trap Nest,,y,ALY,N
,,,.,,,no,fungal detritus;175;;;,175,NA,,NA,NA,wood,8,2,2,Osmia across Virginia,USA,Va.,Augusta,Churchville,38.273218,-79.092286,43447,1,1834,0,Trap Nest,,y,ALY,N
,,,.,,,no,fungal detritus;175;;;,175,NA,,NA,NA,wood,8,2,1,Osmia across Virginia,USA,Va.,Augusta,Churchville,38.273218,-79.092286,43447,1,1835,0,Trap Nest,,y,ALY,N
Hymenoptera-Apiformes,Megachilidae,Osmia,cornifrons,female,adult,yes,JF; AS (pair 21);176;;,176,NA,,NA,NA,wood,8,1,3,Osmia across Virginia,USA,Va.,Augusta,Churchville,38.273218,-79.092286,43447,1,1836,0,Trap Nest,,y,ALY,N
Hymenoptera-Apiformes,Megachilidae,Osmia,cornifrons,female,adult,nobut,JF;176;;;,176,1,,NA,NA,wood,8,1,2,Osmia across Virginia,USA,Va.,Augusta,Churchville,38.273218,-79.092286,43447,1,1837,0,Trap Nest,,y,ALY,N
,,,.,,larva,yes,AS (pair 21) grub;176;;;cornifrons nest,176,NA,,NA,NA,wood,8,1,1,Osmia across Virginia,USA,Va.,Augusta,Churchville,38.273218,-79.092286,43447,1,1838,0,Trap Nest,,y,ALY,N
,,,.,,,,fungal detritus;177;;;,177,NA,,NA,NA,wood,8,3,10,Osmia across Virginia,USA,Va.,Augusta,Churchville,38.273218,-79.092286,43447,1,1839,0,Trap Nest,,y,ALY,N
,,,.,,,,fungal detritus;177;;;,177,NA,,NA,NA,wood,8,3,9,Osmia across Virginia,USA,Va.,Augusta,Churchville,38.273218,-79.092286,43447,1,1840,0,Trap Nest,,y,ALY,N
,,,.,,,,fungal detritus;177;;;,177,NA,,NA,NA,wood,8,3,8,Osmia across Virginia,USA,Va.,Augusta,Churchville,38.273218,-79.092286,43447,1,1841,0,Trap Nest,,y,ALY,N
,,,.,,,,fungal detritus;177;;;,177,NA,,NA,NA,wood,8,3,7,Osmia across Virginia,USA,Va.,Augusta,Churchville,38.273218,-79.092286,43447,1,1842,0,Trap Nest,,y,ALY,N
,,,.,,,,fungal detritus;177;;;,177,NA,,NA,NA,wood,8,3,6,Osmia across Virginia,USA,Va.,Augusta,Churchville,38.273218,-79.092286,43447,1,1843,0,Trap Nest,,y,ALY,N
,,,.,,,,fungal detritus;177;;;,177,NA,,NA,NA,wood,8,3,5,Osmia across Virginia,USA,Va.,Augusta,Churchville,38.273218,-79.092286,43447,1,1844,0,Trap Nest,,y,ALY,N
,,,.,,,,fungal detritus;177;;;,177,NA,,NA,NA,wood,8,3,4,Osmia across Virginia,USA,Va.,Augusta,Churchville,38.273218,-79.092286,43447,1,1845,0,Trap Nest,,y,ALY,N
,,,.,,,,fungal detritus;177;;;,177,NA,,NA,NA,wood,8,3,3,Osmia across Virginia,USA,Va.,Augusta,Churchville,38.273218,-79.092286,43447,1,1846,0,Trap Nest,,y,ALY,N
,,,.,,,,fungal detritus;177;;;,177,NA,,NA,NA,wood,8,3,2,Osmia across Virginia,USA,Va.,Augusta,Churchville,38.273218,-79.092286,43447,1,1847,0,Trap Nest,,y,ALY,N
,,,.,,,,fungal detritus;177;;;,177,NA,,NA,NA,wood,8,3,1,Osmia across Virginia,USA,Va.,Augusta,Churchville,38.273218,-79.092286,43447,1,1848,0,Trap Nest,,y,ALY,N
,,,.,,,no,fungal detritus;178;;;,178,NA,,NA,NA,wood,6,2,12,Osmia across Virginia,USA,Va.,Fairfax,FairfaxStation,38.7812,-77.319,43373,1,1849,0,Trap Nest,,n,TCY,N
,,,.,,,no,fungal detritus;178;;;,178,NA,,NA,NA,wood,6,2,11,Osmia across Virginia,USA,Va.,Fairfax,FairfaxStation,38.7812,-77.319,43373,1,1850,0,Trap Nest,,n,TCY,N
,,,.,,,no,fungal detritus;178;;;,178,NA,,NA,NA,wood,6,2,10,Osmia across Virginia,USA,Va.,Fairfax,FairfaxStation,38.7812,-77.319,43373,1,1851,0,Trap Nest,,n,TCY,N
,,,.,,,no,fungal detritus;178;;;,178,NA,,NA,NA,wood,6,2,9,Osmia across Virginia,USA,Va.,Fairfax,FairfaxStation,38.7812,-77.319,43373,1,1852,0,Trap Nest,,n,TCY,N
Hymenoptera-Apiformes,Megachilidae,Osmia,taurus,male,adult,nobut,JM;178;;;,178,1,,NA,NA,wood,6,2,8,Osmia across Virginia,USA,Va.,Fairfax,FairfaxStation,38.7812,-77.319,43373,1,1853,0,Trap Nest,,n,TCY,N
Hymenoptera-Apiformes,Megachilidae,Osmia,taurus,male,adult,nobut,JM;178;;;,178,1,,NA,NA,wood,6,2,7,Osmia across Virginia,USA,Va.,Fairfax,FairfaxStation,38.7812,-77.319,43373,1,1854,0,Trap Nest,,n,TCY,N
,,,.,,pupa,no,pupal cadaver; in cocoon; taurus nest;178;;,178,1,,A. fusiformis,NA,wood,6,2,6,Osmia across Virginia,USA,Va.,Fairfax,FairfaxStation,38.7812,-77.319,43433,1,1855,1,Trap Nest,,n,TCY,N
Hymenoptera-Apiformes,Megachilidae,Osmia,taurus,male,adult,nobut,JM;178;;;,178,1,,NA,NA,wood,6,2,5,Osmia across Virginia,USA,Va.,Fairfax,FairfaxStation,38.7812,-77.319,43558,1,1856,1,Trap Nest,,n,TCY,N
Hymenoptera-Apiformes,Megachilidae,Osmia,taurus,male,adult,nobut,JM;178;;;,178,1,,A. larvis/major,NA,wood,6,2,4,Osmia across Virginia,USA,Va.,Fairfax,FairfaxStation,38.7812,-77.319,43558,1,1857,1,Trap Nest,,n,TCY,N
Hymenoptera-Apiformes,Megachilidae,Osmia,taurus,male,adult,nobut,JM;178;;;,178,1,,NA,NA,wood,6,2,3,Osmia across Virginia,USA,Va.,Fairfax,FairfaxStation,38.7812,-77.319,43373,1,1858,0,Trap Nest,,n,TCY,N
Hymenoptera-Apiformes,Megachilidae,Osmia,taurus,male,adult,nobut,JM;178;;;,178,1,,A. larvis/major,NA,wood,6,2,2,Osmia across Virginia,USA,Va.,Fairfax,FairfaxStation,38.7812,-77.319,43558,1,1859,1,Trap Nest,,n,TCY,N
Hymenoptera-Apiformes,Megachilidae,Osmia,taurus,male,adult,nobut,JM;178;;;,178,1,,NA,NA,wood,6,2,1,Osmia across Virginia,USA,Va.,Fairfax,FairfaxStation,38.7812,-77.319,43373,1,1860,0,Trap Nest,,n,TCY,N
Hymenoptera-Apiformes,Megachilidae,Osmia,taurus,female,adult,nobut,JF;179;;;,179,1,,NA,NA,wood,8,3,4,Osmia across Virginia,USA,Va.,Henry,Bassett,36.749562,-79.961918,43447,1,1861,0,Trap Nest,,y,IOO,D
Hymenoptera-Apiformes,Megachilidae,Osmia,taurus,female,adult,nobut,JF;179;;;,179,1,,NA,NA,wood,8,3,3,Osmia across Virginia,USA,Va.,Henry,Bassett,36.749562,-79.961918,43447,1,1862,0,Trap Nest,,y,IOO,D
Hymenoptera-Apiformes,Megachilidae,Osmia,taurus,female,adult,nobut,JF;179;;;,179,1,,NA,NA,wood,8,3,2,Osmia across Virginia,USA,Va.,Henry,Bassett,36.749562,-79.961918,43447,1,1863,0,Trap Nest,,y,IOO,D
,,,.,,pupa,no,pupal cadaver in cocoon;179;;;,179,1,,A. fusiformis,NA,wood,8,3,1,Osmia across Virginia,USA,Va.,Henry,Bassett,36.749562,-79.961918,43447,1,1864,1,Trap Nest,,y,IOO,D
,,Osmia,subfasciata,,adult,no,female atriventris/subfasciata;180;;;,180,1,,NA,NA,wood,6,3,6,Osmia across Virginia,USA,Va.,Montgomery,Blacksburg,37.2377,-80.4604,43373,1,1865,0,Trap Nest,,n,ULG,N
,,Osmia,subfasciata,,adult,no,female atriventris/subfasciata;180;;;,180,1,,NA,NA,wood,6,3,5,Osmia across Virginia,USA,Va.,Montgomery,Blacksburg,37.2377,-80.4604,43373,1,1866,0,Trap Nest,,n,ULG,N
,,Osmia,subfasciata,,adult,no,female atriventris/subfasciata;180;;;,180,1,,NA,NA,wood,6,3,4,Osmia across Virginia,USA,Va.,Montgomery,Blacksburg,37.2377,-80.4604,43373,1,1867,0,Trap Nest,,n,ULG,N
,,Osmia,subfasciata,,adult,no,female atriventris/subfasciata;180;;;,180,1,,NA,NA,wood,6,3,3,Osmia across Virginia,USA,Va.,Montgomery,Blacksburg,37.2377,-80.4604,43373,1,1868,0,Trap Nest,,n,ULG,N
,,Osmia,subfasciata,,adult,no,female atriventris/subfasciata;180;;;,180,1,,NA,NA,wood,6,3,2,Osmia across Virginia,USA,Va.,Montgomery,Blacksburg,37.2377,-80.4604,43373,1,1869,0,Trap Nest,,n,ULG,N
,,Osmia,subfasciata,,adult,no,male atriventris/subfasciata;180;;;,180,1,,NA,NA,wood,6,3,1,Osmia across Virginia,USA,Va.,Montgomery,Blacksburg,37.2377,-80.4604,43373,1,1870,0,Trap Nest,,n,ULG,N
Hymenoptera-Apiformes,Megachilidae,Osmia,taurus,female,adult,yes,JF AS (pair 8);181;;;,181,NA,,NA,NA,wood,6,2,8,Osmia across Virginia,USA,Va.,Albemarle,Greenwood,38.038905,-78.792201,43447,1,1871,0,Trap Nest,,y,HCA,A
Hymenoptera-Apiformes,Megachilidae,Osmia,taurus,male,adult,nobut,JM;181;;;,181,1,,NA,NA,wood,6,2,7,Osmia across Virginia,USA,Va.,Albemarle,Greenwood,38.038905,-78.792201,43447,1,1872,0,Trap Nest,,y,HCA,A
Hymenoptera-Apiformes,Megachilidae,Osmia,taurus,male,adult,nobut,JM;181;;;,181,1,,NA,NA,wood,6,2,6,Osmia across Virginia,USA,Va.,Albemarle,Greenwood,38.038905,-78.792201,43447,1,1873,0,Trap Nest,,y,HCA,A
Hymenoptera-Apiformes,Megachilidae,Osmia,taurus,male,adult,nobut,JM;181;;;,181,1,,NA,NA,wood,6,2,5,Osmia across Virginia,USA,Va.,Albemarle,Greenwood,38.038905,-78.792201,43447,1,1874,0,Trap Nest,,y,HCA,A
Hymenoptera-Apiformes,Megachilidae,Osmia,taurus,male,adult,nobut,JM;181;;;,181,1,,NA,NA,wood,6,2,4,Osmia across Virginia,USA,Va.,Albemarle,Greenwood,38.038905,-78.792201,43447,1,1875,0,Trap Nest,,y,HCA,A
Hymenoptera-Apiformes,Megachilidae,Osmia,taurus,male,adult,nobut,JM;181;;;,181,1,,NA,NA,wood,6,2,3,Osmia across Virginia,USA,Va.,Albemarle,Greenwood,38.038905,-78.792201,43447,1,1876,0,Trap Nest,,y,HCA,A
,,,.,,pupa,no,pupal cadaver in cocoon;181;;;taurus nest,181,1,,NA,NA,wood,6,2,2,Osmia across Virginia,USA,Va.,Albemarle,Greenwood,38.038905,-78.792201,43447,1,1877,0,Trap Nest,,y,HCA,A
Hymenoptera-Apiformes,Megachilidae,Osmia,taurus,male,adult,yes,JM AS (pair 8);181;;;,181,NA,,NA,NA,wood,6,2,1,Osmia across Virginia,USA,Va.,Albemarle,Greenwood,38.038905,-78.792201,43447,1,1878,0,Trap Nest,,y,HCA,A
Hymenoptera-Apiformes,Megachilidae,Osmia,taurus,male,adult,yes,JM AS (pair 38);182;;;,182,NA,,NA,NA,wood,6,1,11,Osmia across Virginia,USA,Va.,Loudon,Ashburn,39.0221,-77.4981,43373,1,1879,0,Trap Nest,,n,RTR,D
Hymenoptera-Apiformes,Megachilidae,Osmia,taurus,male,adult,nobut,JM;182;;;,182,1,,NA,NA,wood,6,1,10,Osmia across Virginia,USA,Va.,Loudon,Ashburn,39.0221,-77.4981,43373,1,1880,0,Trap Nest,,n,RTR,D
Hymenoptera-Apiformes,Megachilidae,Osmia,taurus,male,adult,nobut,JM;182;;;,182,1,,NA,NA,wood,6,1,9,Osmia across Virginia,USA,Va.,Loudon,Ashburn,39.0221,-77.4981,43373,1,1881,0,Trap Nest,,n,RTR,D
Hymenoptera-Apiformes,Megachilidae,Osmia,taurus,male,adult,nobut,JM;182;;;,182,1,,NA,NA,wood,6,1,8,Osmia across Virginia,USA,Va.,Loudon,Ashburn,39.0221,-77.4981,43373,1,1882,0,Trap Nest,,n,RTR,D
Hymenoptera-Apiformes,Megachilidae,Osmia,taurus,male,adult,nobut,JM;182;;;,182,1,,NA,NA,wood,6,1,7,Osmia across Virginia,USA,Va.,Loudon,Ashburn,39.0221,-77.4981,43373,1,1883,0,Trap Nest,,n,RTR,D
Hymenoptera-Apiformes,Megachilidae,Osmia,taurus,male,adult,nobut,JM;182;;;,182,1,,NA,NA,wood,6,1,6,Osmia across Virginia,USA,Va.,Loudon,Ashburn,39.0221,-77.4981,43373,1,1884,0,Trap Nest,,n,RTR,D
Hymenoptera-Apiformes,Megachilidae,Osmia,taurus,male,adult,nobut,JM;182;;;,182,1,,NA,NA,wood,6,1,5,Osmia across Virginia,USA,Va.,Loudon,Ashburn,39.0221,-77.4981,43373,1,1885,0,Trap Nest,,n,RTR,D
Hymenoptera-Apiformes,Megachilidae,Osmia,taurus,male,adult,nobut,JM;182;;;,182,1,,NA,NA,wood,6,1,4,Osmia across Virginia,USA,Va.,Loudon,Ashburn,39.0221,-77.4981,43373,1,1886,0,Trap Nest,,n,RTR,D
Hymenoptera-Apiformes,Megachilidae,Osmia,taurus,male,adult,nobut,JM;182;;;,182,1,,NA,NA,wood,6,1,3,Osmia across Virginia,USA,Va.,Loudon,Ashburn,39.0221,-77.4981,43373,1,1887,0,Trap Nest,,n,RTR,D
Hymenoptera-Apiformes,Megachilidae,Osmia,taurus,male,adult,nobut,JM;182;;;,182,1,,NA,NA,wood,6,1,2,Osmia across Virginia,USA,Va.,Loudon,Ashburn,39.0221,-77.4981,43373,1,1888,0,Trap Nest,,n,RTR,D
Hymenoptera-Apiformes,Megachilidae,Osmia,taurus,male,adult,yes,JM AS (pair 38);182;;;,182,NA,,NA,NA,wood,6,1,1,Osmia across Virginia,USA,Va.,Loudon,Ashburn,39.0221,-77.4981,43373,1,1889,0,Trap Nest,,n,RTR,D
Hymenoptera-Apiformes,Megachilidae,Osmia,taurus,male,adult,yes,JM AS (pair 20);7;;;,7,NA,,NA,NA,wood,6,3,12,Osmia across Virginia,USA,Va.,Loudon,Ashburn,39.0221,-77.4981,43373,1,1890,0,Trap Nest,,n,RTR,D
Hymenoptera-Apiformes,Megachilidae,Osmia,taurus,male,adult,nobut,JM;7;;;,7,1,,NA,NA,wood,6,3,11,Osmia across Virginia,USA,Va.,Loudon,Ashburn,39.0221,-77.4981,43373,1,1891,0,Trap Nest,,n,RTR,D
Hymenoptera-Apiformes,Megachilidae,Osmia,taurus,male,adult,yes,JM AS;7;;;,7,NA,,NA,NA,wood,6,3,10,Osmia across Virginia,USA,Va.,Loudon,Ashburn,39.0221,-77.4981,43373,1,1892,0,Trap Nest,,n,RTR,D
Hymenoptera-Apiformes,Megachilidae,Osmia,taurus,male,adult,yes,JM AS;7;;;,7,NA,,NA,NA,wood,6,3,9,Osmia across Virginia,USA,Va.,Loudon,Ashburn,39.0221,-77.4981,43373,1,1893,0,Trap Nest,,n,RTR,D
Hymenoptera-Apiformes,Megachilidae,Osmia,taurus,male,adult,nobut,JM;7;;;,7,1,,NA,NA,wood,6,3,8,Osmia across Virginia,USA,Va.,Loudon,Ashburn,39.0221,-77.4981,43373,1,1894,0,Trap Nest,,n,RTR,D
Hymenoptera-Apiformes,Megachilidae,Osmia,taurus,male,adult,nobut,JM;7;;;,7,1,,NA,NA,wood,6,3,7,Osmia across Virginia,USA,Va.,Loudon,Ashburn,39.0221,-77.4981,43373,1,1895,0,Trap Nest,,n,RTR,D
Hymenoptera-Apiformes,Megachilidae,Osmia,taurus,male,adult,yes,JM AS;7;;;,7,NA,,NA,NA,wood,6,3,6,Osmia across Virginia,USA,Va.,Loudon,Ashburn,39.0221,-77.4981,43373,1,1896,0,Trap Nest,,n,RTR,D
Hymenoptera-Apiformes,Megachilidae,Osmia,taurus,male,adult,nobut,JM;7;;;,7,1,,NA,NA,wood,6,3,5,Osmia across Virginia,USA,Va.,Loudon,Ashburn,39.0221,-77.4981,43373,1,1897,0,Trap Nest,,n,RTR,D
Hymenoptera-Apiformes,Megachilidae,Osmia,taurus,male,adult,nobut,JM;7;;;,7,1,,NA,NA,wood,6,3,4,Osmia across Virginia,USA,Va.,Loudon,Ashburn,39.0221,-77.4981,43373,1,1898,0,Trap Nest,,n,RTR,D
Hymenoptera-Apiformes,Megachilidae,Osmia,taurus,male,adult,nobut,JM;7;;;,7,1,,NA,NA,wood,6,3,3,Osmia across Virginia,USA,Va.,Loudon,Ashburn,39.0221,-77.4981,43373,1,1899,0,Trap Nest,,n,RTR,D
Hymenoptera-Apiformes,Megachilidae,Osmia,taurus,male,adult,yes,JM AS;7;;;,7,NA,,NA,NA,wood,6,3,2,Osmia across Virginia,USA,Va.,Loudon,Ashburn,39.0221,-77.4981,43373,1,1900,0,Trap Nest,,n,RTR,D
Hymenoptera-Apiformes,Megachilidae,Osmia,taurus,male,adult,yes,JM AS (pair 20);7;;;,7,NA,,NA,NA,wood,6,3,1,Osmia across Virginia,USA,Va.,Loudon,Ashburn,39.0221,-77.4981,43373,1,1901,0,Trap Nest,,n,RTR,D
,,,.,,,no,detritus; already sampled;183;;,183,NA,,NA,NA,wood,8,2,18,Osmia across Virginia,USA,Va.,Loudon,Ashburn,39.0221,-77.4981,43373,1,1902,0,Trap Nest,,n,RTR,D
,,,.,,,no,fungal detritus;183;;;,183,NA,,NA,NA,wood,8,2,17,Osmia across Virginia,USA,Va.,Loudon,Ashburn,39.0221,-77.4981,43373,1,1903,0,Trap Nest,,n,RTR,D
,,,.,,,no,fungal detritus;183;;;,183,NA,,NA,NA,wood,8,2,16,Osmia across Virginia,USA,Va.,Loudon,Ashburn,39.0221,-77.4981,43373,1,1904,0,Trap Nest,,n,RTR,D
,,,.,,,no,fungal detritus;183;;;,183,NA,,NA,NA,wood,8,2,15,Osmia across Virginia,USA,Va.,Loudon,Ashburn,39.0221,-77.4981,43373,1,1905,0,Trap Nest,,n,RTR,D
,,,.,,,no,fungal detritus;183;;;,183,NA,,NA,NA,wood,8,2,14,Osmia across Virginia,USA,Va.,Loudon,Ashburn,39.0221,-77.4981,43373,1,1906,0,Trap Nest,,n,RTR,D
,,,.,,,no,fungal detritus;183;;;,183,NA,,NA,NA,wood,8,2,13,Osmia across Virginia,USA,Va.,Loudon,Ashburn,39.0221,-77.4981,43373,1,1907,0,Trap Nest,,n,RTR,D
Hymenoptera-Apiformes,Megachilidae,Osmia,cornifrons,male,adult,nobut,JM;183;;;,183,1,,NA,NA,wood,8,2,12,Osmia across Virginia,USA,Va.,Loudon,Ashburn,39.0221,-77.4981,43373,1,1908,0,Trap Nest,,n,RTR,D
,,,.,,pupa,no,chalky pupal cadaver;183;;;,183,1,,NA,NA,wood,8,2,11,Osmia across Virginia,USA,Va.,Loudon,Ashburn,39.0221,-77.4981,43373,1,1909,0,Trap Nest,,n,RTR,D
,,,.,,pupa,no,chalky pupal cadaver;183;;;,183,1,,NA,NA,wood,8,2,10,Osmia across Virginia,USA,Va.,Loudon,Ashburn,39.0221,-77.4981,43373,1,1910,0,Trap Nest,,n,RTR,D
Hymenoptera-Apiformes,Megachilidae,Osmia,cornifrons,male,adult,nobut,JM;183;;;,183,1,,NA,NA,wood,8,2,9,Osmia across Virginia,USA,Va.,Loudon,Ashburn,39.0221,-77.4981,43373,1,1911,0,Trap Nest,,n,RTR,D
Hymenoptera-Apiformes,Megachilidae,Osmia,cornifrons,male,adult,nobut,JM;183;;;,183,1,,NA,NA,wood,8,2,8,Osmia across Virginia,USA,Va.,Loudon,Ashburn,39.0221,-77.4981,43373,1,1912,0,Trap Nest,,n,RTR,D
,,,.,,,no,fungal detritus;183;;;,183,NA,,NA,NA,wood,8,2,7,Osmia across Virginia,USA,Va.,Loudon,Ashburn,39.0221,-77.4981,43373,1,1913,0,Trap Nest,,n,RTR,D
Hymenoptera-Apiformes,Megachilidae,Osmia,cornifrons,male,adult,nobut,JM;183;;;,183,1,,NA,NA,wood,8,2,6,Osmia across Virginia,USA,Va.,Loudon,Ashburn,39.0221,-77.4981,43373,1,1914,0,Trap Nest,,n,RTR,D
Hymenoptera-Apiformes,Megachilidae,Osmia,cornifrons,male,adult,nobut,JM;183;;;,183,1,,NA,NA,wood,8,2,5,Osmia across Virginia,USA,Va.,Loudon,Ashburn,39.0221,-77.4981,43373,1,1915,0,Trap Nest,,n,RTR,D
,,,.,,,no,detritus;183;;;,183,NA,,NA,NA,wood,8,2,4,Osmia across Virginia,USA,Va.,Loudon,Ashburn,39.0221,-77.4981,43373,1,1916,0,Trap Nest,,n,RTR,D
,,,.,,,no,detritus;183;;;,183,NA,,NA,NA,wood,8,2,3,Osmia across Virginia,USA,Va.,Loudon,Ashburn,39.0221,-77.4981,43373,1,1917,0,Trap Nest,,n,RTR,D
,,,.,,pupa,no,chalky pupal cadaver;183;;;,183,1,,NA,NA,wood,8,2,2,Osmia across Virginia,USA,Va.,Loudon,Ashburn,39.0221,-77.4981,43373,1,1918,0,Trap Nest,,n,RTR,D
,,,.,,,no,pollen detritus; already sampled;183;;,183,NA,,NA,NA,wood,8,2,1,Osmia across Virginia,USA,Va.,Loudon,Ashburn,39.0221,-77.4981,43373,1,1919,0,Trap Nest,,n,RTR,D
Hymenoptera-Apiformes,Megachilidae,Osmia,taurus,male,adult,yes,JM AS (pair 34);184;;;,184,NA,,NA,NA,wood,8,2,9,Osmia across Virginia,USA,Va.,Madison,Madison,38.3712,-78.2244,43373,1,1920,0,Trap Nest,,n,IIF,N
Hymenoptera-Apiformes,Megachilidae,Osmia,taurus,male,adult,nobut,JM;184;;;,184,1,,NA,NA,wood,8,2,8,Osmia across Virginia,USA,Va.,Madison,Madison,38.3712,-78.2244,43373,1,1921,0,Trap Nest,cornifrons_taurus,n,IIF,N
Hymenoptera-Apiformes,Megachilidae,Osmia,taurus,male,adult,nobut,JM;184;;;,184,1,,NA,NA,wood,8,2,7,Osmia across Virginia,USA,Va.,Madison,Madison,38.3712,-78.2244,43373,1,1922,0,Trap Nest,cornifrons_taurus,n,IIF,N
Hymenoptera-Apiformes,Megachilidae,Osmia,taurus,male,adult,nobut,JM;184;;;,184,1,,NA,NA,wood,8,2,6,Osmia across Virginia,USA,Va.,Madison,Madison,38.3712,-78.2244,43373,1,1923,0,Trap Nest,cornifrons_taurus,n,IIF,N
Hymenoptera-Apiformes,Megachilidae,Osmia,taurus,male,adult,nobut,JM;184;;;,184,1,,NA,NA,wood,8,2,5,Osmia across Virginia,USA,Va.,Madison,Madison,38.3712,-78.2244,43373,1,1924,0,Trap Nest,cornifrons_taurus,n,IIF,N
Hymenoptera-Apiformes,Megachilidae,Osmia,taurus,female,adult,nobut,JF;184;;;,184,1,,NA,NA,wood,8,2,4,Osmia across Virginia,USA,Va.,Madison,Madison,38.3712,-78.2244,43373,1,1925,0,Trap Nest,cornifrons_taurus,n,IIF,N
Hymenoptera-Apiformes,Megachilidae,Osmia,taurus,female,adult,nobut,JF;184;;; usurping cornifrons,184,1,,NA,NA,wood,8,2,3,Osmia across Virginia,USA,Va.,Madison,Madison,38.3712,-78.2244,43373,1,1926,0,Trap Nest,cornifrons_taurus,n,IIF,N
Hymenoptera-Apiformes,Megachilidae,Osmia,cornifrons,male,adult,nobut,JM;184;;; usurped by taurus,184,1,,NA,NA,wood,8,2,2,Osmia across Virginia,USA,Va.,Madison,Madison,38.3712,-78.2244,43373,1,1927,0,Trap Nest,cornifrons_taurus,n,IIF,N
Hymenoptera-Apiformes,Megachilidae,Osmia,cornifrons,male,adult,yes,JM AS (pair 34);184;;;,184,NA,,NA,NA,wood,8,2,1,Osmia across Virginia,USA,Va.,Madison,Madison,38.3712,-78.2244,43373,1,1928,0,Trap Nest,,n,IIF,N
Hymenoptera-Apiformes,Megachilidae,Osmia,cornifrons,male,adult,yes,JM AS (pair 35);185;;;,185,NA,,NA,NA,wood,8,3,8,Osmia across Virginia,USA,Va.,Madison,Madison,38.3712,-78.2244,43373,1,1929,0,Trap Nest,,n,IIF,N
Hymenoptera-Apiformes,Megachilidae,Osmia,cornifrons,male,adult,nobut,JM;185;;;,185,1,,NA,NA,wood,8,3,7,Osmia across Virginia,USA,Va.,Madison,Madison,38.3712,-78.2244,43373,1,1930,0,Trap Nest,,n,IIF,N
Hymenoptera-Apiformes,Megachilidae,Osmia,cornifrons,male,adult,nobut,JM;185;;;,185,1,,NA,NA,wood,8,3,6,Osmia across Virginia,USA,Va.,Madison,Madison,38.3712,-78.2244,43373,1,1931,0,Trap Nest,,n,IIF,N
Hymenoptera-Apiformes,Megachilidae,Osmia,cornifrons,male,adult,nobut,JM;185;;;,185,1,,NA,NA,wood,8,3,5,Osmia across Virginia,USA,Va.,Madison,Madison,38.3712,-78.2244,43373,1,1932,0,Trap Nest,,n,IIF,N
Hymenoptera-Apiformes,Megachilidae,Osmia,cornifrons,male,adult,nobut,JM;185;;;,185,1,,NA,NA,wood,8,3,4,Osmia across Virginia,USA,Va.,Madison,Madison,38.3712,-78.2244,43373,1,1933,0,Trap Nest,,n,IIF,N
Hymenoptera-Apiformes,Megachilidae,Osmia,cornifrons,male,adult,nobut,JM;185;;;,185,1,,NA,NA,wood,8,3,3,Osmia across Virginia,USA,Va.,Madison,Madison,38.3712,-78.2244,43373,1,1934,0,Trap Nest,,n,IIF,N
Hymenoptera-Apiformes,Megachilidae,Osmia,cornifrons,male,adult,nobut,JM;185;;;,185,1,,NA,NA,wood,8,3,2,Osmia across Virginia,USA,Va.,Madison,Madison,38.3712,-78.2244,43373,1,1935,0,Trap Nest,,n,IIF,N
Hymenoptera-Apiformes,Megachilidae,Osmia,cornifrons,male,adult,yes,JM AS (pair 35);185;;;,185,NA,,NA,NA,wood,8,3,1,Osmia across Virginia,USA,Va.,Madison,Madison,38.3712,-78.2244,43373,1,1936,0,Trap Nest,,n,IIF,N
Hymenoptera-Apiformes,Megachilidae,Osmia,cornifrons,female,adult,nobut,JF;186;;;,186,1,,NA,NA,wood,6,2,9,Osmia across Virginia,USA,Va.,Albemarle,Charlottesville,38.0568,-78.6615,43373,1,1937,0,Trap Nest,,n,CTM,N
Hymenoptera-Apiformes,Megachilidae,Osmia,cornifrons,female,adult,nobut,JF;186;;;,186,1,,NA,NA,wood,6,2,8,Osmia across Virginia,USA,Va.,Albemarle,Charlottesville,38.0568,-78.6615,43373,1,1938,0,Trap Nest,,n,CTM,N
Hymenoptera-Apiformes,Megachilidae,Osmia,cornifrons,female,adult,yes,JF AS (pair 29);186;;;,186,NA,,NA,NA,wood,6,2,7,Osmia across Virginia,USA,Va.,Albemarle,Charlottesville,38.0568,-78.6615,43373,1,1939,0,Trap Nest,,n,CTM,N
Hymenoptera-Apiformes,Megachilidae,Osmia,cornifrons,female,adult,nobut,JF;186;;;,186,1,,NA,NA,wood,6,2,6,Osmia across Virginia,USA,Va.,Albemarle,Charlottesville,38.0568,-78.6615,43373,1,1940,0,Trap Nest,,n,CTM,N
Hymenoptera-Apiformes,Megachilidae,Osmia,cornifrons,female,adult,nobut,JF;186;;;,186,1,,NA,NA,wood,6,2,5,Osmia across Virginia,USA,Va.,Albemarle,Charlottesville,38.0568,-78.6615,43373,1,1941,0,Trap Nest,,n,CTM,N
Hymenoptera-Apiformes,Megachilidae,Osmia,cornifrons,male,adult,nobut,JM;186;;;,186,1,,NA,NA,wood,6,2,4,Osmia across Virginia,USA,Va.,Albemarle,Charlottesville,38.0568,-78.6615,43373,1,1942,0,Trap Nest,,n,CTM,N
Hymenoptera-Apiformes,Megachilidae,Osmia,cornifrons,male,adult,nobut,JM;186;;;,186,1,,NA,NA,wood,6,2,3,Osmia across Virginia,USA,Va.,Albemarle,Charlottesville,38.0568,-78.6615,43373,1,1943,0,Trap Nest,,n,CTM,N
Hymenoptera-Apiformes,Megachilidae,Osmia,cornifrons,male,adult,nobut,JM;186;;;,186,1,,NA,NA,wood,6,2,2,Osmia across Virginia,USA,Va.,Albemarle,Charlottesville,38.0568,-78.6615,43373,1,1944,0,Trap Nest,,n,CTM,N
Hymenoptera-Apiformes,Megachilidae,Osmia,cornifrons,male,adult,yes,JM AS (pair 29);186;;;,186,NA,,NA,NA,wood,6,2,1,Osmia across Virginia,USA,Va.,Albemarle,Charlottesville,38.0568,-78.6615,43373,1,1945,0,Trap Nest,,n,CTM,N
,,,.,,,no,fungal detritus;187;;;,187,NA,,NA,NA,wood,8,3,13,Osmia across Virginia,USA,Va.,Loudon,Leesburg,39.1244,-77.5401,43373,1,1946,0,Trap Nest,,n,GBE,D
,,,.,,,no,fungal detritus;187;;;,187,NA,,NA,NA,wood,8,3,12,Osmia across Virginia,USA,Va.,Loudon,Leesburg,39.1244,-77.5401,43373,1,1947,0,Trap Nest,,n,GBE,D
,,,.,,,no,fungal detritus;187;;;,187,NA,,NA,NA,wood,8,3,11,Osmia across Virginia,USA,Va.,Loudon,Leesburg,39.1244,-77.5401,43373,1,1948,0,Trap Nest,,n,GBE,D
,,,.,,,no,fungal detritus;187;;;,187,NA,,NA,NA,wood,8,3,10,Osmia across Virginia,USA,Va.,Loudon,Leesburg,39.1244,-77.5401,43373,1,1949,0,Trap Nest,,n,GBE,D
,,,.,,,no,pollen detritus;187;;;,187,NA,,NA,NA,wood,8,3,9,Osmia across Virginia,USA,Va.,Loudon,Leesburg,39.1244,-77.5401,43373,1,1950,0,Trap Nest,,n,GBE,D
,,,.,,,no,pollen detritus;187;;;,187,NA,,NA,NA,wood,8,3,8,Osmia across Virginia,USA,Va.,Loudon,Leesburg,39.1244,-77.5401,43373,1,1951,0,Trap Nest,,n,GBE,D
Hymenoptera-Apiformes,Megachilidae,Osmia,taurus,female,adult,nobut,JF;187;;;,187,1,,NA,NA,wood,8,3,7,Osmia across Virginia,USA,Va.,Loudon,Leesburg,39.1244,-77.5401,43373,1,1952,0,Trap Nest,,n,GBE,D
Hymenoptera-Apiformes,Megachilidae,Osmia,taurus,male,adult,nobut,JM;187;;;,187,1,,NA,NA,wood,8,3,6,Osmia across Virginia,USA,Va.,Loudon,Leesburg,39.1244,-77.5401,43373,1,1953,0,Trap Nest,,n,GBE,D
Hymenoptera-Apiformes,Megachilidae,Osmia,taurus,male,adult,nobut,JM;187;;;,187,1,,NA,NA,wood,8,3,5,Osmia across Virginia,USA,Va.,Loudon,Leesburg,39.1244,-77.5401,43373,1,1954,0,Trap Nest,,n,GBE,D
Hymenoptera-Apiformes,Megachilidae,Osmia,taurus,male,adult,nobut,JM;187;;;,187,1,,NA,NA,wood,8,3,4,Osmia across Virginia,USA,Va.,Loudon,Leesburg,39.1244,-77.5401,43373,1,1955,0,Trap Nest,,n,GBE,D
Hymenoptera-Apiformes,Megachilidae,Osmia,taurus,male,adult,nobut,JM;187;;;,187,1,,NA,NA,wood,8,3,3,Osmia across Virginia,USA,Va.,Loudon,Leesburg,39.1244,-77.5401,43373,1,1956,0,Trap Nest,,n,GBE,D
Hymenoptera-Apiformes,Megachilidae,Osmia,taurus,male,adult,nobut,JM;187;;;,187,1,,NA,NA,wood,8,3,2,Osmia across Virginia,USA,Va.,Loudon,Leesburg,39.1244,-77.5401,43373,1,1957,0,Trap Nest,,n,GBE,D
Hymenoptera-Apiformes,Megachilidae,Osmia,taurus,male,adult,nobut,JM;187;;;,187,1,,NA,NA,wood,8,3,1,Osmia across Virginia,USA,Va.,Loudon,Leesburg,39.1244,-77.5401,43373,1,1958,0,Trap Nest,,n,GBE,D
Hymenoptera-Apiformes,Megachilidae,Osmia,cornifrons,male,adult,nobut,JM;188;;;,188,1,,NA,NA,wood,6,1,4,Osmia across Virginia,USA,Md.,Montgomery,Chevy Chase,39.002806,-77.067297,43447,1,1959,0,Trap Nest,,y,HBE,D
Hymenoptera-Apiformes,Megachilidae,Osmia,cornifrons,male,adult,nobut,JM;188;;;,188,1,,NA,NA,wood,6,1,3,Osmia across Virginia,USA,Md.,Montgomery,Chevy Chase,39.002806,-77.067297,43447,1,1960,0,Trap Nest,,y,HBE,D
Hymenoptera-Apiformes,Megachilidae,Osmia,cornifrons,female,adult,nobut,JF;188;;;,188,1,,NA,NA,wood,6,1,2,Osmia across Virginia,USA,Md.,Montgomery,Chevy Chase,39.002806,-77.067297,43447,1,1961,0,Trap Nest,,y,HBE,D
,,,.,,,no,fungal detritus;188;;;,188,NA,,NA,NA,wood,6,1,1,Osmia across Virginia,USA,Md.,Montgomery,Chevy Chase,39.002806,-77.067297,43447,1,1962,0,Trap Nest,,y,HBE,D
,,,.,,,no,chalky fungal detritus;189;;;,189,NA,,NA,NA,wood,8,2,10,Osmia across Virginia,USA,Va.,Frederick,Cross Junction,39.3204,-78.2933,43447,1,1963,0,Trap Nest,,y,TVM,N
,,,.,,,no,chalky fungal detritus;189;;;,189,NA,,NA,NA,wood,8,2,9,Osmia across Virginia,USA,Va.,Frederick,Cross Junction,39.3204,-78.2933,43447,1,1964,0,Trap Nest,,y,TVM,N
,,,.,,,no,chalky fungal detritus;189;;;,189,NA,,NA,NA,wood,8,2,8,Osmia across Virginia,USA,Va.,Frederick,Cross Junction,39.3204,-78.2933,43447,1,1965,0,Trap Nest,,y,TVM,N
,,,.,,,no,chalky fungal detritus;189;;;,189,NA,,NA,NA,wood,8,2,7,Osmia across Virginia,USA,Va.,Frederick,Cross Junction,39.3204,-78.2933,43447,1,1966,0,Trap Nest,,y,TVM,N
,,,.,,,no,chalky fungal detritus;189;;;,189,NA,,NA,NA,wood,8,2,6,Osmia across Virginia,USA,Va.,Frederick,Cross Junction,39.3204,-78.2933,43447,1,1967,0,Trap Nest,,y,TVM,N
,,,.,,,no,chalky fungal detritus;189;;;,189,NA,,NA,NA,wood,8,2,5,Osmia across Virginia,USA,Va.,Frederick,Cross Junction,39.3204,-78.2933,43447,1,1968,0,Trap Nest,,y,TVM,N
,,,.,,,no,chalky fungal detritus;189;;;,189,NA,,NA,NA,wood,8,2,4,Osmia across Virginia,USA,Va.,Frederick,Cross Junction,39.3204,-78.2933,43447,1,1969,0,Trap Nest,,y,TVM,N
,,,.,,,no,chalky fungal detritus;189;;;,189,NA,,NA,NA,wood,8,2,3,Osmia across Virginia,USA,Va.,Frederick,Cross Junction,39.3204,-78.2933,43447,1,1970,0,Trap Nest,,y,TVM,N
,,,.,,,no,chalky fungal detritus;189;;;,189,NA,,NA,NA,wood,8,2,2,Osmia across Virginia,USA,Va.,Frederick,Cross Junction,39.3204,-78.2933,43447,1,1971,0,Trap Nest,,y,TVM,N
,,,.,,,no,chalky fungal detritus;189;;;,189,NA,,NA,NA,wood,8,2,1,Osmia across Virginia,USA,Va.,Frederick,Cross Junction,39.3204,-78.2933,43447,1,1972,0,Trap Nest,,y,TVM,N
,,,.,,,no,fungal detritus;190;;;,190,NA,,NA,NA,wood,8,3,14,Osmia across Virginia,USA,Va.,Frederick,Cross Junction,39.3204,-78.2933,43447,1,1973,0,Trap Nest,,y,TVM,N
,,,.,,,no,fungal detritus;190;;;,190,NA,,NA,NA,wood,8,3,13,Osmia across Virginia,USA,Va.,Frederick,Cross Junction,39.3204,-78.2933,43447,1,1974,0,Trap Nest,,y,TVM,N
,,,.,,,no,fungal detritus;190;;;,190,NA,,NA,NA,wood,8,3,12,Osmia across Virginia,USA,Va.,Frederick,Cross Junction,39.3204,-78.2933,43447,1,1975,0,Trap Nest,,y,TVM,N
,,,.,,,no,fungal detritus;190;;;,190,NA,,NA,NA,wood,8,3,11,Osmia across Virginia,USA,Va.,Frederick,Cross Junction,39.3204,-78.2933,43447,1,1976,0,Trap Nest,,y,TVM,N
,,,.,,,no,fungal detritus;190;;;,190,NA,,NA,NA,wood,8,3,10,Osmia across Virginia,USA,Va.,Frederick,Cross Junction,39.3204,-78.2933,43447,1,1977,0,Trap Nest,,y,TVM,N
Hymenoptera-Apiformes,Megachilidae,Osmia,taurus,female,adult,nobut,JF;190;;;,190,1,,NA,NA,wood,8,3,9,Osmia across Virginia,USA,Va.,Frederick,Cross Junction,39.3204,-78.2933,43447,1,1978,0,Trap Nest,,y,TVM,N
Hymenoptera-Apiformes,Megachilidae,Osmia,taurus,male,adult,nobut,JM;190;;;,190,1,,NA,NA,wood,8,3,8,Osmia across Virginia,USA,Va.,Frederick,Cross Junction,39.3204,-78.2933,43447,1,1979,0,Trap Nest,,y,TVM,N
Hymenoptera-Apiformes,Megachilidae,Osmia,taurus,male,adult,nobut,JM;190;;;,190,1,,NA,NA,wood,8,3,7,Osmia across Virginia,USA,Va.,Frederick,Cross Junction,39.3204,-78.2933,43447,1,1980,0,Trap Nest,,y,TVM,N
,,,.,,pupa,no,pupal cadaver; in cocoon; cornifrons nest;190;;,190,1,,NA,NA,wood,8,3,6,Osmia across Virginia,USA,Va.,Frederick,Cross Junction,39.3204,-78.2933,43447,1,1981,1,Trap Nest,,y,TVM,N
,,,.,,,no,fungal detritus;190;;;,190,NA,,NA,NA,wood,8,3,5,Osmia across Virginia,USA,Va.,Frederick,Cross Junction,39.3204,-78.2933,43447,1,1982,0,Trap Nest,,y,TVM,N
,,,.,,,no,fungal detritus;190;;;,190,NA,,NA,NA,wood,8,3,4,Osmia across Virginia,USA,Va.,Frederick,Cross Junction,39.3204,-78.2933,43447,1,1983,0,Trap Nest,,y,TVM,N
,,,.,,,no,fungal detritus;190;;;,190,NA,,NA,NA,wood,8,3,3,Osmia across Virginia,USA,Va.,Frederick,Cross Junction,39.3204,-78.2933,43447,1,1984,0,Trap Nest,,y,TVM,N
,,,.,,,no,fungal detritus;190;;;,190,NA,,NA,NA,wood,8,3,2,Osmia across Virginia,USA,Va.,Frederick,Cross Junction,39.3204,-78.2933,43447,1,1985,0,Trap Nest,,y,TVM,N
,,,.,,,no,fungal detritus;190;;;,190,NA,,NA,NA,wood,8,3,1,Osmia across Virginia,USA,Va.,Frederick,Cross Junction,39.3204,-78.2933,43447,1,1986,0,Trap Nest,,y,TVM,N
Hymenoptera-Apiformes,Megachilidae,Osmia,taurus,female,adult,yes,JF AS (pair 13);191;;;,191,NA,,NA,NA,wood,8,1,12,Osmia across Virginia,USA,Va., ,Winchester,39.1854,-78.1709,43373,1,1987,0,Trap Nest,,n,HMH,D
Hymenoptera-Apiformes,Megachilidae,Osmia,taurus,female,adult,nobut,JF;191;;;,191,1,,NA,NA,wood,8,1,11,Osmia across Virginia,USA,Va., ,Winchester,39.1854,-78.1709,43373,1,1988,0,Trap Nest,,n,HMH,D
Hymenoptera-Apiformes,Megachilidae,Osmia,taurus,female,adult,nobut,JF;191;;;,191,1,,NA,NA,wood,8,1,10,Osmia across Virginia,USA,Va., ,Winchester,39.1854,-78.1709,43373,1,1989,1,Trap Nest,,n,HMH,D
Hymenoptera-Apiformes,Megachilidae,Osmia,taurus,female,adult,nobut,JF;191;;;,191,1,,NA,NA,wood,8,1,9,Osmia across Virginia,USA,Va., ,Winchester,39.1854,-78.1709,43558,1,1990,1,Trap Nest,,n,HMH,D
Hymenoptera-Apiformes,Megachilidae,Osmia,taurus,female,adult,nobut,JF;191;;;,191,1,,NA,NA,wood,8,1,8,Osmia across Virginia,USA,Va., ,Winchester,39.1854,-78.1709,43373,1,1991,0,Trap Nest,,n,HMH,D
,,,.,,,,pollen detritus;191;;;,191,NA,,NA,NA,wood,8,1,7,Osmia across Virginia,USA,Va., ,Winchester,39.1854,-78.1709,43373,1,1992,0,Trap Nest,,n,HMH,D
Hymenoptera-Apiformes,Megachilidae,Osmia,taurus,male,adult,nobut,JM;191;;;,191,1,,NA,NA,wood,8,1,6,Osmia across Virginia,USA,Va., ,Winchester,39.1854,-78.1709,43373,1,1993,0,Trap Nest,,n,HMH,D
,,,.,,,,pollen detritus;191;;;,191,NA,,NA,NA,wood,8,1,5,Osmia across Virginia,USA,Va., ,Winchester,39.1854,-78.1709,43373,1,1994,0,Trap Nest,,n,HMH,D
Hymenoptera-Apiformes,Megachilidae,Osmia,taurus,male,adult,yes,JM AS (pair 13);191;;;,191,NA,,NA,NA,wood,8,1,4,Osmia across Virginia,USA,Va., ,Winchester,39.1854,-78.1709,43373,1,1995,0,Trap Nest,,n,HMH,D
,,,.,,,,pollen detritus;191;;;,191,NA,,NA,NA,wood,8,1,3,Osmia across Virginia,USA,Va., ,Winchester,39.1854,-78.1709,43373,1,1996,0,Trap Nest,,n,HMH,D
,,,.,,,,pollen detritus;191;;;,191,NA,,NA,NA,wood,8,1,2,Osmia across Virginia,USA,Va., ,Winchester,39.1854,-78.1709,43373,1,1997,0,Trap Nest,,n,HMH,D
,,,.,,,,fungal detritus;191;;;,191,NA,,NA,NA,wood,8,1,1,Osmia across Virginia,USA,Va., ,Winchester,39.1854,-78.1709,43373,1,1998,0,Trap Nest,,n,HMH,D
,,,.,,,no,too far back to sample; not drilled straight;192;;,192,NA,,NA,NA,wood,6,1,3,Osmia across Virginia,USA,Va.,Shenandoah,Maurertown,38.935833,-78.516111,43447,1,1999,0,Trap Nest,,y,SGN,A
,,,.,,,no,too far back to sample; not drilled straight;192;;,192,NA,,NA,NA,wood,6,1,2,Osmia across Virginia,USA,Va.,Shenandoah,Maurertown,38.935833,-78.516111,43447,1,2000,0,Trap Nest,,y,SGN,A
,,,unknown,,adult,yes,jewel green chrysidid wasp;192;;;,192,1,,A. naganensis,NA,wood,6,1,1,Osmia across Virginia,USA,Va.,Shenandoah,Maurertown,38.935833,-78.516111,43447,1,2001,1,Trap Nest,,y,SGN,A
Hymenoptera-Apiformes,Megachilidae,Osmia,cornifrons,female,adult,nobut,JF;193;;;,193,1,,NA,NA,wood,6,2,5,Osmia across Virginia,USA,Va.,Shenandoah,Maurertown,38.935833,-78.516111,43558,1,2002,0,Trap Nest,,y,SGN,A
,Chrysididae,,cornifrons,male,adult,nobut,JM;193;;;,193,1,,NA,NA,wood,6,2,4,Osmia across Virginia,USA,Va.,Shenandoah,Maurertown,38.935833,-78.516111,43447,1,2003,0,Trap Nest,,y,SGN,A
,,,.,,,,pollen detritus;193;;;,193,NA,,NA,NA,wood,6,2,3,Osmia across Virginia,USA,Va.,Shenandoah,Maurertown,38.935833,-78.516111,43447,1,2004,0,Trap Nest,,y,SGN,A
,,,cornifrons,,,nobut,chrysididae wasp; cornifrons nest;193;;;,193,1,,A. naganensis,NA,wood,6,2,2,Osmia across Virginia,USA,Va.,Shenandoah,Maurertown,38.935833,-78.516111,43447,1,2005,1,Trap Nest,,y,SGN,A
Hymenoptera-Apiformes,Megachilidae,Osmia,cornifrons,male,adult,nobut,JM;193;;;,193,1,,NA,NA,wood,6,2,1,Osmia across Virginia,USA,Va.,Shenandoah,Maurertown,38.935833,-78.516111,43447,1,2006,0,Trap Nest,,y,SGN,A
,,,.,,,,detritus;194;;;,194,NA,,NA,NA,wood,6,2,9,Osmia across Virginia,USA,Va.,Culpeper,Rixeyville,38.6071,-77.9777,43373,1,2007,0,Trap Nest,,n,DWH,N
,,,.,,,,detritus;194;;;,194,NA,,NA,NA,wood,6,2,8,Osmia across Virginia,USA,Va.,Culpeper,Rixeyville,38.6071,-77.9777,43373,1,2008,0,Trap Nest,,n,DWH,N
,,,.,,,,detritus;194;;;,194,NA,,NA,NA,wood,6,2,7,Osmia across Virginia,USA,Va.,Culpeper,Rixeyville,38.6071,-77.9777,43373,1,2009,0,Trap Nest,,n,DWH,N
,,,.,,,,detritus;194;;;,194,NA,,NA,NA,wood,6,2,6,Osmia across Virginia,USA,Va.,Culpeper,Rixeyville,38.6071,-77.9777,43373,1,2010,0,Trap Nest,,n,DWH,N
,,,.,,,,detritus;194;;;,194,NA,,NA,NA,wood,6,2,5,Osmia across Virginia,USA,Va.,Culpeper,Rixeyville,38.6071,-77.9777,43373,1,2011,0,Trap Nest,,n,DWH,N
,,,.,,,,empty cocoon with detritus inside;194;;;,194,NA,,NA,NA,wood,6,2,4,Osmia across Virginia,USA,Va.,Culpeper,Rixeyville,38.6071,-77.9777,43373,1,2012,0,Trap Nest,,n,DWH,N
Hymenoptera-Apiformes,Megachilidae,Osmia,taurus,male,adult,nobut,JM;194;;;,194,1,,NA,NA,wood,6,2,3,Osmia across Virginia,USA,Va.,Culpeper,Rixeyville,38.6071,-77.9777,43373,1,2013,0,Trap Nest,,n,DWH,N
,,,.,,,,fungal pollen detritus;194;;;,194,NA,,NA,NA,wood,6,2,2,Osmia across Virginia,USA,Va.,Culpeper,Rixeyville,38.6071,-77.9777,43373,1,2014,0,Trap Nest,,n,DWH,N
Hymenoptera-Apiformes,Megachilidae,Osmia,taurus,male,adult,nobut,JM;194;;;,194,1,,NA,NA,wood,6,2,1,Osmia across Virginia,USA,Va.,Culpeper,Rixeyville,38.6071,-77.9777,43373,1,2015,0,Trap Nest,,n,DWH,N
,,,.,,,,fungal detritus;195;;;,195,1,,A. fusiformis,NA,wood,6,1,8,Osmia across Virginia,USA,Va., ,Harrisonburg,38.4446,-78.8879,43373,1,2016,1,Trap Nest,,n,SWG,D
,,,.,,,,fungal detritus;195;;;,195,1,,A. fusiformis,NA,wood,6,1,7,Osmia across Virginia,USA,Va., ,Harrisonburg,38.4446,-78.8879,43373,1,2017,1,Trap Nest,,n,SWG,D
,,,.,,,,fungal detritus;195;;;,195,NA,,NA,NA,wood,6,1,6,Osmia across Virginia,USA,Va., ,Harrisonburg,38.4446,-78.8879,43373,1,2018,0,Trap Nest,,n,SWG,D
,,,.,,,,fungal detritus;195;;;,195,1,,A. fusiformis,NA,wood,6,1,5,Osmia across Virginia,USA,Va., ,Harrisonburg,38.4446,-78.8879,43373,1,2019,1,Trap Nest,,n,SWG,D
,,,.,,,,fungal detritus;195;;;,195,1,,A. fusiformis,NA,wood,6,1,4,Osmia across Virginia,USA,Va., ,Harrisonburg,38.4446,-78.8879,43373,1,2020,1,Trap Nest,,n,SWG,D
,,,.,,,,fungal detritus;195;;;,195,NA,,NA,NA,wood,6,1,3,Osmia across Virginia,USA,Va., ,Harrisonburg,38.4446,-78.8879,43373,1,2021,0,Trap Nest,,n,SWG,D
,,,.,,,,fungal detritus;195;;;,195,1,,A. subglobosa,NA,wood,6,1,2,Osmia across Virginia,USA,Va., ,Harrisonburg,38.4446,-78.8879,43373,1,2022,1,Trap Nest,,n,SWG,D
,,,.,,,,fungal detritus;195;;;,195,1,,A. subglobosa,NA,wood,6,1,1,Osmia across Virginia,USA,Va., ,Harrisonburg,38.4446,-78.8879,43373,1,2023,1,Trap Nest,,n,SWG,D
,,,.,,,no,fungal detritus;196;;;,196,1,,A. celerrima,NA,wood,8,1,9,Osmia across Virginia,USA,Va., ,Harrisonburg,38.4446,-78.8879,43373,1,2024,1,Trap Nest,,n,SWG,D
,,,.,,,no,fungal detritus;196;;;,196,1,,A. celerrima,NA,wood,8,1,8,Osmia across Virginia,USA,Va., ,Harrisonburg,38.4446,-78.8879,43373,1,2025,1,Trap Nest,,n,SWG,D
,,,.,,,no,fungal detritus;196;;;,196,1,,A. subglobosa,NA,wood,8,1,7,Osmia across Virginia,USA,Va., ,Harrisonburg,38.4446,-78.8879,43373,1,2026,1,Trap Nest,,n,SWG,D
,,,.,,,no,fungal detritus;196;;;,196,1,,A. subglobosa,NA,wood,8,1,6,Osmia across Virginia,USA,Va., ,Harrisonburg,38.4446,-78.8879,43373,1,2027,1,Trap Nest,,n,SWG,D
,,,.,,,no,fungal detritus;196;;;,196,1,,NA,NA,wood,8,1,5,Osmia across Virginia,USA,Va., ,Harrisonburg,38.4446,-78.8879,43373,1,2028,1,Trap Nest,,n,SWG,D
,,,.,,,no,fungal detritus;196;;;,196,1,,A. subglobosa,NA,wood,8,1,4,Osmia across Virginia,USA,Va., ,Harrisonburg,38.4446,-78.8879,43373,1,2029,1,Trap Nest,,n,SWG,D
,,,.,,,no,fungal detritus;196;;;,196,1,,A. subglobosa,NA,wood,8,1,3,Osmia across Virginia,USA,Va., ,Harrisonburg,38.4446,-78.8879,43373,1,2030,1,Trap Nest,,n,SWG,D
,,,.,,,no,fungal detritus;196;;;,196,1,,A. celerrima,NA,wood,8,1,2,Osmia across Virginia,USA,Va., ,Harrisonburg,38.4446,-78.8879,43373,1,2031,1,Trap Nest,,n,SWG,D
,,,.,,,no,fungal detritus;196;;;,196,1,,A. subglobosa,NA,wood,8,1,1,Osmia across Virginia,USA,Va., ,Harrisonburg,38.4446,-78.8879,43373,1,2032,1,Trap Nest,,n,SWG,D
Hymenoptera-Apiformes,Megachilidae,Osmia,taurus,male,adult,nobut,JM;197;;;,197,1,,NA,NA,wood,6,3,6,Osmia across Virginia,USA,Va.,Nelson,Afton,37.9306,-78.8367,43373,1,2033,0,Trap Nest,,n,WOY,N
Hymenoptera-Apiformes,Megachilidae,Osmia,taurus,male,adult,nobut,JM;197;;;,197,1,,NA,NA,wood,6,3,5,Osmia across Virginia,USA,Va.,Nelson,Afton,37.9306,-78.8367,43373,1,2034,0,Trap Nest,,n,WOY,N
Hymenoptera-Apiformes,Megachilidae,Osmia,taurus,male,adult,nobut,JM;197;;;,197,1,,NA,NA,wood,6,3,4,Osmia across Virginia,USA,Va.,Nelson,Afton,37.9306,-78.8367,43373,1,2035,0,Trap Nest,,n,WOY,N
Hymenoptera-Apiformes,Megachilidae,Osmia,taurus,male,adult,nobut,JM;197;;;,197,1,,NA,NA,wood,6,3,3,Osmia across Virginia,USA,Va.,Nelson,Afton,37.9306,-78.8367,43373,1,2036,0,Trap Nest,,n,WOY,N
Hymenoptera-Apiformes,Megachilidae,Osmia,taurus,male,adult,nobut,JM;197;;;,197,1,,NA,NA,wood,6,3,2,Osmia across Virginia,USA,Va.,Nelson,Afton,37.9306,-78.8367,43373,1,2037,0,Trap Nest,,n,WOY,N
Hymenoptera-Apiformes,Megachilidae,Osmia,taurus,male,adult,nobut,JM;197;;;,197,1,,NA,NA,wood,6,3,1,Osmia across Virginia,USA,Va.,Nelson,Afton,37.9306,-78.8367,43373,1,2038,0,Trap Nest,,n,WOY,N
Hymenoptera-Apiformes,Megachilidae,Osmia,taurus,female,adult,yes,JF AS (pair 39);198;;;,198,NA,,NA,NA,wood,8,1,4,Osmia across Virginia,USA,Va.,King George,King George,38.299937,-77.144917,43447,1,2039,0,Trap Nest,,y,HPY,N
Hymenoptera-Apiformes,Megachilidae,Osmia,taurus,female,adult,nobut,JF;198;;;,198,1,,NA,NA,wood,8,1,3,Osmia across Virginia,USA,Va.,King George,King George,38.299937,-77.144917,43447,1,2040,0,Trap Nest,,y,HPY,N
Hymenoptera-Apiformes,Megachilidae,Osmia,taurus,female,adult,nobut,JF;198;;;,198,1,,NA,NA,wood,8,1,2,Osmia across Virginia,USA,Va.,King George,King George,38.299937,-77.144917,43447,1,2041,0,Trap Nest,,y,HPY,N
,,,.,,,,pollen detritus;198;;;taurus nest,198,NA,,NA,NA,wood,8,1,1,Osmia across Virginia,USA,Va.,King George,King George,38.299937,-77.144917,43447,1,2042,0,Trap Nest,,y,HPY,N
Hymenoptera-Apiformes,Megachilidae,Osmia,taurus,male,adult,yes,JM AS (pair 7);199;;;,199,NA,,NA,NA,wood,6,3,11,Osmia across Virginia,USA,Va.,Richmond,Rmondcity,37.5349,-77.5766,43373,1,2043,0,Trap Nest,,n,LHF,D
Hymenoptera-Apiformes,Megachilidae,Osmia,taurus,male,adult,nobut,JM;199;;;,199,1,,NA,NA,wood,6,3,10,Osmia across Virginia,USA,Va.,Richmond,Rmondcity,37.5349,-77.5766,43373,1,2044,0,Trap Nest,,n,LHF,D
Hymenoptera-Apiformes,Megachilidae,Osmia,taurus,male,adult,nobut,JM;199;;;,199,1,,NA,NA,wood,6,3,9,Osmia across Virginia,USA,Va.,Richmond,Rmondcity,37.5349,-77.5766,43373,1,2045,0,Trap Nest,,n,LHF,D
Hymenoptera-Apiformes,Megachilidae,Osmia,taurus,male,adult,nobut,JM;199;;;,199,1,,NA,NA,wood,6,3,8,Osmia across Virginia,USA,Va.,Richmond,Rmondcity,37.5349,-77.5766,43373,1,2046,0,Trap Nest,,n,LHF,D
Hymenoptera-Apiformes,Megachilidae,Osmia,taurus,male,adult,nobut,JM;199;;;,199,1,,NA,NA,wood,6,3,7,Osmia across Virginia,USA,Va.,Richmond,Rmondcity,37.5349,-77.5766,43373,1,2047,0,Trap Nest,,n,LHF,D
Hymenoptera-Apiformes,Megachilidae,Osmia,taurus,male,adult,nobut,JM;199;;;,199,1,,NA,NA,wood,6,3,6,Osmia across Virginia,USA,Va.,Richmond,Rmondcity,37.5349,-77.5766,43373,1,2048,0,Trap Nest,,n,LHF,D
Hymenoptera-Apiformes,Megachilidae,Osmia,taurus,male,adult,nobut,JM;199;;;,199,1,,NA,NA,wood,6,3,5,Osmia across Virginia,USA,Va.,Richmond,Rmondcity,37.5349,-77.5766,43373,1,2049,0,Trap Nest,,n,LHF,D
Hymenoptera-Apiformes,Megachilidae,Osmia,taurus,male,adult,nobut,JM;199;;;,199,1,,NA,NA,wood,6,3,4,Osmia across Virginia,USA,Va.,Richmond,Rmondcity,37.5349,-77.5766,43373,1,2050,0,Trap Nest,,n,LHF,D
Hymenoptera-Apiformes,Megachilidae,Osmia,taurus,male,adult,nobut,JM;199;;;,199,1,,NA,NA,wood,6,3,3,Osmia across Virginia,USA,Va.,Richmond,Rmondcity,37.5349,-77.5766,43373,1,2051,0,Trap Nest,,n,LHF,D
Hymenoptera-Apiformes,Megachilidae,Osmia,taurus,male,adult,nobut,JM;199;;;,199,1,,NA,NA,wood,6,3,2,Osmia across Virginia,USA,Va.,Richmond,Rmondcity,37.5349,-77.5766,43373,1,2052,0,Trap Nest,,n,LHF,D
Hymenoptera-Apiformes,Megachilidae,Osmia,taurus,male,adult,yes,JM AS (pair 7);199;;;,199,NA,,NA,NA,wood,6,3,1,Osmia across Virginia,USA,Va.,Richmond,Rmondcity,37.5349,-77.5766,43373,1,2053,0,Trap Nest,,n,LHF,D
,,,.,,,,fungal detritus;200;;;,200,NA,,NA,NA,wood,6,3,3,Osmia across Virginia,USA,Va.,Montgomery,Blacksburg,37.2404,-80.4053,43373,1,2054,0,Trap Nest,,n,LTG,N
,,,.,,,,fungal detritus;200;;;,200,NA,,NA,NA,wood,6,3,2,Osmia across Virginia,USA,Va.,Montgomery,Blacksburg,37.2404,-80.4053,43373,1,2055,0,Trap Nest,,n,LTG,N
,,,.,,,,fungal detritus;200;;;,200,NA,,NA,NA,wood,6,3,1,Osmia across Virginia,USA,Va.,Montgomery,Blacksburg,37.2404,-80.4053,43373,1,2056,0,Trap Nest,,n,LTG,N
,,,.,,,,fungal detritus;201;;;,201,NA,,NA,NA,wood,6,1,9,Osmia across Virginia,USA,Va.,Clarke,Bluemont,39.1292,-77.8604,43373,1,2057,0,Trap Nest,,n,TVS,N
,,,.,,,,fungal detritus;201;;;,201,NA,,NA,NA,wood,6,1,8,Osmia across Virginia,USA,Va.,Clarke,Bluemont,39.1292,-77.8604,43373,1,2058,0,Trap Nest,,n,TVS,N
,,,.,,,,fungal detritus;201;;;,201,NA,,NA,NA,wood,6,1,7,Osmia across Virginia,USA,Va.,Clarke,Bluemont,39.1292,-77.8604,43373,1,2059,0,Trap Nest,,n,TVS,N
,,,.,,,,fungal detritus;201;;;,201,NA,,NA,NA,wood,6,1,6,Osmia across Virginia,USA,Va.,Clarke,Bluemont,39.1292,-77.8604,43373,1,2060,0,Trap Nest,,n,TVS,N
,,,.,,,,fungal detritus;201;;;,201,NA,,NA,NA,wood,6,1,5,Osmia across Virginia,USA,Va.,Clarke,Bluemont,39.1292,-77.8604,43373,1,2061,0,Trap Nest,,n,TVS,N
,,,.,,,,fungal detritus;201;;;,201,NA,,NA,NA,wood,6,1,4,Osmia across Virginia,USA,Va.,Clarke,Bluemont,39.1292,-77.8604,43373,1,2062,0,Trap Nest,,n,TVS,N
,,,.,,,,fungal detritus;201;;;,201,NA,,NA,NA,wood,6,1,3,Osmia across Virginia,USA,Va.,Clarke,Bluemont,39.1292,-77.8604,43373,1,2063,0,Trap Nest,,n,TVS,N
,,,.,,,,fungal detritus;201;;;,201,NA,,NA,NA,wood,6,1,2,Osmia across Virginia,USA,Va.,Clarke,Bluemont,39.1292,-77.8604,43373,1,2064,0,Trap Nest,,n,TVS,N
,,,.,,,,fungal detritus;201;;;,201,NA,,NA,NA,wood,6,1,1,Osmia across Virginia,USA,Va.,Clarke,Bluemont,39.1292,-77.8604,43373,1,2065,0,Trap Nest,,n,TVS,N
,,,.,,,,fungal detritus;202;;;,202,NA,,NA,NA,wood,6,2,10,Osmia across Virginia,USA,Va.,Clarke,Bluemont,39.1292,-77.8604,43373,1,2066,0,Trap Nest,,n,TVS,N
,,,.,,,,fungal detritus;202;;;,202,NA,,NA,NA,wood,6,2,9,Osmia across Virginia,USA,Va.,Clarke,Bluemont,39.1292,-77.8604,43373,1,2067,0,Trap Nest,,n,TVS,N
,,,.,,,,fungal detritus;202;;;,202,NA,,NA,NA,wood,6,2,8,Osmia across Virginia,USA,Va.,Clarke,Bluemont,39.1292,-77.8604,43373,1,2068,0,Trap Nest,,n,TVS,N
,,,.,,,,fungal detritus;202;;;,202,NA,,NA,NA,wood,6,2,7,Osmia across Virginia,USA,Va.,Clarke,Bluemont,39.1292,-77.8604,43373,1,2069,0,Trap Nest,,n,TVS,N
,,,.,,,,fungal detritus;202;;;,202,NA,,NA,NA,wood,6,2,6,Osmia across Virginia,USA,Va.,Clarke,Bluemont,39.1292,-77.8604,43373,1,2070,0,Trap Nest,,n,TVS,N
,,,.,,,,fungal detritus;202;;;,202,NA,,NA,NA,wood,6,2,5,Osmia across Virginia,USA,Va.,Clarke,Bluemont,39.1292,-77.8604,43373,1,2071,0,Trap Nest,,n,TVS,N
,,,.,,,,fungal detritus;202;;;,202,NA,,NA,NA,wood,6,2,4,Osmia across Virginia,USA,Va.,Clarke,Bluemont,39.1292,-77.8604,43373,1,2072,0,Trap Nest,,n,TVS,N
Hymenoptera-Apiformes,Megachilidae,Osmia,taurus,male,adult,no,JM crunchy cadaver;202;;;,202,1,,NA,NA,wood,6,2,3,Osmia across Virginia,USA,Va.,Clarke,Bluemont,39.1292,-77.8604,43558,1,2073,0,Trap Nest,,n,TVS,N
,,,.,,pupa,no,pupal cadaver in cocoon; taurus nest;202;;;,202,1,,A. fusiformis,NA,wood,6,2,2,Osmia across Virginia,USA,Va.,Clarke,Bluemont,39.1292,-77.8604,43433,1,2074,1,Trap Nest,,n,TVS,N
,,,.,,,,fungal detritus;202;;;,202,NA,,NA,NA,wood,6,2,1,Osmia across Virginia,USA,Va.,Clarke,Bluemont,39.1292,-77.8604,43373,1,2075,0,Trap Nest,,n,TVS,N
,,,.,,,no,pollen detritus;203;;;,203,NA,,NA,NA,wood,6,2,9,Osmia across Virginia,USA,WV,Hampshire,Augusta,39.24797,-78.52681,43447,1,2076,0,Trap Nest,,y,TMB,N
,,,.,,,no,pollen detritus;203;;;,203,NA,,NA,NA,wood,6,2,8,Osmia across Virginia,USA,WV,Hampshire,Augusta,39.24797,-78.52681,43447,1,2077,0,Trap Nest,,y,TMB,N
,,,.,,,no,pollen detritus;203;;;,203,NA,,NA,NA,wood,6,2,7,Osmia across Virginia,USA,WV,Hampshire,Augusta,39.24797,-78.52681,43447,1,2078,0,Trap Nest,,y,TMB,N
,,,.,,,no,pollen detritus;203;;;,203,1,,A. subglobosa,NA,wood,6,2,6,Osmia across Virginia,USA,WV,Hampshire,Augusta,39.24797,-78.52681,43447,1,2079,1,Trap Nest,,y,TMB,N
,,,.,,,no,pollen detritus;203;;;,203,NA,,NA,NA,wood,6,2,5,Osmia across Virginia,USA,WV,Hampshire,Augusta,39.24797,-78.52681,43447,1,2080,0,Trap Nest,,y,TMB,N
,,,.,,,no,pollen detritus;203;;;,203,NA,,NA,NA,wood,6,2,4,Osmia across Virginia,USA,WV,Hampshire,Augusta,39.24797,-78.52681,43447,1,2081,0,Trap Nest,,y,TMB,N
,,,.,,,no,pollen detritus;203;;;,203,NA,,NA,NA,wood,6,2,3,Osmia across Virginia,USA,WV,Hampshire,Augusta,39.24797,-78.52681,43447,1,2082,0,Trap Nest,,y,TMB,N
,,,.,,,no,pollen detritus;203;;;,203,NA,,NA,NA,wood,6,2,2,Osmia across Virginia,USA,WV,Hampshire,Augusta,39.24797,-78.52681,43447,1,2083,0,Trap Nest,,y,TMB,N
,,,.,,,no,pollen detritus;203;;;,203,NA,,NA,NA,wood,6,2,1,Osmia across Virginia,USA,WV,Hampshire,Augusta,39.24797,-78.52681,43447,1,2084,0,Trap Nest,,y,TMB,N
Hymenoptera-Apiformes,Megachilidae,Osmia,taurus,male,adult,nobut,JM;204;;;,204,1,,NA,NA,wood,6,3,3,Osmia across Virginia,USA,WV,Hampshire,Augusta,39.24797,-78.52681,43447,1,2085,0,Trap Nest,,y,TMB,N
Hymenoptera-Apiformes,Megachilidae,Osmia,taurus,male,adult,nobut,JM;204;;;,204,1,,NA,NA,wood,6,3,2,Osmia across Virginia,USA,WV,Hampshire,Augusta,39.24797,-78.52681,43447,1,2086,0,Trap Nest,,y,TMB,N
,,,.,,pupa,no,pupal cadaver in cocoon;204;;; taurus nest,204,1,,NA,NA,wood,6,3,1,Osmia across Virginia,USA,WV,Hampshire,Augusta,39.24797,-78.52681,43447,1,2087,0,Trap Nest,,y,TMB,N
Hymenoptera-Apiformes,Megachilidae,Osmia,cornifrons,female,adult,yes,JF AS (pair 50);205;;;,205,NA,,NA,NA,wood,8,2,8,Osmia across Virginia,USA,WV,Hampshire,Augusta,39.24797,-78.52681,43447,1,2088,0,Trap Nest,,y,TMB,N
Hymenoptera-Apiformes,Megachilidae,Osmia,cornifrons,female,adult,yes,JF AS;205;;;,205,NA,,NA,NA,wood,8,2,7,Osmia across Virginia,USA,WV,Hampshire,Augusta,39.24797,-78.52681,43447,1,2089,0,Trap Nest,,y,TMB,N
Hymenoptera-Apiformes,Megachilidae,Osmia,cornifrons,female,adult,yes,JF AS;205;;;,205,NA,,NA,NA,wood,8,2,6,Osmia across Virginia,USA,WV,Hampshire,Augusta,39.24797,-78.52681,43447,1,2090,0,Trap Nest,,y,TMB,N
Hymenoptera-Apiformes,Megachilidae,Osmia,cornifrons,female,adult,yes,JF AS;205;;;,205,NA,,NA,NA,wood,8,2,5,Osmia across Virginia,USA,WV,Hampshire,Augusta,39.24797,-78.52681,43447,1,2091,0,Trap Nest,,y,TMB,N
Hymenoptera-Apiformes,Megachilidae,Osmia,cornifrons,female,adult,yes,JF AS;205;;;,205,NA,,NA,NA,wood,8,2,4,Osmia across Virginia,USA,WV,Hampshire,Augusta,39.24797,-78.52681,43447,1,2092,0,Trap Nest,,y,TMB,N
Hymenoptera-Apiformes,Megachilidae,Osmia,cornifrons,female,adult,yes,JF AS (pair 50);205;;;,205,NA,,NA,NA,wood,8,2,3,Osmia across Virginia,USA,WV,Hampshire,Augusta,39.24797,-78.52681,43447,1,2093,0,Trap Nest,,y,TMB,N
Hymenoptera-Apiformes,Megachilidae,Osmia,cornifrons,male,adult,nobut,JM;205;;;,205,1,,NA,NA,wood,8,2,2,Osmia across Virginia,USA,WV,Hampshire,Augusta,39.24797,-78.52681,43447,1,2094,0,Trap Nest,,y,TMB,N
Hymenoptera-Apiformes,Megachilidae,Osmia,cornifrons,male,adult,yes,JM AS;205;;;,205,NA,,NA,NA,wood,8,2,1,Osmia across Virginia,USA,WV,Hampshire,Augusta,39.24797,-78.52681,43447,1,2095,0,Trap Nest,,y,TMB,N
,,,.,,adult,yes,Japanese species; already sampled pair 51 at blandy;206;;,206,NA,,NA,NA,wood,8,3,10,Osmia across Virginia,USA,WV,Hampshire,Augusta,39.24797,-78.52681,43447,1,2096,0,Trap Nest,,y,TMB,N
,,,.,,adult,yes,Japanese species; already sampled pair 51 at blandy;206;;,206,NA,,NA,NA,wood,8,3,9,Osmia across Virginia,USA,WV,Hampshire,Augusta,39.24797,-78.52681,43447,1,2097,0,Trap Nest,,y,TMB,N
,,,.,,adult,yes,Japanese species; already sampled pair 51 at blandy;206;;,206,NA,,NA,NA,wood,8,3,8,Osmia across Virginia,USA,WV,Hampshire,Augusta,39.24797,-78.52681,43447,1,2098,0,Trap Nest,,y,TMB,N
,,,.,,adult,yes,Japanese species; already sampled pair 51 at blandy;206;;,206,NA,,NA,NA,wood,8,3,7,Osmia across Virginia,USA,WV,Hampshire,Augusta,39.24797,-78.52681,43447,1,2099,0,Trap Nest,,y,TMB,N
,,,.,,adult,yes,Japanese species; already sampled pair 51 at blandy;206;;,206,NA,,NA,NA,wood,8,3,6,Osmia across Virginia,USA,WV,Hampshire,Augusta,39.24797,-78.52681,43447,1,2100,0,Trap Nest,,y,TMB,N
,,,.,,adult,yes,Japanese species; already sampled pair 51 at blandy;206;;,206,NA,,NA,NA,wood,8,3,5,Osmia across Virginia,USA,WV,Hampshire,Augusta,39.24797,-78.52681,43447,1,2101,0,Trap Nest,,y,TMB,N
,,,.,,adult,yes,Japanese species; already sampled pair 51 at blandy;206;;,206,NA,,NA,NA,wood,8,3,4,Osmia across Virginia,USA,WV,Hampshire,Augusta,39.24797,-78.52681,43447,1,2102,0,Trap Nest,,y,TMB,N
,,,.,,adult,yes,Japanese species; already sampled pair 51 at blandy;206;;,206,NA,,NA,NA,wood,8,3,3,Osmia across Virginia,USA,WV,Hampshire,Augusta,39.24797,-78.52681,43447,1,2103,0,Trap Nest,,y,TMB,N
,,,.,,adult,yes,Japanese species; already sampled pair 51 at blandy;206;;,206,NA,,NA,NA,wood,8,3,2,Osmia across Virginia,USA,WV,Hampshire,Augusta,39.24797,-78.52681,43447,1,2104,0,Trap Nest,,y,TMB,N
,,,.,,adult,yes,Japanese species; already sampled pair 51 at blandy;206;;,206,NA,,NA,NA,wood,8,3,1,Osmia across Virginia,USA,WV,Hampshire,Augusta,39.24797,-78.52681,43447,1,2105,0,Trap Nest,,y,TMB,N
Hymenoptera-Apiformes,Megachilidae,Osmia,cornifrons,female,adult,nobut,JF;207;;;,207,1,,NA,NA,wood,8,2,6,Osmia across Virginia,USA,Va.,Albemarle,Charlottesville,38.0654,-78.6638,43373,1,2106,0,Trap Nest,,n,TNT,D
Hymenoptera-Apiformes,Megachilidae,Osmia,cornifrons,female,adult,yes,JF AS;207;;;,207,NA,,NA,NA,wood,8,2,5,Osmia across Virginia,USA,Va.,Albemarle,Charlottesville,38.0654,-78.6638,43373,1,2107,0,Trap Nest,,n,TNT,D
Hymenoptera-Apiformes,Megachilidae,Osmia,cornifrons,female,adult,nobut,JF;207;;;,207,1,,NA,NA,wood,8,2,4,Osmia across Virginia,USA,Va.,Albemarle,Charlottesville,38.0654,-78.6638,43373,1,2108,0,Trap Nest,,n,TNT,D
Hymenoptera-Apiformes,Megachilidae,Osmia,cornifrons,female,adult,nobut,JF;207;;;,207,1,,NA,NA,wood,8,2,3,Osmia across Virginia,USA,Va.,Albemarle,Charlottesville,38.0654,-78.6638,43373,1,2109,0,Trap Nest,,n,TNT,D
,,,.,,,,pollen detritus;207;;;cornifrons nest,207,NA,,NA,NA,wood,8,2,2,Osmia across Virginia,USA,Va.,Albemarle,Charlottesville,38.0654,-78.6638,43373,1,2110,0,Trap Nest,,n,TNT,D
Hymenoptera-Apiformes,Megachilidae,Osmia,cornifrons,female,adult,nobut,JF;207;;;,207,1,,NA,NA,wood,8,2,1,Osmia across Virginia,USA,Va.,Albemarle,Charlottesville,38.0654,-78.6638,43373,1,2111,0,Trap Nest,,n,TNT,D
Hymenoptera-Apiformes,Megachilidae,Osmia,lignaria,female,adult,yes,BOB female AS (pair 42);208;;;,208,NA,,NA,NA,wood,8,1,3,Osmia across Virginia,USA,Va.,Albemarle,Charlottesville,38.156987,-78.437576,43447,1,2112,0,Trap Nest,,y,CMC,N
Hymenoptera-Apiformes,Megachilidae,Osmia,lignaria,male,adult,nobut,BOB male;208;;;,208,1,,NA,NA,wood,8,1,2,Osmia across Virginia,USA,Va.,Albemarle,Charlottesville,38.156987,-78.437576,43447,1,2113,0,Trap Nest,,y,CMC,N
Hymenoptera-Apiformes,Megachilidae,Osmia,lignaria,male,adult,nobut,BOB male;208;;;,208,1,,NA,NA,wood,8,1,1,Osmia across Virginia,USA,Va.,Albemarle,Charlottesville,38.156987,-78.437576,43447,1,2114,0,Trap Nest,,y,CMC,N
,,,.,,pupa,no,chalky pupal cadaver in cocoon;209;;;taurus nest,209,1,,NA,NA,wood,8,1,10,Osmia across Virginia,USA,Va.,Albemarle,Charlottesville,38.064353,-78.529516,43447,1,2115,0,Trap Nest,taurus_lignaria,y,GTL,N
,,,.,,,,fungal detritus;209;;;taurus nest,209,NA,,NA,NA,wood,8,1,9,Osmia across Virginia,USA,Va.,Albemarle,Charlottesville,38.064353,-78.529516,43447,1,2116,0,Trap Nest,taurus_lignaria,y,GTL,N
,,,.,,,,fungal detritus;209;;;taurus nest,209,NA,,NA,NA,wood,8,1,8,Osmia across Virginia,USA,Va.,Albemarle,Charlottesville,38.064353,-78.529516,43447,1,2117,0,Trap Nest,taurus_lignaria,y,GTL,N
Hymenoptera-Apiformes,Megachilidae,Osmia,taurus,female,adult,yes,JF AS (pair 24);209;;;,209,NA,,NA,NA,wood,8,1,8,Osmia across Virginia,USA,Va.,Albemarle,Charlottesville,38.064353,-78.529516,43447,1,2118,0,Trap Nest,taurus_lignaria,y,GTL,N
Hymenoptera-Apiformes,Megachilidae,Osmia,taurus,female,adult,nobut,JF;209;;;,209,1,,NA,NA,wood,8,1,7,Osmia across Virginia,USA,Va.,Albemarle,Charlottesville,38.064353,-78.529516,43447,1,2119,0,Trap Nest,taurus_lignaria,y,GTL,N
,,,.,,pupa,no,fungal pupal cadaver in cocoon;209;;;taurus nest,209,1,,NA,NA,wood,8,1,6,Osmia across Virginia,USA,Va.,Albemarle,Charlottesville,38.064353,-78.529516,43447,1,2120,0,Trap Nest,taurus_lignaria,y,GTL,N
Hymenoptera-Apiformes,Megachilidae,Osmia,taurus,female,adult,nobut,JF;209;;;,209,1,,NA,NA,wood,8,1,5,Osmia across Virginia,USA,Va.,Albemarle,Charlottesville,38.064353,-78.529516,43447,1,2121,0,Trap Nest,taurus_lignaria,y,GTL,N
,,,.,,pupa,no,big fungal pupal cadaver in cocoon;209;;;taurus nest,209,1,,NA,NA,wood,8,1,4,Osmia across Virginia,USA,Va.,Albemarle,Charlottesville,38.064353,-78.529516,43447,1,2122,0,Trap Nest,taurus_lignaria,y,GTL,N
Hymenoptera-Apiformes,Megachilidae,Osmia,taurus,female,adult,yes,JF;209;;;,209,NA,,NA,NA,wood,8,1,3,Osmia across Virginia,USA,Va.,Albemarle,Charlottesville,38.064353,-78.529516,43447,1,2123,0,Trap Nest,taurus_lignaria,y,GTL,N
Hymenoptera-Apiformes,Megachilidae,Osmia,lignaria,male,adult,yes,BOB male AS (pair 24);209;;;,209,NA,,NA,NA,wood,8,1,1,Osmia across Virginia,USA,Va.,Albemarle,Charlottesville,38.064353,-78.529516,43447,1,2124,0,Trap Nest,taurus_lignaria,y,GTL,N
,,,.,,pupa,no,chalky pupal cadaver;210;;; taurus nest,210,1,,NA,NA,wood,8,2,10,Osmia across Virginia,USA,Va.,Albemarle,Charlottesville,38.064353,-78.529516,43447,1,2125,0,Trap Nest,,y,GTL,N
Hymenoptera-Apiformes,Megachilidae,Osmia,taurus,female,adult,yes,JF; already sampled;210;;,210,NA,,NA,NA,wood,8,2,9,Osmia across Virginia,USA,Va.,Albemarle,Charlottesville,38.064353,-78.529516,43447,1,2126,0,Trap Nest,,y,GTL,N
Hymenoptera-Apiformes,Megachilidae,Osmia,taurus,female,adult,yes,JF; already sampled;210;;,210,NA,,NA,NA,wood,8,2,8,Osmia across Virginia,USA,Va.,Albemarle,Charlottesville,38.064353,-78.529516,43447,1,2127,0,Trap Nest,,y,GTL,N
Hymenoptera-Apiformes,Megachilidae,Osmia,taurus,female,adult,yes,JF; already sampled;210;;,210,NA,,NA,NA,wood,8,2,7,Osmia across Virginia,USA,Va.,Albemarle,Charlottesville,38.064353,-78.529516,43447,1,2128,0,Trap Nest,,y,GTL,N
Hymenoptera-Apiformes,Megachilidae,Osmia,taurus,female,adult,nobut,JF;210;;;,210,1,,NA,NA,wood,8,2,6,Osmia across Virginia,USA,Va.,Albemarle,Charlottesville,38.064353,-78.529516,43447,1,2129,0,Trap Nest,,y,GTL,N
Hymenoptera-Apiformes,Megachilidae,Osmia,taurus,female,adult,yes,JF; already sampled;210;;,210,NA,,NA,NA,wood,8,2,5,Osmia across Virginia,USA,Va.,Albemarle,Charlottesville,38.064353,-78.529516,43447,1,2130,0,Trap Nest,,y,GTL,N
Hymenoptera-Apiformes,Megachilidae,Osmia,taurus,female,adult,yes,JF; already sampled;210;;,210,NA,,NA,NA,wood,8,2,4,Osmia across Virginia,USA,Va.,Albemarle,Charlottesville,38.064353,-78.529516,43447,1,2131,0,Trap Nest,,y,GTL,N
Hymenoptera-Apiformes,Megachilidae,Osmia,taurus,female,adult,nobut,JF;210;;;,210,1,,NA,NA,wood,8,2,3,Osmia across Virginia,USA,Va.,Albemarle,Charlottesville,38.064353,-78.529516,43447,1,2132,0,Trap Nest,,y,GTL,N
Hymenoptera-Apiformes,Megachilidae,Osmia,taurus,female,adult,yes,JF; already sampled;210;;,210,NA,,NA,NA,wood,8,2,2,Osmia across Virginia,USA,Va.,Albemarle,Charlottesville,38.064353,-78.529516,43447,1,2133,0,Trap Nest,,y,GTL,N
Hymenoptera-Apiformes,Megachilidae,Osmia,taurus,female,adult,yes,JF; already sampled;210;;,210,NA,,NA,NA,wood,8,2,1,Osmia across Virginia,USA,Va.,Albemarle,Charlottesville,38.064353,-78.529516,43447,1,2134,0,Trap Nest,,y,GTL,N
Hymenoptera-Apiformes,Megachilidae,Osmia,cornifrons,female,adult,yes,JF AS (pair 40);211;;;,211,NA,,NA,NA,wood,8,2,12,Osmia across Virginia,USA,Va.,Fairfax,Fairfax City,38.8391,-77.289,43373,1,2135,0,Trap Nest,,n,TTH,D
Hymenoptera-Apiformes,Megachilidae,Osmia,cornifrons,female,adult,nobut,JF;211;;;,211,1,,NA,NA,wood,8,2,11,Osmia across Virginia,USA,Va.,Fairfax,Fairfax City,38.8391,-77.289,43373,1,2136,0,Trap Nest,,n,TTH,D
Hymenoptera-Apiformes,Megachilidae,Osmia,cornifrons,female,adult,nobut,JF;211;;;,211,1,,NA,NA,wood,8,2,10,Osmia across Virginia,USA,Va.,Fairfax,Fairfax City,38.8391,-77.289,43373,1,2137,0,Trap Nest,,n,TTH,D
Hymenoptera-Apiformes,Megachilidae,Osmia,cornifrons,female,adult,nobut,JF;211;;;,211,1,,NA,NA,wood,8,2,9,Osmia across Virginia,USA,Va.,Fairfax,Fairfax City,38.8391,-77.289,43373,1,2138,0,Trap Nest,,n,TTH,D
Hymenoptera-Apiformes,Megachilidae,Osmia,cornifrons,female,adult,nobut,JF;211;;;,211,1,,A. fusiformis,NA,wood,8,2,8,Osmia across Virginia,USA,Va.,Fairfax,Fairfax City,38.8391,-77.289,43373,1,2139,1,Trap Nest,,n,TTH,D
Hymenoptera-Apiformes,Megachilidae,Osmia,cornifrons,female,adult,nobut,JF;211;;;,211,NA,,NA,NA,wood,8,2,7,Osmia across Virginia,USA,Va.,Fairfax,Fairfax City,38.8391,-77.289,43373,1,2140,0,Trap Nest,,n,TTH,D
,,,.,,,,fungal detritus;211;;;,211,NA,,NA,NA,wood,8,2,6,Osmia across Virginia,USA,Va.,Fairfax,Fairfax City,38.8391,-77.289,43373,1,2141,0,Trap Nest,,n,TTH,D
Hymenoptera-Apiformes,Megachilidae,Osmia,cornifrons,female,adult,nobut,JF;211;;;,211,1,,A. naganensis,NA,wood,8,2,5,Osmia across Virginia,USA,Va.,Fairfax,Fairfax City,38.8391,-77.289,43558,1,2142,1,Trap Nest,,n,TTH,D
Hymenoptera-Apiformes,Megachilidae,Osmia,cornifrons,female,adult,nobut,JF;211;;;,211,NA,,NA,NA,wood,8,2,4,Osmia across Virginia,USA,Va.,Fairfax,Fairfax City,38.8391,-77.289,43373,1,2143,0,Trap Nest,,n,TTH,D
Hymenoptera-Apiformes,Megachilidae,Osmia,cornifrons,male,adult,nobut,JM;211;;;,211,NA,,NA,NA,wood,8,2,3,Osmia across Virginia,USA,Va.,Fairfax,Fairfax City,38.8391,-77.289,43373,1,2144,0,Trap Nest,,n,TTH,D
,,,.,,,,fungal detritus;211;;;,211,NA,,NA,NA,wood,8,2,2,Osmia across Virginia,USA,Va.,Fairfax,Fairfax City,38.8391,-77.289,43373,1,2145,0,Trap Nest,,n,TTH,D
Hymenoptera-Apiformes,Megachilidae,Osmia,cornifrons,male,adult,yes,JM AS (pair 40);211;;;,211,NA,,NA,NA,wood,8,2,1,Osmia across Virginia,USA,Va.,Fairfax,Fairfax City,38.8391,-77.289,43373,1,2146,0,Trap Nest,,n,TTH,D
,,,.,,,no,fungal detritus;212;;;,212,NA,,NA,NA,wood,8,2,14,Osmia across Virginia,USA,Va.,Montgomery,Blacksburg,37.2234,-80.3922,43373,1,2147,0,Trap Nest,,n,TLW,D
,,,.,,,no,fungal detritus;212;;;,212,NA,,NA,NA,wood,8,2,13,Osmia across Virginia,USA,Va.,Montgomery,Blacksburg,37.2234,-80.3922,43373,1,2148,0,Trap Nest,,n,TLW,D
,,,.,,,no,fungal detritus;212;;;,212,NA,,NA,NA,wood,8,2,12,Osmia across Virginia,USA,Va.,Montgomery,Blacksburg,37.2234,-80.3922,43373,1,2149,0,Trap Nest,,n,TLW,D
,,,.,,,no,fungal detritus;212;;;,212,NA,,NA,NA,wood,8,2,11,Osmia across Virginia,USA,Va.,Montgomery,Blacksburg,37.2234,-80.3922,43373,1,2150,0,Trap Nest,,n,TLW,D
,,,.,,,no,fungal detritus;212;;;,212,NA,,NA,NA,wood,8,2,10,Osmia across Virginia,USA,Va.,Montgomery,Blacksburg,37.2234,-80.3922,43373,1,2151,0,Trap Nest,,n,TLW,D
,,,.,,,no,fungal detritus;212;;;,212,NA,,NA,NA,wood,8,2,9,Osmia across Virginia,USA,Va.,Montgomery,Blacksburg,37.2234,-80.3922,43373,1,2152,0,Trap Nest,,n,TLW,D
,,,.,,,no,fungal detritus;212;;;,212,NA,,NA,NA,wood,8,2,8,Osmia across Virginia,USA,Va.,Montgomery,Blacksburg,37.2234,-80.3922,43373,1,2153,0,Trap Nest,,n,TLW,D
,,,.,,,no,fungal detritus;212;;;,212,NA,,NA,NA,wood,8,2,7,Osmia across Virginia,USA,Va.,Montgomery,Blacksburg,37.2234,-80.3922,43373,1,2154,0,Trap Nest,,n,TLW,D
,,,.,,,no,fungal detritus;212;;;,212,NA,,NA,NA,wood,8,2,6,Osmia across Virginia,USA,Va.,Montgomery,Blacksburg,37.2234,-80.3922,43373,1,2155,0,Trap Nest,,n,TLW,D
,,,.,,,no,fungal detritus;212;;;,212,NA,,NA,NA,wood,8,2,5,Osmia across Virginia,USA,Va.,Montgomery,Blacksburg,37.2234,-80.3922,43373,1,2156,0,Trap Nest,,n,TLW,D
,,,.,,,no,fungal detritus;212;;;,212,NA,,NA,NA,wood,8,2,4,Osmia across Virginia,USA,Va.,Montgomery,Blacksburg,37.2234,-80.3922,43373,1,2157,0,Trap Nest,,n,TLW,D
,,,.,,,no,fungal detritus;212;;;,212,NA,,NA,NA,wood,8,2,3,Osmia across Virginia,USA,Va.,Montgomery,Blacksburg,37.2234,-80.3922,43373,1,2158,0,Trap Nest,,n,TLW,D
,,,.,,,no,fungal detritus;212;;;,212,NA,,NA,NA,wood,8,2,2,Osmia across Virginia,USA,Va.,Montgomery,Blacksburg,37.2234,-80.3922,43373,1,2159,0,Trap Nest,,n,TLW,D
,,,.,,,no,fungal detritus;212;;;,212,NA,,NA,NA,wood,8,2,1,Osmia across Virginia,USA,Va.,Montgomery,Blacksburg,37.2234,-80.3922,43373,1,2160,0,Trap Nest,,n,TLW,D
,,,.,,,,fungal detritus;213;;;,213,NA,,NA,NA,wood,8,3,7,Osmia across Virginia,USA,Va.,Montgomery,Blacksburg,37.2234,-80.3922,43373,1,2161,0,Trap Nest,,n,TLW,D
,,,.,,,,fungal detritus;213;;;,213,NA,,NA,NA,wood,8,3,6,Osmia across Virginia,USA,Va.,Montgomery,Blacksburg,37.2234,-80.3922,43373,1,2162,0,Trap Nest,,n,TLW,D
,,,.,,,,fungal detritus;213;;;,213,NA,,NA,NA,wood,8,3,5,Osmia across Virginia,USA,Va.,Montgomery,Blacksburg,37.2234,-80.3922,43373,1,2163,0,Trap Nest,,n,TLW,D
,,,.,,,,fungal detritus;213;;;,213,NA,,NA,NA,wood,8,3,4,Osmia across Virginia,USA,Va.,Montgomery,Blacksburg,37.2234,-80.3922,43373,1,2164,0,Trap Nest,,n,TLW,D
,,,.,,,,fungal detritus;213;;;,213,NA,,NA,NA,wood,8,3,3,Osmia across Virginia,USA,Va.,Montgomery,Blacksburg,37.2234,-80.3922,43373,1,2165,0,Trap Nest,,n,TLW,D
,,,.,,,,fungal detritus;213;;;,213,NA,,NA,NA,wood,8,3,2,Osmia across Virginia,USA,Va.,Montgomery,Blacksburg,37.2234,-80.3922,43373,1,2166,0,Trap Nest,,n,TLW,D
,,,.,,,,fungal detritus;213;;;,213,NA,,NA,NA,wood,8,3,1,Osmia across Virginia,USA,Va.,Montgomery,Blacksburg,37.2234,-80.3922,43373,1,2167,0,Trap Nest,,n,TLW,D
Hymenoptera-Apiformes,Megachilidae,Osmia,lignaria,male,adult,yes,BOB male alive;209;;;,209,1,,NA,NA,wood,8,1,2,Osmia across Virginia,USA,Va.,Albemarle,Charlottesville,38.064353,-78.529516,43447,1,2168,0,Trap Nest,taurus_lignaria,y,GTL,N
,,,.,,,,fungal detritus;214;;;,214,NA,,NA,NA,wood,6,1,11,Osmia across Virginia,USA,Va.,Frederick,Cross,39.3373,-78.3146,43376,1,2169,0,Trap Nest,,n,HBT,N
,,,.,,,,fungal detritus;214;;;,214,NA,,NA,NA,wood,6,1,10,Osmia across Virginia,USA,Va.,Frederick,Cross,39.3373,-78.3146,43376,1,2170,0,Trap Nest,,n,HBT,N
,,,.,,,,fungal detritus;214;;;,214,NA,,NA,NA,wood,6,1,9,Osmia across Virginia,USA,Va.,Frederick,Cross,39.3373,-78.3146,43376,1,2171,0,Trap Nest,,n,HBT,N
,,,.,,,,fungal detritus;214;;;,214,NA,,NA,NA,wood,6,1,8,Osmia across Virginia,USA,Va.,Frederick,Cross,39.3373,-78.3146,43376,1,2172,0,Trap Nest,,n,HBT,N
,,,.,,,,fungal detritus;214;;;,214,NA,,NA,NA,wood,6,1,7,Osmia across Virginia,USA,Va.,Frederick,Cross,39.3373,-78.3146,43376,1,2173,0,Trap Nest,,n,HBT,N
,,,.,,,,fungal detritus;214;;;,214,NA,,NA,NA,wood,6,1,6,Osmia across Virginia,USA,Va.,Frederick,Cross,39.3373,-78.3146,43376,1,2174,0,Trap Nest,,n,HBT,N
,,,.,,,,fungal detritus;214;;;,214,NA,,NA,NA,wood,6,1,5,Osmia across Virginia,USA,Va.,Frederick,Cross,39.3373,-78.3146,43376,1,2175,0,Trap Nest,,n,HBT,N
,,,.,,,,fungal detritus;214;;;,214,1,,A. fusiformis,NA,wood,6,1,4,Osmia across Virginia,USA,Va.,Frederick,Cross,39.3373,-78.3146,43376,1,2176,1,Trap Nest,,n,HBT,N
,,,.,,,,fungal detritus;214;;;,214,NA,,NA,NA,wood,6,1,3,Osmia across Virginia,USA,Va.,Frederick,Cross,39.3373,-78.3146,43376,1,2177,0,Trap Nest,,n,HBT,N
,,,.,,,,fungal detritus;214;;;,214,NA,,NA,NA,wood,6,1,2,Osmia across Virginia,USA,Va.,Frederick,Cross,39.3373,-78.3146,43376,1,2178,0,Trap Nest,,n,HBT,N
,,,.,,,,fungal detritus;214;;;,214,NA,,NA,NA,wood,6,1,1,Osmia across Virginia,USA,Va.,Frederick,Cross,39.3373,-78.3146,43376,1,2179,0,Trap Nest,,n,HBT,N
,,,.,,,,fungal detritus;215;;;,215,NA,,NA,NA,wood,8,3,11,Osmia across Virginia,USA,Va.,Fairfax,FairfaxStation,38.7812,-77.319,43377,1,2180,0,Trap Nest,,n,TCY,N
,,,.,,,,fungal detritus;215;;;,215,NA,,NA,NA,wood,8,3,10,Osmia across Virginia,USA,Va.,Fairfax,FairfaxStation,38.7812,-77.319,43377,1,2181,0,Trap Nest,,n,TCY,N
,,,.,,,,fungal detritus;215;;;,215,NA,,NA,NA,wood,8,3,9,Osmia across Virginia,USA,Va.,Fairfax,FairfaxStation,38.7812,-77.319,43377,1,2182,0,Trap Nest,,n,TCY,N
,,,.,,,,fungal detritus;215;;;,215,NA,,NA,NA,wood,8,3,8,Osmia across Virginia,USA,Va.,Fairfax,FairfaxStation,38.7812,-77.319,43377,1,2183,0,Trap Nest,,n,TCY,N
,,,.,,,,fungal detritus;215;;;,215,NA,,NA,NA,wood,8,3,7,Osmia across Virginia,USA,Va.,Fairfax,FairfaxStation,38.7812,-77.319,43377,1,2184,0,Trap Nest,,n,TCY,N
,,,.,,,,fungal detritus;215;;;,215,NA,,NA,NA,wood,8,3,6,Osmia across Virginia,USA,Va.,Fairfax,FairfaxStation,38.7812,-77.319,43377,1,2185,0,Trap Nest,,n,TCY,N
,,,.,,,,fungal detritus;215;;;,215,1,,NA,NA,wood,8,3,5,Osmia across Virginia,USA,Va.,Fairfax,FairfaxStation,38.7812,-77.319,43377,1,2186,1,Trap Nest,,n,TCY,N
,,,.,,,,fungal detritus;215;;;,215,NA,,NA,NA,wood,8,3,4,Osmia across Virginia,USA,Va.,Fairfax,FairfaxStation,38.7812,-77.319,43377,1,2187,0,Trap Nest,,n,TCY,N
,,,.,,,,fungal detritus;215;;;,215,NA,,NA,NA,wood,8,3,3,Osmia across Virginia,USA,Va.,Fairfax,FairfaxStation,38.7812,-77.319,43377,1,2188,0,Trap Nest,,n,TCY,N
,,,.,,,,fungal detritus;215;;;,215,NA,,NA,NA,wood,8,3,2,Osmia across Virginia,USA,Va.,Fairfax,FairfaxStation,38.7812,-77.319,43377,1,2189,0,Trap Nest,,n,TCY,N
,,,.,,,,fungal detritus;215;;;,215,NA,,NA,NA,wood,8,3,1,Osmia across Virginia,USA,Va.,Fairfax,FairfaxStation,38.7812,-77.319,43377,1,2190,0,Trap Nest,,n,TCY,N
,,,.,,,,fungal detritus;216;;;taurus nest,216,NA,,NA,NA,wood,6,3,12,Osmia across Virginia,USA,Va.,Montgomery,Blacksburg,37.2625,-80.3903,43377,1,2191,0,Trap Nest,,n,TYT,A
,,,.,,,,fungal detritus;216;;;taurus nest,216,NA,,NA,NA,wood,6,3,11,Osmia across Virginia,USA,Va.,Montgomery,Blacksburg,37.2625,-80.3903,43377,1,2192,0,Trap Nest,,n,TYT,A
,,,.,,,,fungal detritus;216;;;taurus nest,216,NA,,NA,NA,wood,6,3,10,Osmia across Virginia,USA,Va.,Montgomery,Blacksburg,37.2625,-80.3903,43377,1,2193,0,Trap Nest,,n,TYT,A
,,,.,,,,fungal detritus;216;;;taurus nest,216,NA,,NA,NA,wood,6,3,9,Osmia across Virginia,USA,Va.,Montgomery,Blacksburg,37.2625,-80.3903,43377,1,2194,0,Trap Nest,,n,TYT,A
,,,.,,,,fungal detritus;216;;;taurus nest,216,NA,,NA,NA,wood,6,3,8,Osmia across Virginia,USA,Va.,Montgomery,Blacksburg,37.2625,-80.3903,43377,1,2195,0,Trap Nest,,n,TYT,A
,,,.,,,,fungal detritus;216;;;taurus nest,216,NA,,NA,NA,wood,6,3,7,Osmia across Virginia,USA,Va.,Montgomery,Blacksburg,37.2625,-80.3903,43377,1,2196,0,Trap Nest,,n,TYT,A
,,,.,,,,fungal detritus;216;;;taurus nest,216,NA,,NA,NA,wood,6,3,6,Osmia across Virginia,USA,Va.,Montgomery,Blacksburg,37.2625,-80.3903,43377,1,2197,0,Trap Nest,,n,TYT,A
,,,.,,,,fungal detritus;216;;;taurus nest,216,NA,,NA,NA,wood,6,3,5,Osmia across Virginia,USA,Va.,Montgomery,Blacksburg,37.2625,-80.3903,43377,1,2198,0,Trap Nest,,n,TYT,A
,,,.,,,,fungal detritus;216;;;taurus nest,216,NA,,NA,NA,wood,6,3,4,Osmia across Virginia,USA,Va.,Montgomery,Blacksburg,37.2625,-80.3903,43377,1,2199,0,Trap Nest,,n,TYT,A
,,,.,,,,fungal detritus;216;;;taurus nest,216,NA,,NA,NA,wood,6,3,3,Osmia across Virginia,USA,Va.,Montgomery,Blacksburg,37.2625,-80.3903,43377,1,2200,0,Trap Nest,,n,TYT,A
,,,.,,pupa,no,fungal pupal cadaver in cocoon;216;;; taurus nest,216,NA,,NA,NA,wood,6,3,2,Osmia across Virginia,USA,Va.,Montgomery,Blacksburg,37.2625,-80.3903,43377,1,2201,0,Trap Nest,,n,TYT,A
Hymenoptera-Apiformes,Megachilidae,Osmia,taurus,male,adult,no,JM;216;;;,216,1,,NA,NA,wood,6,3,1,Osmia across Virginia,USA,Va.,Montgomery,Blacksburg,37.2625,-80.3903,43377,1,2202,0,Trap Nest,,n,TYT,A
,,,.,,,,fungal detritus;217;;; taurus nest,217,NA,,NA,NA,wood,8,3,13,Osmia across Virginia,USA,Va.,Montgomery,Blacksburg,37.2404,-80.4053,43377,1,2203,0,Trap Nest,,n,LTG,N
,,,.,,,,fungal detritus;217;;; taurus nest,217,NA,,NA,NA,wood,8,3,12,Osmia across Virginia,USA,Va.,Montgomery,Blacksburg,37.2404,-80.4053,43377,1,2204,0,Trap Nest,,n,LTG,N
,,,.,,,,fungal detritus;217;;; taurus nest,217,NA,,NA,NA,wood,8,3,11,Osmia across Virginia,USA,Va.,Montgomery,Blacksburg,37.2404,-80.4053,43377,1,2205,0,Trap Nest,,n,LTG,N
,,,.,,,,fungal detritus;217;;; taurus nest,217,NA,,NA,NA,wood,8,3,10,Osmia across Virginia,USA,Va.,Montgomery,Blacksburg,37.2404,-80.4053,43377,1,2206,0,Trap Nest,,n,LTG,N
,,,.,,,,fungal detritus;217;;; taurus nest,217,NA,,NA,NA,wood,8,3,9,Osmia across Virginia,USA,Va.,Montgomery,Blacksburg,37.2404,-80.4053,43377,1,2207,0,Trap Nest,,n,LTG,N
,,,.,,,,fungal detritus;217;;; taurus nest,217,NA,,NA,NA,wood,8,3,8,Osmia across Virginia,USA,Va.,Montgomery,Blacksburg,37.2404,-80.4053,43377,1,2208,0,Trap Nest,,n,LTG,N
,,,.,,,,fungal detritus;217;;; taurus nest,217,NA,,NA,NA,wood,8,3,7,Osmia across Virginia,USA,Va.,Montgomery,Blacksburg,37.2404,-80.4053,43377,1,2209,0,Trap Nest,,n,LTG,N
,,,.,,,,fungal detritus;217;;; taurus nest,217,NA,,NA,NA,wood,8,3,6,Osmia across Virginia,USA,Va.,Montgomery,Blacksburg,37.2404,-80.4053,43377,1,2210,0,Trap Nest,,n,LTG,N
Hymenoptera-Apiformes,Megachilidae,Osmia,taurus,male,adult,no,JM inside fungal cocoon;217;;;,217,1,,NA,NA,wood,8,3,5,Osmia across Virginia,USA,Va.,Montgomery,Blacksburg,37.2404,-80.4053,43377,1,2211,0,Trap Nest,,n,LTG,N
,,,.,,,,fungal detritus;217;;; taurus nest,217,NA,,NA,NA,wood,8,3,4,Osmia across Virginia,USA,Va.,Montgomery,Blacksburg,37.2404,-80.4053,43377,1,2212,0,Trap Nest,,n,LTG,N
,,,.,,,,fungal detritus;217;;; taurus nest,217,NA,,NA,NA,wood,8,3,3,Osmia across Virginia,USA,Va.,Montgomery,Blacksburg,37.2404,-80.4053,43377,1,2213,0,Trap Nest,,n,LTG,N
,,,.,,,,fungal detritus;217;;; taurus nest,217,NA,,NA,NA,wood,8,3,2,Osmia across Virginia,USA,Va.,Montgomery,Blacksburg,37.2404,-80.4053,43377,1,2214,0,Trap Nest,,n,LTG,N
,,,.,,,,fungal detritus;217;;; taurus nest,217,NA,,NA,NA,wood,8,3,1,Osmia across Virginia,USA,Va.,Montgomery,Blacksburg,37.2404,-80.4053,43377,1,2215,0,Trap Nest,,n,LTG,N
,,,.,,,,fungal detritus;218;;;,218,NA,,NA,NA,wood,8,1,7,Osmia across Virginia,USA,Md.,Montgomery,Chevy Chase,39.002806,-77.067297,43447,1,2216,0,Trap Nest,,y,HBE,D
,,,.,,,,fungal detritus;218;;;,218,NA,,NA,NA,wood,8,1,6,Osmia across Virginia,USA,Md.,Montgomery,Chevy Chase,39.002806,-77.067297,43447,1,2217,0,Trap Nest,,y,HBE,D
,,,.,,,,fungal detritus;218;;;,218,NA,,NA,NA,wood,8,1,5,Osmia across Virginia,USA,Md.,Montgomery,Chevy Chase,39.002806,-77.067297,43447,1,2218,0,Trap Nest,,y,HBE,D
,,,.,,,,fungal detritus;218;;;,218,NA,,NA,NA,wood,8,1,4,Osmia across Virginia,USA,Md.,Montgomery,Chevy Chase,39.002806,-77.067297,43447,1,2219,0,Trap Nest,,y,HBE,D
,,,.,,,,fungal detritus;218;;;,218,NA,,NA,NA,wood,8,1,3,Osmia across Virginia,USA,Md.,Montgomery,Chevy Chase,39.002806,-77.067297,43447,1,2220,0,Trap Nest,,y,HBE,D
,,,.,,,,fungal detritus;218;;;,218,NA,,NA,NA,wood,8,1,2,Osmia across Virginia,USA,Md.,Montgomery,Chevy Chase,39.002806,-77.067297,43447,1,2221,0,Trap Nest,,y,HBE,D
,,,.,,,,fungal detritus;218;;;,218,1,,A. subglobosa,NA,wood,8,1,1,Osmia across Virginia,USA,Md.,Montgomery,Chevy Chase,39.002806,-77.067297,43447,1,2222,1,Trap Nest,,y,HBE,D
,,,.,,,,pollen detritus;219;;; taurus nest,219,NA,,NA,NA,wood,6,1,7,Osmia across Virginia,USA,Va.,Loudon,Leesburg,39.1244,-77.5401,43377,1,2223,0,Trap Nest,,n,GBE,D
,,,.,,,,pollen detritus;219;;; taurus nest,219,NA,,NA,NA,wood,6,1,6,Osmia across Virginia,USA,Va.,Loudon,Leesburg,39.1244,-77.5401,43377,1,2224,0,Trap Nest,,n,GBE,D
,,,.,,,,pollen detritus;219;;; taurus nest,219,NA,,NA,NA,wood,6,1,5,Osmia across Virginia,USA,Va.,Loudon,Leesburg,39.1244,-77.5401,43377,1,2225,0,Trap Nest,,n,GBE,D
,,,.,,,,pollen detritus;219;;; taurus nest,219,NA,,NA,NA,wood,6,1,4,Osmia across Virginia,USA,Va.,Loudon,Leesburg,39.1244,-77.5401,43377,1,2226,0,Trap Nest,,n,GBE,D
,,,.,,,,pollen detritus;219;;; taurus nest,219,NA,,NA,NA,wood,6,1,3,Osmia across Virginia,USA,Va.,Loudon,Leesburg,39.1244,-77.5401,43377,1,2227,0,Trap Nest,,n,GBE,D
Hymenoptera-Apiformes,Megachilidae,Osmia,taurus,male,adult,no,JM;219;;;,219,1,,NA,NA,wood,6,1,2,Osmia across Virginia,USA,Va.,Loudon,Leesburg,39.1244,-77.5401,43377,1,2228,0,Trap Nest,,n,GBE,D
Hymenoptera-Apiformes,Megachilidae,Osmia,taurus,male,adult,no,JM;219;;;,219,NA,,NA,NA,wood,6,1,1,Osmia across Virginia,USA,Va.,Loudon,Leesburg,39.1244,-77.5401,43377,1,2229,0,Trap Nest,,n,GBE,D
Hymenoptera-Apiformes,Megachilidae,Osmia,taurus,male,adult,no,JM AS (Pair 4);220;;;,220,NA,,NA,NA,wood,8,1,6,Osmia across Virginia,USA,Va.,Richmond,Rmondcity,37.5349,-77.5766,43377,1,2230,0,Trap Nest,,n,LHF,D
Hymenoptera-Apiformes,Megachilidae,Osmia,taurus,female,adult,no,JF;220;;;,220,1,,NA,NA,wood,8,1,5,Osmia across Virginia,USA,Va.,Richmond,Rmondcity,37.5349,-77.5766,43377,1,2231,0,Trap Nest,,n,LHF,D
Hymenoptera-Apiformes,Megachilidae,Osmia,taurus,male,adult,no,JM;220;;;,220,1,,NA,NA,wood,8,1,4,Osmia across Virginia,USA,Va.,Richmond,Rmondcity,37.5349,-77.5766,43377,1,2232,0,Trap Nest,,n,LHF,D
,,,.,,,,fungal detritus;220;;; taurus nest,220,NA,,NA,NA,wood,8,1,3,Osmia across Virginia,USA,Va.,Richmond,Rmondcity,37.5349,-77.5766,43377,1,2233,0,Trap Nest,,n,LHF,D
,,,.,,,,fungal detritus;220;;; taurus nest,220,NA,,NA,NA,wood,8,1,2,Osmia across Virginia,USA,Va.,Richmond,Rmondcity,37.5349,-77.5766,43377,1,2234,0,Trap Nest,,n,LHF,D
Hymenoptera-Apiformes,Megachilidae,Osmia,taurus,male,adult,yes,JM AS (Pair 4);220;;;,220,NA,,NA,NA,wood,8,1,1,Osmia across Virginia,USA,Va.,Richmond,Rmondcity,37.5349,-77.5766,43377,1,2235,0,Trap Nest,,n,LHF,D